{"type":"FeatureCollection","features":[{"type":"Feature","geometry":{"type":"Point","coordinates":[36.686323,-1.28772]},"properties":{"name":"Dagoretti Market","band":0,"modes":"bus","arr":["1","2"],"off":[0,-0.8]}},{"type":"Feature","geometry":{"type":"Point","coordinates":[36.686323,-1.28772]},"properties":{"line":"1","mode":"bus","color":"#0059a9","colorDark":"#00294f","band":0,"off":[-1.7,1.1]}},{"type":"Feature","geometry":{"type":"Point","coordinates":[36.686323,-1.28772]},"properties":{"line":"2","mode":"bus","color":"#0059a9","colorDark":"#00294f","band":0,"off":[1.7,1.1]}},{"type":"Feature","geometry":{"type":"Point","coordinates":[36.707333,-1.319175]},"properties":{"name":"Karen/The Hub","band":0,"modes":"bus","arr":["1","24"],"off":[0,-0.8]}},{"type":"Feature","geometry":{"type":"Point","coordinates":[36.707333,-1.319175]},"properties":{"name":"Karen/Shell","band":0,"modes":"bus","arr":["1","24"],"off":[0,-1.9]}},{"type":"Feature","geometry":{"type":"Point","coordinates":[36.707333,-1.319175]},"properties":{"name":"Karen/Nakumatt Crossroads","band":0,"modes":"bus","arr":["1","24"],"off":[0,-3]}},{"type":"Feature","geometry":{"type":"Point","coordinates":[36.707333,-1.319175]},"properties":{"line":"1","mode":"bus","color":"#0059a9","colorDark":"#00294f","band":0,"off":[-1.7,1.1]}},{"type":"Feature","geometry":{"type":"Point","coordinates":[36.707333,-1.319175]},"properties":{"line":"24","mode":"bus","color":"#0059a9","colorDark":"#00294f","band":0,"off":[1.7,1.1]}},{"type":"Feature","geometry":{"type":"Point","coordinates":[36.759607,-1.298414]},"properties":{"name":"Kenol Dagoretti Corner","band":0,"modes":"bus","arr":["3U/3","103"],"off":[0,-0.8]}},{"type":"Feature","geometry":{"type":"Point","coordinates":[36.759607,-1.298414]},"properties":{"name":"Dagoretti Corner Stage","band":0,"modes":"bus","arr":["3U/3","103"],"off":[0,-3]}},{"type":"Feature","geometry":{"type":"Point","coordinates":[36.759607,-1.298414]},"properties":{"line":"3U/3","mode":"bus","color":"#0059a9","colorDark":"#00294f","band":0,"off":[-1.94,1.1]}},{"type":"Feature","geometry":{"type":"Point","coordinates":[36.759607,-1.298414]},"properties":{"line":"103","mode":"bus","color":"#0059a9","colorDark":"#00294f","band":0,"off":[1.94,1.1]}},{"type":"Feature","geometry":{"type":"Point","coordinates":[36.806452,-1.299269]},"properties":{"name":"Kenyatta National Hospital","band":0,"modes":"bus","arr":["7C","34L"],"off":[0,-0.8]}},{"type":"Feature","geometry":{"type":"Point","coordinates":[36.806452,-1.299269]},"properties":{"line":"7C","mode":"bus","color":"#0059a9","colorDark":"#00294f","band":0,"off":[-1.7,1.1]}},{"type":"Feature","geometry":{"type":"Point","coordinates":[36.806452,-1.299269]},"properties":{"line":"34L","mode":"bus","color":"#0059a9","colorDark":"#00294f","band":0,"off":[1.7,1.1]}},{"type":"Feature","geometry":{"type":"Point","coordinates":[36.827461,-1.303824]},"properties":{"name":"Railways","band":0,"modes":"bus","arr":["2","4W","5","7C","8","15","32A","33UTW","34B","34J","43","46K","046P","46Y","56","58","102","111","125","126"],"off":[0,-0.8],"sc":0.86}},{"type":"Feature","geometry":{"type":"Point","coordinates":[36.827461,-1.303824]},"properties":{"name":"Kencom/Ambassadeur","band":0,"modes":"bus","arr":["2","4W","5","7C","8","15","32A","33UTW","34B","34J","43","46K","046P","46Y","56","58","102","111","125","126"],"off":[0,-1.9],"sc":0.86}},{"type":"Feature","geometry":{"type":"Point","coordinates":[36.827461,-1.303824]},"properties":{"name":"Bus Terminal","band":0,"modes":"bus","arr":["2","4W","5","7C","8","15","32A","33UTW","34B","34J","43","46K","046P","46Y","56","58","102","111","125","126"],"off":[0,-3],"sc":0.86}},{"type":"Feature","geometry":{"type":"Point","coordinates":[36.827461,-1.303824]},"properties":{"line":"2","mode":"bus","color":"#0059a9","colorDark":"#00294f","band":0,"sc":0.86,"off":[-6.75,1.1]}},{"type":"Feature","geometry":{"type":"Point","coordinates":[36.827461,-1.303824]},"properties":{"line":"4W","mode":"bus","color":"#0059a9","colorDark":"#00294f","band":0,"sc":0.86,"off":[-2.25,1.1]}},{"type":"Feature","geometry":{"type":"Point","coordinates":[36.827461,-1.303824]},"properties":{"line":"5","mode":"bus","color":"#0059a9","colorDark":"#00294f","band":0,"sc":0.86,"off":[2.25,1.1]}},{"type":"Feature","geometry":{"type":"Point","coordinates":[36.827461,-1.303824]},"properties":{"line":"7C","mode":"bus","color":"#0059a9","colorDark":"#00294f","band":0,"sc":0.86,"off":[6.75,1.1]}},{"type":"Feature","geometry":{"type":"Point","coordinates":[36.827461,-1.303824]},"properties":{"line":"8","mode":"bus","color":"#0059a9","colorDark":"#00294f","band":0,"sc":0.86,"off":[-6.75,3.1]}},{"type":"Feature","geometry":{"type":"Point","coordinates":[36.827461,-1.303824]},"properties":{"line":"15","mode":"bus","color":"#0059a9","colorDark":"#00294f","band":0,"sc":0.86,"off":[-2.25,3.1]}},{"type":"Feature","geometry":{"type":"Point","coordinates":[36.827461,-1.303824]},"properties":{"line":"32A","mode":"bus","color":"#0059a9","colorDark":"#00294f","band":0,"sc":0.86,"off":[2.25,3.1]}},{"type":"Feature","geometry":{"type":"Point","coordinates":[36.827461,-1.303824]},"properties":{"line":"33UTW","mode":"bus","color":"#0059a9","colorDark":"#00294f","band":0,"sc":0.86,"off":[6.75,3.1]}},{"type":"Feature","geometry":{"type":"Point","coordinates":[36.827461,-1.303824]},"properties":{"line":"34B","mode":"bus","color":"#0059a9","colorDark":"#00294f","band":0,"sc":0.86,"off":[-6.75,5.1]}},{"type":"Feature","geometry":{"type":"Point","coordinates":[36.827461,-1.303824]},"properties":{"line":"34J","mode":"bus","color":"#0059a9","colorDark":"#00294f","band":0,"sc":0.86,"off":[-2.25,5.1]}},{"type":"Feature","geometry":{"type":"Point","coordinates":[36.827461,-1.303824]},"properties":{"line":"43","mode":"bus","color":"#0059a9","colorDark":"#00294f","band":0,"sc":0.86,"off":[2.25,5.1]}},{"type":"Feature","geometry":{"type":"Point","coordinates":[36.827461,-1.303824]},"properties":{"line":"46K","mode":"bus","color":"#0059a9","colorDark":"#00294f","band":0,"sc":0.86,"off":[6.75,5.1]}},{"type":"Feature","geometry":{"type":"Point","coordinates":[36.827461,-1.303824]},"properties":{"line":"046P","mode":"bus","color":"#0059a9","colorDark":"#00294f","band":0,"sc":0.86,"off":[-6.75,7.1]}},{"type":"Feature","geometry":{"type":"Point","coordinates":[36.827461,-1.303824]},"properties":{"line":"46Y","mode":"bus","color":"#0059a9","colorDark":"#00294f","band":0,"sc":0.86,"off":[-2.25,7.1]}},{"type":"Feature","geometry":{"type":"Point","coordinates":[36.827461,-1.303824]},"properties":{"line":"56","mode":"bus","color":"#0059a9","colorDark":"#00294f","band":0,"sc":0.86,"off":[2.25,7.1]}},{"type":"Feature","geometry":{"type":"Point","coordinates":[36.827461,-1.303824]},"properties":{"line":"58","mode":"bus","color":"#0059a9","colorDark":"#00294f","band":0,"sc":0.86,"off":[6.75,7.1]}},{"type":"Feature","geometry":{"type":"Point","coordinates":[36.827461,-1.303824]},"properties":{"line":"102","mode":"bus","color":"#0059a9","colorDark":"#00294f","band":0,"sc":0.86,"off":[-6.75,9.1]}},{"type":"Feature","geometry":{"type":"Point","coordinates":[36.827461,-1.303824]},"properties":{"line":"111","mode":"bus","color":"#0059a9","colorDark":"#00294f","band":0,"sc":0.86,"off":[-2.25,9.1]}},{"type":"Feature","geometry":{"type":"Point","coordinates":[36.827461,-1.303824]},"properties":{"line":"125","mode":"bus","color":"#0059a9","colorDark":"#00294f","band":0,"sc":0.86,"off":[2.25,9.1]}},{"type":"Feature","geometry":{"type":"Point","coordinates":[36.827461,-1.303824]},"properties":{"line":"126","mode":"bus","color":"#0059a9","colorDark":"#00294f","band":0,"sc":0.86,"off":[6.75,9.1]}},{"type":"Feature","geometry":{"type":"Point","coordinates":[36.843369,-1.278327]},"properties":{"name":"OTC","band":0,"modes":"bus","arr":["3N","7","11","12C","12D","14","14A","14B","15","16","16/62","17B","0027","28","32D","33MKR","100","120","121"],"off":[0,-0.8],"sc":0.87}},{"type":"Feature","geometry":{"type":"Point","coordinates":[36.843369,-1.278327]},"properties":{"name":"Gikomba Market","band":0,"modes":"bus","arr":["3N","7","11","12C","12D","14","14A","14B","15","16","16/62","17B","0027","28","32D","33MKR","100","120","121"],"off":[0,-1.9],"sc":0.87}},{"type":"Feature","geometry":{"type":"Point","coordinates":[36.843369,-1.278327]},"properties":{"name":"Bus Station","band":0,"modes":"bus","arr":["3N","7","11","12C","12D","14","14A","14B","15","16","16/62","17B","0027","28","32D","33MKR","100","120","121"],"off":[0,-3],"sc":0.87}},{"type":"Feature","geometry":{"type":"Point","coordinates":[36.843369,-1.278327]},"properties":{"line":"3N","mode":"bus","color":"#0059a9","colorDark":"#00294f","band":0,"sc":0.87,"off":[-6.75,1.1]}},{"type":"Feature","geometry":{"type":"Point","coordinates":[36.843369,-1.278327]},"properties":{"line":"7","mode":"bus","color":"#0059a9","colorDark":"#00294f","band":0,"sc":0.87,"off":[-2.25,1.1]}},{"type":"Feature","geometry":{"type":"Point","coordinates":[36.843369,-1.278327]},"properties":{"line":"11","mode":"bus","color":"#0059a9","colorDark":"#00294f","band":0,"sc":0.87,"off":[2.25,1.1]}},{"type":"Feature","geometry":{"type":"Point","coordinates":[36.843369,-1.278327]},"properties":{"line":"12C","mode":"bus","color":"#0059a9","colorDark":"#00294f","band":0,"sc":0.87,"off":[6.75,1.1]}},{"type":"Feature","geometry":{"type":"Point","coordinates":[36.843369,-1.278327]},"properties":{"line":"12D","mode":"bus","color":"#0059a9","colorDark":"#00294f","band":0,"sc":0.87,"off":[-6.75,3.1]}},{"type":"Feature","geometry":{"type":"Point","coordinates":[36.843369,-1.278327]},"properties":{"line":"14","mode":"bus","color":"#0059a9","colorDark":"#00294f","band":0,"sc":0.87,"off":[-2.25,3.1]}},{"type":"Feature","geometry":{"type":"Point","coordinates":[36.843369,-1.278327]},"properties":{"line":"14A","mode":"bus","color":"#0059a9","colorDark":"#00294f","band":0,"sc":0.87,"off":[2.25,3.1]}},{"type":"Feature","geometry":{"type":"Point","coordinates":[36.843369,-1.278327]},"properties":{"line":"14B","mode":"bus","color":"#0059a9","colorDark":"#00294f","band":0,"sc":0.87,"off":[6.75,3.1]}},{"type":"Feature","geometry":{"type":"Point","coordinates":[36.843369,-1.278327]},"properties":{"line":"15","mode":"bus","color":"#0059a9","colorDark":"#00294f","band":0,"sc":0.87,"off":[-6.75,5.1]}},{"type":"Feature","geometry":{"type":"Point","coordinates":[36.843369,-1.278327]},"properties":{"line":"16","mode":"bus","color":"#0059a9","colorDark":"#00294f","band":0,"sc":0.87,"off":[-2.25,5.1]}},{"type":"Feature","geometry":{"type":"Point","coordinates":[36.843369,-1.278327]},"properties":{"line":"16/62","mode":"bus","color":"#0059a9","colorDark":"#00294f","band":0,"sc":0.87,"off":[2.25,5.1]}},{"type":"Feature","geometry":{"type":"Point","coordinates":[36.843369,-1.278327]},"properties":{"line":"17B","mode":"bus","color":"#0059a9","colorDark":"#00294f","band":0,"sc":0.87,"off":[6.75,5.1]}},{"type":"Feature","geometry":{"type":"Point","coordinates":[36.843369,-1.278327]},"properties":{"line":"0027","mode":"bus","color":"#0059a9","colorDark":"#00294f","band":0,"sc":0.87,"off":[-6.75,7.1]}},{"type":"Feature","geometry":{"type":"Point","coordinates":[36.843369,-1.278327]},"properties":{"line":"28","mode":"bus","color":"#0059a9","colorDark":"#00294f","band":0,"sc":0.87,"off":[-2.25,7.1]}},{"type":"Feature","geometry":{"type":"Point","coordinates":[36.843369,-1.278327]},"properties":{"line":"32D","mode":"bus","color":"#0059a9","colorDark":"#00294f","band":0,"sc":0.87,"off":[2.25,7.1]}},{"type":"Feature","geometry":{"type":"Point","coordinates":[36.843369,-1.278327]},"properties":{"line":"33MKR","mode":"bus","color":"#0059a9","colorDark":"#00294f","band":0,"sc":0.87,"off":[6.75,7.1]}},{"type":"Feature","geometry":{"type":"Point","coordinates":[36.843369,-1.278327]},"properties":{"line":"100","mode":"bus","color":"#0059a9","colorDark":"#00294f","band":0,"sc":0.87,"off":[-4.5,9.1]}},{"type":"Feature","geometry":{"type":"Point","coordinates":[36.843369,-1.278327]},"properties":{"line":"120","mode":"bus","color":"#0059a9","colorDark":"#00294f","band":0,"sc":0.87,"off":[0,9.1]}},{"type":"Feature","geometry":{"type":"Point","coordinates":[36.843369,-1.278327]},"properties":{"line":"121","mode":"bus","color":"#0059a9","colorDark":"#00294f","band":0,"sc":0.87,"off":[4.5,9.1]}},{"type":"Feature","geometry":{"type":"Point","coordinates":[36.818134,-1.273674]},"properties":{"name":"Tusker/Ronald Ngala","band":0,"modes":"bus","arr":["6","19Cdc","23W","35/60","39SK","45G","46B","46H","100A","106","115","116","118","119","119A","145"],"off":[0,-0.8],"sc":0.92}},{"type":"Feature","geometry":{"type":"Point","coordinates":[36.818134,-1.273674]},"properties":{"name":"Koja","band":0,"modes":"bus","arr":["6","19Cdc","23W","35/60","39SK","45G","46B","46H","100A","106","115","116","118","119","119A","145"],"off":[0,-3],"sc":0.92}},{"type":"Feature","geometry":{"type":"Point","coordinates":[36.818134,-1.273674]},"properties":{"name":"Equity Ngara","band":0,"modes":"bus","arr":["6","19Cdc","23W","35/60","39SK","45G","46B","46H","100A","106","115","116","118","119","119A","145"],"off":[0,-4.1],"sc":0.92}},{"type":"Feature","geometry":{"type":"Point","coordinates":[36.818134,-1.273674]},"properties":{"line":"6","mode":"bus","color":"#0059a9","colorDark":"#00294f","band":0,"sc":0.92,"off":[-6.75,1.1]}},{"type":"Feature","geometry":{"type":"Point","coordinates":[36.818134,-1.273674]},"properties":{"line":"19Cdc","mode":"bus","color":"#0059a9","colorDark":"#00294f","band":0,"sc":0.92,"off":[-2.25,1.1]}},{"type":"Feature","geometry":{"type":"Point","coordinates":[36.818134,-1.273674]},"properties":{"line":"23W","mode":"bus","color":"#0059a9","colorDark":"#00294f","band":0,"sc":0.92,"off":[2.25,1.1]}},{"type":"Feature","geometry":{"type":"Point","coordinates":[36.818134,-1.273674]},"properties":{"line":"35/60","mode":"bus","color":"#0059a9","colorDark":"#00294f","band":0,"sc":0.92,"off":[6.75,1.1]}},{"type":"Feature","geometry":{"type":"Point","coordinates":[36.818134,-1.273674]},"properties":{"line":"39SK","mode":"bus","color":"#0059a9","colorDark":"#00294f","band":0,"sc":0.92,"off":[-6.75,3.1]}},{"type":"Feature","geometry":{"type":"Point","coordinates":[36.818134,-1.273674]},"properties":{"line":"45G","mode":"bus","color":"#0059a9","colorDark":"#00294f","band":0,"sc":0.92,"off":[-2.25,3.1]}},{"type":"Feature","geometry":{"type":"Point","coordinates":[36.818134,-1.273674]},"properties":{"line":"46B","mode":"bus","color":"#0059a9","colorDark":"#00294f","band":0,"sc":0.92,"off":[2.25,3.1]}},{"type":"Feature","geometry":{"type":"Point","coordinates":[36.818134,-1.273674]},"properties":{"line":"46H","mode":"bus","color":"#0059a9","colorDark":"#00294f","band":0,"sc":0.92,"off":[6.75,3.1]}},{"type":"Feature","geometry":{"type":"Point","coordinates":[36.818134,-1.273674]},"properties":{"line":"100A","mode":"bus","color":"#0059a9","colorDark":"#00294f","band":0,"sc":0.92,"off":[-6.75,5.1]}},{"type":"Feature","geometry":{"type":"Point","coordinates":[36.818134,-1.273674]},"properties":{"line":"106","mode":"bus","color":"#0059a9","colorDark":"#00294f","band":0,"sc":0.92,"off":[-2.25,5.1]}},{"type":"Feature","geometry":{"type":"Point","coordinates":[36.818134,-1.273674]},"properties":{"line":"115","mode":"bus","color":"#0059a9","colorDark":"#00294f","band":0,"sc":0.92,"off":[2.25,5.1]}},{"type":"Feature","geometry":{"type":"Point","coordinates":[36.818134,-1.273674]},"properties":{"line":"116","mode":"bus","color":"#0059a9","colorDark":"#00294f","band":0,"sc":0.92,"off":[6.75,5.1]}},{"type":"Feature","geometry":{"type":"Point","coordinates":[36.818134,-1.273674]},"properties":{"line":"118","mode":"bus","color":"#0059a9","colorDark":"#00294f","band":0,"sc":0.92,"off":[-6.75,7.1]}},{"type":"Feature","geometry":{"type":"Point","coordinates":[36.818134,-1.273674]},"properties":{"line":"119","mode":"bus","color":"#0059a9","colorDark":"#00294f","band":0,"sc":0.92,"off":[-2.25,7.1]}},{"type":"Feature","geometry":{"type":"Point","coordinates":[36.818134,-1.273674]},"properties":{"line":"119A","mode":"bus","color":"#0059a9","colorDark":"#00294f","band":0,"sc":0.92,"off":[2.25,7.1]}},{"type":"Feature","geometry":{"type":"Point","coordinates":[36.818134,-1.273674]},"properties":{"line":"145","mode":"bus","color":"#0059a9","colorDark":"#00294f","band":0,"sc":0.92,"off":[6.75,7.1]}},{"type":"Feature","geometry":{"type":"Point","coordinates":[36.824231,-1.265972]},"properties":{"name":"Ngara","band":0,"modes":"bus","arr":["3N","29/30","114R","114W"],"off":[0,-0.8]}},{"type":"Feature","geometry":{"type":"Point","coordinates":[36.824231,-1.265972]},"properties":{"line":"3N","mode":"bus","color":"#0059a9","colorDark":"#00294f","band":0,"off":[-6.75,1.1]}},{"type":"Feature","geometry":{"type":"Point","coordinates":[36.824231,-1.265972]},"properties":{"line":"29/30","mode":"bus","color":"#0059a9","colorDark":"#00294f","band":0,"off":[-2.25,1.1]}},{"type":"Feature","geometry":{"type":"Point","coordinates":[36.824231,-1.265972]},"properties":{"line":"114R","mode":"bus","color":"#0059a9","colorDark":"#00294f","band":0,"off":[2.25,1.1]}},{"type":"Feature","geometry":{"type":"Point","coordinates":[36.824231,-1.265972]},"properties":{"line":"114W","mode":"bus","color":"#0059a9","colorDark":"#00294f","band":0,"off":[6.75,1.1]}},{"type":"Feature","geometry":{"type":"Point","coordinates":[36.716841,-1.261347]},"properties":{"name":"Uthiru Pentecostal","band":0,"modes":"bus","arr":["3U/3"],"off":[0,-0.8]}},{"type":"Feature","geometry":{"type":"Point","coordinates":[36.716841,-1.261347]},"properties":{"line":"3U/3","mode":"bus","color":"#0059a9","colorDark":"#00294f","band":0,"off":[0,1.1]}},{"type":"Feature","geometry":{"type":"Point","coordinates":[36.728982,-1.290502]},"properties":{"name":"Kaberia","band":0,"modes":"bus","arr":["4W"],"off":[0,-0.8]}},{"type":"Feature","geometry":{"type":"Point","coordinates":[36.728982,-1.290502]},"properties":{"line":"4W","mode":"bus","color":"#0059a9","colorDark":"#00294f","band":0,"off":[0,1.1]}},{"type":"Feature","geometry":{"type":"Point","coordinates":[36.769135,-1.303947]},"properties":{"name":"Jamhuri Station Road Stage","band":0,"modes":"bus","arr":["5"],"off":[0,-0.8]}},{"type":"Feature","geometry":{"type":"Point","coordinates":[36.769135,-1.303947]},"properties":{"line":"5","mode":"bus","color":"#0059a9","colorDark":"#00294f","band":0,"off":[0,1.1]}},{"type":"Feature","geometry":{"type":"Point","coordinates":[36.848878,-1.272236]},"properties":{"name":"Eastleigh Terminal","band":0,"modes":"bus","arr":["6","17Aky","18C"],"off":[0,-0.8]}},{"type":"Feature","geometry":{"type":"Point","coordinates":[36.848878,-1.272236]},"properties":{"line":"6","mode":"bus","color":"#0059a9","colorDark":"#00294f","band":0,"off":[-4.5,1.1]}},{"type":"Feature","geometry":{"type":"Point","coordinates":[36.848878,-1.272236]},"properties":{"line":"17Aky","mode":"bus","color":"#0059a9","colorDark":"#00294f","band":0,"off":[0,1.1]}},{"type":"Feature","geometry":{"type":"Point","coordinates":[36.848878,-1.272236]},"properties":{"line":"18C","mode":"bus","color":"#0059a9","colorDark":"#00294f","band":0,"off":[4.5,1.1]}},{"type":"Feature","geometry":{"type":"Point","coordinates":[36.851704,-1.282805]},"properties":{"name":"Joster","band":0,"modes":"bus","arr":["6E"],"off":[0,-0.8]}},{"type":"Feature","geometry":{"type":"Point","coordinates":[36.851704,-1.282805]},"properties":{"line":"6E","mode":"bus","color":"#0059a9","colorDark":"#00294f","band":0,"off":[0,1.1]}},{"type":"Feature","geometry":{"type":"Point","coordinates":[36.852711,-1.294569]},"properties":{"name":"Church Army","band":0,"modes":"bus","arr":["6E"],"off":[0,-0.8]}},{"type":"Feature","geometry":{"type":"Point","coordinates":[36.852711,-1.294569]},"properties":{"line":"6E","mode":"bus","color":"#0059a9","colorDark":"#00294f","band":0,"off":[0,1.1]}},{"type":"Feature","geometry":{"type":"Point","coordinates":[36.77426,-1.309478]},"properties":{"name":"Equity Ayani","band":0,"modes":"bus","arr":["8","32A"],"off":[0,-0.8]}},{"type":"Feature","geometry":{"type":"Point","coordinates":[36.77426,-1.309478]},"properties":{"name":"Ayani","band":0,"modes":"bus","arr":["8","32A"],"off":[0,-1.9]}},{"type":"Feature","geometry":{"type":"Point","coordinates":[36.77426,-1.309478]},"properties":{"line":"8","mode":"bus","color":"#0059a9","colorDark":"#00294f","band":0,"off":[-1.7,1.1]}},{"type":"Feature","geometry":{"type":"Point","coordinates":[36.77426,-1.309478]},"properties":{"line":"32A","mode":"bus","color":"#0059a9","colorDark":"#00294f","band":0,"off":[1.7,1.1]}},{"type":"Feature","geometry":{"type":"Point","coordinates":[36.873756,-1.290619]},"properties":{"name":"Rabai","band":0,"modes":"bus","arr":["10"],"off":[0,-0.8]}},{"type":"Feature","geometry":{"type":"Point","coordinates":[36.873756,-1.290619]},"properties":{"line":"10","mode":"bus","color":"#0059a9","colorDark":"#00294f","band":0,"off":[0,1.1]}},{"type":"Feature","geometry":{"type":"Point","coordinates":[36.825724,-1.287362]},"properties":{"name":"Muthurwa","band":0,"modes":"bus","arr":["10","23KS","24","24C","33DP","34B","38/39","69","70/71"],"off":[0,-0.8]}},{"type":"Feature","geometry":{"type":"Point","coordinates":[36.825724,-1.287362]},"properties":{"name":"Gill House","band":0,"modes":"bus","arr":["10","23KS","24","24C","33DP","34B","38/39","69","70/71"],"off":[0,-1.9]}},{"type":"Feature","geometry":{"type":"Point","coordinates":[36.825724,-1.287362]},"properties":{"name":"Ambassadeur","band":0,"modes":"bus","arr":["10","23KS","24","24C","33DP","34B","38/39","69","70/71"],"off":[0,-3]}},{"type":"Feature","geometry":{"type":"Point","coordinates":[36.825724,-1.287362]},"properties":{"line":"10","mode":"bus","color":"#0059a9","colorDark":"#00294f","band":0,"off":[-6.75,1.1]}},{"type":"Feature","geometry":{"type":"Point","coordinates":[36.825724,-1.287362]},"properties":{"line":"23KS","mode":"bus","color":"#0059a9","colorDark":"#00294f","band":0,"off":[-2.25,1.1]}},{"type":"Feature","geometry":{"type":"Point","coordinates":[36.825724,-1.287362]},"properties":{"line":"24","mode":"bus","color":"#0059a9","colorDark":"#00294f","band":0,"off":[2.25,1.1]}},{"type":"Feature","geometry":{"type":"Point","coordinates":[36.825724,-1.287362]},"properties":{"line":"24C","mode":"bus","color":"#0059a9","colorDark":"#00294f","band":0,"off":[6.75,1.1]}},{"type":"Feature","geometry":{"type":"Point","coordinates":[36.825724,-1.287362]},"properties":{"line":"33DP","mode":"bus","color":"#0059a9","colorDark":"#00294f","band":0,"off":[-6.75,3.1]}},{"type":"Feature","geometry":{"type":"Point","coordinates":[36.825724,-1.287362]},"properties":{"line":"34B","mode":"bus","color":"#0059a9","colorDark":"#00294f","band":0,"off":[-2.25,3.1]}},{"type":"Feature","geometry":{"type":"Point","coordinates":[36.825724,-1.287362]},"properties":{"line":"38/39","mode":"bus","color":"#0059a9","colorDark":"#00294f","band":0,"off":[2.25,3.1]}},{"type":"Feature","geometry":{"type":"Point","coordinates":[36.825724,-1.287362]},"properties":{"line":"69","mode":"bus","color":"#0059a9","colorDark":"#00294f","band":0,"off":[6.75,3.1]}},{"type":"Feature","geometry":{"type":"Point","coordinates":[36.825724,-1.287362]},"properties":{"line":"70/71","mode":"bus","color":"#0059a9","colorDark":"#00294f","band":0,"off":[0,5.1]}},{"type":"Feature","geometry":{"type":"Point","coordinates":[36.848427,-1.315837]},"properties":{"name":"South B Stage","band":0,"modes":"bus","arr":["11"],"off":[0,-0.8]}},{"type":"Feature","geometry":{"type":"Point","coordinates":[36.848427,-1.315837]},"properties":{"name":"Hazina Estate","band":0,"modes":"bus","arr":["11"],"off":[0,-1.9]}},{"type":"Feature","geometry":{"type":"Point","coordinates":[36.848427,-1.315837]},"properties":{"line":"11","mode":"bus","color":"#0059a9","colorDark":"#00294f","band":0,"off":[0,1.1]}},{"type":"Feature","geometry":{"type":"Point","coordinates":[36.810772,-1.256854]},"properties":{"name":"Kwa Mosque/Highridge Mwisho","band":0,"modes":"bus","arr":["11A"],"off":[0,-0.8]}},{"type":"Feature","geometry":{"type":"Point","coordinates":[36.810772,-1.256854]},"properties":{"name":"Highridge/Kwa Mosque/Mwisho","band":0,"modes":"bus","arr":["11A"],"off":[0,-3]}},{"type":"Feature","geometry":{"type":"Point","coordinates":[36.810772,-1.256854]},"properties":{"line":"11A","mode":"bus","color":"#0059a9","colorDark":"#00294f","band":0,"off":[0,1.1]}},{"type":"Feature","geometry":{"type":"Point","coordinates":[36.830788,-1.272538]},"properties":{"name":"St. Peter Clavers Primary School/Salvation Army/OTC","band":0,"modes":"bus","arr":["11A","11B","11C","23KG","25","25A","30","33NG","44G","44Z","45K","48A","48B","48C","48O","49","105","107"],"off":[0,-0.8],"sc":0.89}},{"type":"Feature","geometry":{"type":"Point","coordinates":[36.830788,-1.272538]},"properties":{"name":"Racecourse Road","band":0,"modes":"bus","arr":["11A","11B","11C","23KG","25","25A","30","33NG","44G","44Z","45K","48A","48B","48C","48O","49","105","107"],"off":[0,-4.1],"sc":0.89}},{"type":"Feature","geometry":{"type":"Point","coordinates":[36.830788,-1.272538]},"properties":{"name":"Odeon","band":0,"modes":"bus","arr":["11A","11B","11C","23KG","25","25A","30","33NG","44G","44Z","45K","48A","48B","48C","48O","49","105","107"],"off":[0,-5.2],"sc":0.89}},{"type":"Feature","geometry":{"type":"Point","coordinates":[36.830788,-1.272538]},"properties":{"line":"11A","mode":"bus","color":"#0059a9","colorDark":"#00294f","band":0,"sc":0.89,"off":[-5.82,1.1]}},{"type":"Feature","geometry":{"type":"Point","coordinates":[36.830788,-1.272538]},"properties":{"line":"11B","mode":"bus","color":"#0059a9","colorDark":"#00294f","band":0,"sc":0.89,"off":[-1.94,1.1]}},{"type":"Feature","geometry":{"type":"Point","coordinates":[36.830788,-1.272538]},"properties":{"line":"11C","mode":"bus","color":"#0059a9","colorDark":"#00294f","band":0,"sc":0.89,"off":[1.94,1.1]}},{"type":"Feature","geometry":{"type":"Point","coordinates":[36.830788,-1.272538]},"properties":{"line":"23KG","mode":"bus","color":"#0059a9","colorDark":"#00294f","band":0,"sc":0.89,"off":[5.82,1.1]}},{"type":"Feature","geometry":{"type":"Point","coordinates":[36.830788,-1.272538]},"properties":{"line":"25","mode":"bus","color":"#0059a9","colorDark":"#00294f","band":0,"sc":0.89,"off":[-5.82,3.1]}},{"type":"Feature","geometry":{"type":"Point","coordinates":[36.830788,-1.272538]},"properties":{"line":"25A","mode":"bus","color":"#0059a9","colorDark":"#00294f","band":0,"sc":0.89,"off":[-1.94,3.1]}},{"type":"Feature","geometry":{"type":"Point","coordinates":[36.830788,-1.272538]},"properties":{"line":"30","mode":"bus","color":"#0059a9","colorDark":"#00294f","band":0,"sc":0.89,"off":[1.94,3.1]}},{"type":"Feature","geometry":{"type":"Point","coordinates":[36.830788,-1.272538]},"properties":{"line":"33NG","mode":"bus","color":"#0059a9","colorDark":"#00294f","band":0,"sc":0.89,"off":[5.82,3.1]}},{"type":"Feature","geometry":{"type":"Point","coordinates":[36.830788,-1.272538]},"properties":{"line":"44G","mode":"bus","color":"#0059a9","colorDark":"#00294f","band":0,"sc":0.89,"off":[-5.82,5.1]}},{"type":"Feature","geometry":{"type":"Point","coordinates":[36.830788,-1.272538]},"properties":{"line":"44Z","mode":"bus","color":"#0059a9","colorDark":"#00294f","band":0,"sc":0.89,"off":[-1.94,5.1]}},{"type":"Feature","geometry":{"type":"Point","coordinates":[36.830788,-1.272538]},"properties":{"line":"45K","mode":"bus","color":"#0059a9","colorDark":"#00294f","band":0,"sc":0.89,"off":[1.94,5.1]}},{"type":"Feature","geometry":{"type":"Point","coordinates":[36.830788,-1.272538]},"properties":{"line":"48A","mode":"bus","color":"#0059a9","colorDark":"#00294f","band":0,"sc":0.89,"off":[5.82,5.1]}},{"type":"Feature","geometry":{"type":"Point","coordinates":[36.830788,-1.272538]},"properties":{"line":"48B","mode":"bus","color":"#0059a9","colorDark":"#00294f","band":0,"sc":0.89,"off":[-5.82,7.1]}},{"type":"Feature","geometry":{"type":"Point","coordinates":[36.830788,-1.272538]},"properties":{"line":"48C","mode":"bus","color":"#0059a9","colorDark":"#00294f","band":0,"sc":0.89,"off":[-1.94,7.1]}},{"type":"Feature","geometry":{"type":"Point","coordinates":[36.830788,-1.272538]},"properties":{"line":"48O","mode":"bus","color":"#0059a9","colorDark":"#00294f","band":0,"sc":0.89,"off":[1.94,7.1]}},{"type":"Feature","geometry":{"type":"Point","coordinates":[36.830788,-1.272538]},"properties":{"line":"49","mode":"bus","color":"#0059a9","colorDark":"#00294f","band":0,"sc":0.89,"off":[5.82,7.1]}},{"type":"Feature","geometry":{"type":"Point","coordinates":[36.830788,-1.272538]},"properties":{"line":"105","mode":"bus","color":"#0059a9","colorDark":"#00294f","band":0,"sc":0.89,"off":[-1.94,9.1]}},{"type":"Feature","geometry":{"type":"Point","coordinates":[36.830788,-1.272538]},"properties":{"line":"107","mode":"bus","color":"#0059a9","colorDark":"#00294f","band":0,"sc":0.89,"off":[1.94,9.1]}},{"type":"Feature","geometry":{"type":"Point","coordinates":[36.785936,-1.207183]},"properties":{"name":"Ruaka/Banana Junction/Tuskys Supermarket","band":0,"modes":"bus","arr":["11B","107D"],"off":[0,-0.8]}},{"type":"Feature","geometry":{"type":"Point","coordinates":[36.785936,-1.207183]},"properties":{"name":"Ruaka Stage","band":0,"modes":"bus","arr":["11B","107D"],"off":[0,-4.1]}},{"type":"Feature","geometry":{"type":"Point","coordinates":[36.785936,-1.207183]},"properties":{"line":"11B","mode":"bus","color":"#0059a9","colorDark":"#00294f","band":0,"off":[-1.94,1.1]}},{"type":"Feature","geometry":{"type":"Point","coordinates":[36.785936,-1.207183]},"properties":{"line":"107D","mode":"bus","color":"#0059a9","colorDark":"#00294f","band":0,"off":[1.94,1.1]}},{"type":"Feature","geometry":{"type":"Point","coordinates":[36.810508,-1.238526]},"properties":{"name":"UNEP/KTTC","band":0,"modes":"bus","arr":["108"],"off":[0,-0.8]}},{"type":"Feature","geometry":{"type":"Point","coordinates":[36.810508,-1.238526]},"properties":{"name":"UNEP/Gigiri/KTTC","band":0,"modes":"bus","arr":["108"],"off":[0,-1.9]}},{"type":"Feature","geometry":{"type":"Point","coordinates":[36.810508,-1.238526]},"properties":{"line":"108","mode":"bus","color":"#0059a9","colorDark":"#00294f","band":0,"off":[0,1.1]}},{"type":"Feature","geometry":{"type":"Point","coordinates":[36.838519,-1.265059]},"properties":{"name":"Pangani Terminal","band":0,"modes":"bus","arr":["11C"],"off":[0,-0.8]}},{"type":"Feature","geometry":{"type":"Point","coordinates":[36.838519,-1.265059]},"properties":{"line":"11C","mode":"bus","color":"#0059a9","colorDark":"#00294f","band":0,"off":[0,1.1]}},{"type":"Feature","geometry":{"type":"Point","coordinates":[36.828901,-1.321813]},"properties":{"name":"Mugoya","band":0,"modes":"bus","arr":["12C"],"off":[0,-0.8]}},{"type":"Feature","geometry":{"type":"Point","coordinates":[36.828901,-1.321813]},"properties":{"name":"Container/New Apostolic Church","band":0,"modes":"bus","arr":["12C"],"off":[0,-1.9]}},{"type":"Feature","geometry":{"type":"Point","coordinates":[36.828901,-1.321813]},"properties":{"line":"12C","mode":"bus","color":"#0059a9","colorDark":"#00294f","band":0,"off":[0,1.1]}},{"type":"Feature","geometry":{"type":"Point","coordinates":[36.842366,-1.326945]},"properties":{"name":"Arka Hotel","band":0,"modes":"bus","arr":["12D"],"off":[0,-0.8]}},{"type":"Feature","geometry":{"type":"Point","coordinates":[36.842366,-1.326945]},"properties":{"name":"Arka hotel","band":0,"modes":"bus","arr":["12D"],"off":[0,-1.9]}},{"type":"Feature","geometry":{"type":"Point","coordinates":[36.842366,-1.326945]},"properties":{"line":"12D","mode":"bus","color":"#0059a9","colorDark":"#00294f","band":0,"off":[0,1.1]}},{"type":"Feature","geometry":{"type":"Point","coordinates":[36.878792,-1.257214]},"properties":{"name":"Kariobangi Terminal","band":0,"modes":"bus","arr":["14","26","26S","28"],"off":[0,-0.8]}},{"type":"Feature","geometry":{"type":"Point","coordinates":[36.878792,-1.257214]},"properties":{"name":"Kariobangi","band":0,"modes":"bus","arr":["14","26","26S","28"],"off":[0,-3]}},{"type":"Feature","geometry":{"type":"Point","coordinates":[36.878792,-1.257214]},"properties":{"name":"Kanisani","band":0,"modes":"bus","arr":["14","26","26S","28"],"off":[0,-4.1]}},{"type":"Feature","geometry":{"type":"Point","coordinates":[36.878792,-1.257214]},"properties":{"line":"14","mode":"bus","color":"#0059a9","colorDark":"#00294f","band":0,"off":[-5.1,1.1]}},{"type":"Feature","geometry":{"type":"Point","coordinates":[36.878792,-1.257214]},"properties":{"line":"26","mode":"bus","color":"#0059a9","colorDark":"#00294f","band":0,"off":[-1.7,1.1]}},{"type":"Feature","geometry":{"type":"Point","coordinates":[36.878792,-1.257214]},"properties":{"line":"26S","mode":"bus","color":"#0059a9","colorDark":"#00294f","band":0,"off":[1.7,1.1]}},{"type":"Feature","geometry":{"type":"Point","coordinates":[36.878792,-1.257214]},"properties":{"line":"28","mode":"bus","color":"#0059a9","colorDark":"#00294f","band":0,"off":[5.1,1.1]}},{"type":"Feature","geometry":{"type":"Point","coordinates":[36.812379,-1.308633]},"properties":{"name":"Strathmore/Siwaka","band":0,"modes":"bus","arr":["14A"],"off":[0,-0.8]}},{"type":"Feature","geometry":{"type":"Point","coordinates":[36.812379,-1.308633]},"properties":{"name":"Strathmore University/Siwaka","band":0,"modes":"bus","arr":["14A"],"off":[0,-1.9]}},{"type":"Feature","geometry":{"type":"Point","coordinates":[36.812379,-1.308633]},"properties":{"line":"14A","mode":"bus","color":"#0059a9","colorDark":"#00294f","band":0,"off":[0,1.1]}},{"type":"Feature","geometry":{"type":"Point","coordinates":[36.816677,-1.312968]},"properties":{"name":"Tmall","band":0,"modes":"bus","arr":["14B"],"off":[0,-0.8]}},{"type":"Feature","geometry":{"type":"Point","coordinates":[36.816677,-1.312968]},"properties":{"name":"T-Mall","band":0,"modes":"bus","arr":["14B"],"off":[0,-1.9]}},{"type":"Feature","geometry":{"type":"Point","coordinates":[36.816677,-1.312968]},"properties":{"line":"14B","mode":"bus","color":"#0059a9","colorDark":"#00294f","band":0,"off":[0,1.1]}},{"type":"Feature","geometry":{"type":"Point","coordinates":[36.774482,-1.321783]},"properties":{"name":"St.Mary's","band":0,"modes":"bus","arr":["15"],"off":[0,-0.8]}},{"type":"Feature","geometry":{"type":"Point","coordinates":[36.774482,-1.321783]},"properties":{"line":"15","mode":"bus","color":"#0059a9","colorDark":"#00294f","band":0,"off":[0,1.1]}},{"type":"Feature","geometry":{"type":"Point","coordinates":[36.807954,-1.314514]},"properties":{"name":"Highrise","band":0,"modes":"bus","arr":["16"],"off":[0,-0.8]}},{"type":"Feature","geometry":{"type":"Point","coordinates":[36.807954,-1.314514]},"properties":{"line":"16","mode":"bus","color":"#0059a9","colorDark":"#00294f","band":0,"off":[0,1.1]}},{"type":"Feature","geometry":{"type":"Point","coordinates":[36.916449,-1.268544]},"properties":{"name":"Tushauriane","band":0,"modes":"bus","arr":["16/62","18C","19C2","19Cdc","1961Kd"],"off":[0,-0.8]}},{"type":"Feature","geometry":{"type":"Point","coordinates":[36.916449,-1.268544]},"properties":{"name":"Kayole Hospital","band":0,"modes":"bus","arr":["16/62","18C","19C2","19Cdc","1961Kd"],"off":[0,-1.9]}},{"type":"Feature","geometry":{"type":"Point","coordinates":[36.916449,-1.268544]},"properties":{"name":"Kanisani/Komarocks Phase 2","band":0,"modes":"bus","arr":["16/62","18C","19C2","19Cdc","1961Kd"],"off":[0,-3]}},{"type":"Feature","geometry":{"type":"Point","coordinates":[36.916449,-1.268544]},"properties":{"line":"16/62","mode":"bus","color":"#0059a9","colorDark":"#00294f","band":0,"off":[-5.12,1.1]}},{"type":"Feature","geometry":{"type":"Point","coordinates":[36.916449,-1.268544]},"properties":{"line":"18C","mode":"bus","color":"#0059a9","colorDark":"#00294f","band":0,"off":[0,1.1]}},{"type":"Feature","geometry":{"type":"Point","coordinates":[36.916449,-1.268544]},"properties":{"line":"19C2","mode":"bus","color":"#0059a9","colorDark":"#00294f","band":0,"off":[5.12,1.1]}},{"type":"Feature","geometry":{"type":"Point","coordinates":[36.916449,-1.268544]},"properties":{"line":"19Cdc","mode":"bus","color":"#0059a9","colorDark":"#00294f","band":0,"off":[-2.56,3.1]}},{"type":"Feature","geometry":{"type":"Point","coordinates":[36.916449,-1.268544]},"properties":{"line":"1961Kd","mode":"bus","color":"#0059a9","colorDark":"#00294f","band":0,"off":[2.56,3.1]}},{"type":"Feature","geometry":{"type":"Point","coordinates":[36.882154,-1.263691]},"properties":{"name":"Rounder","band":0,"modes":"bus","arr":["17A","23KS","46B","2030","3738"],"off":[0,-0.8]}},{"type":"Feature","geometry":{"type":"Point","coordinates":[36.882154,-1.263691]},"properties":{"name":"Rounda","band":0,"modes":"bus","arr":["17A","23KS","46B","2030","3738"],"off":[0,-1.9]}},{"type":"Feature","geometry":{"type":"Point","coordinates":[36.882154,-1.263691]},"properties":{"name":"Civil Servant/Deliverance Church","band":0,"modes":"bus","arr":["17A","23KS","46B","2030","3738"],"off":[0,-3]}},{"type":"Feature","geometry":{"type":"Point","coordinates":[36.882154,-1.263691]},"properties":{"line":"17A","mode":"bus","color":"#0059a9","colorDark":"#00294f","band":0,"off":[-5.82,1.1]}},{"type":"Feature","geometry":{"type":"Point","coordinates":[36.882154,-1.263691]},"properties":{"line":"23KS","mode":"bus","color":"#0059a9","colorDark":"#00294f","band":0,"off":[-1.94,1.1]}},{"type":"Feature","geometry":{"type":"Point","coordinates":[36.882154,-1.263691]},"properties":{"line":"46B","mode":"bus","color":"#0059a9","colorDark":"#00294f","band":0,"off":[1.94,1.1]}},{"type":"Feature","geometry":{"type":"Point","coordinates":[36.882154,-1.263691]},"properties":{"line":"2030","mode":"bus","color":"#0059a9","colorDark":"#00294f","band":0,"off":[5.82,1.1]}},{"type":"Feature","geometry":{"type":"Point","coordinates":[36.882154,-1.263691]},"properties":{"line":"3738","mode":"bus","color":"#0059a9","colorDark":"#00294f","band":0,"off":[0,3.1]}},{"type":"Feature","geometry":{"type":"Point","coordinates":[36.919927,-1.258661]},"properties":{"name":"Kayole 1/Queen's Park","band":0,"modes":"bus","arr":["17A","17Aky","1960"],"off":[0,-0.8]}},{"type":"Feature","geometry":{"type":"Point","coordinates":[36.919927,-1.258661]},"properties":{"name":"Kayole 1","band":0,"modes":"bus","arr":["17A","17Aky","1960"],"off":[0,-3]}},{"type":"Feature","geometry":{"type":"Point","coordinates":[36.919927,-1.258661]},"properties":{"name":"Corner","band":0,"modes":"bus","arr":["17A","17Aky","1960"],"off":[0,-4.1]}},{"type":"Feature","geometry":{"type":"Point","coordinates":[36.919927,-1.258661]},"properties":{"line":"17A","mode":"bus","color":"#0059a9","colorDark":"#00294f","band":0,"off":[-4.5,1.1]}},{"type":"Feature","geometry":{"type":"Point","coordinates":[36.919927,-1.258661]},"properties":{"line":"17Aky","mode":"bus","color":"#0059a9","colorDark":"#00294f","band":0,"off":[0,1.1]}},{"type":"Feature","geometry":{"type":"Point","coordinates":[36.919927,-1.258661]},"properties":{"line":"1960","mode":"bus","color":"#0059a9","colorDark":"#00294f","band":0,"off":[4.5,1.1]}},{"type":"Feature","geometry":{"type":"Point","coordinates":[36.9327,-1.234924]},"properties":{"name":"Mwiki Terminal","band":0,"modes":"bus","arr":["17B","20"],"off":[0,-0.8]}},{"type":"Feature","geometry":{"type":"Point","coordinates":[36.9327,-1.234924]},"properties":{"name":"Mwiki","band":0,"modes":"bus","arr":["17B","20"],"off":[0,-1.9]}},{"type":"Feature","geometry":{"type":"Point","coordinates":[36.9327,-1.234924]},"properties":{"line":"17B","mode":"bus","color":"#0059a9","colorDark":"#00294f","band":0,"off":[-1.7,1.1]}},{"type":"Feature","geometry":{"type":"Point","coordinates":[36.9327,-1.234924]},"properties":{"line":"20","mode":"bus","color":"#0059a9","colorDark":"#00294f","band":0,"off":[1.7,1.1]}},{"type":"Feature","geometry":{"type":"Point","coordinates":[36.886874,-1.298317]},"properties":{"name":"Donholm Naivas","band":0,"modes":"bus","arr":["19C2","33DC","70/71","1961Kd","3560"],"off":[0,-0.8]}},{"type":"Feature","geometry":{"type":"Point","coordinates":[36.886874,-1.298317]},"properties":{"name":"Donholm","band":0,"modes":"bus","arr":["19C2","33DC","70/71","1961Kd","3560"],"off":[0,-1.9]}},{"type":"Feature","geometry":{"type":"Point","coordinates":[36.886874,-1.298317]},"properties":{"name":"Caltex","band":0,"modes":"bus","arr":["19C2","33DC","70/71","1961Kd","3560"],"off":[0,-3]}},{"type":"Feature","geometry":{"type":"Point","coordinates":[36.886874,-1.298317]},"properties":{"line":"19C2","mode":"bus","color":"#0059a9","colorDark":"#00294f","band":0,"off":[-5.12,1.1]}},{"type":"Feature","geometry":{"type":"Point","coordinates":[36.886874,-1.298317]},"properties":{"line":"33DC","mode":"bus","color":"#0059a9","colorDark":"#00294f","band":0,"off":[0,1.1]}},{"type":"Feature","geometry":{"type":"Point","coordinates":[36.886874,-1.298317]},"properties":{"line":"70/71","mode":"bus","color":"#0059a9","colorDark":"#00294f","band":0,"off":[5.12,1.1]}},{"type":"Feature","geometry":{"type":"Point","coordinates":[36.886874,-1.298317]},"properties":{"line":"1961Kd","mode":"bus","color":"#0059a9","colorDark":"#00294f","band":0,"off":[-2.56,3.1]}},{"type":"Feature","geometry":{"type":"Point","coordinates":[36.886874,-1.298317]},"properties":{"line":"3560","mode":"bus","color":"#0059a9","colorDark":"#00294f","band":0,"off":[2.56,3.1]}},{"type":"Feature","geometry":{"type":"Point","coordinates":[36.898517,-1.275039]},"properties":{"name":"Mama Lucy Terminal","band":0,"modes":"bus","arr":["20"],"off":[0,-0.8]}},{"type":"Feature","geometry":{"type":"Point","coordinates":[36.898517,-1.275039]},"properties":{"line":"20","mode":"bus","color":"#0059a9","colorDark":"#00294f","band":0,"off":[0,1.1]}},{"type":"Feature","geometry":{"type":"Point","coordinates":[36.749515,-1.264986]},"properties":{"name":"Kangemi Terminus","band":0,"modes":"bus","arr":["23KG"],"off":[0,-0.8]}},{"type":"Feature","geometry":{"type":"Point","coordinates":[36.749515,-1.264986]},"properties":{"line":"23KG","mode":"bus","color":"#0059a9","colorDark":"#00294f","band":0,"off":[0,1.1]}},{"type":"Feature","geometry":{"type":"Point","coordinates":[36.801586,-1.263564]},"properties":{"name":"Westlands/Parklands Baptist","band":0,"modes":"bus","arr":["23W","0048","48K"],"off":[0,-0.8]}},{"type":"Feature","geometry":{"type":"Point","coordinates":[36.801586,-1.263564]},"properties":{"name":"Westlands Terminal","band":0,"modes":"bus","arr":["23W","0048","48K"],"off":[0,-3]}},{"type":"Feature","geometry":{"type":"Point","coordinates":[36.801586,-1.263564]},"properties":{"name":"Parklands Baptist/Westlands","band":0,"modes":"bus","arr":["23W","0048","48K"],"off":[0,-4.1]}},{"type":"Feature","geometry":{"type":"Point","coordinates":[36.801586,-1.263564]},"properties":{"line":"23W","mode":"bus","color":"#0059a9","colorDark":"#00294f","band":0,"off":[-3.88,1.1]}},{"type":"Feature","geometry":{"type":"Point","coordinates":[36.801586,-1.263564]},"properties":{"line":"0048","mode":"bus","color":"#0059a9","colorDark":"#00294f","band":0,"off":[0,1.1]}},{"type":"Feature","geometry":{"type":"Point","coordinates":[36.801586,-1.263564]},"properties":{"line":"48K","mode":"bus","color":"#0059a9","colorDark":"#00294f","band":0,"off":[3.88,1.1]}},{"type":"Feature","geometry":{"type":"Point","coordinates":[36.877588,-1.277388]},"properties":{"name":"Buru Roundabout","band":0,"modes":"bus","arr":["58"],"off":[0,-0.8]}},{"type":"Feature","geometry":{"type":"Point","coordinates":[36.877588,-1.277388]},"properties":{"line":"58","mode":"bus","color":"#0059a9","colorDark":"#00294f","band":0,"off":[0,1.1]}},{"type":"Feature","geometry":{"type":"Point","coordinates":[36.764356,-1.342382]},"properties":{"name":"Nakumatt Galleria","band":0,"modes":"bus","arr":["24BK"],"off":[0,-0.8]}},{"type":"Feature","geometry":{"type":"Point","coordinates":[36.764356,-1.342382]},"properties":{"name":"Bomas/Galleria","band":0,"modes":"bus","arr":["24BK"],"off":[0,-1.9]}},{"type":"Feature","geometry":{"type":"Point","coordinates":[36.764356,-1.342382]},"properties":{"line":"24BK","mode":"bus","color":"#0059a9","colorDark":"#00294f","band":0,"off":[0,1.1]}},{"type":"Feature","geometry":{"type":"Point","coordinates":[36.708645,-1.326598]},"properties":{"name":"St.Marys Karen Primary School","band":0,"modes":"bus","arr":["24BK","24C"],"off":[0,-0.8]}},{"type":"Feature","geometry":{"type":"Point","coordinates":[36.708645,-1.326598]},"properties":{"name":"Karen/Karen Shopping Centre","band":0,"modes":"bus","arr":["24BK","24C"],"off":[0,-3]}},{"type":"Feature","geometry":{"type":"Point","coordinates":[36.708645,-1.326598]},"properties":{"name":"Karen","band":0,"modes":"bus","arr":["24BK","24C"],"off":[0,-5.2]}},{"type":"Feature","geometry":{"type":"Point","coordinates":[36.708645,-1.326598]},"properties":{"line":"24BK","mode":"bus","color":"#0059a9","colorDark":"#00294f","band":0,"off":[-1.94,1.1]}},{"type":"Feature","geometry":{"type":"Point","coordinates":[36.708645,-1.326598]},"properties":{"line":"24C","mode":"bus","color":"#0059a9","colorDark":"#00294f","band":0,"off":[1.94,1.1]}},{"type":"Feature","geometry":{"type":"Point","coordinates":[36.887456,-1.244229]},"properties":{"name":"Baba Dogo Terminal","band":0,"modes":"bus","arr":["25"],"off":[0,-0.8]}},{"type":"Feature","geometry":{"type":"Point","coordinates":[36.887456,-1.244229]},"properties":{"line":"25","mode":"bus","color":"#0059a9","colorDark":"#00294f","band":0,"off":[0,1.1]}},{"type":"Feature","geometry":{"type":"Point","coordinates":[36.897504,-1.239769]},"properties":{"name":"Lucky Summer Terminal","band":0,"modes":"bus","arr":["25A"],"off":[0,-0.8]}},{"type":"Feature","geometry":{"type":"Point","coordinates":[36.897504,-1.239769]},"properties":{"line":"25A","mode":"bus","color":"#0059a9","colorDark":"#00294f","band":0,"off":[0,1.1]}},{"type":"Feature","geometry":{"type":"Point","coordinates":[36.863568,-1.295155]},"properties":{"name":"Makadara/Mwisho","band":0,"modes":"bus","arr":["26","26S"],"off":[0,-0.8]}},{"type":"Feature","geometry":{"type":"Point","coordinates":[36.863568,-1.295155]},"properties":{"name":"Makadara","band":0,"modes":"bus","arr":["26","26S"],"off":[0,-1.9]}},{"type":"Feature","geometry":{"type":"Point","coordinates":[36.863568,-1.295155]},"properties":{"name":"Aquinas","band":0,"modes":"bus","arr":["26","26S"],"off":[0,-3]}},{"type":"Feature","geometry":{"type":"Point","coordinates":[36.863568,-1.295155]},"properties":{"line":"26","mode":"bus","color":"#0059a9","colorDark":"#00294f","band":0,"off":[-1.7,1.1]}},{"type":"Feature","geometry":{"type":"Point","coordinates":[36.863568,-1.295155]},"properties":{"line":"26S","mode":"bus","color":"#0059a9","colorDark":"#00294f","band":0,"off":[1.7,1.1]}},{"type":"Feature","geometry":{"type":"Point","coordinates":[36.884901,-1.250938]},"properties":{"name":"Kariobangi Mwisho","band":0,"modes":"bus","arr":["0027"],"off":[0,-0.8]}},{"type":"Feature","geometry":{"type":"Point","coordinates":[36.884901,-1.250938]},"properties":{"line":"0027","mode":"bus","color":"#0059a9","colorDark":"#00294f","band":0,"off":[0,1.1]}},{"type":"Feature","geometry":{"type":"Point","coordinates":[36.867324,-1.252198]},"properties":{"name":"Mathare North Terminal","band":0,"modes":"bus","arr":["29/30"],"off":[0,-0.8]}},{"type":"Feature","geometry":{"type":"Point","coordinates":[36.867324,-1.252198]},"properties":{"line":"29/30","mode":"bus","color":"#0059a9","colorDark":"#00294f","band":0,"off":[0,1.1]}},{"type":"Feature","geometry":{"type":"Point","coordinates":[36.723692,-1.256935]},"properties":{"name":"Ndumbuini Terminus","band":0,"modes":"bus","arr":["30"],"off":[0,-0.8]}},{"type":"Feature","geometry":{"type":"Point","coordinates":[36.723692,-1.256935]},"properties":{"line":"30","mode":"bus","color":"#0059a9","colorDark":"#00294f","band":0,"off":[0,1.1]}},{"type":"Feature","geometry":{"type":"Point","coordinates":[36.90841,-1.245058]},"properties":{"name":"Dandora Terminal","band":0,"modes":"bus","arr":["32D","36","41","42"],"off":[0,-0.8]}},{"type":"Feature","geometry":{"type":"Point","coordinates":[36.90841,-1.245058]},"properties":{"line":"32D","mode":"bus","color":"#0059a9","colorDark":"#00294f","band":0,"off":[-5.1,1.1]}},{"type":"Feature","geometry":{"type":"Point","coordinates":[36.90841,-1.245058]},"properties":{"line":"36","mode":"bus","color":"#0059a9","colorDark":"#00294f","band":0,"off":[-1.7,1.1]}},{"type":"Feature","geometry":{"type":"Point","coordinates":[36.90841,-1.245058]},"properties":{"line":"41","mode":"bus","color":"#0059a9","colorDark":"#00294f","band":0,"off":[1.7,1.1]}},{"type":"Feature","geometry":{"type":"Point","coordinates":[36.90841,-1.245058]},"properties":{"line":"42","mode":"bus","color":"#0059a9","colorDark":"#00294f","band":0,"off":[5.1,1.1]}},{"type":"Feature","geometry":{"type":"Point","coordinates":[36.912739,-1.298119]},"properties":{"name":"Baraka Estate","band":0,"modes":"bus","arr":["33B"],"off":[0,-0.8]}},{"type":"Feature","geometry":{"type":"Point","coordinates":[36.912739,-1.298119]},"properties":{"line":"33B","mode":"bus","color":"#0059a9","colorDark":"#00294f","band":0,"off":[0,1.1]}},{"type":"Feature","geometry":{"type":"Point","coordinates":[36.89333,-1.335837]},"properties":{"name":"Carbanas","band":0,"modes":"bus","arr":["33C","33DC","33H","33J"],"off":[0,-0.8]}},{"type":"Feature","geometry":{"type":"Point","coordinates":[36.89333,-1.335837]},"properties":{"name":"Cabanas","band":0,"modes":"bus","arr":["33C","33DC","33H","33J"],"off":[0,-1.9]}},{"type":"Feature","geometry":{"type":"Point","coordinates":[36.89333,-1.335837]},"properties":{"line":"33C","mode":"bus","color":"#0059a9","colorDark":"#00294f","band":0,"off":[-5.82,1.1]}},{"type":"Feature","geometry":{"type":"Point","coordinates":[36.89333,-1.335837]},"properties":{"line":"33DC","mode":"bus","color":"#0059a9","colorDark":"#00294f","band":0,"off":[-1.94,1.1]}},{"type":"Feature","geometry":{"type":"Point","coordinates":[36.89333,-1.335837]},"properties":{"line":"33H","mode":"bus","color":"#0059a9","colorDark":"#00294f","band":0,"off":[1.94,1.1]}},{"type":"Feature","geometry":{"type":"Point","coordinates":[36.89333,-1.335837]},"properties":{"line":"33J","mode":"bus","color":"#0059a9","colorDark":"#00294f","band":0,"off":[5.82,1.1]}},{"type":"Feature","geometry":{"type":"Point","coordinates":[36.827865,-1.295987]},"properties":{"name":"Kaka Terminal","band":0,"modes":"bus","arr":["33B","33C","33FED","33GTB","33IMR","33TP","110","110ATH","135"],"off":[0,-0.8]}},{"type":"Feature","geometry":{"type":"Point","coordinates":[36.827865,-1.295987]},"properties":{"name":"Easy Coach/Uchumi","band":0,"modes":"bus","arr":["33B","33C","33FED","33GTB","33IMR","33TP","110","110ATH","135"],"off":[0,-1.9]}},{"type":"Feature","geometry":{"type":"Point","coordinates":[36.827865,-1.295987]},"properties":{"name":"Commercial","band":0,"modes":"bus","arr":["33B","33C","33FED","33GTB","33IMR","33TP","110","110ATH","135"],"off":[0,-3]}},{"type":"Feature","geometry":{"type":"Point","coordinates":[36.827865,-1.295987]},"properties":{"line":"33B","mode":"bus","color":"#0059a9","colorDark":"#00294f","band":0,"off":[-5.12,1.1]}},{"type":"Feature","geometry":{"type":"Point","coordinates":[36.827865,-1.295987]},"properties":{"line":"33C","mode":"bus","color":"#0059a9","colorDark":"#00294f","band":0,"off":[0,1.1]}},{"type":"Feature","geometry":{"type":"Point","coordinates":[36.827865,-1.295987]},"properties":{"line":"33FED","mode":"bus","color":"#0059a9","colorDark":"#00294f","band":0,"off":[5.12,1.1]}},{"type":"Feature","geometry":{"type":"Point","coordinates":[36.827865,-1.295987]},"properties":{"line":"33GTB","mode":"bus","color":"#0059a9","colorDark":"#00294f","band":0,"off":[-5.12,3.1]}},{"type":"Feature","geometry":{"type":"Point","coordinates":[36.827865,-1.295987]},"properties":{"line":"33IMR","mode":"bus","color":"#0059a9","colorDark":"#00294f","band":0,"off":[0,3.1]}},{"type":"Feature","geometry":{"type":"Point","coordinates":[36.827865,-1.295987]},"properties":{"line":"33TP","mode":"bus","color":"#0059a9","colorDark":"#00294f","band":0,"off":[5.12,3.1]}},{"type":"Feature","geometry":{"type":"Point","coordinates":[36.827865,-1.295987]},"properties":{"line":"110","mode":"bus","color":"#0059a9","colorDark":"#00294f","band":0,"off":[-5.12,5.1]}},{"type":"Feature","geometry":{"type":"Point","coordinates":[36.827865,-1.295987]},"properties":{"line":"110ATH","mode":"bus","color":"#0059a9","colorDark":"#00294f","band":0,"off":[0,5.1]}},{"type":"Feature","geometry":{"type":"Point","coordinates":[36.827865,-1.295987]},"properties":{"line":"135","mode":"bus","color":"#0059a9","colorDark":"#00294f","band":0,"off":[5.12,5.1]}},{"type":"Feature","geometry":{"type":"Point","coordinates":[36.89958,-1.323619]},"properties":{"name":"Taj Roundabout","band":0,"modes":"bus","arr":["33DP","33TP"],"off":[0,-0.8]}},{"type":"Feature","geometry":{"type":"Point","coordinates":[36.89958,-1.323619]},"properties":{"name":"Taj Mall Interchange","band":0,"modes":"bus","arr":["33DP","33TP"],"off":[0,-1.9]}},{"type":"Feature","geometry":{"type":"Point","coordinates":[36.89958,-1.323619]},"properties":{"name":"Rounda/Taj","band":0,"modes":"bus","arr":["33DP","33TP"],"off":[0,-4.1]}},{"type":"Feature","geometry":{"type":"Point","coordinates":[36.89958,-1.323619]},"properties":{"line":"33DP","mode":"bus","color":"#0059a9","colorDark":"#00294f","band":0,"off":[-1.94,1.1]}},{"type":"Feature","geometry":{"type":"Point","coordinates":[36.89958,-1.323619]},"properties":{"line":"33TP","mode":"bus","color":"#0059a9","colorDark":"#00294f","band":0,"off":[1.94,1.1]}},{"type":"Feature","geometry":{"type":"Point","coordinates":[36.911457,-1.308333]},"properties":{"name":"Posta Embakasi Village","band":0,"modes":"bus","arr":["33FED"],"off":[0,-0.8]}},{"type":"Feature","geometry":{"type":"Point","coordinates":[36.911457,-1.308333]},"properties":{"line":"33FED","mode":"bus","color":"#0059a9","colorDark":"#00294f","band":0,"off":[0,1.1]}},{"type":"Feature","geometry":{"type":"Point","coordinates":[36.903209,-1.308232]},"properties":{"name":"Gate B","band":0,"modes":"bus","arr":["33GTB"],"off":[0,-0.8]}},{"type":"Feature","geometry":{"type":"Point","coordinates":[36.903209,-1.308232]},"properties":{"line":"33GTB","mode":"bus","color":"#0059a9","colorDark":"#00294f","band":0,"off":[0,1.1]}},{"type":"Feature","geometry":{"type":"Point","coordinates":[36.982956,-1.264258]},"properties":{"name":"Ruai Bypass","band":0,"modes":"bus","arr":["33H","145B"],"off":[0,-0.8]}},{"type":"Feature","geometry":{"type":"Point","coordinates":[36.982956,-1.264258]},"properties":{"name":"By Pass","band":0,"modes":"bus","arr":["33H","145B"],"off":[0,-1.9]}},{"type":"Feature","geometry":{"type":"Point","coordinates":[36.982956,-1.264258]},"properties":{"line":"33H","mode":"bus","color":"#0059a9","colorDark":"#00294f","band":0,"off":[-1.94,1.1]}},{"type":"Feature","geometry":{"type":"Point","coordinates":[36.982956,-1.264258]},"properties":{"line":"145B","mode":"bus","color":"#0059a9","colorDark":"#00294f","band":0,"off":[1.94,1.1]}},{"type":"Feature","geometry":{"type":"Point","coordinates":[36.880822,-1.325233]},"properties":{"name":"Imara Daima","band":0,"modes":"bus","arr":["33IMR"],"off":[0,-0.8]}},{"type":"Feature","geometry":{"type":"Point","coordinates":[36.880822,-1.325233]},"properties":{"line":"33IMR","mode":"bus","color":"#0059a9","colorDark":"#00294f","band":0,"off":[0,1.1]}},{"type":"Feature","geometry":{"type":"Point","coordinates":[36.982453,-1.286501]},"properties":{"name":"Githunguri","band":0,"modes":"bus","arr":["33J"],"off":[0,-0.8]}},{"type":"Feature","geometry":{"type":"Point","coordinates":[36.982453,-1.286501]},"properties":{"line":"33J","mode":"bus","color":"#0059a9","colorDark":"#00294f","band":0,"off":[0,1.1]}},{"type":"Feature","geometry":{"type":"Point","coordinates":[36.888923,-1.324763]},"properties":{"name":"St. Bakhita","band":0,"modes":"bus","arr":["33MKR"],"off":[0,-0.8]}},{"type":"Feature","geometry":{"type":"Point","coordinates":[36.888923,-1.324763]},"properties":{"line":"33MKR","mode":"bus","color":"#0059a9","colorDark":"#00294f","band":0,"off":[0,1.1]}},{"type":"Feature","geometry":{"type":"Point","coordinates":[36.800901,-1.308756]},"properties":{"name":"Ngumo Stage","band":0,"modes":"bus","arr":["33NG","33SB"],"off":[0,-0.8]}},{"type":"Feature","geometry":{"type":"Point","coordinates":[36.800901,-1.308756]},"properties":{"name":"Ngumo Market/Line Saba","band":0,"modes":"bus","arr":["33NG","33SB"],"off":[0,-1.9]}},{"type":"Feature","geometry":{"type":"Point","coordinates":[36.800901,-1.308756]},"properties":{"line":"33NG","mode":"bus","color":"#0059a9","colorDark":"#00294f","band":0,"off":[-1.94,1.1]}},{"type":"Feature","geometry":{"type":"Point","coordinates":[36.800901,-1.308756]},"properties":{"line":"33SB","mode":"bus","color":"#0059a9","colorDark":"#00294f","band":0,"off":[1.94,1.1]}},{"type":"Feature","geometry":{"type":"Point","coordinates":[36.835356,-1.312264]},"properties":{"name":"South B Stage","band":0,"modes":"bus","arr":["33SB"],"off":[0,-0.8]}},{"type":"Feature","geometry":{"type":"Point","coordinates":[36.835356,-1.312264]},"properties":{"line":"33SB","mode":"bus","color":"#0059a9","colorDark":"#00294f","band":0,"off":[0,1.1]}},{"type":"Feature","geometry":{"type":"Point","coordinates":[36.895241,-1.316533]},"properties":{"name":"Pipeline","band":0,"modes":"bus","arr":["33TP"],"off":[0,-0.8]}},{"type":"Feature","geometry":{"type":"Point","coordinates":[36.895241,-1.316533]},"properties":{"line":"33TP","mode":"bus","color":"#0059a9","colorDark":"#00294f","band":0,"off":[0,1.1]}},{"type":"Feature","geometry":{"type":"Point","coordinates":[36.988838,-1.284022]},"properties":{"name":"Utawala","band":0,"modes":"bus","arr":["33UTW"],"off":[0,-0.8]}},{"type":"Feature","geometry":{"type":"Point","coordinates":[36.988838,-1.284022]},"properties":{"line":"33UTW","mode":"bus","color":"#0059a9","colorDark":"#00294f","band":0,"off":[0,1.1]}},{"type":"Feature","geometry":{"type":"Point","coordinates":[36.904697,-1.287582]},"properties":{"name":"Jacaranda","band":0,"modes":"bus","arr":["34B"],"off":[0,-0.8]}},{"type":"Feature","geometry":{"type":"Point","coordinates":[36.904697,-1.287582]},"properties":{"line":"34B","mode":"bus","color":"#0059a9","colorDark":"#00294f","band":0,"off":[0,1.1]}},{"type":"Feature","geometry":{"type":"Point","coordinates":[36.924773,-1.329644]},"properties":{"name":"JKIA - Passenger Boarding","band":0,"modes":"bus","arr":["34J"],"off":[0,-0.8]}},{"type":"Feature","geometry":{"type":"Point","coordinates":[36.924773,-1.329644]},"properties":{"line":"34J","mode":"bus","color":"#0059a9","colorDark":"#00294f","band":0,"off":[0,1.1]}},{"type":"Feature","geometry":{"type":"Point","coordinates":[36.788991,-1.327248]},"properties":{"name":"OiLibya","band":0,"modes":"bus","arr":["34L"],"off":[0,-0.8]}},{"type":"Feature","geometry":{"type":"Point","coordinates":[36.788991,-1.327248]},"properties":{"line":"34L","mode":"bus","color":"#0059a9","colorDark":"#00294f","band":0,"off":[0,1.1]}},{"type":"Feature","geometry":{"type":"Point","coordinates":[36.887122,-1.28373]},"properties":{"name":"Umoja Market/ Cooperative Umoja/ Jasho Stage","band":0,"modes":"bus","arr":["35/60"],"off":[0,-0.8]}},{"type":"Feature","geometry":{"type":"Point","coordinates":[36.887122,-1.28373]},"properties":{"name":"Umoja 1 Market","band":0,"modes":"bus","arr":["35/60"],"off":[0,-4.1]}},{"type":"Feature","geometry":{"type":"Point","coordinates":[36.887122,-1.28373]},"properties":{"line":"35/60","mode":"bus","color":"#0059a9","colorDark":"#00294f","band":0,"off":[0,1.1]}},{"type":"Feature","geometry":{"type":"Point","coordinates":[36.841876,-1.292815]},"properties":{"name":"City Stadium/Lusaka Road Junction","band":0,"modes":"bus","arr":["36","405"],"off":[0,-0.8]}},{"type":"Feature","geometry":{"type":"Point","coordinates":[36.841876,-1.292815]},"properties":{"name":"City Stadium","band":0,"modes":"bus","arr":["36","405"],"off":[0,-3]}},{"type":"Feature","geometry":{"type":"Point","coordinates":[36.841876,-1.292815]},"properties":{"line":"36","mode":"bus","color":"#0059a9","colorDark":"#00294f","band":0,"off":[-1.7,1.1]}},{"type":"Feature","geometry":{"type":"Point","coordinates":[36.841876,-1.292815]},"properties":{"line":"405","mode":"bus","color":"#0059a9","colorDark":"#00294f","band":0,"off":[1.7,1.1]}},{"type":"Feature","geometry":{"type":"Point","coordinates":[36.995751,-1.270555]},"properties":{"name":"Quickmart","band":0,"modes":"bus","arr":["38/39","3738"],"off":[0,-0.8]}},{"type":"Feature","geometry":{"type":"Point","coordinates":[36.995751,-1.270555]},"properties":{"name":"Dune","band":0,"modes":"bus","arr":["38/39","3738"],"off":[0,-1.9]}},{"type":"Feature","geometry":{"type":"Point","coordinates":[36.995751,-1.270555]},"properties":{"line":"38/39","mode":"bus","color":"#0059a9","colorDark":"#00294f","band":0,"off":[-2.25,1.1]}},{"type":"Feature","geometry":{"type":"Point","coordinates":[36.995751,-1.270555]},"properties":{"line":"3738","mode":"bus","color":"#0059a9","colorDark":"#00294f","band":0,"off":[2.25,1.1]}},{"type":"Feature","geometry":{"type":"Point","coordinates":[36.912004,-1.259519]},"properties":{"name":"Saika","band":0,"modes":"bus","arr":["39SK"],"off":[0,-0.8]}},{"type":"Feature","geometry":{"type":"Point","coordinates":[36.912004,-1.259519]},"properties":{"line":"39SK","mode":"bus","color":"#0059a9","colorDark":"#00294f","band":0,"off":[0,1.1]}},{"type":"Feature","geometry":{"type":"Point","coordinates":[36.958321,-1.165136]},"properties":{"name":"Super Highway","band":0,"modes":"bus","arr":["0039","145D"],"off":[0,-0.8]}},{"type":"Feature","geometry":{"type":"Point","coordinates":[36.958321,-1.165136]},"properties":{"line":"0039","mode":"bus","color":"#0059a9","colorDark":"#00294f","band":0,"off":[-1.94,1.1]}},{"type":"Feature","geometry":{"type":"Point","coordinates":[36.958321,-1.165136]},"properties":{"line":"145D","mode":"bus","color":"#0059a9","colorDark":"#00294f","band":0,"off":[1.94,1.1]}},{"type":"Feature","geometry":{"type":"Point","coordinates":[36.894914,-1.327186]},"properties":{"name":"Transami","band":0,"modes":"bus","arr":["0039"],"off":[0,-0.8]}},{"type":"Feature","geometry":{"type":"Point","coordinates":[36.894914,-1.327186]},"properties":{"line":"0039","mode":"bus","color":"#0059a9","colorDark":"#00294f","band":0,"off":[0,1.1]}},{"type":"Feature","geometry":{"type":"Point","coordinates":[36.890379,-1.330001]},"properties":{"name":"Cabanas","band":0,"modes":"bus","arr":["0039"],"off":[0,-0.8]}},{"type":"Feature","geometry":{"type":"Point","coordinates":[36.890379,-1.330001]},"properties":{"line":"0039","mode":"bus","color":"#0059a9","colorDark":"#00294f","band":0,"off":[0,1.1]}},{"type":"Feature","geometry":{"type":"Point","coordinates":[36.840605,-1.287199]},"properties":{"name":"Gikomba","band":0,"modes":"bus","arr":["41"],"off":[0,-0.8]}},{"type":"Feature","geometry":{"type":"Point","coordinates":[36.840605,-1.287199]},"properties":{"line":"41","mode":"bus","color":"#0059a9","colorDark":"#00294f","band":0,"off":[0,1.1]}},{"type":"Feature","geometry":{"type":"Point","coordinates":[36.867846,-1.24516]},"properties":{"name":"Allsops","band":0,"modes":"bus","arr":["42","2030"],"off":[0,-0.8]}},{"type":"Feature","geometry":{"type":"Point","coordinates":[36.867846,-1.24516]},"properties":{"line":"42","mode":"bus","color":"#0059a9","colorDark":"#00294f","band":0,"off":[-1.94,1.1]}},{"type":"Feature","geometry":{"type":"Point","coordinates":[36.867846,-1.24516]},"properties":{"line":"2030","mode":"bus","color":"#0059a9","colorDark":"#00294f","band":0,"off":[1.94,1.1]}},{"type":"Feature","geometry":{"type":"Point","coordinates":[36.884501,-1.233753]},"properties":{"name":"Ngumba Terminal","band":0,"modes":"bus","arr":["43"],"off":[0,-0.8]}},{"type":"Feature","geometry":{"type":"Point","coordinates":[36.884501,-1.233753]},"properties":{"line":"43","mode":"bus","color":"#0059a9","colorDark":"#00294f","band":0,"off":[0,1.1]}},{"type":"Feature","geometry":{"type":"Point","coordinates":[36.937834,-1.181993]},"properties":{"name":"KU","band":0,"modes":"bus","arr":["44G","44K","44Z","45K"],"off":[0,-0.8]}},{"type":"Feature","geometry":{"type":"Point","coordinates":[36.937834,-1.181993]},"properties":{"line":"44G","mode":"bus","color":"#0059a9","colorDark":"#00294f","band":0,"off":[-5.1,1.1]}},{"type":"Feature","geometry":{"type":"Point","coordinates":[36.937834,-1.181993]},"properties":{"line":"44K","mode":"bus","color":"#0059a9","colorDark":"#00294f","band":0,"off":[-1.7,1.1]}},{"type":"Feature","geometry":{"type":"Point","coordinates":[36.937834,-1.181993]},"properties":{"line":"44Z","mode":"bus","color":"#0059a9","colorDark":"#00294f","band":0,"off":[1.7,1.1]}},{"type":"Feature","geometry":{"type":"Point","coordinates":[36.937834,-1.181993]},"properties":{"line":"45K","mode":"bus","color":"#0059a9","colorDark":"#00294f","band":0,"off":[5.1,1.1]}},{"type":"Feature","geometry":{"type":"Point","coordinates":[36.894243,-1.217085]},"properties":{"name":"Roysambu Terminus","band":0,"modes":"bus","arr":["44K"],"off":[0,-0.8]}},{"type":"Feature","geometry":{"type":"Point","coordinates":[36.894243,-1.217085]},"properties":{"name":"Roysambu Footbridge","band":0,"modes":"bus","arr":["44K"],"off":[0,-1.9]}},{"type":"Feature","geometry":{"type":"Point","coordinates":[36.894243,-1.217085]},"properties":{"line":"44K","mode":"bus","color":"#0059a9","colorDark":"#00294f","band":0,"off":[0,1.1]}},{"type":"Feature","geometry":{"type":"Point","coordinates":[36.917728,-1.204875]},"properties":{"name":"Githurai","band":0,"modes":"bus","arr":["45G","45P"],"off":[0,-0.8]}},{"type":"Feature","geometry":{"type":"Point","coordinates":[36.917728,-1.204875]},"properties":{"line":"45G","mode":"bus","color":"#0059a9","colorDark":"#00294f","band":0,"off":[-1.7,1.1]}},{"type":"Feature","geometry":{"type":"Point","coordinates":[36.917728,-1.204875]},"properties":{"line":"45P","mode":"bus","color":"#0059a9","colorDark":"#00294f","band":0,"off":[1.7,1.1]}},{"type":"Feature","geometry":{"type":"Point","coordinates":[36.928236,-1.209057]},"properties":{"name":"Proggie","band":0,"modes":"bus","arr":["45P"],"off":[0,-0.8]}},{"type":"Feature","geometry":{"type":"Point","coordinates":[36.928236,-1.209057]},"properties":{"line":"45P","mode":"bus","color":"#0059a9","colorDark":"#00294f","band":0,"off":[0,1.1]}},{"type":"Feature","geometry":{"type":"Point","coordinates":[36.873489,-1.262041]},"properties":{"name":"Johnsaga","band":0,"modes":"bus","arr":["46H"],"off":[0,-0.8]}},{"type":"Feature","geometry":{"type":"Point","coordinates":[36.873489,-1.262041]},"properties":{"line":"46H","mode":"bus","color":"#0059a9","colorDark":"#00294f","band":0,"off":[0,1.1]}},{"type":"Feature","geometry":{"type":"Point","coordinates":[36.742095,-1.284563]},"properties":{"name":"Kawangware Mwisho","band":0,"modes":"bus","arr":["46K","046P"],"off":[0,-0.8]}},{"type":"Feature","geometry":{"type":"Point","coordinates":[36.742095,-1.284563]},"properties":{"name":"Bus Track Yard","band":0,"modes":"bus","arr":["46K","046P"],"off":[0,-1.9]}},{"type":"Feature","geometry":{"type":"Point","coordinates":[36.742095,-1.284563]},"properties":{"line":"46K","mode":"bus","color":"#0059a9","colorDark":"#00294f","band":0,"off":[-1.94,1.1]}},{"type":"Feature","geometry":{"type":"Point","coordinates":[36.742095,-1.284563]},"properties":{"line":"046P","mode":"bus","color":"#0059a9","colorDark":"#00294f","band":0,"off":[1.94,1.1]}},{"type":"Feature","geometry":{"type":"Point","coordinates":[36.753132,-1.289306]},"properties":{"name":"Congo","band":0,"modes":"bus","arr":["48K"],"off":[0,-0.8]}},{"type":"Feature","geometry":{"type":"Point","coordinates":[36.753132,-1.289306]},"properties":{"line":"48K","mode":"bus","color":"#0059a9","colorDark":"#00294f","band":0,"off":[0,1.1]}},{"type":"Feature","geometry":{"type":"Point","coordinates":[36.787625,-1.292307]},"properties":{"name":"Yaya","band":0,"modes":"bus","arr":["46Y","0048","48C"],"off":[0,-0.8]}},{"type":"Feature","geometry":{"type":"Point","coordinates":[36.787625,-1.292307]},"properties":{"line":"46Y","mode":"bus","color":"#0059a9","colorDark":"#00294f","band":0,"off":[-3.88,1.1]}},{"type":"Feature","geometry":{"type":"Point","coordinates":[36.787625,-1.292307]},"properties":{"line":"0048","mode":"bus","color":"#0059a9","colorDark":"#00294f","band":0,"off":[0,1.1]}},{"type":"Feature","geometry":{"type":"Point","coordinates":[36.787625,-1.292307]},"properties":{"line":"48C","mode":"bus","color":"#0059a9","colorDark":"#00294f","band":0,"off":[3.88,1.1]}},{"type":"Feature","geometry":{"type":"Point","coordinates":[36.769086,-1.280146]},"properties":{"name":"Lavington Shopping Centre/ Shell","band":0,"modes":"bus","arr":["48A"],"off":[0,-0.8]}},{"type":"Feature","geometry":{"type":"Point","coordinates":[36.769086,-1.280146]},"properties":{"line":"48A","mode":"bus","color":"#0059a9","colorDark":"#00294f","band":0,"off":[0,1.1]}},{"type":"Feature","geometry":{"type":"Point","coordinates":[36.773019,-1.288554]},"properties":{"name":"Othaya Road Stage","band":0,"modes":"bus","arr":["48B","48O"],"off":[0,-0.8]}},{"type":"Feature","geometry":{"type":"Point","coordinates":[36.773019,-1.288554]},"properties":{"name":"Othaya Road","band":0,"modes":"bus","arr":["48B","48O"],"off":[0,-1.9]}},{"type":"Feature","geometry":{"type":"Point","coordinates":[36.773019,-1.288554]},"properties":{"line":"48B","mode":"bus","color":"#0059a9","colorDark":"#00294f","band":0,"off":[-1.7,1.1]}},{"type":"Feature","geometry":{"type":"Point","coordinates":[36.773019,-1.288554]},"properties":{"line":"48O","mode":"bus","color":"#0059a9","colorDark":"#00294f","band":0,"off":[1.7,1.1]}},{"type":"Feature","geometry":{"type":"Point","coordinates":[36.920806,-1.22951]},"properties":{"name":"Sunton","band":0,"modes":"bus","arr":["49"],"off":[0,-0.8]}},{"type":"Feature","geometry":{"type":"Point","coordinates":[36.920806,-1.22951]},"properties":{"line":"49","mode":"bus","color":"#0059a9","colorDark":"#00294f","band":0,"off":[0,1.1]}},{"type":"Feature","geometry":{"type":"Point","coordinates":[36.874347,-1.211146]},"properties":{"name":"Marurui","band":0,"modes":"bus","arr":["53"],"off":[0,-0.8]}},{"type":"Feature","geometry":{"type":"Point","coordinates":[36.874347,-1.211146]},"properties":{"line":"53","mode":"bus","color":"#0059a9","colorDark":"#00294f","band":0,"off":[0,1.1]}},{"type":"Feature","geometry":{"type":"Point","coordinates":[36.872844,-1.23348]},"properties":{"name":"Roasters","band":0,"modes":"bus","arr":["53"],"off":[0,-0.8]}},{"type":"Feature","geometry":{"type":"Point","coordinates":[36.872844,-1.23348]},"properties":{"line":"53","mode":"bus","color":"#0059a9","colorDark":"#00294f","band":0,"off":[0,1.1]}},{"type":"Feature","geometry":{"type":"Point","coordinates":[36.750878,-1.27856]},"properties":{"name":"Kanungaga","band":0,"modes":"bus","arr":["56"],"off":[0,-0.8]}},{"type":"Feature","geometry":{"type":"Point","coordinates":[36.750878,-1.27856]},"properties":{"line":"56","mode":"bus","color":"#0059a9","colorDark":"#00294f","band":0,"off":[0,1.1]}},{"type":"Feature","geometry":{"type":"Point","coordinates":[36.870264,-1.328396]},"properties":{"name":"GM Town","band":0,"modes":"bus","arr":["69"],"off":[0,-0.8]}},{"type":"Feature","geometry":{"type":"Point","coordinates":[36.870264,-1.328396]},"properties":{"line":"69","mode":"bus","color":"#0059a9","colorDark":"#00294f","band":0,"off":[0,1.1]}},{"type":"Feature","geometry":{"type":"Point","coordinates":[36.828499,-1.169696]},"properties":{"name":"Kiambu Hospital","band":0,"modes":"bus","arr":["100","100A"],"off":[0,-0.8]}},{"type":"Feature","geometry":{"type":"Point","coordinates":[36.828499,-1.169696]},"properties":{"name":"Kiambu Bus Terminus","band":0,"modes":"bus","arr":["100","100A"],"off":[0,-1.9]}},{"type":"Feature","geometry":{"type":"Point","coordinates":[36.828499,-1.169696]},"properties":{"line":"100","mode":"bus","color":"#0059a9","colorDark":"#00294f","band":0,"off":[-1.94,1.1]}},{"type":"Feature","geometry":{"type":"Point","coordinates":[36.828499,-1.169696]},"properties":{"line":"100A","mode":"bus","color":"#0059a9","colorDark":"#00294f","band":0,"off":[1.94,1.1]}},{"type":"Feature","geometry":{"type":"Point","coordinates":[36.665001,-1.246604]},"properties":{"name":"Kikuyu Terminus","band":0,"modes":"bus","arr":["102","105","129"],"off":[0,-0.8]}},{"type":"Feature","geometry":{"type":"Point","coordinates":[36.665001,-1.246604]},"properties":{"name":"Kikuyu","band":0,"modes":"bus","arr":["102","105","129"],"off":[0,-1.9]}},{"type":"Feature","geometry":{"type":"Point","coordinates":[36.665001,-1.246604]},"properties":{"line":"102","mode":"bus","color":"#0059a9","colorDark":"#00294f","band":0,"off":[-3.4,1.1]}},{"type":"Feature","geometry":{"type":"Point","coordinates":[36.665001,-1.246604]},"properties":{"line":"105","mode":"bus","color":"#0059a9","colorDark":"#00294f","band":0,"off":[0,1.1]}},{"type":"Feature","geometry":{"type":"Point","coordinates":[36.665001,-1.246604]},"properties":{"line":"129","mode":"bus","color":"#0059a9","colorDark":"#00294f","band":0,"off":[3.4,1.1]}},{"type":"Feature","geometry":{"type":"Point","coordinates":[36.712476,-1.219187]},"properties":{"name":"Wangige Terminus","band":0,"modes":"bus","arr":["103","118","119","129"],"off":[0,-0.8]}},{"type":"Feature","geometry":{"type":"Point","coordinates":[36.712476,-1.219187]},"properties":{"name":"Wangige Stage","band":0,"modes":"bus","arr":["103","118","119","129"],"off":[0,-1.9]}},{"type":"Feature","geometry":{"type":"Point","coordinates":[36.712476,-1.219187]},"properties":{"name":"Wangige Bus Terminus","band":0,"modes":"bus","arr":["103","118","119","129"],"off":[0,-3]}},{"type":"Feature","geometry":{"type":"Point","coordinates":[36.712476,-1.219187]},"properties":{"line":"103","mode":"bus","color":"#0059a9","colorDark":"#00294f","band":0,"off":[-5.1,1.1]}},{"type":"Feature","geometry":{"type":"Point","coordinates":[36.712476,-1.219187]},"properties":{"line":"118","mode":"bus","color":"#0059a9","colorDark":"#00294f","band":0,"off":[-1.7,1.1]}},{"type":"Feature","geometry":{"type":"Point","coordinates":[36.712476,-1.219187]},"properties":{"line":"119","mode":"bus","color":"#0059a9","colorDark":"#00294f","band":0,"off":[1.7,1.1]}},{"type":"Feature","geometry":{"type":"Point","coordinates":[36.712476,-1.219187]},"properties":{"line":"129","mode":"bus","color":"#0059a9","colorDark":"#00294f","band":0,"off":[5.1,1.1]}},{"type":"Feature","geometry":{"type":"Point","coordinates":[36.758889,-1.174195]},"properties":{"name":"Banana Terminus","band":0,"modes":"bus","arr":["106"],"off":[0,-0.8]}},{"type":"Feature","geometry":{"type":"Point","coordinates":[36.758889,-1.174195]},"properties":{"line":"106","mode":"bus","color":"#0059a9","colorDark":"#00294f","band":0,"off":[0,1.1]}},{"type":"Feature","geometry":{"type":"Point","coordinates":[36.732023,-1.194256]},"properties":{"name":"Karura Stage","band":0,"modes":"bus","arr":["107"],"off":[0,-0.8]}},{"type":"Feature","geometry":{"type":"Point","coordinates":[36.732023,-1.194256]},"properties":{"name":"Karura Mwisho","band":0,"modes":"bus","arr":["107"],"off":[0,-1.9]}},{"type":"Feature","geometry":{"type":"Point","coordinates":[36.732023,-1.194256]},"properties":{"line":"107","mode":"bus","color":"#0059a9","colorDark":"#00294f","band":0,"off":[0,1.1]}},{"type":"Feature","geometry":{"type":"Point","coordinates":[36.959494,-1.14763]},"properties":{"name":"Ruiru","band":0,"modes":"bus","arr":["107D","145","145B","145D"],"off":[0,-0.8]}},{"type":"Feature","geometry":{"type":"Point","coordinates":[36.959494,-1.14763]},"properties":{"line":"107D","mode":"bus","color":"#0059a9","colorDark":"#00294f","band":0,"off":[-5.82,1.1]}},{"type":"Feature","geometry":{"type":"Point","coordinates":[36.959494,-1.14763]},"properties":{"line":"145","mode":"bus","color":"#0059a9","colorDark":"#00294f","band":0,"off":[-1.94,1.1]}},{"type":"Feature","geometry":{"type":"Point","coordinates":[36.959494,-1.14763]},"properties":{"line":"145B","mode":"bus","color":"#0059a9","colorDark":"#00294f","band":0,"off":[1.94,1.1]}},{"type":"Feature","geometry":{"type":"Point","coordinates":[36.959494,-1.14763]},"properties":{"line":"145D","mode":"bus","color":"#0059a9","colorDark":"#00294f","band":0,"off":[5.82,1.1]}},{"type":"Feature","geometry":{"type":"Point","coordinates":[36.766701,-1.219599]},"properties":{"name":"Gasolina/Gichagi Mwisho","band":0,"modes":"bus","arr":["108"],"off":[0,-0.8]}},{"type":"Feature","geometry":{"type":"Point","coordinates":[36.766701,-1.219599]},"properties":{"line":"108","mode":"bus","color":"#0059a9","colorDark":"#00294f","band":0,"off":[0,1.1]}},{"type":"Feature","geometry":{"type":"Point","coordinates":[36.957867,-1.477164]},"properties":{"name":"Kitengela","band":0,"modes":"bus","arr":["110","110AK"],"off":[0,-0.8]}},{"type":"Feature","geometry":{"type":"Point","coordinates":[36.957867,-1.477164]},"properties":{"line":"110","mode":"bus","color":"#0059a9","colorDark":"#00294f","band":0,"off":[-2.25,1.1]}},{"type":"Feature","geometry":{"type":"Point","coordinates":[36.957867,-1.477164]},"properties":{"line":"110AK","mode":"bus","color":"#0059a9","colorDark":"#00294f","band":0,"off":[2.25,1.1]}},{"type":"Feature","geometry":{"type":"Point","coordinates":[36.989409,-1.444129]},"properties":{"name":"Devki","band":0,"modes":"bus","arr":["110AK"],"off":[0,-0.8]}},{"type":"Feature","geometry":{"type":"Point","coordinates":[36.989409,-1.444129]},"properties":{"line":"110AK","mode":"bus","color":"#0059a9","colorDark":"#00294f","band":0,"off":[0,1.1]}},{"type":"Feature","geometry":{"type":"Point","coordinates":[36.974515,-1.45725]},"properties":{"name":"Makadara","band":0,"modes":"bus","arr":["110ATH"],"off":[0,-0.8]}},{"type":"Feature","geometry":{"type":"Point","coordinates":[36.974515,-1.45725]},"properties":{"line":"110ATH","mode":"bus","color":"#0059a9","colorDark":"#00294f","band":0,"off":[0,1.1]}},{"type":"Feature","geometry":{"type":"Point","coordinates":[36.655952,-1.36062]},"properties":{"name":"Ngong Bus Terminus","band":0,"modes":"bus","arr":["111","126N"],"off":[0,-0.8]}},{"type":"Feature","geometry":{"type":"Point","coordinates":[36.655952,-1.36062]},"properties":{"name":"Ngong Bus Terminal","band":0,"modes":"bus","arr":["111","126N"],"off":[0,-1.9]}},{"type":"Feature","geometry":{"type":"Point","coordinates":[36.655952,-1.36062]},"properties":{"line":"111","mode":"bus","color":"#0059a9","colorDark":"#00294f","band":0,"off":[-1.94,1.1]}},{"type":"Feature","geometry":{"type":"Point","coordinates":[36.655952,-1.36062]},"properties":{"line":"126N","mode":"bus","color":"#0059a9","colorDark":"#00294f","band":0,"off":[1.94,1.1]}},{"type":"Feature","geometry":{"type":"Point","coordinates":[36.643373,-1.108241]},"properties":{"name":"Limuru Town Terminal","band":0,"modes":"bus","arr":["114R","114W","115","116","135"],"off":[0,-0.8]}},{"type":"Feature","geometry":{"type":"Point","coordinates":[36.643373,-1.108241]},"properties":{"name":"Limuru Terminus","band":0,"modes":"bus","arr":["114R","114W","115","116","135"],"off":[0,-3]}},{"type":"Feature","geometry":{"type":"Point","coordinates":[36.643373,-1.108241]},"properties":{"line":"114R","mode":"bus","color":"#0059a9","colorDark":"#00294f","band":0,"off":[-5.82,1.1]}},{"type":"Feature","geometry":{"type":"Point","coordinates":[36.643373,-1.108241]},"properties":{"line":"114W","mode":"bus","color":"#0059a9","colorDark":"#00294f","band":0,"off":[-1.94,1.1]}},{"type":"Feature","geometry":{"type":"Point","coordinates":[36.643373,-1.108241]},"properties":{"line":"115","mode":"bus","color":"#0059a9","colorDark":"#00294f","band":0,"off":[1.94,1.1]}},{"type":"Feature","geometry":{"type":"Point","coordinates":[36.643373,-1.108241]},"properties":{"line":"116","mode":"bus","color":"#0059a9","colorDark":"#00294f","band":0,"off":[5.82,1.1]}},{"type":"Feature","geometry":{"type":"Point","coordinates":[36.643373,-1.108241]},"properties":{"line":"135","mode":"bus","color":"#0059a9","colorDark":"#00294f","band":0,"off":[0,3.1]}},{"type":"Feature","geometry":{"type":"Point","coordinates":[36.738748,-1.219083]},"properties":{"name":"Gathiga Mwisho","band":0,"modes":"bus","arr":["119A"],"off":[0,-0.8]}},{"type":"Feature","geometry":{"type":"Point","coordinates":[36.738748,-1.219083]},"properties":{"name":"Gathiga","band":0,"modes":"bus","arr":["119A"],"off":[0,-1.9]}},{"type":"Feature","geometry":{"type":"Point","coordinates":[36.738748,-1.219083]},"properties":{"line":"119A","mode":"bus","color":"#0059a9","colorDark":"#00294f","band":0,"off":[0,1.1]}},{"type":"Feature","geometry":{"type":"Point","coordinates":[36.778928,-1.056698]},"properties":{"name":"Githunguri Terminal","band":0,"modes":"bus","arr":["120"],"off":[0,-0.8]}},{"type":"Feature","geometry":{"type":"Point","coordinates":[36.778928,-1.056698]},"properties":{"line":"120","mode":"bus","color":"#0059a9","colorDark":"#00294f","band":0,"off":[0,1.1]}},{"type":"Feature","geometry":{"type":"Point","coordinates":[36.805551,-1.151597]},"properties":{"name":"Ndumberi","band":0,"modes":"bus","arr":["121"],"off":[0,-0.8]}},{"type":"Feature","geometry":{"type":"Point","coordinates":[36.805551,-1.151597]},"properties":{"line":"121","mode":"bus","color":"#0059a9","colorDark":"#00294f","band":0,"off":[0,1.1]}},{"type":"Feature","geometry":{"type":"Point","coordinates":[36.74959,-1.396584]},"properties":{"name":"Kware","band":0,"modes":"bus","arr":["125"],"off":[0,-0.8]}},{"type":"Feature","geometry":{"type":"Point","coordinates":[36.74959,-1.396584]},"properties":{"line":"125","mode":"bus","color":"#0059a9","colorDark":"#00294f","band":0,"off":[0,1.1]}},{"type":"Feature","geometry":{"type":"Point","coordinates":[36.686248,-1.429617]},"properties":{"name":"Kiserian Terminus","band":0,"modes":"bus","arr":["126","126N","126RK"],"off":[0,-0.8]}},{"type":"Feature","geometry":{"type":"Point","coordinates":[36.686248,-1.429617]},"properties":{"name":"Kiserian","band":0,"modes":"bus","arr":["126","126N","126RK"],"off":[0,-1.9]}},{"type":"Feature","geometry":{"type":"Point","coordinates":[36.686248,-1.429617]},"properties":{"name":"Kiserain Nairobi Bus Stop","band":0,"modes":"bus","arr":["126","126N","126RK"],"off":[0,-3]}},{"type":"Feature","geometry":{"type":"Point","coordinates":[36.686248,-1.429617]},"properties":{"line":"126","mode":"bus","color":"#0059a9","colorDark":"#00294f","band":0,"off":[-4.5,1.1]}},{"type":"Feature","geometry":{"type":"Point","coordinates":[36.686248,-1.429617]},"properties":{"line":"126N","mode":"bus","color":"#0059a9","colorDark":"#00294f","band":0,"off":[0,1.1]}},{"type":"Feature","geometry":{"type":"Point","coordinates":[36.686248,-1.429617]},"properties":{"line":"126RK","mode":"bus","color":"#0059a9","colorDark":"#00294f","band":0,"off":[4.5,1.1]}},{"type":"Feature","geometry":{"type":"Point","coordinates":[36.759814,-1.397054]},"properties":{"name":"Soronik Road","band":0,"modes":"bus","arr":["126RK"],"off":[0,-0.8]}},{"type":"Feature","geometry":{"type":"Point","coordinates":[36.759814,-1.397054]},"properties":{"line":"126RK","mode":"bus","color":"#0059a9","colorDark":"#00294f","band":0,"off":[0,1.1]}},{"type":"Feature","geometry":{"type":"Point","coordinates":[36.754172,-1.397064]},"properties":{"name":"Tuskys","band":0,"modes":"bus","arr":["126RK"],"off":[0,-0.8]}},{"type":"Feature","geometry":{"type":"Point","coordinates":[36.754172,-1.397064]},"properties":{"line":"126RK","mode":"bus","color":"#0059a9","colorDark":"#00294f","band":0,"off":[0,1.1]}},{"type":"Feature","geometry":{"type":"Point","coordinates":[37.076425,-1.035447]},"properties":{"name":"Thika Town","band":0,"modes":"bus","arr":["237"],"off":[0,-0.8]}},{"type":"Feature","geometry":{"type":"Point","coordinates":[37.076425,-1.035447]},"properties":{"line":"237","mode":"bus","color":"#0059a9","colorDark":"#00294f","band":0,"off":[0,1.1]}},{"type":"Feature","geometry":{"type":"Point","coordinates":[36.829444,-1.282117]},"properties":{"name":"Town Terminal","band":0,"modes":"bus","arr":["237","1960","1961K"],"off":[0,-0.8]}},{"type":"Feature","geometry":{"type":"Point","coordinates":[36.829444,-1.282117]},"properties":{"name":"Ladhies Road/OTC","band":0,"modes":"bus","arr":["237","1960","1961K"],"off":[0,-1.9]}},{"type":"Feature","geometry":{"type":"Point","coordinates":[36.829444,-1.282117]},"properties":{"line":"237","mode":"bus","color":"#0059a9","colorDark":"#00294f","band":0,"off":[-4.5,1.1]}},{"type":"Feature","geometry":{"type":"Point","coordinates":[36.829444,-1.282117]},"properties":{"line":"1960","mode":"bus","color":"#0059a9","colorDark":"#00294f","band":0,"off":[0,1.1]}},{"type":"Feature","geometry":{"type":"Point","coordinates":[36.829444,-1.282117]},"properties":{"line":"1961K","mode":"bus","color":"#0059a9","colorDark":"#00294f","band":0,"off":[4.5,1.1]}},{"type":"Feature","geometry":{"type":"Point","coordinates":[36.827787,-1.313264]},"properties":{"name":"Baricho Road Terminus","band":0,"modes":"bus","arr":["405"],"off":[0,-0.8]}},{"type":"Feature","geometry":{"type":"Point","coordinates":[36.827787,-1.313264]},"properties":{"line":"405","mode":"bus","color":"#0059a9","colorDark":"#00294f","band":0,"off":[0,1.1]}},{"type":"Feature","geometry":{"type":"Point","coordinates":[36.919441,-1.262067]},"properties":{"name":"Kayole One","band":0,"modes":"bus","arr":["1961K"],"off":[0,-0.8]}},{"type":"Feature","geometry":{"type":"Point","coordinates":[36.919441,-1.262067]},"properties":{"line":"1961K","mode":"bus","color":"#0059a9","colorDark":"#00294f","band":0,"off":[0,1.1]}},{"type":"Feature","geometry":{"type":"Point","coordinates":[36.919996,-1.273496]},"properties":{"name":"Diesel","band":0,"modes":"bus","arr":["1961Kd"],"off":[0,-0.8]}},{"type":"Feature","geometry":{"type":"Point","coordinates":[36.919996,-1.273496]},"properties":{"line":"1961Kd","mode":"bus","color":"#0059a9","colorDark":"#00294f","band":0,"off":[0,1.1]}},{"type":"Feature","geometry":{"type":"Point","coordinates":[36.898154,-1.279273]},"properties":{"name":"Umoja 2 Terminus","band":0,"modes":"bus","arr":["3560"],"off":[0,-0.8]}},{"type":"Feature","geometry":{"type":"Point","coordinates":[36.898154,-1.279273]},"properties":{"line":"3560","mode":"bus","color":"#0059a9","colorDark":"#00294f","band":0,"off":[0,1.1]}},{"type":"Feature","geometry":{"type":"Point","coordinates":[36.686323,-1.28772]},"properties":{"name":"Dagoretti Market","band":1,"modes":"bus","arr":["1","2"],"off":[0,-0.8]}},{"type":"Feature","geometry":{"type":"Point","coordinates":[36.686323,-1.28772]},"properties":{"line":"1","mode":"bus","color":"#0059a9","colorDark":"#00294f","band":1,"off":[-1.7,1.1]}},{"type":"Feature","geometry":{"type":"Point","coordinates":[36.686323,-1.28772]},"properties":{"line":"2","mode":"bus","color":"#0059a9","colorDark":"#00294f","band":1,"off":[1.7,1.1]}},{"type":"Feature","geometry":{"type":"Point","coordinates":[36.707333,-1.320438]},"properties":{"name":"Karen/The Hub","band":1,"modes":"bus","arr":["1","24"],"off":[0,-0.8]}},{"type":"Feature","geometry":{"type":"Point","coordinates":[36.707333,-1.320438]},"properties":{"name":"Karen/Shell","band":1,"modes":"bus","arr":["1","24"],"off":[0,-1.9]}},{"type":"Feature","geometry":{"type":"Point","coordinates":[36.707333,-1.320438]},"properties":{"name":"Karen/Nakumatt Crossroads","band":1,"modes":"bus","arr":["1","24"],"off":[0,-3]}},{"type":"Feature","geometry":{"type":"Point","coordinates":[36.707333,-1.320438]},"properties":{"line":"1","mode":"bus","color":"#0059a9","colorDark":"#00294f","band":1,"off":[-1.7,1.1]}},{"type":"Feature","geometry":{"type":"Point","coordinates":[36.707333,-1.320438]},"properties":{"line":"24","mode":"bus","color":"#0059a9","colorDark":"#00294f","band":1,"off":[1.7,1.1]}},{"type":"Feature","geometry":{"type":"Point","coordinates":[36.759607,-1.298414]},"properties":{"name":"Kenol Dagoretti Corner","band":1,"modes":"bus","arr":["3U/3","103"],"off":[0,-0.8]}},{"type":"Feature","geometry":{"type":"Point","coordinates":[36.759607,-1.298414]},"properties":{"name":"Dagoretti Corner Stage","band":1,"modes":"bus","arr":["3U/3","103"],"off":[0,-3]}},{"type":"Feature","geometry":{"type":"Point","coordinates":[36.759607,-1.298414]},"properties":{"line":"3U/3","mode":"bus","color":"#0059a9","colorDark":"#00294f","band":1,"off":[-1.94,1.1]}},{"type":"Feature","geometry":{"type":"Point","coordinates":[36.759607,-1.298414]},"properties":{"line":"103","mode":"bus","color":"#0059a9","colorDark":"#00294f","band":1,"off":[1.94,1.1]}},{"type":"Feature","geometry":{"type":"Point","coordinates":[36.804166,-1.29764]},"properties":{"name":"Kenyatta National Hospital","band":1,"modes":"bus","arr":["34L"],"off":[0,-0.8]}},{"type":"Feature","geometry":{"type":"Point","coordinates":[36.804166,-1.29764]},"properties":{"line":"34L","mode":"bus","color":"#0059a9","colorDark":"#00294f","band":1,"off":[0,1.1]}},{"type":"Feature","geometry":{"type":"Point","coordinates":[36.830439,-1.300282]},"properties":{"name":"Railways","band":1,"modes":"bus","arr":["2","8","10","15","33DP","38/39","43","56","69","70/71","102","111","125","126"],"off":[0,-0.8],"sc":0.95}},{"type":"Feature","geometry":{"type":"Point","coordinates":[36.830439,-1.300282]},"properties":{"name":"Muthurwa","band":1,"modes":"bus","arr":["2","8","10","15","33DP","38/39","43","56","69","70/71","102","111","125","126"],"off":[0,-1.9],"sc":0.95}},{"type":"Feature","geometry":{"type":"Point","coordinates":[36.830439,-1.300282]},"properties":{"name":"Bus Terminal","band":1,"modes":"bus","arr":["2","8","10","15","33DP","38/39","43","56","69","70/71","102","111","125","126"],"off":[0,-3],"sc":0.95}},{"type":"Feature","geometry":{"type":"Point","coordinates":[36.830439,-1.300282]},"properties":{"line":"2","mode":"bus","color":"#0059a9","colorDark":"#00294f","band":1,"sc":0.95,"off":[-6.75,1.1]}},{"type":"Feature","geometry":{"type":"Point","coordinates":[36.830439,-1.300282]},"properties":{"line":"8","mode":"bus","color":"#0059a9","colorDark":"#00294f","band":1,"sc":0.95,"off":[-2.25,1.1]}},{"type":"Feature","geometry":{"type":"Point","coordinates":[36.830439,-1.300282]},"properties":{"line":"10","mode":"bus","color":"#0059a9","colorDark":"#00294f","band":1,"sc":0.95,"off":[2.25,1.1]}},{"type":"Feature","geometry":{"type":"Point","coordinates":[36.830439,-1.300282]},"properties":{"line":"15","mode":"bus","color":"#0059a9","colorDark":"#00294f","band":1,"sc":0.95,"off":[6.75,1.1]}},{"type":"Feature","geometry":{"type":"Point","coordinates":[36.830439,-1.300282]},"properties":{"line":"33DP","mode":"bus","color":"#0059a9","colorDark":"#00294f","band":1,"sc":0.95,"off":[-6.75,3.1]}},{"type":"Feature","geometry":{"type":"Point","coordinates":[36.830439,-1.300282]},"properties":{"line":"38/39","mode":"bus","color":"#0059a9","colorDark":"#00294f","band":1,"sc":0.95,"off":[-2.25,3.1]}},{"type":"Feature","geometry":{"type":"Point","coordinates":[36.830439,-1.300282]},"properties":{"line":"43","mode":"bus","color":"#0059a9","colorDark":"#00294f","band":1,"sc":0.95,"off":[2.25,3.1]}},{"type":"Feature","geometry":{"type":"Point","coordinates":[36.830439,-1.300282]},"properties":{"line":"56","mode":"bus","color":"#0059a9","colorDark":"#00294f","band":1,"sc":0.95,"off":[6.75,3.1]}},{"type":"Feature","geometry":{"type":"Point","coordinates":[36.830439,-1.300282]},"properties":{"line":"69","mode":"bus","color":"#0059a9","colorDark":"#00294f","band":1,"sc":0.95,"off":[-6.75,5.1]}},{"type":"Feature","geometry":{"type":"Point","coordinates":[36.830439,-1.300282]},"properties":{"line":"70/71","mode":"bus","color":"#0059a9","colorDark":"#00294f","band":1,"sc":0.95,"off":[-2.25,5.1]}},{"type":"Feature","geometry":{"type":"Point","coordinates":[36.830439,-1.300282]},"properties":{"line":"102","mode":"bus","color":"#0059a9","colorDark":"#00294f","band":1,"sc":0.95,"off":[2.25,5.1]}},{"type":"Feature","geometry":{"type":"Point","coordinates":[36.830439,-1.300282]},"properties":{"line":"111","mode":"bus","color":"#0059a9","colorDark":"#00294f","band":1,"sc":0.95,"off":[6.75,5.1]}},{"type":"Feature","geometry":{"type":"Point","coordinates":[36.830439,-1.300282]},"properties":{"line":"125","mode":"bus","color":"#0059a9","colorDark":"#00294f","band":1,"sc":0.95,"off":[-2.25,7.1]}},{"type":"Feature","geometry":{"type":"Point","coordinates":[36.830439,-1.300282]},"properties":{"line":"126","mode":"bus","color":"#0059a9","colorDark":"#00294f","band":1,"sc":0.95,"off":[2.25,7.1]}},{"type":"Feature","geometry":{"type":"Point","coordinates":[36.840541,-1.284114]},"properties":{"name":"Gikomba Market","band":1,"modes":"bus","arr":["3N","7","28","41"],"off":[0,-0.8]}},{"type":"Feature","geometry":{"type":"Point","coordinates":[36.840541,-1.284114]},"properties":{"name":"Gikomba","band":1,"modes":"bus","arr":["3N","7","28","41"],"off":[0,-1.9]}},{"type":"Feature","geometry":{"type":"Point","coordinates":[36.840541,-1.284114]},"properties":{"line":"3N","mode":"bus","color":"#0059a9","colorDark":"#00294f","band":1,"off":[-5.1,1.1]}},{"type":"Feature","geometry":{"type":"Point","coordinates":[36.840541,-1.284114]},"properties":{"line":"7","mode":"bus","color":"#0059a9","colorDark":"#00294f","band":1,"off":[-1.7,1.1]}},{"type":"Feature","geometry":{"type":"Point","coordinates":[36.840541,-1.284114]},"properties":{"line":"28","mode":"bus","color":"#0059a9","colorDark":"#00294f","band":1,"off":[1.7,1.1]}},{"type":"Feature","geometry":{"type":"Point","coordinates":[36.840541,-1.284114]},"properties":{"line":"41","mode":"bus","color":"#0059a9","colorDark":"#00294f","band":1,"off":[5.1,1.1]}},{"type":"Feature","geometry":{"type":"Point","coordinates":[36.831611,-1.277205]},"properties":{"name":"Equity Ngara","band":1,"modes":"bus","arr":["100A"],"off":[0,-0.8]}},{"type":"Feature","geometry":{"type":"Point","coordinates":[36.831611,-1.277205]},"properties":{"line":"100A","mode":"bus","color":"#0059a9","colorDark":"#00294f","band":1,"off":[0,1.1]}},{"type":"Feature","geometry":{"type":"Point","coordinates":[36.824231,-1.269866]},"properties":{"name":"Ngara","band":1,"modes":"bus","arr":["3N","29/30","114R","114W"],"off":[0,-0.8]}},{"type":"Feature","geometry":{"type":"Point","coordinates":[36.824231,-1.269866]},"properties":{"line":"3N","mode":"bus","color":"#0059a9","colorDark":"#00294f","band":1,"off":[-6.75,1.1]}},{"type":"Feature","geometry":{"type":"Point","coordinates":[36.824231,-1.269866]},"properties":{"line":"29/30","mode":"bus","color":"#0059a9","colorDark":"#00294f","band":1,"off":[-2.25,1.1]}},{"type":"Feature","geometry":{"type":"Point","coordinates":[36.824231,-1.269866]},"properties":{"line":"114R","mode":"bus","color":"#0059a9","colorDark":"#00294f","band":1,"off":[2.25,1.1]}},{"type":"Feature","geometry":{"type":"Point","coordinates":[36.824231,-1.269866]},"properties":{"line":"114W","mode":"bus","color":"#0059a9","colorDark":"#00294f","band":1,"off":[6.75,1.1]}},{"type":"Feature","geometry":{"type":"Point","coordinates":[36.716841,-1.261347]},"properties":{"name":"Uthiru Pentecostal","band":1,"modes":"bus","arr":["3U/3"],"off":[0,-0.8]}},{"type":"Feature","geometry":{"type":"Point","coordinates":[36.716841,-1.261347]},"properties":{"line":"3U/3","mode":"bus","color":"#0059a9","colorDark":"#00294f","band":1,"off":[0,1.1]}},{"type":"Feature","geometry":{"type":"Point","coordinates":[36.728982,-1.290502]},"properties":{"name":"Kaberia","band":1,"modes":"bus","arr":["4W"],"off":[0,-0.8]}},{"type":"Feature","geometry":{"type":"Point","coordinates":[36.728982,-1.290502]},"properties":{"line":"4W","mode":"bus","color":"#0059a9","colorDark":"#00294f","band":1,"off":[0,1.1]}},{"type":"Feature","geometry":{"type":"Point","coordinates":[36.828378,-1.293403]},"properties":{"name":"OTC","band":1,"modes":"bus","arr":["4W","5","7C","14","23KS","0027","32A","32D","33UTW","34B","34J","46K","046P","46Y","58","100","120","121"],"off":[0,-0.8],"sc":0.89}},{"type":"Feature","geometry":{"type":"Point","coordinates":[36.828378,-1.293403]},"properties":{"name":"Kencom/Ambassadeur","band":1,"modes":"bus","arr":["4W","5","7C","14","23KS","0027","32A","32D","33UTW","34B","34J","46K","046P","46Y","58","100","120","121"],"off":[0,-1.9],"sc":0.89}},{"type":"Feature","geometry":{"type":"Point","coordinates":[36.828378,-1.293403]},"properties":{"name":"Gill House","band":1,"modes":"bus","arr":["4W","5","7C","14","23KS","0027","32A","32D","33UTW","34B","34J","46K","046P","46Y","58","100","120","121"],"off":[0,-3],"sc":0.89}},{"type":"Feature","geometry":{"type":"Point","coordinates":[36.828378,-1.293403]},"properties":{"line":"4W","mode":"bus","color":"#0059a9","colorDark":"#00294f","band":1,"sc":0.89,"off":[-6.75,1.1]}},{"type":"Feature","geometry":{"type":"Point","coordinates":[36.828378,-1.293403]},"properties":{"line":"5","mode":"bus","color":"#0059a9","colorDark":"#00294f","band":1,"sc":0.89,"off":[-2.25,1.1]}},{"type":"Feature","geometry":{"type":"Point","coordinates":[36.828378,-1.293403]},"properties":{"line":"7C","mode":"bus","color":"#0059a9","colorDark":"#00294f","band":1,"sc":0.89,"off":[2.25,1.1]}},{"type":"Feature","geometry":{"type":"Point","coordinates":[36.828378,-1.293403]},"properties":{"line":"14","mode":"bus","color":"#0059a9","colorDark":"#00294f","band":1,"sc":0.89,"off":[6.75,1.1]}},{"type":"Feature","geometry":{"type":"Point","coordinates":[36.828378,-1.293403]},"properties":{"line":"23KS","mode":"bus","color":"#0059a9","colorDark":"#00294f","band":1,"sc":0.89,"off":[-6.75,3.1]}},{"type":"Feature","geometry":{"type":"Point","coordinates":[36.828378,-1.293403]},"properties":{"line":"0027","mode":"bus","color":"#0059a9","colorDark":"#00294f","band":1,"sc":0.89,"off":[-2.25,3.1]}},{"type":"Feature","geometry":{"type":"Point","coordinates":[36.828378,-1.293403]},"properties":{"line":"32A","mode":"bus","color":"#0059a9","colorDark":"#00294f","band":1,"sc":0.89,"off":[2.25,3.1]}},{"type":"Feature","geometry":{"type":"Point","coordinates":[36.828378,-1.293403]},"properties":{"line":"32D","mode":"bus","color":"#0059a9","colorDark":"#00294f","band":1,"sc":0.89,"off":[6.75,3.1]}},{"type":"Feature","geometry":{"type":"Point","coordinates":[36.828378,-1.293403]},"properties":{"line":"33UTW","mode":"bus","color":"#0059a9","colorDark":"#00294f","band":1,"sc":0.89,"off":[-6.75,5.1]}},{"type":"Feature","geometry":{"type":"Point","coordinates":[36.828378,-1.293403]},"properties":{"line":"34B","mode":"bus","color":"#0059a9","colorDark":"#00294f","band":1,"sc":0.89,"off":[-2.25,5.1]}},{"type":"Feature","geometry":{"type":"Point","coordinates":[36.828378,-1.293403]},"properties":{"line":"34J","mode":"bus","color":"#0059a9","colorDark":"#00294f","band":1,"sc":0.89,"off":[2.25,5.1]}},{"type":"Feature","geometry":{"type":"Point","coordinates":[36.828378,-1.293403]},"properties":{"line":"46K","mode":"bus","color":"#0059a9","colorDark":"#00294f","band":1,"sc":0.89,"off":[6.75,5.1]}},{"type":"Feature","geometry":{"type":"Point","coordinates":[36.828378,-1.293403]},"properties":{"line":"046P","mode":"bus","color":"#0059a9","colorDark":"#00294f","band":1,"sc":0.89,"off":[-6.75,7.1]}},{"type":"Feature","geometry":{"type":"Point","coordinates":[36.828378,-1.293403]},"properties":{"line":"46Y","mode":"bus","color":"#0059a9","colorDark":"#00294f","band":1,"sc":0.89,"off":[-2.25,7.1]}},{"type":"Feature","geometry":{"type":"Point","coordinates":[36.828378,-1.293403]},"properties":{"line":"58","mode":"bus","color":"#0059a9","colorDark":"#00294f","band":1,"sc":0.89,"off":[2.25,7.1]}},{"type":"Feature","geometry":{"type":"Point","coordinates":[36.828378,-1.293403]},"properties":{"line":"100","mode":"bus","color":"#0059a9","colorDark":"#00294f","band":1,"sc":0.89,"off":[6.75,7.1]}},{"type":"Feature","geometry":{"type":"Point","coordinates":[36.828378,-1.293403]},"properties":{"line":"120","mode":"bus","color":"#0059a9","colorDark":"#00294f","band":1,"sc":0.89,"off":[-2.25,9.1]}},{"type":"Feature","geometry":{"type":"Point","coordinates":[36.828378,-1.293403]},"properties":{"line":"121","mode":"bus","color":"#0059a9","colorDark":"#00294f","band":1,"sc":0.89,"off":[2.25,9.1]}},{"type":"Feature","geometry":{"type":"Point","coordinates":[36.769135,-1.303947]},"properties":{"name":"Jamhuri Station Road Stage","band":1,"modes":"bus","arr":["5"],"off":[0,-0.8]}},{"type":"Feature","geometry":{"type":"Point","coordinates":[36.769135,-1.303947]},"properties":{"line":"5","mode":"bus","color":"#0059a9","colorDark":"#00294f","band":1,"off":[0,1.1]}},{"type":"Feature","geometry":{"type":"Point","coordinates":[36.848878,-1.272236]},"properties":{"name":"Eastleigh Terminal","band":1,"modes":"bus","arr":["6","17Aky","18C"],"off":[0,-0.8]}},{"type":"Feature","geometry":{"type":"Point","coordinates":[36.848878,-1.272236]},"properties":{"line":"6","mode":"bus","color":"#0059a9","colorDark":"#00294f","band":1,"off":[-4.5,1.1]}},{"type":"Feature","geometry":{"type":"Point","coordinates":[36.848878,-1.272236]},"properties":{"line":"17Aky","mode":"bus","color":"#0059a9","colorDark":"#00294f","band":1,"off":[0,1.1]}},{"type":"Feature","geometry":{"type":"Point","coordinates":[36.848878,-1.272236]},"properties":{"line":"18C","mode":"bus","color":"#0059a9","colorDark":"#00294f","band":1,"off":[4.5,1.1]}},{"type":"Feature","geometry":{"type":"Point","coordinates":[36.824935,-1.274363]},"properties":{"name":"St. Peter Clavers Primary School/Salvation Army/OTC","band":1,"modes":"bus","arr":["6","23W","33B","33C","33FED","33GTB","33IMR","33NG","33TP","106","115","116","118","119","119A"],"off":[0,-0.8],"sc":0.94}},{"type":"Feature","geometry":{"type":"Point","coordinates":[36.824935,-1.274363]},"properties":{"name":"Koja","band":1,"modes":"bus","arr":["6","23W","33B","33C","33FED","33GTB","33IMR","33NG","33TP","106","115","116","118","119","119A"],"off":[0,-4.1],"sc":0.94}},{"type":"Feature","geometry":{"type":"Point","coordinates":[36.824935,-1.274363]},"properties":{"name":"Commercial","band":1,"modes":"bus","arr":["6","23W","33B","33C","33FED","33GTB","33IMR","33NG","33TP","106","115","116","118","119","119A"],"off":[0,-5.2],"sc":0.94}},{"type":"Feature","geometry":{"type":"Point","coordinates":[36.824935,-1.274363]},"properties":{"line":"6","mode":"bus","color":"#0059a9","colorDark":"#00294f","band":1,"sc":0.94,"off":[-6.75,1.1]}},{"type":"Feature","geometry":{"type":"Point","coordinates":[36.824935,-1.274363]},"properties":{"line":"23W","mode":"bus","color":"#0059a9","colorDark":"#00294f","band":1,"sc":0.94,"off":[-2.25,1.1]}},{"type":"Feature","geometry":{"type":"Point","coordinates":[36.824935,-1.274363]},"properties":{"line":"33B","mode":"bus","color":"#0059a9","colorDark":"#00294f","band":1,"sc":0.94,"off":[2.25,1.1]}},{"type":"Feature","geometry":{"type":"Point","coordinates":[36.824935,-1.274363]},"properties":{"line":"33C","mode":"bus","color":"#0059a9","colorDark":"#00294f","band":1,"sc":0.94,"off":[6.75,1.1]}},{"type":"Feature","geometry":{"type":"Point","coordinates":[36.824935,-1.274363]},"properties":{"line":"33FED","mode":"bus","color":"#0059a9","colorDark":"#00294f","band":1,"sc":0.94,"off":[-6.75,3.1]}},{"type":"Feature","geometry":{"type":"Point","coordinates":[36.824935,-1.274363]},"properties":{"line":"33GTB","mode":"bus","color":"#0059a9","colorDark":"#00294f","band":1,"sc":0.94,"off":[-2.25,3.1]}},{"type":"Feature","geometry":{"type":"Point","coordinates":[36.824935,-1.274363]},"properties":{"line":"33IMR","mode":"bus","color":"#0059a9","colorDark":"#00294f","band":1,"sc":0.94,"off":[2.25,3.1]}},{"type":"Feature","geometry":{"type":"Point","coordinates":[36.824935,-1.274363]},"properties":{"line":"33NG","mode":"bus","color":"#0059a9","colorDark":"#00294f","band":1,"sc":0.94,"off":[6.75,3.1]}},{"type":"Feature","geometry":{"type":"Point","coordinates":[36.824935,-1.274363]},"properties":{"line":"33TP","mode":"bus","color":"#0059a9","colorDark":"#00294f","band":1,"sc":0.94,"off":[-6.75,5.1]}},{"type":"Feature","geometry":{"type":"Point","coordinates":[36.824935,-1.274363]},"properties":{"line":"106","mode":"bus","color":"#0059a9","colorDark":"#00294f","band":1,"sc":0.94,"off":[-2.25,5.1]}},{"type":"Feature","geometry":{"type":"Point","coordinates":[36.824935,-1.274363]},"properties":{"line":"115","mode":"bus","color":"#0059a9","colorDark":"#00294f","band":1,"sc":0.94,"off":[2.25,5.1]}},{"type":"Feature","geometry":{"type":"Point","coordinates":[36.824935,-1.274363]},"properties":{"line":"116","mode":"bus","color":"#0059a9","colorDark":"#00294f","band":1,"sc":0.94,"off":[6.75,5.1]}},{"type":"Feature","geometry":{"type":"Point","coordinates":[36.824935,-1.274363]},"properties":{"line":"118","mode":"bus","color":"#0059a9","colorDark":"#00294f","band":1,"sc":0.94,"off":[-4.5,7.1]}},{"type":"Feature","geometry":{"type":"Point","coordinates":[36.824935,-1.274363]},"properties":{"line":"119","mode":"bus","color":"#0059a9","colorDark":"#00294f","band":1,"sc":0.94,"off":[0,7.1]}},{"type":"Feature","geometry":{"type":"Point","coordinates":[36.824935,-1.274363]},"properties":{"line":"119A","mode":"bus","color":"#0059a9","colorDark":"#00294f","band":1,"sc":0.94,"off":[4.5,7.1]}},{"type":"Feature","geometry":{"type":"Point","coordinates":[36.851115,-1.282805]},"properties":{"name":"Joster","band":1,"modes":"bus","arr":["6E"],"off":[0,-0.8]}},{"type":"Feature","geometry":{"type":"Point","coordinates":[36.851115,-1.282805]},"properties":{"line":"6E","mode":"bus","color":"#0059a9","colorDark":"#00294f","band":1,"off":[0,1.1]}},{"type":"Feature","geometry":{"type":"Point","coordinates":[36.852711,-1.294569]},"properties":{"name":"Church Army","band":1,"modes":"bus","arr":["6E"],"off":[0,-0.8]}},{"type":"Feature","geometry":{"type":"Point","coordinates":[36.852711,-1.294569]},"properties":{"line":"6E","mode":"bus","color":"#0059a9","colorDark":"#00294f","band":1,"off":[0,1.1]}},{"type":"Feature","geometry":{"type":"Point","coordinates":[36.831378,-1.28435]},"properties":{"name":"Tusker/Ronald Ngala","band":1,"modes":"bus","arr":["7","11","12C","12D","14A","14B","15","16","16/62","17B","19Cdc","33MKR","33NG","35/60","39SK","45G","46B","46H","145"],"off":[0,-0.8],"sc":0.87}},{"type":"Feature","geometry":{"type":"Point","coordinates":[36.831378,-1.28435]},"properties":{"name":"Racecourse Road","band":1,"modes":"bus","arr":["7","11","12C","12D","14A","14B","15","16","16/62","17B","19Cdc","33MKR","33NG","35/60","39SK","45G","46B","46H","145"],"off":[0,-3],"sc":0.87}},{"type":"Feature","geometry":{"type":"Point","coordinates":[36.831378,-1.28435]},"properties":{"name":"Bus Station","band":1,"modes":"bus","arr":["7","11","12C","12D","14A","14B","15","16","16/62","17B","19Cdc","33MKR","33NG","35/60","39SK","45G","46B","46H","145"],"off":[0,-4.1],"sc":0.87}},{"type":"Feature","geometry":{"type":"Point","coordinates":[36.831378,-1.28435]},"properties":{"line":"7","mode":"bus","color":"#0059a9","colorDark":"#00294f","band":1,"sc":0.87,"off":[-6.75,1.1]}},{"type":"Feature","geometry":{"type":"Point","coordinates":[36.831378,-1.28435]},"properties":{"line":"11","mode":"bus","color":"#0059a9","colorDark":"#00294f","band":1,"sc":0.87,"off":[-2.25,1.1]}},{"type":"Feature","geometry":{"type":"Point","coordinates":[36.831378,-1.28435]},"properties":{"line":"12C","mode":"bus","color":"#0059a9","colorDark":"#00294f","band":1,"sc":0.87,"off":[2.25,1.1]}},{"type":"Feature","geometry":{"type":"Point","coordinates":[36.831378,-1.28435]},"properties":{"line":"12D","mode":"bus","color":"#0059a9","colorDark":"#00294f","band":1,"sc":0.87,"off":[6.75,1.1]}},{"type":"Feature","geometry":{"type":"Point","coordinates":[36.831378,-1.28435]},"properties":{"line":"14A","mode":"bus","color":"#0059a9","colorDark":"#00294f","band":1,"sc":0.87,"off":[-6.75,3.1]}},{"type":"Feature","geometry":{"type":"Point","coordinates":[36.831378,-1.28435]},"properties":{"line":"14B","mode":"bus","color":"#0059a9","colorDark":"#00294f","band":1,"sc":0.87,"off":[-2.25,3.1]}},{"type":"Feature","geometry":{"type":"Point","coordinates":[36.831378,-1.28435]},"properties":{"line":"15","mode":"bus","color":"#0059a9","colorDark":"#00294f","band":1,"sc":0.87,"off":[2.25,3.1]}},{"type":"Feature","geometry":{"type":"Point","coordinates":[36.831378,-1.28435]},"properties":{"line":"16","mode":"bus","color":"#0059a9","colorDark":"#00294f","band":1,"sc":0.87,"off":[6.75,3.1]}},{"type":"Feature","geometry":{"type":"Point","coordinates":[36.831378,-1.28435]},"properties":{"line":"16/62","mode":"bus","color":"#0059a9","colorDark":"#00294f","band":1,"sc":0.87,"off":[-6.75,5.1]}},{"type":"Feature","geometry":{"type":"Point","coordinates":[36.831378,-1.28435]},"properties":{"line":"17B","mode":"bus","color":"#0059a9","colorDark":"#00294f","band":1,"sc":0.87,"off":[-2.25,5.1]}},{"type":"Feature","geometry":{"type":"Point","coordinates":[36.831378,-1.28435]},"properties":{"line":"19Cdc","mode":"bus","color":"#0059a9","colorDark":"#00294f","band":1,"sc":0.87,"off":[2.25,5.1]}},{"type":"Feature","geometry":{"type":"Point","coordinates":[36.831378,-1.28435]},"properties":{"line":"33MKR","mode":"bus","color":"#0059a9","colorDark":"#00294f","band":1,"sc":0.87,"off":[6.75,5.1]}},{"type":"Feature","geometry":{"type":"Point","coordinates":[36.831378,-1.28435]},"properties":{"line":"33NG","mode":"bus","color":"#0059a9","colorDark":"#00294f","band":1,"sc":0.87,"off":[-6.75,7.1]}},{"type":"Feature","geometry":{"type":"Point","coordinates":[36.831378,-1.28435]},"properties":{"line":"35/60","mode":"bus","color":"#0059a9","colorDark":"#00294f","band":1,"sc":0.87,"off":[-2.25,7.1]}},{"type":"Feature","geometry":{"type":"Point","coordinates":[36.831378,-1.28435]},"properties":{"line":"39SK","mode":"bus","color":"#0059a9","colorDark":"#00294f","band":1,"sc":0.87,"off":[2.25,7.1]}},{"type":"Feature","geometry":{"type":"Point","coordinates":[36.831378,-1.28435]},"properties":{"line":"45G","mode":"bus","color":"#0059a9","colorDark":"#00294f","band":1,"sc":0.87,"off":[6.75,7.1]}},{"type":"Feature","geometry":{"type":"Point","coordinates":[36.831378,-1.28435]},"properties":{"line":"46B","mode":"bus","color":"#0059a9","colorDark":"#00294f","band":1,"sc":0.87,"off":[-4.5,9.1]}},{"type":"Feature","geometry":{"type":"Point","coordinates":[36.831378,-1.28435]},"properties":{"line":"46H","mode":"bus","color":"#0059a9","colorDark":"#00294f","band":1,"sc":0.87,"off":[0,9.1]}},{"type":"Feature","geometry":{"type":"Point","coordinates":[36.831378,-1.28435]},"properties":{"line":"145","mode":"bus","color":"#0059a9","colorDark":"#00294f","band":1,"sc":0.87,"off":[4.5,9.1]}},{"type":"Feature","geometry":{"type":"Point","coordinates":[36.808737,-1.300899]},"properties":{"name":"Kenyatta National Hospital","band":1,"modes":"bus","arr":["7C"],"off":[0,-0.8]}},{"type":"Feature","geometry":{"type":"Point","coordinates":[36.808737,-1.300899]},"properties":{"line":"7C","mode":"bus","color":"#0059a9","colorDark":"#00294f","band":1,"off":[0,1.1]}},{"type":"Feature","geometry":{"type":"Point","coordinates":[36.775775,-1.311039]},"properties":{"name":"Equity Ayani","band":1,"modes":"bus","arr":["8"],"off":[0,-0.8]}},{"type":"Feature","geometry":{"type":"Point","coordinates":[36.775775,-1.311039]},"properties":{"line":"8","mode":"bus","color":"#0059a9","colorDark":"#00294f","band":1,"off":[0,1.1]}},{"type":"Feature","geometry":{"type":"Point","coordinates":[36.873756,-1.290619]},"properties":{"name":"Rabai","band":1,"modes":"bus","arr":["10"],"off":[0,-0.8]}},{"type":"Feature","geometry":{"type":"Point","coordinates":[36.873756,-1.290619]},"properties":{"line":"10","mode":"bus","color":"#0059a9","colorDark":"#00294f","band":1,"off":[0,1.1]}},{"type":"Feature","geometry":{"type":"Point","coordinates":[36.848427,-1.315837]},"properties":{"name":"South B Stage","band":1,"modes":"bus","arr":["11"],"off":[0,-0.8]}},{"type":"Feature","geometry":{"type":"Point","coordinates":[36.848427,-1.315837]},"properties":{"name":"Hazina Estate","band":1,"modes":"bus","arr":["11"],"off":[0,-1.9]}},{"type":"Feature","geometry":{"type":"Point","coordinates":[36.848427,-1.315837]},"properties":{"line":"11","mode":"bus","color":"#0059a9","colorDark":"#00294f","band":1,"off":[0,1.1]}},{"type":"Feature","geometry":{"type":"Point","coordinates":[36.810772,-1.256854]},"properties":{"name":"Kwa Mosque/Highridge Mwisho","band":1,"modes":"bus","arr":["11A"],"off":[0,-0.8]}},{"type":"Feature","geometry":{"type":"Point","coordinates":[36.810772,-1.256854]},"properties":{"name":"Highridge/Kwa Mosque/Mwisho","band":1,"modes":"bus","arr":["11A"],"off":[0,-3]}},{"type":"Feature","geometry":{"type":"Point","coordinates":[36.810772,-1.256854]},"properties":{"line":"11A","mode":"bus","color":"#0059a9","colorDark":"#00294f","band":1,"off":[0,1.1]}},{"type":"Feature","geometry":{"type":"Point","coordinates":[36.823187,-1.283798]},"properties":{"name":"Odeon","band":1,"modes":"bus","arr":["11A","11B","11C","23KG","24","24C","25","25A","30","34B","44G","44Z","45K","48A","48B","48C","48O","49","105","107"],"off":[0,-0.8],"sc":0.86}},{"type":"Feature","geometry":{"type":"Point","coordinates":[36.823187,-1.283798]},"properties":{"name":"Ambassadeur","band":1,"modes":"bus","arr":["11A","11B","11C","23KG","24","24C","25","25A","30","34B","44G","44Z","45K","48A","48B","48C","48O","49","105","107"],"off":[0,-1.9],"sc":0.86}},{"type":"Feature","geometry":{"type":"Point","coordinates":[36.823187,-1.283798]},"properties":{"line":"11A","mode":"bus","color":"#0059a9","colorDark":"#00294f","band":1,"sc":0.86,"off":[-5.82,1.1]}},{"type":"Feature","geometry":{"type":"Point","coordinates":[36.823187,-1.283798]},"properties":{"line":"11B","mode":"bus","color":"#0059a9","colorDark":"#00294f","band":1,"sc":0.86,"off":[-1.94,1.1]}},{"type":"Feature","geometry":{"type":"Point","coordinates":[36.823187,-1.283798]},"properties":{"line":"11C","mode":"bus","color":"#0059a9","colorDark":"#00294f","band":1,"sc":0.86,"off":[1.94,1.1]}},{"type":"Feature","geometry":{"type":"Point","coordinates":[36.823187,-1.283798]},"properties":{"line":"23KG","mode":"bus","color":"#0059a9","colorDark":"#00294f","band":1,"sc":0.86,"off":[5.82,1.1]}},{"type":"Feature","geometry":{"type":"Point","coordinates":[36.823187,-1.283798]},"properties":{"line":"24","mode":"bus","color":"#0059a9","colorDark":"#00294f","band":1,"sc":0.86,"off":[-5.82,3.1]}},{"type":"Feature","geometry":{"type":"Point","coordinates":[36.823187,-1.283798]},"properties":{"line":"24C","mode":"bus","color":"#0059a9","colorDark":"#00294f","band":1,"sc":0.86,"off":[-1.94,3.1]}},{"type":"Feature","geometry":{"type":"Point","coordinates":[36.823187,-1.283798]},"properties":{"line":"25","mode":"bus","color":"#0059a9","colorDark":"#00294f","band":1,"sc":0.86,"off":[1.94,3.1]}},{"type":"Feature","geometry":{"type":"Point","coordinates":[36.823187,-1.283798]},"properties":{"line":"25A","mode":"bus","color":"#0059a9","colorDark":"#00294f","band":1,"sc":0.86,"off":[5.82,3.1]}},{"type":"Feature","geometry":{"type":"Point","coordinates":[36.823187,-1.283798]},"properties":{"line":"30","mode":"bus","color":"#0059a9","colorDark":"#00294f","band":1,"sc":0.86,"off":[-5.82,5.1]}},{"type":"Feature","geometry":{"type":"Point","coordinates":[36.823187,-1.283798]},"properties":{"line":"34B","mode":"bus","color":"#0059a9","colorDark":"#00294f","band":1,"sc":0.86,"off":[-1.94,5.1]}},{"type":"Feature","geometry":{"type":"Point","coordinates":[36.823187,-1.283798]},"properties":{"line":"44G","mode":"bus","color":"#0059a9","colorDark":"#00294f","band":1,"sc":0.86,"off":[1.94,5.1]}},{"type":"Feature","geometry":{"type":"Point","coordinates":[36.823187,-1.283798]},"properties":{"line":"44Z","mode":"bus","color":"#0059a9","colorDark":"#00294f","band":1,"sc":0.86,"off":[5.82,5.1]}},{"type":"Feature","geometry":{"type":"Point","coordinates":[36.823187,-1.283798]},"properties":{"line":"45K","mode":"bus","color":"#0059a9","colorDark":"#00294f","band":1,"sc":0.86,"off":[-5.82,7.1]}},{"type":"Feature","geometry":{"type":"Point","coordinates":[36.823187,-1.283798]},"properties":{"line":"48A","mode":"bus","color":"#0059a9","colorDark":"#00294f","band":1,"sc":0.86,"off":[-1.94,7.1]}},{"type":"Feature","geometry":{"type":"Point","coordinates":[36.823187,-1.283798]},"properties":{"line":"48B","mode":"bus","color":"#0059a9","colorDark":"#00294f","band":1,"sc":0.86,"off":[1.94,7.1]}},{"type":"Feature","geometry":{"type":"Point","coordinates":[36.823187,-1.283798]},"properties":{"line":"48C","mode":"bus","color":"#0059a9","colorDark":"#00294f","band":1,"sc":0.86,"off":[5.82,7.1]}},{"type":"Feature","geometry":{"type":"Point","coordinates":[36.823187,-1.283798]},"properties":{"line":"48O","mode":"bus","color":"#0059a9","colorDark":"#00294f","band":1,"sc":0.86,"off":[-5.82,9.1]}},{"type":"Feature","geometry":{"type":"Point","coordinates":[36.823187,-1.283798]},"properties":{"line":"49","mode":"bus","color":"#0059a9","colorDark":"#00294f","band":1,"sc":0.86,"off":[-1.94,9.1]}},{"type":"Feature","geometry":{"type":"Point","coordinates":[36.823187,-1.283798]},"properties":{"line":"105","mode":"bus","color":"#0059a9","colorDark":"#00294f","band":1,"sc":0.86,"off":[1.94,9.1]}},{"type":"Feature","geometry":{"type":"Point","coordinates":[36.823187,-1.283798]},"properties":{"line":"107","mode":"bus","color":"#0059a9","colorDark":"#00294f","band":1,"sc":0.86,"off":[5.82,9.1]}},{"type":"Feature","geometry":{"type":"Point","coordinates":[36.785936,-1.207183]},"properties":{"name":"Ruaka/Banana Junction/Tuskys Supermarket","band":1,"modes":"bus","arr":["11B","107D"],"off":[0,-0.8]}},{"type":"Feature","geometry":{"type":"Point","coordinates":[36.785936,-1.207183]},"properties":{"name":"Ruaka Stage","band":1,"modes":"bus","arr":["11B","107D"],"off":[0,-4.1]}},{"type":"Feature","geometry":{"type":"Point","coordinates":[36.785936,-1.207183]},"properties":{"line":"11B","mode":"bus","color":"#0059a9","colorDark":"#00294f","band":1,"off":[-1.94,1.1]}},{"type":"Feature","geometry":{"type":"Point","coordinates":[36.785936,-1.207183]},"properties":{"line":"107D","mode":"bus","color":"#0059a9","colorDark":"#00294f","band":1,"off":[1.94,1.1]}},{"type":"Feature","geometry":{"type":"Point","coordinates":[36.810508,-1.238526]},"properties":{"name":"UNEP/KTTC","band":1,"modes":"bus","arr":["108"],"off":[0,-0.8]}},{"type":"Feature","geometry":{"type":"Point","coordinates":[36.810508,-1.238526]},"properties":{"name":"UNEP/Gigiri/KTTC","band":1,"modes":"bus","arr":["108"],"off":[0,-1.9]}},{"type":"Feature","geometry":{"type":"Point","coordinates":[36.810508,-1.238526]},"properties":{"line":"108","mode":"bus","color":"#0059a9","colorDark":"#00294f","band":1,"off":[0,1.1]}},{"type":"Feature","geometry":{"type":"Point","coordinates":[36.838519,-1.265059]},"properties":{"name":"Pangani Terminal","band":1,"modes":"bus","arr":["11C"],"off":[0,-0.8]}},{"type":"Feature","geometry":{"type":"Point","coordinates":[36.838519,-1.265059]},"properties":{"line":"11C","mode":"bus","color":"#0059a9","colorDark":"#00294f","band":1,"off":[0,1.1]}},{"type":"Feature","geometry":{"type":"Point","coordinates":[36.828901,-1.321813]},"properties":{"name":"Mugoya","band":1,"modes":"bus","arr":["12C"],"off":[0,-0.8]}},{"type":"Feature","geometry":{"type":"Point","coordinates":[36.828901,-1.321813]},"properties":{"name":"Container/New Apostolic Church","band":1,"modes":"bus","arr":["12C"],"off":[0,-1.9]}},{"type":"Feature","geometry":{"type":"Point","coordinates":[36.828901,-1.321813]},"properties":{"line":"12C","mode":"bus","color":"#0059a9","colorDark":"#00294f","band":1,"off":[0,1.1]}},{"type":"Feature","geometry":{"type":"Point","coordinates":[36.842366,-1.326945]},"properties":{"name":"Arka Hotel","band":1,"modes":"bus","arr":["12D"],"off":[0,-0.8]}},{"type":"Feature","geometry":{"type":"Point","coordinates":[36.842366,-1.326945]},"properties":{"name":"Arka hotel","band":1,"modes":"bus","arr":["12D"],"off":[0,-1.9]}},{"type":"Feature","geometry":{"type":"Point","coordinates":[36.842366,-1.326945]},"properties":{"line":"12D","mode":"bus","color":"#0059a9","colorDark":"#00294f","band":1,"off":[0,1.1]}},{"type":"Feature","geometry":{"type":"Point","coordinates":[36.878532,-1.256526]},"properties":{"name":"Kariobangi Terminal","band":1,"modes":"bus","arr":["14","26","26S","28"],"off":[0,-0.8]}},{"type":"Feature","geometry":{"type":"Point","coordinates":[36.878532,-1.256526]},"properties":{"name":"Kariobangi","band":1,"modes":"bus","arr":["14","26","26S","28"],"off":[0,-3]}},{"type":"Feature","geometry":{"type":"Point","coordinates":[36.878532,-1.256526]},"properties":{"name":"Kanisani","band":1,"modes":"bus","arr":["14","26","26S","28"],"off":[0,-4.1]}},{"type":"Feature","geometry":{"type":"Point","coordinates":[36.878532,-1.256526]},"properties":{"line":"14","mode":"bus","color":"#0059a9","colorDark":"#00294f","band":1,"off":[-5.1,1.1]}},{"type":"Feature","geometry":{"type":"Point","coordinates":[36.878532,-1.256526]},"properties":{"line":"26","mode":"bus","color":"#0059a9","colorDark":"#00294f","band":1,"off":[-1.7,1.1]}},{"type":"Feature","geometry":{"type":"Point","coordinates":[36.878532,-1.256526]},"properties":{"line":"26S","mode":"bus","color":"#0059a9","colorDark":"#00294f","band":1,"off":[1.7,1.1]}},{"type":"Feature","geometry":{"type":"Point","coordinates":[36.878532,-1.256526]},"properties":{"line":"28","mode":"bus","color":"#0059a9","colorDark":"#00294f","band":1,"off":[5.1,1.1]}},{"type":"Feature","geometry":{"type":"Point","coordinates":[36.812379,-1.308633]},"properties":{"name":"Strathmore/Siwaka","band":1,"modes":"bus","arr":["14A"],"off":[0,-0.8]}},{"type":"Feature","geometry":{"type":"Point","coordinates":[36.812379,-1.308633]},"properties":{"name":"Strathmore University/Siwaka","band":1,"modes":"bus","arr":["14A"],"off":[0,-1.9]}},{"type":"Feature","geometry":{"type":"Point","coordinates":[36.812379,-1.308633]},"properties":{"line":"14A","mode":"bus","color":"#0059a9","colorDark":"#00294f","band":1,"off":[0,1.1]}},{"type":"Feature","geometry":{"type":"Point","coordinates":[36.816677,-1.312968]},"properties":{"name":"Tmall","band":1,"modes":"bus","arr":["14B"],"off":[0,-0.8]}},{"type":"Feature","geometry":{"type":"Point","coordinates":[36.816677,-1.312968]},"properties":{"name":"T-Mall","band":1,"modes":"bus","arr":["14B"],"off":[0,-1.9]}},{"type":"Feature","geometry":{"type":"Point","coordinates":[36.816677,-1.312968]},"properties":{"line":"14B","mode":"bus","color":"#0059a9","colorDark":"#00294f","band":1,"off":[0,1.1]}},{"type":"Feature","geometry":{"type":"Point","coordinates":[36.774482,-1.321783]},"properties":{"name":"St.Mary's","band":1,"modes":"bus","arr":["15"],"off":[0,-0.8]}},{"type":"Feature","geometry":{"type":"Point","coordinates":[36.774482,-1.321783]},"properties":{"line":"15","mode":"bus","color":"#0059a9","colorDark":"#00294f","band":1,"off":[0,1.1]}},{"type":"Feature","geometry":{"type":"Point","coordinates":[36.807954,-1.314514]},"properties":{"name":"Highrise","band":1,"modes":"bus","arr":["16"],"off":[0,-0.8]}},{"type":"Feature","geometry":{"type":"Point","coordinates":[36.807954,-1.314514]},"properties":{"line":"16","mode":"bus","color":"#0059a9","colorDark":"#00294f","band":1,"off":[0,1.1]}},{"type":"Feature","geometry":{"type":"Point","coordinates":[36.916509,-1.267661]},"properties":{"name":"Tushauriane","band":1,"modes":"bus","arr":["16/62","18C","19C2","19Cdc","1961Kd"],"off":[0,-0.8]}},{"type":"Feature","geometry":{"type":"Point","coordinates":[36.916509,-1.267661]},"properties":{"name":"Kanisani/Komarocks Phase 2","band":1,"modes":"bus","arr":["16/62","18C","19C2","19Cdc","1961Kd"],"off":[0,-1.9]}},{"type":"Feature","geometry":{"type":"Point","coordinates":[36.916509,-1.267661]},"properties":{"name":"Diesel","band":1,"modes":"bus","arr":["16/62","18C","19C2","19Cdc","1961Kd"],"off":[0,-4.1]}},{"type":"Feature","geometry":{"type":"Point","coordinates":[36.916509,-1.267661]},"properties":{"line":"16/62","mode":"bus","color":"#0059a9","colorDark":"#00294f","band":1,"off":[-5.12,1.1]}},{"type":"Feature","geometry":{"type":"Point","coordinates":[36.916509,-1.267661]},"properties":{"line":"18C","mode":"bus","color":"#0059a9","colorDark":"#00294f","band":1,"off":[0,1.1]}},{"type":"Feature","geometry":{"type":"Point","coordinates":[36.916509,-1.267661]},"properties":{"line":"19C2","mode":"bus","color":"#0059a9","colorDark":"#00294f","band":1,"off":[5.12,1.1]}},{"type":"Feature","geometry":{"type":"Point","coordinates":[36.916509,-1.267661]},"properties":{"line":"19Cdc","mode":"bus","color":"#0059a9","colorDark":"#00294f","band":1,"off":[-2.56,3.1]}},{"type":"Feature","geometry":{"type":"Point","coordinates":[36.916509,-1.267661]},"properties":{"line":"1961Kd","mode":"bus","color":"#0059a9","colorDark":"#00294f","band":1,"off":[2.56,3.1]}},{"type":"Feature","geometry":{"type":"Point","coordinates":[36.919818,-1.271084]},"properties":{"name":"Kayole Hospital","band":1,"modes":"bus","arr":["1961Kd"],"off":[0,-0.8]}},{"type":"Feature","geometry":{"type":"Point","coordinates":[36.919818,-1.271084]},"properties":{"line":"1961Kd","mode":"bus","color":"#0059a9","colorDark":"#00294f","band":1,"off":[0,1.1]}},{"type":"Feature","geometry":{"type":"Point","coordinates":[36.877287,-1.262182]},"properties":{"name":"Rounder","band":1,"modes":"bus","arr":["17A","46B","46H","2030","3738"],"off":[0,-0.8]}},{"type":"Feature","geometry":{"type":"Point","coordinates":[36.877287,-1.262182]},"properties":{"name":"Rounda","band":1,"modes":"bus","arr":["17A","46B","46H","2030","3738"],"off":[0,-1.9]}},{"type":"Feature","geometry":{"type":"Point","coordinates":[36.877287,-1.262182]},"properties":{"name":"Johnsaga","band":1,"modes":"bus","arr":["17A","46B","46H","2030","3738"],"off":[0,-3]}},{"type":"Feature","geometry":{"type":"Point","coordinates":[36.877287,-1.262182]},"properties":{"line":"17A","mode":"bus","color":"#0059a9","colorDark":"#00294f","band":1,"off":[-5.82,1.1]}},{"type":"Feature","geometry":{"type":"Point","coordinates":[36.877287,-1.262182]},"properties":{"line":"46B","mode":"bus","color":"#0059a9","colorDark":"#00294f","band":1,"off":[-1.94,1.1]}},{"type":"Feature","geometry":{"type":"Point","coordinates":[36.877287,-1.262182]},"properties":{"line":"46H","mode":"bus","color":"#0059a9","colorDark":"#00294f","band":1,"off":[1.94,1.1]}},{"type":"Feature","geometry":{"type":"Point","coordinates":[36.877287,-1.262182]},"properties":{"line":"2030","mode":"bus","color":"#0059a9","colorDark":"#00294f","band":1,"off":[5.82,1.1]}},{"type":"Feature","geometry":{"type":"Point","coordinates":[36.877287,-1.262182]},"properties":{"line":"3738","mode":"bus","color":"#0059a9","colorDark":"#00294f","band":1,"off":[0,3.1]}},{"type":"Feature","geometry":{"type":"Point","coordinates":[36.919455,-1.260937]},"properties":{"name":"Kayole 1/Queen's Park","band":1,"modes":"bus","arr":["17A","17Aky","1960"],"off":[0,-0.8]}},{"type":"Feature","geometry":{"type":"Point","coordinates":[36.919455,-1.260937]},"properties":{"name":"Kayole 1","band":1,"modes":"bus","arr":["17A","17Aky","1960"],"off":[0,-3]}},{"type":"Feature","geometry":{"type":"Point","coordinates":[36.919455,-1.260937]},"properties":{"name":"Corner","band":1,"modes":"bus","arr":["17A","17Aky","1960"],"off":[0,-4.1]}},{"type":"Feature","geometry":{"type":"Point","coordinates":[36.919455,-1.260937]},"properties":{"line":"17A","mode":"bus","color":"#0059a9","colorDark":"#00294f","band":1,"off":[-4.5,1.1]}},{"type":"Feature","geometry":{"type":"Point","coordinates":[36.919455,-1.260937]},"properties":{"line":"17Aky","mode":"bus","color":"#0059a9","colorDark":"#00294f","band":1,"off":[0,1.1]}},{"type":"Feature","geometry":{"type":"Point","coordinates":[36.919455,-1.260937]},"properties":{"line":"1960","mode":"bus","color":"#0059a9","colorDark":"#00294f","band":1,"off":[4.5,1.1]}},{"type":"Feature","geometry":{"type":"Point","coordinates":[36.930518,-1.233946]},"properties":{"name":"Mwiki","band":1,"modes":"bus","arr":["17B"],"off":[0,-0.8]}},{"type":"Feature","geometry":{"type":"Point","coordinates":[36.930518,-1.233946]},"properties":{"line":"17B","mode":"bus","color":"#0059a9","colorDark":"#00294f","band":1,"off":[0,1.1]}},{"type":"Feature","geometry":{"type":"Point","coordinates":[36.886328,-1.296766]},"properties":{"name":"Donholm Naivas","band":1,"modes":"bus","arr":["19C2","3560"],"off":[0,-0.8]}},{"type":"Feature","geometry":{"type":"Point","coordinates":[36.886328,-1.296766]},"properties":{"name":"Donholm","band":1,"modes":"bus","arr":["19C2","3560"],"off":[0,-1.9]}},{"type":"Feature","geometry":{"type":"Point","coordinates":[36.886328,-1.296766]},"properties":{"line":"19C2","mode":"bus","color":"#0059a9","colorDark":"#00294f","band":1,"off":[-1.94,1.1]}},{"type":"Feature","geometry":{"type":"Point","coordinates":[36.886328,-1.296766]},"properties":{"line":"3560","mode":"bus","color":"#0059a9","colorDark":"#00294f","band":1,"off":[1.94,1.1]}},{"type":"Feature","geometry":{"type":"Point","coordinates":[36.934881,-1.235903]},"properties":{"name":"Mwiki Terminal","band":1,"modes":"bus","arr":["20"],"off":[0,-0.8]}},{"type":"Feature","geometry":{"type":"Point","coordinates":[36.934881,-1.235903]},"properties":{"line":"20","mode":"bus","color":"#0059a9","colorDark":"#00294f","band":1,"off":[0,1.1]}},{"type":"Feature","geometry":{"type":"Point","coordinates":[36.898517,-1.275039]},"properties":{"name":"Mama Lucy Terminal","band":1,"modes":"bus","arr":["20"],"off":[0,-0.8]}},{"type":"Feature","geometry":{"type":"Point","coordinates":[36.898517,-1.275039]},"properties":{"line":"20","mode":"bus","color":"#0059a9","colorDark":"#00294f","band":1,"off":[0,1.1]}},{"type":"Feature","geometry":{"type":"Point","coordinates":[36.749515,-1.264986]},"properties":{"name":"Kangemi Terminus","band":1,"modes":"bus","arr":["23KG"],"off":[0,-0.8]}},{"type":"Feature","geometry":{"type":"Point","coordinates":[36.749515,-1.264986]},"properties":{"line":"23KG","mode":"bus","color":"#0059a9","colorDark":"#00294f","band":1,"off":[0,1.1]}},{"type":"Feature","geometry":{"type":"Point","coordinates":[36.801951,-1.262521]},"properties":{"name":"Westlands/Parklands Baptist","band":1,"modes":"bus","arr":["23W","48K"],"off":[0,-0.8]}},{"type":"Feature","geometry":{"type":"Point","coordinates":[36.801951,-1.262521]},"properties":{"name":"Westlands Terminal","band":1,"modes":"bus","arr":["23W","48K"],"off":[0,-3]}},{"type":"Feature","geometry":{"type":"Point","coordinates":[36.801951,-1.262521]},"properties":{"line":"23W","mode":"bus","color":"#0059a9","colorDark":"#00294f","band":1,"off":[-1.7,1.1]}},{"type":"Feature","geometry":{"type":"Point","coordinates":[36.801951,-1.262521]},"properties":{"line":"48K","mode":"bus","color":"#0059a9","colorDark":"#00294f","band":1,"off":[1.7,1.1]}},{"type":"Feature","geometry":{"type":"Point","coordinates":[36.887047,-1.262589]},"properties":{"name":"Civil Servant/Deliverance Church","band":1,"modes":"bus","arr":["23KS"],"off":[0,-0.8]}},{"type":"Feature","geometry":{"type":"Point","coordinates":[36.887047,-1.262589]},"properties":{"line":"23KS","mode":"bus","color":"#0059a9","colorDark":"#00294f","band":1,"off":[0,1.1]}},{"type":"Feature","geometry":{"type":"Point","coordinates":[36.877588,-1.277388]},"properties":{"name":"Buru Roundabout","band":1,"modes":"bus","arr":["58"],"off":[0,-0.8]}},{"type":"Feature","geometry":{"type":"Point","coordinates":[36.877588,-1.277388]},"properties":{"line":"58","mode":"bus","color":"#0059a9","colorDark":"#00294f","band":1,"off":[0,1.1]}},{"type":"Feature","geometry":{"type":"Point","coordinates":[36.764356,-1.342382]},"properties":{"name":"Nakumatt Galleria","band":1,"modes":"bus","arr":["24BK"],"off":[0,-0.8]}},{"type":"Feature","geometry":{"type":"Point","coordinates":[36.764356,-1.342382]},"properties":{"name":"Bomas/Galleria","band":1,"modes":"bus","arr":["24BK"],"off":[0,-1.9]}},{"type":"Feature","geometry":{"type":"Point","coordinates":[36.764356,-1.342382]},"properties":{"line":"24BK","mode":"bus","color":"#0059a9","colorDark":"#00294f","band":1,"off":[0,1.1]}},{"type":"Feature","geometry":{"type":"Point","coordinates":[36.708645,-1.325335]},"properties":{"name":"St.Marys Karen Primary School","band":1,"modes":"bus","arr":["24BK","24C"],"off":[0,-0.8]}},{"type":"Feature","geometry":{"type":"Point","coordinates":[36.708645,-1.325335]},"properties":{"name":"Karen/Karen Shopping Centre","band":1,"modes":"bus","arr":["24BK","24C"],"off":[0,-3]}},{"type":"Feature","geometry":{"type":"Point","coordinates":[36.708645,-1.325335]},"properties":{"name":"Karen","band":1,"modes":"bus","arr":["24BK","24C"],"off":[0,-5.2]}},{"type":"Feature","geometry":{"type":"Point","coordinates":[36.708645,-1.325335]},"properties":{"line":"24BK","mode":"bus","color":"#0059a9","colorDark":"#00294f","band":1,"off":[-1.94,1.1]}},{"type":"Feature","geometry":{"type":"Point","coordinates":[36.708645,-1.325335]},"properties":{"line":"24C","mode":"bus","color":"#0059a9","colorDark":"#00294f","band":1,"off":[1.94,1.1]}},{"type":"Feature","geometry":{"type":"Point","coordinates":[36.887456,-1.244229]},"properties":{"name":"Baba Dogo Terminal","band":1,"modes":"bus","arr":["25"],"off":[0,-0.8]}},{"type":"Feature","geometry":{"type":"Point","coordinates":[36.887456,-1.244229]},"properties":{"line":"25","mode":"bus","color":"#0059a9","colorDark":"#00294f","band":1,"off":[0,1.1]}},{"type":"Feature","geometry":{"type":"Point","coordinates":[36.897504,-1.239769]},"properties":{"name":"Lucky Summer Terminal","band":1,"modes":"bus","arr":["25A"],"off":[0,-0.8]}},{"type":"Feature","geometry":{"type":"Point","coordinates":[36.897504,-1.239769]},"properties":{"line":"25A","mode":"bus","color":"#0059a9","colorDark":"#00294f","band":1,"off":[0,1.1]}},{"type":"Feature","geometry":{"type":"Point","coordinates":[36.862348,-1.296289]},"properties":{"name":"Makadara/Mwisho","band":1,"modes":"bus","arr":["26"],"off":[0,-0.8]}},{"type":"Feature","geometry":{"type":"Point","coordinates":[36.862348,-1.296289]},"properties":{"name":"Makadara","band":1,"modes":"bus","arr":["26"],"off":[0,-1.9]}},{"type":"Feature","geometry":{"type":"Point","coordinates":[36.862348,-1.296289]},"properties":{"line":"26","mode":"bus","color":"#0059a9","colorDark":"#00294f","band":1,"off":[0,1.1]}},{"type":"Feature","geometry":{"type":"Point","coordinates":[36.867,-1.295095]},"properties":{"name":"Aquinas","band":1,"modes":"bus","arr":["26S"],"off":[0,-0.8]}},{"type":"Feature","geometry":{"type":"Point","coordinates":[36.867,-1.295095]},"properties":{"line":"26S","mode":"bus","color":"#0059a9","colorDark":"#00294f","band":1,"off":[0,1.1]}},{"type":"Feature","geometry":{"type":"Point","coordinates":[36.862578,-1.292948]},"properties":{"name":"Aquinas","band":1,"modes":"bus","arr":["26S"],"off":[0,-0.8]}},{"type":"Feature","geometry":{"type":"Point","coordinates":[36.862578,-1.292948]},"properties":{"line":"26S","mode":"bus","color":"#0059a9","colorDark":"#00294f","band":1,"off":[0,1.1]}},{"type":"Feature","geometry":{"type":"Point","coordinates":[36.885162,-1.252953]},"properties":{"name":"Kariobangi Mwisho","band":1,"modes":"bus","arr":["0027"],"off":[0,-0.8]}},{"type":"Feature","geometry":{"type":"Point","coordinates":[36.885162,-1.252953]},"properties":{"line":"0027","mode":"bus","color":"#0059a9","colorDark":"#00294f","band":1,"off":[0,1.1]}},{"type":"Feature","geometry":{"type":"Point","coordinates":[36.867324,-1.252198]},"properties":{"name":"Mathare North Terminal","band":1,"modes":"bus","arr":["29/30"],"off":[0,-0.8]}},{"type":"Feature","geometry":{"type":"Point","coordinates":[36.867324,-1.252198]},"properties":{"line":"29/30","mode":"bus","color":"#0059a9","colorDark":"#00294f","band":1,"off":[0,1.1]}},{"type":"Feature","geometry":{"type":"Point","coordinates":[36.723692,-1.256935]},"properties":{"name":"Ndumbuini Terminus","band":1,"modes":"bus","arr":["30"],"off":[0,-0.8]}},{"type":"Feature","geometry":{"type":"Point","coordinates":[36.723692,-1.256935]},"properties":{"line":"30","mode":"bus","color":"#0059a9","colorDark":"#00294f","band":1,"off":[0,1.1]}},{"type":"Feature","geometry":{"type":"Point","coordinates":[36.772744,-1.307917]},"properties":{"name":"Ayani","band":1,"modes":"bus","arr":["32A"],"off":[0,-0.8]}},{"type":"Feature","geometry":{"type":"Point","coordinates":[36.772744,-1.307917]},"properties":{"line":"32A","mode":"bus","color":"#0059a9","colorDark":"#00294f","band":1,"off":[0,1.1]}},{"type":"Feature","geometry":{"type":"Point","coordinates":[36.90841,-1.245058]},"properties":{"name":"Dandora Terminal","band":1,"modes":"bus","arr":["32D","36","41","42"],"off":[0,-0.8]}},{"type":"Feature","geometry":{"type":"Point","coordinates":[36.90841,-1.245058]},"properties":{"line":"32D","mode":"bus","color":"#0059a9","colorDark":"#00294f","band":1,"off":[-5.1,1.1]}},{"type":"Feature","geometry":{"type":"Point","coordinates":[36.90841,-1.245058]},"properties":{"line":"36","mode":"bus","color":"#0059a9","colorDark":"#00294f","band":1,"off":[-1.7,1.1]}},{"type":"Feature","geometry":{"type":"Point","coordinates":[36.90841,-1.245058]},"properties":{"line":"41","mode":"bus","color":"#0059a9","colorDark":"#00294f","band":1,"off":[1.7,1.1]}},{"type":"Feature","geometry":{"type":"Point","coordinates":[36.90841,-1.245058]},"properties":{"line":"42","mode":"bus","color":"#0059a9","colorDark":"#00294f","band":1,"off":[5.1,1.1]}},{"type":"Feature","geometry":{"type":"Point","coordinates":[36.912739,-1.298119]},"properties":{"name":"Baraka Estate","band":1,"modes":"bus","arr":["33B"],"off":[0,-0.8]}},{"type":"Feature","geometry":{"type":"Point","coordinates":[36.912739,-1.298119]},"properties":{"line":"33B","mode":"bus","color":"#0059a9","colorDark":"#00294f","band":1,"off":[0,1.1]}},{"type":"Feature","geometry":{"type":"Point","coordinates":[36.89333,-1.335837]},"properties":{"name":"Carbanas","band":1,"modes":"bus","arr":["33C","33DC","33H","33J"],"off":[0,-0.8]}},{"type":"Feature","geometry":{"type":"Point","coordinates":[36.89333,-1.335837]},"properties":{"name":"Cabanas","band":1,"modes":"bus","arr":["33C","33DC","33H","33J"],"off":[0,-1.9]}},{"type":"Feature","geometry":{"type":"Point","coordinates":[36.89333,-1.335837]},"properties":{"line":"33C","mode":"bus","color":"#0059a9","colorDark":"#00294f","band":1,"off":[-5.82,1.1]}},{"type":"Feature","geometry":{"type":"Point","coordinates":[36.89333,-1.335837]},"properties":{"line":"33DC","mode":"bus","color":"#0059a9","colorDark":"#00294f","band":1,"off":[-1.94,1.1]}},{"type":"Feature","geometry":{"type":"Point","coordinates":[36.89333,-1.335837]},"properties":{"line":"33H","mode":"bus","color":"#0059a9","colorDark":"#00294f","band":1,"off":[1.94,1.1]}},{"type":"Feature","geometry":{"type":"Point","coordinates":[36.89333,-1.335837]},"properties":{"line":"33J","mode":"bus","color":"#0059a9","colorDark":"#00294f","band":1,"off":[5.82,1.1]}},{"type":"Feature","geometry":{"type":"Point","coordinates":[36.89958,-1.323619]},"properties":{"name":"Taj Roundabout","band":1,"modes":"bus","arr":["33DP","33TP"],"off":[0,-0.8]}},{"type":"Feature","geometry":{"type":"Point","coordinates":[36.89958,-1.323619]},"properties":{"name":"Taj Mall Interchange","band":1,"modes":"bus","arr":["33DP","33TP"],"off":[0,-1.9]}},{"type":"Feature","geometry":{"type":"Point","coordinates":[36.89958,-1.323619]},"properties":{"name":"Rounda/Taj","band":1,"modes":"bus","arr":["33DP","33TP"],"off":[0,-4.1]}},{"type":"Feature","geometry":{"type":"Point","coordinates":[36.89958,-1.323619]},"properties":{"line":"33DP","mode":"bus","color":"#0059a9","colorDark":"#00294f","band":1,"off":[-1.94,1.1]}},{"type":"Feature","geometry":{"type":"Point","coordinates":[36.89958,-1.323619]},"properties":{"line":"33TP","mode":"bus","color":"#0059a9","colorDark":"#00294f","band":1,"off":[1.94,1.1]}},{"type":"Feature","geometry":{"type":"Point","coordinates":[36.887421,-1.299867]},"properties":{"name":"Donholm","band":1,"modes":"bus","arr":["33DC","70/71","1961Kd"],"off":[0,-0.8]}},{"type":"Feature","geometry":{"type":"Point","coordinates":[36.887421,-1.299867]},"properties":{"name":"Caltex","band":1,"modes":"bus","arr":["33DC","70/71","1961Kd"],"off":[0,-1.9]}},{"type":"Feature","geometry":{"type":"Point","coordinates":[36.887421,-1.299867]},"properties":{"line":"33DC","mode":"bus","color":"#0059a9","colorDark":"#00294f","band":1,"off":[-5.12,1.1]}},{"type":"Feature","geometry":{"type":"Point","coordinates":[36.887421,-1.299867]},"properties":{"line":"70/71","mode":"bus","color":"#0059a9","colorDark":"#00294f","band":1,"off":[0,1.1]}},{"type":"Feature","geometry":{"type":"Point","coordinates":[36.887421,-1.299867]},"properties":{"line":"1961Kd","mode":"bus","color":"#0059a9","colorDark":"#00294f","band":1,"off":[5.12,1.1]}},{"type":"Feature","geometry":{"type":"Point","coordinates":[36.911457,-1.308333]},"properties":{"name":"Posta Embakasi Village","band":1,"modes":"bus","arr":["33FED"],"off":[0,-0.8]}},{"type":"Feature","geometry":{"type":"Point","coordinates":[36.911457,-1.308333]},"properties":{"line":"33FED","mode":"bus","color":"#0059a9","colorDark":"#00294f","band":1,"off":[0,1.1]}},{"type":"Feature","geometry":{"type":"Point","coordinates":[36.903209,-1.308232]},"properties":{"name":"Gate B","band":1,"modes":"bus","arr":["33GTB"],"off":[0,-0.8]}},{"type":"Feature","geometry":{"type":"Point","coordinates":[36.903209,-1.308232]},"properties":{"line":"33GTB","mode":"bus","color":"#0059a9","colorDark":"#00294f","band":1,"off":[0,1.1]}},{"type":"Feature","geometry":{"type":"Point","coordinates":[36.982956,-1.264258]},"properties":{"name":"Ruai Bypass","band":1,"modes":"bus","arr":["33H","145B"],"off":[0,-0.8]}},{"type":"Feature","geometry":{"type":"Point","coordinates":[36.982956,-1.264258]},"properties":{"name":"By Pass","band":1,"modes":"bus","arr":["33H","145B"],"off":[0,-1.9]}},{"type":"Feature","geometry":{"type":"Point","coordinates":[36.982956,-1.264258]},"properties":{"line":"33H","mode":"bus","color":"#0059a9","colorDark":"#00294f","band":1,"off":[-1.94,1.1]}},{"type":"Feature","geometry":{"type":"Point","coordinates":[36.982956,-1.264258]},"properties":{"line":"145B","mode":"bus","color":"#0059a9","colorDark":"#00294f","band":1,"off":[1.94,1.1]}},{"type":"Feature","geometry":{"type":"Point","coordinates":[36.880822,-1.325233]},"properties":{"name":"Imara Daima","band":1,"modes":"bus","arr":["33IMR"],"off":[0,-0.8]}},{"type":"Feature","geometry":{"type":"Point","coordinates":[36.880822,-1.325233]},"properties":{"line":"33IMR","mode":"bus","color":"#0059a9","colorDark":"#00294f","band":1,"off":[0,1.1]}},{"type":"Feature","geometry":{"type":"Point","coordinates":[36.982453,-1.286501]},"properties":{"name":"Githunguri","band":1,"modes":"bus","arr":["33J"],"off":[0,-0.8]}},{"type":"Feature","geometry":{"type":"Point","coordinates":[36.982453,-1.286501]},"properties":{"line":"33J","mode":"bus","color":"#0059a9","colorDark":"#00294f","band":1,"off":[0,1.1]}},{"type":"Feature","geometry":{"type":"Point","coordinates":[36.888923,-1.324763]},"properties":{"name":"St. Bakhita","band":1,"modes":"bus","arr":["33MKR"],"off":[0,-0.8]}},{"type":"Feature","geometry":{"type":"Point","coordinates":[36.888923,-1.324763]},"properties":{"line":"33MKR","mode":"bus","color":"#0059a9","colorDark":"#00294f","band":1,"off":[0,1.1]}},{"type":"Feature","geometry":{"type":"Point","coordinates":[36.798895,-1.309865]},"properties":{"name":"Ngumo Market/Line Saba","band":1,"modes":"bus","arr":["33NG"],"off":[0,-0.8]}},{"type":"Feature","geometry":{"type":"Point","coordinates":[36.798895,-1.309865]},"properties":{"line":"33NG","mode":"bus","color":"#0059a9","colorDark":"#00294f","band":1,"off":[0,1.1]}},{"type":"Feature","geometry":{"type":"Point","coordinates":[36.835356,-1.311586]},"properties":{"name":"South B Stage","band":1,"modes":"bus","arr":["33SB"],"off":[0,-0.8]}},{"type":"Feature","geometry":{"type":"Point","coordinates":[36.835356,-1.311586]},"properties":{"line":"33SB","mode":"bus","color":"#0059a9","colorDark":"#00294f","band":1,"off":[0,1.1]}},{"type":"Feature","geometry":{"type":"Point","coordinates":[36.802907,-1.307646]},"properties":{"name":"Ngumo Stage","band":1,"modes":"bus","arr":["33SB"],"off":[0,-0.8]}},{"type":"Feature","geometry":{"type":"Point","coordinates":[36.802907,-1.307646]},"properties":{"line":"33SB","mode":"bus","color":"#0059a9","colorDark":"#00294f","band":1,"off":[0,1.1]}},{"type":"Feature","geometry":{"type":"Point","coordinates":[36.895241,-1.316533]},"properties":{"name":"Pipeline","band":1,"modes":"bus","arr":["33TP"],"off":[0,-0.8]}},{"type":"Feature","geometry":{"type":"Point","coordinates":[36.895241,-1.316533]},"properties":{"line":"33TP","mode":"bus","color":"#0059a9","colorDark":"#00294f","band":1,"off":[0,1.1]}},{"type":"Feature","geometry":{"type":"Point","coordinates":[36.988838,-1.284022]},"properties":{"name":"Utawala","band":1,"modes":"bus","arr":["33UTW"],"off":[0,-0.8]}},{"type":"Feature","geometry":{"type":"Point","coordinates":[36.988838,-1.284022]},"properties":{"line":"33UTW","mode":"bus","color":"#0059a9","colorDark":"#00294f","band":1,"off":[0,1.1]}},{"type":"Feature","geometry":{"type":"Point","coordinates":[36.904697,-1.287582]},"properties":{"name":"Jacaranda","band":1,"modes":"bus","arr":["34B"],"off":[0,-0.8]}},{"type":"Feature","geometry":{"type":"Point","coordinates":[36.904697,-1.287582]},"properties":{"line":"34B","mode":"bus","color":"#0059a9","colorDark":"#00294f","band":1,"off":[0,1.1]}},{"type":"Feature","geometry":{"type":"Point","coordinates":[36.924773,-1.329644]},"properties":{"name":"JKIA - Passenger Boarding","band":1,"modes":"bus","arr":["34J"],"off":[0,-0.8]}},{"type":"Feature","geometry":{"type":"Point","coordinates":[36.924773,-1.329644]},"properties":{"line":"34J","mode":"bus","color":"#0059a9","colorDark":"#00294f","band":1,"off":[0,1.1]}},{"type":"Feature","geometry":{"type":"Point","coordinates":[36.788991,-1.327248]},"properties":{"name":"OiLibya","band":1,"modes":"bus","arr":["34L"],"off":[0,-0.8]}},{"type":"Feature","geometry":{"type":"Point","coordinates":[36.788991,-1.327248]},"properties":{"line":"34L","mode":"bus","color":"#0059a9","colorDark":"#00294f","band":1,"off":[0,1.1]}},{"type":"Feature","geometry":{"type":"Point","coordinates":[36.887122,-1.28373]},"properties":{"name":"Umoja Market/ Cooperative Umoja/ Jasho Stage","band":1,"modes":"bus","arr":["35/60"],"off":[0,-0.8]}},{"type":"Feature","geometry":{"type":"Point","coordinates":[36.887122,-1.28373]},"properties":{"name":"Umoja 1 Market","band":1,"modes":"bus","arr":["35/60"],"off":[0,-4.1]}},{"type":"Feature","geometry":{"type":"Point","coordinates":[36.887122,-1.28373]},"properties":{"line":"35/60","mode":"bus","color":"#0059a9","colorDark":"#00294f","band":1,"off":[0,1.1]}},{"type":"Feature","geometry":{"type":"Point","coordinates":[36.841876,-1.292815]},"properties":{"name":"City Stadium/Lusaka Road Junction","band":1,"modes":"bus","arr":["36","405"],"off":[0,-0.8]}},{"type":"Feature","geometry":{"type":"Point","coordinates":[36.841876,-1.292815]},"properties":{"name":"City Stadium","band":1,"modes":"bus","arr":["36","405"],"off":[0,-3]}},{"type":"Feature","geometry":{"type":"Point","coordinates":[36.841876,-1.292815]},"properties":{"line":"36","mode":"bus","color":"#0059a9","colorDark":"#00294f","band":1,"off":[-1.7,1.1]}},{"type":"Feature","geometry":{"type":"Point","coordinates":[36.841876,-1.292815]},"properties":{"line":"405","mode":"bus","color":"#0059a9","colorDark":"#00294f","band":1,"off":[1.7,1.1]}},{"type":"Feature","geometry":{"type":"Point","coordinates":[36.995751,-1.270555]},"properties":{"name":"Quickmart","band":1,"modes":"bus","arr":["38/39","3738"],"off":[0,-0.8]}},{"type":"Feature","geometry":{"type":"Point","coordinates":[36.995751,-1.270555]},"properties":{"name":"Dune","band":1,"modes":"bus","arr":["38/39","3738"],"off":[0,-1.9]}},{"type":"Feature","geometry":{"type":"Point","coordinates":[36.995751,-1.270555]},"properties":{"line":"38/39","mode":"bus","color":"#0059a9","colorDark":"#00294f","band":1,"off":[-2.25,1.1]}},{"type":"Feature","geometry":{"type":"Point","coordinates":[36.995751,-1.270555]},"properties":{"line":"3738","mode":"bus","color":"#0059a9","colorDark":"#00294f","band":1,"off":[2.25,1.1]}},{"type":"Feature","geometry":{"type":"Point","coordinates":[36.912476,-1.259519]},"properties":{"name":"Saika","band":1,"modes":"bus","arr":["39SK"],"off":[0,-0.8]}},{"type":"Feature","geometry":{"type":"Point","coordinates":[36.912476,-1.259519]},"properties":{"line":"39SK","mode":"bus","color":"#0059a9","colorDark":"#00294f","band":1,"off":[0,1.1]}},{"type":"Feature","geometry":{"type":"Point","coordinates":[36.958321,-1.165136]},"properties":{"name":"Super Highway","band":1,"modes":"bus","arr":["0039","145D"],"off":[0,-0.8]}},{"type":"Feature","geometry":{"type":"Point","coordinates":[36.958321,-1.165136]},"properties":{"line":"0039","mode":"bus","color":"#0059a9","colorDark":"#00294f","band":1,"off":[-1.94,1.1]}},{"type":"Feature","geometry":{"type":"Point","coordinates":[36.958321,-1.165136]},"properties":{"line":"145D","mode":"bus","color":"#0059a9","colorDark":"#00294f","band":1,"off":[1.94,1.1]}},{"type":"Feature","geometry":{"type":"Point","coordinates":[36.894914,-1.327186]},"properties":{"name":"Transami","band":1,"modes":"bus","arr":["0039"],"off":[0,-0.8]}},{"type":"Feature","geometry":{"type":"Point","coordinates":[36.894914,-1.327186]},"properties":{"line":"0039","mode":"bus","color":"#0059a9","colorDark":"#00294f","band":1,"off":[0,1.1]}},{"type":"Feature","geometry":{"type":"Point","coordinates":[36.890379,-1.330001]},"properties":{"name":"Cabanas","band":1,"modes":"bus","arr":["0039"],"off":[0,-0.8]}},{"type":"Feature","geometry":{"type":"Point","coordinates":[36.890379,-1.330001]},"properties":{"line":"0039","mode":"bus","color":"#0059a9","colorDark":"#00294f","band":1,"off":[0,1.1]}},{"type":"Feature","geometry":{"type":"Point","coordinates":[36.867846,-1.24516]},"properties":{"name":"Allsops","band":1,"modes":"bus","arr":["42","2030"],"off":[0,-0.8]}},{"type":"Feature","geometry":{"type":"Point","coordinates":[36.867846,-1.24516]},"properties":{"line":"42","mode":"bus","color":"#0059a9","colorDark":"#00294f","band":1,"off":[-1.94,1.1]}},{"type":"Feature","geometry":{"type":"Point","coordinates":[36.867846,-1.24516]},"properties":{"line":"2030","mode":"bus","color":"#0059a9","colorDark":"#00294f","band":1,"off":[1.94,1.1]}},{"type":"Feature","geometry":{"type":"Point","coordinates":[36.884501,-1.233753]},"properties":{"name":"Ngumba Terminal","band":1,"modes":"bus","arr":["43"],"off":[0,-0.8]}},{"type":"Feature","geometry":{"type":"Point","coordinates":[36.884501,-1.233753]},"properties":{"line":"43","mode":"bus","color":"#0059a9","colorDark":"#00294f","band":1,"off":[0,1.1]}},{"type":"Feature","geometry":{"type":"Point","coordinates":[36.937834,-1.181993]},"properties":{"name":"KU","band":1,"modes":"bus","arr":["44G","44K","44Z","45K"],"off":[0,-0.8]}},{"type":"Feature","geometry":{"type":"Point","coordinates":[36.937834,-1.181993]},"properties":{"line":"44G","mode":"bus","color":"#0059a9","colorDark":"#00294f","band":1,"off":[-5.1,1.1]}},{"type":"Feature","geometry":{"type":"Point","coordinates":[36.937834,-1.181993]},"properties":{"line":"44K","mode":"bus","color":"#0059a9","colorDark":"#00294f","band":1,"off":[-1.7,1.1]}},{"type":"Feature","geometry":{"type":"Point","coordinates":[36.937834,-1.181993]},"properties":{"line":"44Z","mode":"bus","color":"#0059a9","colorDark":"#00294f","band":1,"off":[1.7,1.1]}},{"type":"Feature","geometry":{"type":"Point","coordinates":[36.937834,-1.181993]},"properties":{"line":"45K","mode":"bus","color":"#0059a9","colorDark":"#00294f","band":1,"off":[5.1,1.1]}},{"type":"Feature","geometry":{"type":"Point","coordinates":[36.894243,-1.217085]},"properties":{"name":"Roysambu Terminus","band":1,"modes":"bus","arr":["44K"],"off":[0,-0.8]}},{"type":"Feature","geometry":{"type":"Point","coordinates":[36.894243,-1.217085]},"properties":{"name":"Roysambu Footbridge","band":1,"modes":"bus","arr":["44K"],"off":[0,-1.9]}},{"type":"Feature","geometry":{"type":"Point","coordinates":[36.894243,-1.217085]},"properties":{"line":"44K","mode":"bus","color":"#0059a9","colorDark":"#00294f","band":1,"off":[0,1.1]}},{"type":"Feature","geometry":{"type":"Point","coordinates":[36.917728,-1.204875]},"properties":{"name":"Githurai","band":1,"modes":"bus","arr":["45G","45P"],"off":[0,-0.8]}},{"type":"Feature","geometry":{"type":"Point","coordinates":[36.917728,-1.204875]},"properties":{"line":"45G","mode":"bus","color":"#0059a9","colorDark":"#00294f","band":1,"off":[-1.7,1.1]}},{"type":"Feature","geometry":{"type":"Point","coordinates":[36.917728,-1.204875]},"properties":{"line":"45P","mode":"bus","color":"#0059a9","colorDark":"#00294f","band":1,"off":[1.7,1.1]}},{"type":"Feature","geometry":{"type":"Point","coordinates":[36.928236,-1.209057]},"properties":{"name":"Proggie","band":1,"modes":"bus","arr":["45P"],"off":[0,-0.8]}},{"type":"Feature","geometry":{"type":"Point","coordinates":[36.928236,-1.209057]},"properties":{"line":"45P","mode":"bus","color":"#0059a9","colorDark":"#00294f","band":1,"off":[0,1.1]}},{"type":"Feature","geometry":{"type":"Point","coordinates":[36.742095,-1.284563]},"properties":{"name":"Kawangware Mwisho","band":1,"modes":"bus","arr":["46K","046P"],"off":[0,-0.8]}},{"type":"Feature","geometry":{"type":"Point","coordinates":[36.742095,-1.284563]},"properties":{"name":"Bus Track Yard","band":1,"modes":"bus","arr":["46K","046P"],"off":[0,-1.9]}},{"type":"Feature","geometry":{"type":"Point","coordinates":[36.742095,-1.284563]},"properties":{"line":"46K","mode":"bus","color":"#0059a9","colorDark":"#00294f","band":1,"off":[-1.94,1.1]}},{"type":"Feature","geometry":{"type":"Point","coordinates":[36.742095,-1.284563]},"properties":{"line":"046P","mode":"bus","color":"#0059a9","colorDark":"#00294f","band":1,"off":[1.94,1.1]}},{"type":"Feature","geometry":{"type":"Point","coordinates":[36.753132,-1.289306]},"properties":{"name":"Congo","band":1,"modes":"bus","arr":["48K"],"off":[0,-0.8]}},{"type":"Feature","geometry":{"type":"Point","coordinates":[36.753132,-1.289306]},"properties":{"line":"48K","mode":"bus","color":"#0059a9","colorDark":"#00294f","band":1,"off":[0,1.1]}},{"type":"Feature","geometry":{"type":"Point","coordinates":[36.787625,-1.292307]},"properties":{"name":"Yaya","band":1,"modes":"bus","arr":["46Y","0048","48C"],"off":[0,-0.8]}},{"type":"Feature","geometry":{"type":"Point","coordinates":[36.787625,-1.292307]},"properties":{"line":"46Y","mode":"bus","color":"#0059a9","colorDark":"#00294f","band":1,"off":[-3.88,1.1]}},{"type":"Feature","geometry":{"type":"Point","coordinates":[36.787625,-1.292307]},"properties":{"line":"0048","mode":"bus","color":"#0059a9","colorDark":"#00294f","band":1,"off":[0,1.1]}},{"type":"Feature","geometry":{"type":"Point","coordinates":[36.787625,-1.292307]},"properties":{"line":"48C","mode":"bus","color":"#0059a9","colorDark":"#00294f","band":1,"off":[3.88,1.1]}},{"type":"Feature","geometry":{"type":"Point","coordinates":[36.800856,-1.265651]},"properties":{"name":"Parklands Baptist/Westlands","band":1,"modes":"bus","arr":["0048"],"off":[0,-0.8]}},{"type":"Feature","geometry":{"type":"Point","coordinates":[36.800856,-1.265651]},"properties":{"line":"0048","mode":"bus","color":"#0059a9","colorDark":"#00294f","band":1,"off":[0,1.1]}},{"type":"Feature","geometry":{"type":"Point","coordinates":[36.769086,-1.280146]},"properties":{"name":"Lavington Shopping Centre/ Shell","band":1,"modes":"bus","arr":["48A"],"off":[0,-0.8]}},{"type":"Feature","geometry":{"type":"Point","coordinates":[36.769086,-1.280146]},"properties":{"line":"48A","mode":"bus","color":"#0059a9","colorDark":"#00294f","band":1,"off":[0,1.1]}},{"type":"Feature","geometry":{"type":"Point","coordinates":[36.773019,-1.288554]},"properties":{"name":"Othaya Road Stage","band":1,"modes":"bus","arr":["48B","48O"],"off":[0,-0.8]}},{"type":"Feature","geometry":{"type":"Point","coordinates":[36.773019,-1.288554]},"properties":{"name":"Othaya Road","band":1,"modes":"bus","arr":["48B","48O"],"off":[0,-1.9]}},{"type":"Feature","geometry":{"type":"Point","coordinates":[36.773019,-1.288554]},"properties":{"line":"48B","mode":"bus","color":"#0059a9","colorDark":"#00294f","band":1,"off":[-1.7,1.1]}},{"type":"Feature","geometry":{"type":"Point","coordinates":[36.773019,-1.288554]},"properties":{"line":"48O","mode":"bus","color":"#0059a9","colorDark":"#00294f","band":1,"off":[1.7,1.1]}},{"type":"Feature","geometry":{"type":"Point","coordinates":[36.920806,-1.22951]},"properties":{"name":"Sunton","band":1,"modes":"bus","arr":["49"],"off":[0,-0.8]}},{"type":"Feature","geometry":{"type":"Point","coordinates":[36.920806,-1.22951]},"properties":{"line":"49","mode":"bus","color":"#0059a9","colorDark":"#00294f","band":1,"off":[0,1.1]}},{"type":"Feature","geometry":{"type":"Point","coordinates":[36.874347,-1.211146]},"properties":{"name":"Marurui","band":1,"modes":"bus","arr":["53"],"off":[0,-0.8]}},{"type":"Feature","geometry":{"type":"Point","coordinates":[36.874347,-1.211146]},"properties":{"line":"53","mode":"bus","color":"#0059a9","colorDark":"#00294f","band":1,"off":[0,1.1]}},{"type":"Feature","geometry":{"type":"Point","coordinates":[36.872844,-1.23348]},"properties":{"name":"Roasters","band":1,"modes":"bus","arr":["53"],"off":[0,-0.8]}},{"type":"Feature","geometry":{"type":"Point","coordinates":[36.872844,-1.23348]},"properties":{"line":"53","mode":"bus","color":"#0059a9","colorDark":"#00294f","band":1,"off":[0,1.1]}},{"type":"Feature","geometry":{"type":"Point","coordinates":[36.750878,-1.27856]},"properties":{"name":"Kanungaga","band":1,"modes":"bus","arr":["56"],"off":[0,-0.8]}},{"type":"Feature","geometry":{"type":"Point","coordinates":[36.750878,-1.27856]},"properties":{"line":"56","mode":"bus","color":"#0059a9","colorDark":"#00294f","band":1,"off":[0,1.1]}},{"type":"Feature","geometry":{"type":"Point","coordinates":[36.870264,-1.328396]},"properties":{"name":"GM Town","band":1,"modes":"bus","arr":["69"],"off":[0,-0.8]}},{"type":"Feature","geometry":{"type":"Point","coordinates":[36.870264,-1.328396]},"properties":{"line":"69","mode":"bus","color":"#0059a9","colorDark":"#00294f","band":1,"off":[0,1.1]}},{"type":"Feature","geometry":{"type":"Point","coordinates":[36.828499,-1.169696]},"properties":{"name":"Kiambu Hospital","band":1,"modes":"bus","arr":["100","100A"],"off":[0,-0.8]}},{"type":"Feature","geometry":{"type":"Point","coordinates":[36.828499,-1.169696]},"properties":{"name":"Kiambu Bus Terminus","band":1,"modes":"bus","arr":["100","100A"],"off":[0,-1.9]}},{"type":"Feature","geometry":{"type":"Point","coordinates":[36.828499,-1.169696]},"properties":{"line":"100","mode":"bus","color":"#0059a9","colorDark":"#00294f","band":1,"off":[-1.94,1.1]}},{"type":"Feature","geometry":{"type":"Point","coordinates":[36.828499,-1.169696]},"properties":{"line":"100A","mode":"bus","color":"#0059a9","colorDark":"#00294f","band":1,"off":[1.94,1.1]}},{"type":"Feature","geometry":{"type":"Point","coordinates":[36.665001,-1.246604]},"properties":{"name":"Kikuyu Terminus","band":1,"modes":"bus","arr":["102","105","129"],"off":[0,-0.8]}},{"type":"Feature","geometry":{"type":"Point","coordinates":[36.665001,-1.246604]},"properties":{"name":"Kikuyu","band":1,"modes":"bus","arr":["102","105","129"],"off":[0,-1.9]}},{"type":"Feature","geometry":{"type":"Point","coordinates":[36.665001,-1.246604]},"properties":{"line":"102","mode":"bus","color":"#0059a9","colorDark":"#00294f","band":1,"off":[-3.4,1.1]}},{"type":"Feature","geometry":{"type":"Point","coordinates":[36.665001,-1.246604]},"properties":{"line":"105","mode":"bus","color":"#0059a9","colorDark":"#00294f","band":1,"off":[0,1.1]}},{"type":"Feature","geometry":{"type":"Point","coordinates":[36.665001,-1.246604]},"properties":{"line":"129","mode":"bus","color":"#0059a9","colorDark":"#00294f","band":1,"off":[3.4,1.1]}},{"type":"Feature","geometry":{"type":"Point","coordinates":[36.712476,-1.219187]},"properties":{"name":"Wangige Terminus","band":1,"modes":"bus","arr":["103","118","119","129"],"off":[0,-0.8]}},{"type":"Feature","geometry":{"type":"Point","coordinates":[36.712476,-1.219187]},"properties":{"name":"Wangige Stage","band":1,"modes":"bus","arr":["103","118","119","129"],"off":[0,-1.9]}},{"type":"Feature","geometry":{"type":"Point","coordinates":[36.712476,-1.219187]},"properties":{"name":"Wangige Bus Terminus","band":1,"modes":"bus","arr":["103","118","119","129"],"off":[0,-3]}},{"type":"Feature","geometry":{"type":"Point","coordinates":[36.712476,-1.219187]},"properties":{"line":"103","mode":"bus","color":"#0059a9","colorDark":"#00294f","band":1,"off":[-5.1,1.1]}},{"type":"Feature","geometry":{"type":"Point","coordinates":[36.712476,-1.219187]},"properties":{"line":"118","mode":"bus","color":"#0059a9","colorDark":"#00294f","band":1,"off":[-1.7,1.1]}},{"type":"Feature","geometry":{"type":"Point","coordinates":[36.712476,-1.219187]},"properties":{"line":"119","mode":"bus","color":"#0059a9","colorDark":"#00294f","band":1,"off":[1.7,1.1]}},{"type":"Feature","geometry":{"type":"Point","coordinates":[36.712476,-1.219187]},"properties":{"line":"129","mode":"bus","color":"#0059a9","colorDark":"#00294f","band":1,"off":[5.1,1.1]}},{"type":"Feature","geometry":{"type":"Point","coordinates":[36.758889,-1.174195]},"properties":{"name":"Banana Terminus","band":1,"modes":"bus","arr":["106"],"off":[0,-0.8]}},{"type":"Feature","geometry":{"type":"Point","coordinates":[36.758889,-1.174195]},"properties":{"line":"106","mode":"bus","color":"#0059a9","colorDark":"#00294f","band":1,"off":[0,1.1]}},{"type":"Feature","geometry":{"type":"Point","coordinates":[36.732023,-1.194256]},"properties":{"name":"Karura Stage","band":1,"modes":"bus","arr":["107"],"off":[0,-0.8]}},{"type":"Feature","geometry":{"type":"Point","coordinates":[36.732023,-1.194256]},"properties":{"name":"Karura Mwisho","band":1,"modes":"bus","arr":["107"],"off":[0,-1.9]}},{"type":"Feature","geometry":{"type":"Point","coordinates":[36.732023,-1.194256]},"properties":{"line":"107","mode":"bus","color":"#0059a9","colorDark":"#00294f","band":1,"off":[0,1.1]}},{"type":"Feature","geometry":{"type":"Point","coordinates":[36.959494,-1.14763]},"properties":{"name":"Ruiru","band":1,"modes":"bus","arr":["107D","145","145B","145D"],"off":[0,-0.8]}},{"type":"Feature","geometry":{"type":"Point","coordinates":[36.959494,-1.14763]},"properties":{"line":"107D","mode":"bus","color":"#0059a9","colorDark":"#00294f","band":1,"off":[-5.82,1.1]}},{"type":"Feature","geometry":{"type":"Point","coordinates":[36.959494,-1.14763]},"properties":{"line":"145","mode":"bus","color":"#0059a9","colorDark":"#00294f","band":1,"off":[-1.94,1.1]}},{"type":"Feature","geometry":{"type":"Point","coordinates":[36.959494,-1.14763]},"properties":{"line":"145B","mode":"bus","color":"#0059a9","colorDark":"#00294f","band":1,"off":[1.94,1.1]}},{"type":"Feature","geometry":{"type":"Point","coordinates":[36.959494,-1.14763]},"properties":{"line":"145D","mode":"bus","color":"#0059a9","colorDark":"#00294f","band":1,"off":[5.82,1.1]}},{"type":"Feature","geometry":{"type":"Point","coordinates":[36.766701,-1.219599]},"properties":{"name":"Gasolina/Gichagi Mwisho","band":1,"modes":"bus","arr":["108"],"off":[0,-0.8]}},{"type":"Feature","geometry":{"type":"Point","coordinates":[36.766701,-1.219599]},"properties":{"line":"108","mode":"bus","color":"#0059a9","colorDark":"#00294f","band":1,"off":[0,1.1]}},{"type":"Feature","geometry":{"type":"Point","coordinates":[36.957867,-1.477164]},"properties":{"name":"Kitengela","band":1,"modes":"bus","arr":["110","110AK"],"off":[0,-0.8]}},{"type":"Feature","geometry":{"type":"Point","coordinates":[36.957867,-1.477164]},"properties":{"line":"110","mode":"bus","color":"#0059a9","colorDark":"#00294f","band":1,"off":[-2.25,1.1]}},{"type":"Feature","geometry":{"type":"Point","coordinates":[36.957867,-1.477164]},"properties":{"line":"110AK","mode":"bus","color":"#0059a9","colorDark":"#00294f","band":1,"off":[2.25,1.1]}},{"type":"Feature","geometry":{"type":"Point","coordinates":[36.828675,-1.290203]},"properties":{"name":"Easy Coach/Uchumi","band":1,"modes":"bus","arr":["110","110ATH"],"off":[0,-0.8]}},{"type":"Feature","geometry":{"type":"Point","coordinates":[36.828675,-1.290203]},"properties":{"line":"110","mode":"bus","color":"#0059a9","colorDark":"#00294f","band":1,"off":[-2.56,1.1]}},{"type":"Feature","geometry":{"type":"Point","coordinates":[36.828675,-1.290203]},"properties":{"line":"110ATH","mode":"bus","color":"#0059a9","colorDark":"#00294f","band":1,"off":[2.56,1.1]}},{"type":"Feature","geometry":{"type":"Point","coordinates":[36.989409,-1.444129]},"properties":{"name":"Devki","band":1,"modes":"bus","arr":["110AK"],"off":[0,-0.8]}},{"type":"Feature","geometry":{"type":"Point","coordinates":[36.989409,-1.444129]},"properties":{"line":"110AK","mode":"bus","color":"#0059a9","colorDark":"#00294f","band":1,"off":[0,1.1]}},{"type":"Feature","geometry":{"type":"Point","coordinates":[36.974515,-1.45725]},"properties":{"name":"Makadara","band":1,"modes":"bus","arr":["110ATH"],"off":[0,-0.8]}},{"type":"Feature","geometry":{"type":"Point","coordinates":[36.974515,-1.45725]},"properties":{"line":"110ATH","mode":"bus","color":"#0059a9","colorDark":"#00294f","band":1,"off":[0,1.1]}},{"type":"Feature","geometry":{"type":"Point","coordinates":[36.655952,-1.36062]},"properties":{"name":"Ngong Bus Terminus","band":1,"modes":"bus","arr":["111","126N"],"off":[0,-0.8]}},{"type":"Feature","geometry":{"type":"Point","coordinates":[36.655952,-1.36062]},"properties":{"name":"Ngong Bus Terminal","band":1,"modes":"bus","arr":["111","126N"],"off":[0,-1.9]}},{"type":"Feature","geometry":{"type":"Point","coordinates":[36.655952,-1.36062]},"properties":{"line":"111","mode":"bus","color":"#0059a9","colorDark":"#00294f","band":1,"off":[-1.94,1.1]}},{"type":"Feature","geometry":{"type":"Point","coordinates":[36.655952,-1.36062]},"properties":{"line":"126N","mode":"bus","color":"#0059a9","colorDark":"#00294f","band":1,"off":[1.94,1.1]}},{"type":"Feature","geometry":{"type":"Point","coordinates":[36.643373,-1.108241]},"properties":{"name":"Limuru Town Terminal","band":1,"modes":"bus","arr":["114R","114W","115","116","135"],"off":[0,-0.8]}},{"type":"Feature","geometry":{"type":"Point","coordinates":[36.643373,-1.108241]},"properties":{"name":"Limuru Terminus","band":1,"modes":"bus","arr":["114R","114W","115","116","135"],"off":[0,-3]}},{"type":"Feature","geometry":{"type":"Point","coordinates":[36.643373,-1.108241]},"properties":{"line":"114R","mode":"bus","color":"#0059a9","colorDark":"#00294f","band":1,"off":[-5.82,1.1]}},{"type":"Feature","geometry":{"type":"Point","coordinates":[36.643373,-1.108241]},"properties":{"line":"114W","mode":"bus","color":"#0059a9","colorDark":"#00294f","band":1,"off":[-1.94,1.1]}},{"type":"Feature","geometry":{"type":"Point","coordinates":[36.643373,-1.108241]},"properties":{"line":"115","mode":"bus","color":"#0059a9","colorDark":"#00294f","band":1,"off":[1.94,1.1]}},{"type":"Feature","geometry":{"type":"Point","coordinates":[36.643373,-1.108241]},"properties":{"line":"116","mode":"bus","color":"#0059a9","colorDark":"#00294f","band":1,"off":[5.82,1.1]}},{"type":"Feature","geometry":{"type":"Point","coordinates":[36.643373,-1.108241]},"properties":{"line":"135","mode":"bus","color":"#0059a9","colorDark":"#00294f","band":1,"off":[0,3.1]}},{"type":"Feature","geometry":{"type":"Point","coordinates":[36.738748,-1.219083]},"properties":{"name":"Gathiga Mwisho","band":1,"modes":"bus","arr":["119A"],"off":[0,-0.8]}},{"type":"Feature","geometry":{"type":"Point","coordinates":[36.738748,-1.219083]},"properties":{"name":"Gathiga","band":1,"modes":"bus","arr":["119A"],"off":[0,-1.9]}},{"type":"Feature","geometry":{"type":"Point","coordinates":[36.738748,-1.219083]},"properties":{"line":"119A","mode":"bus","color":"#0059a9","colorDark":"#00294f","band":1,"off":[0,1.1]}},{"type":"Feature","geometry":{"type":"Point","coordinates":[36.778928,-1.056698]},"properties":{"name":"Githunguri Terminal","band":1,"modes":"bus","arr":["120"],"off":[0,-0.8]}},{"type":"Feature","geometry":{"type":"Point","coordinates":[36.778928,-1.056698]},"properties":{"line":"120","mode":"bus","color":"#0059a9","colorDark":"#00294f","band":1,"off":[0,1.1]}},{"type":"Feature","geometry":{"type":"Point","coordinates":[36.805551,-1.151597]},"properties":{"name":"Ndumberi","band":1,"modes":"bus","arr":["121"],"off":[0,-0.8]}},{"type":"Feature","geometry":{"type":"Point","coordinates":[36.805551,-1.151597]},"properties":{"line":"121","mode":"bus","color":"#0059a9","colorDark":"#00294f","band":1,"off":[0,1.1]}},{"type":"Feature","geometry":{"type":"Point","coordinates":[36.74959,-1.396584]},"properties":{"name":"Kware","band":1,"modes":"bus","arr":["125"],"off":[0,-0.8]}},{"type":"Feature","geometry":{"type":"Point","coordinates":[36.74959,-1.396584]},"properties":{"line":"125","mode":"bus","color":"#0059a9","colorDark":"#00294f","band":1,"off":[0,1.1]}},{"type":"Feature","geometry":{"type":"Point","coordinates":[36.686248,-1.429617]},"properties":{"name":"Kiserian Terminus","band":1,"modes":"bus","arr":["126","126N","126RK"],"off":[0,-0.8]}},{"type":"Feature","geometry":{"type":"Point","coordinates":[36.686248,-1.429617]},"properties":{"name":"Kiserian","band":1,"modes":"bus","arr":["126","126N","126RK"],"off":[0,-1.9]}},{"type":"Feature","geometry":{"type":"Point","coordinates":[36.686248,-1.429617]},"properties":{"name":"Kiserain Nairobi Bus Stop","band":1,"modes":"bus","arr":["126","126N","126RK"],"off":[0,-3]}},{"type":"Feature","geometry":{"type":"Point","coordinates":[36.686248,-1.429617]},"properties":{"line":"126","mode":"bus","color":"#0059a9","colorDark":"#00294f","band":1,"off":[-4.5,1.1]}},{"type":"Feature","geometry":{"type":"Point","coordinates":[36.686248,-1.429617]},"properties":{"line":"126N","mode":"bus","color":"#0059a9","colorDark":"#00294f","band":1,"off":[0,1.1]}},{"type":"Feature","geometry":{"type":"Point","coordinates":[36.686248,-1.429617]},"properties":{"line":"126RK","mode":"bus","color":"#0059a9","colorDark":"#00294f","band":1,"off":[4.5,1.1]}},{"type":"Feature","geometry":{"type":"Point","coordinates":[36.759814,-1.397054]},"properties":{"name":"Soronik Road","band":1,"modes":"bus","arr":["126RK"],"off":[0,-0.8]}},{"type":"Feature","geometry":{"type":"Point","coordinates":[36.759814,-1.397054]},"properties":{"line":"126RK","mode":"bus","color":"#0059a9","colorDark":"#00294f","band":1,"off":[0,1.1]}},{"type":"Feature","geometry":{"type":"Point","coordinates":[36.754172,-1.397064]},"properties":{"name":"Tuskys","band":1,"modes":"bus","arr":["126RK"],"off":[0,-0.8]}},{"type":"Feature","geometry":{"type":"Point","coordinates":[36.754172,-1.397064]},"properties":{"line":"126RK","mode":"bus","color":"#0059a9","colorDark":"#00294f","band":1,"off":[0,1.1]}},{"type":"Feature","geometry":{"type":"Point","coordinates":[36.830461,-1.28064]},"properties":{"name":"Town Terminal","band":1,"modes":"bus","arr":["135","237","1960","1961K"],"off":[0,-0.8]}},{"type":"Feature","geometry":{"type":"Point","coordinates":[36.830461,-1.28064]},"properties":{"name":"Ladhies Road/OTC","band":1,"modes":"bus","arr":["135","237","1960","1961K"],"off":[0,-1.9]}},{"type":"Feature","geometry":{"type":"Point","coordinates":[36.830461,-1.28064]},"properties":{"name":"Kaka Terminal","band":1,"modes":"bus","arr":["135","237","1960","1961K"],"off":[0,-3]}},{"type":"Feature","geometry":{"type":"Point","coordinates":[36.830461,-1.28064]},"properties":{"line":"135","mode":"bus","color":"#0059a9","colorDark":"#00294f","band":1,"off":[-6.75,1.1]}},{"type":"Feature","geometry":{"type":"Point","coordinates":[36.830461,-1.28064]},"properties":{"line":"237","mode":"bus","color":"#0059a9","colorDark":"#00294f","band":1,"off":[-2.25,1.1]}},{"type":"Feature","geometry":{"type":"Point","coordinates":[36.830461,-1.28064]},"properties":{"line":"1960","mode":"bus","color":"#0059a9","colorDark":"#00294f","band":1,"off":[2.25,1.1]}},{"type":"Feature","geometry":{"type":"Point","coordinates":[36.830461,-1.28064]},"properties":{"line":"1961K","mode":"bus","color":"#0059a9","colorDark":"#00294f","band":1,"off":[6.75,1.1]}},{"type":"Feature","geometry":{"type":"Point","coordinates":[37.076425,-1.035447]},"properties":{"name":"Thika Town","band":1,"modes":"bus","arr":["237"],"off":[0,-0.8]}},{"type":"Feature","geometry":{"type":"Point","coordinates":[37.076425,-1.035447]},"properties":{"line":"237","mode":"bus","color":"#0059a9","colorDark":"#00294f","band":1,"off":[0,1.1]}},{"type":"Feature","geometry":{"type":"Point","coordinates":[36.827787,-1.306018]},"properties":{"name":"Baricho Road Terminus","band":1,"modes":"bus","arr":["405"],"off":[0,-0.8]}},{"type":"Feature","geometry":{"type":"Point","coordinates":[36.827787,-1.306018]},"properties":{"line":"405","mode":"bus","color":"#0059a9","colorDark":"#00294f","band":1,"off":[0,1.1]}},{"type":"Feature","geometry":{"type":"Point","coordinates":[36.919441,-1.26334]},"properties":{"name":"Kayole One","band":1,"modes":"bus","arr":["1961K"],"off":[0,-0.8]}},{"type":"Feature","geometry":{"type":"Point","coordinates":[36.919441,-1.26334]},"properties":{"line":"1961K","mode":"bus","color":"#0059a9","colorDark":"#00294f","band":1,"off":[0,1.1]}},{"type":"Feature","geometry":{"type":"Point","coordinates":[36.898154,-1.279273]},"properties":{"name":"Umoja 2 Terminus","band":1,"modes":"bus","arr":["3560"],"off":[0,-0.8]}},{"type":"Feature","geometry":{"type":"Point","coordinates":[36.898154,-1.279273]},"properties":{"line":"3560","mode":"bus","color":"#0059a9","colorDark":"#00294f","band":1,"off":[0,1.1]}},{"type":"Feature","geometry":{"type":"Point","coordinates":[36.686323,-1.28772]},"properties":{"name":"Dagoretti Market","band":2,"modes":"bus","arr":["1","2"],"off":[0,-0.8]}},{"type":"Feature","geometry":{"type":"Point","coordinates":[36.686323,-1.28772]},"properties":{"line":"1","mode":"bus","color":"#0059a9","colorDark":"#00294f","band":2,"off":[-1.7,1.1]}},{"type":"Feature","geometry":{"type":"Point","coordinates":[36.686323,-1.28772]},"properties":{"line":"2","mode":"bus","color":"#0059a9","colorDark":"#00294f","band":2,"off":[1.7,1.1]}},{"type":"Feature","geometry":{"type":"Point","coordinates":[36.707288,-1.321339]},"properties":{"name":"Karen/The Hub","band":2,"modes":"bus","arr":["1","24","24BK"],"off":[0,-0.8]}},{"type":"Feature","geometry":{"type":"Point","coordinates":[36.707288,-1.321339]},"properties":{"name":"Karen/Shell","band":2,"modes":"bus","arr":["1","24","24BK"],"off":[0,-1.9]}},{"type":"Feature","geometry":{"type":"Point","coordinates":[36.707288,-1.321339]},"properties":{"name":"Karen","band":2,"modes":"bus","arr":["1","24","24BK"],"off":[0,-3]}},{"type":"Feature","geometry":{"type":"Point","coordinates":[36.707288,-1.321339]},"properties":{"line":"1","mode":"bus","color":"#0059a9","colorDark":"#00294f","band":2,"off":[-3.88,1.1]}},{"type":"Feature","geometry":{"type":"Point","coordinates":[36.707288,-1.321339]},"properties":{"line":"24","mode":"bus","color":"#0059a9","colorDark":"#00294f","band":2,"off":[0,1.1]}},{"type":"Feature","geometry":{"type":"Point","coordinates":[36.707288,-1.321339]},"properties":{"line":"24BK","mode":"bus","color":"#0059a9","colorDark":"#00294f","band":2,"off":[3.88,1.1]}},{"type":"Feature","geometry":{"type":"Point","coordinates":[36.759607,-1.298414]},"properties":{"name":"Kenol Dagoretti Corner","band":2,"modes":"bus","arr":["3U/3","103"],"off":[0,-0.8]}},{"type":"Feature","geometry":{"type":"Point","coordinates":[36.759607,-1.298414]},"properties":{"name":"Dagoretti Corner Stage","band":2,"modes":"bus","arr":["3U/3","103"],"off":[0,-3]}},{"type":"Feature","geometry":{"type":"Point","coordinates":[36.759607,-1.298414]},"properties":{"line":"3U/3","mode":"bus","color":"#0059a9","colorDark":"#00294f","band":2,"off":[-1.94,1.1]}},{"type":"Feature","geometry":{"type":"Point","coordinates":[36.759607,-1.298414]},"properties":{"line":"103","mode":"bus","color":"#0059a9","colorDark":"#00294f","band":2,"off":[1.94,1.1]}},{"type":"Feature","geometry":{"type":"Point","coordinates":[36.804166,-1.29764]},"properties":{"name":"Kenyatta National Hospital","band":2,"modes":"bus","arr":["34L"],"off":[0,-0.8]}},{"type":"Feature","geometry":{"type":"Point","coordinates":[36.804166,-1.29764]},"properties":{"line":"34L","mode":"bus","color":"#0059a9","colorDark":"#00294f","band":2,"off":[0,1.1]}},{"type":"Feature","geometry":{"type":"Point","coordinates":[36.828192,-1.291515]},"properties":{"name":"Railways","band":2,"modes":"bus","arr":["2","8","56","102","111","125","126"],"off":[0,-0.8]}},{"type":"Feature","geometry":{"type":"Point","coordinates":[36.828192,-1.291515]},"properties":{"line":"2","mode":"bus","color":"#0059a9","colorDark":"#00294f","band":2,"off":[-6.8,1.1]}},{"type":"Feature","geometry":{"type":"Point","coordinates":[36.828192,-1.291515]},"properties":{"line":"8","mode":"bus","color":"#0059a9","colorDark":"#00294f","band":2,"off":[-3.4,1.1]}},{"type":"Feature","geometry":{"type":"Point","coordinates":[36.828192,-1.291515]},"properties":{"line":"56","mode":"bus","color":"#0059a9","colorDark":"#00294f","band":2,"off":[0,1.1]}},{"type":"Feature","geometry":{"type":"Point","coordinates":[36.828192,-1.291515]},"properties":{"line":"102","mode":"bus","color":"#0059a9","colorDark":"#00294f","band":2,"off":[3.4,1.1]}},{"type":"Feature","geometry":{"type":"Point","coordinates":[36.828192,-1.291515]},"properties":{"line":"111","mode":"bus","color":"#0059a9","colorDark":"#00294f","band":2,"off":[6.8,1.1]}},{"type":"Feature","geometry":{"type":"Point","coordinates":[36.828192,-1.291515]},"properties":{"line":"125","mode":"bus","color":"#0059a9","colorDark":"#00294f","band":2,"off":[-1.7,3.1]}},{"type":"Feature","geometry":{"type":"Point","coordinates":[36.828192,-1.291515]},"properties":{"line":"126","mode":"bus","color":"#0059a9","colorDark":"#00294f","band":2,"off":[1.7,3.1]}},{"type":"Feature","geometry":{"type":"Point","coordinates":[36.840541,-1.284114]},"properties":{"name":"Gikomba Market","band":2,"modes":"bus","arr":["3N","7","28","41"],"off":[0,-0.8]}},{"type":"Feature","geometry":{"type":"Point","coordinates":[36.840541,-1.284114]},"properties":{"name":"Gikomba","band":2,"modes":"bus","arr":["3N","7","28","41"],"off":[0,-1.9]}},{"type":"Feature","geometry":{"type":"Point","coordinates":[36.840541,-1.284114]},"properties":{"line":"3N","mode":"bus","color":"#0059a9","colorDark":"#00294f","band":2,"off":[-5.1,1.1]}},{"type":"Feature","geometry":{"type":"Point","coordinates":[36.840541,-1.284114]},"properties":{"line":"7","mode":"bus","color":"#0059a9","colorDark":"#00294f","band":2,"off":[-1.7,1.1]}},{"type":"Feature","geometry":{"type":"Point","coordinates":[36.840541,-1.284114]},"properties":{"line":"28","mode":"bus","color":"#0059a9","colorDark":"#00294f","band":2,"off":[1.7,1.1]}},{"type":"Feature","geometry":{"type":"Point","coordinates":[36.840541,-1.284114]},"properties":{"line":"41","mode":"bus","color":"#0059a9","colorDark":"#00294f","band":2,"off":[5.1,1.1]}},{"type":"Feature","geometry":{"type":"Point","coordinates":[36.830239,-1.278387]},"properties":{"name":"Equity Ngara","band":2,"modes":"bus","arr":["100A"],"off":[0,-0.8]}},{"type":"Feature","geometry":{"type":"Point","coordinates":[36.830239,-1.278387]},"properties":{"line":"100A","mode":"bus","color":"#0059a9","colorDark":"#00294f","band":2,"off":[0,1.1]}},{"type":"Feature","geometry":{"type":"Point","coordinates":[36.824717,-1.275776]},"properties":{"name":"Ngara","band":2,"modes":"bus","arr":["3N"],"off":[0,-0.8]}},{"type":"Feature","geometry":{"type":"Point","coordinates":[36.824717,-1.275776]},"properties":{"line":"3N","mode":"bus","color":"#0059a9","colorDark":"#00294f","band":2,"off":[0,1.1]}},{"type":"Feature","geometry":{"type":"Point","coordinates":[36.716841,-1.261347]},"properties":{"name":"Uthiru Pentecostal","band":2,"modes":"bus","arr":["3U/3"],"off":[0,-0.8]}},{"type":"Feature","geometry":{"type":"Point","coordinates":[36.716841,-1.261347]},"properties":{"line":"3U/3","mode":"bus","color":"#0059a9","colorDark":"#00294f","band":2,"off":[0,1.1]}},{"type":"Feature","geometry":{"type":"Point","coordinates":[36.728982,-1.290502]},"properties":{"name":"Kaberia","band":2,"modes":"bus","arr":["4W"],"off":[0,-0.8]}},{"type":"Feature","geometry":{"type":"Point","coordinates":[36.728982,-1.290502]},"properties":{"line":"4W","mode":"bus","color":"#0059a9","colorDark":"#00294f","band":2,"off":[0,1.1]}},{"type":"Feature","geometry":{"type":"Point","coordinates":[36.825071,-1.288208]},"properties":{"name":"Tusker/Ronald Ngala","band":2,"modes":"bus","arr":["4W","5","7C","15","19Cdc","32A","33UTW","34B","34J","35/60","39SK","43","45G","46B","46H","46K","046P","46Y","58","145"],"off":[0,-0.8],"sc":0.86}},{"type":"Feature","geometry":{"type":"Point","coordinates":[36.825071,-1.288208]},"properties":{"name":"Kencom/Ambassadeur","band":2,"modes":"bus","arr":["4W","5","7C","15","19Cdc","32A","33UTW","34B","34J","35/60","39SK","43","45G","46B","46H","46K","046P","46Y","58","145"],"off":[0,-3],"sc":0.86}},{"type":"Feature","geometry":{"type":"Point","coordinates":[36.825071,-1.288208]},"properties":{"name":"Bus Terminal","band":2,"modes":"bus","arr":["4W","5","7C","15","19Cdc","32A","33UTW","34B","34J","35/60","39SK","43","45G","46B","46H","46K","046P","46Y","58","145"],"off":[0,-4.1],"sc":0.86}},{"type":"Feature","geometry":{"type":"Point","coordinates":[36.825071,-1.288208]},"properties":{"line":"4W","mode":"bus","color":"#0059a9","colorDark":"#00294f","band":2,"sc":0.86,"off":[-6.75,1.1]}},{"type":"Feature","geometry":{"type":"Point","coordinates":[36.825071,-1.288208]},"properties":{"line":"5","mode":"bus","color":"#0059a9","colorDark":"#00294f","band":2,"sc":0.86,"off":[-2.25,1.1]}},{"type":"Feature","geometry":{"type":"Point","coordinates":[36.825071,-1.288208]},"properties":{"line":"7C","mode":"bus","color":"#0059a9","colorDark":"#00294f","band":2,"sc":0.86,"off":[2.25,1.1]}},{"type":"Feature","geometry":{"type":"Point","coordinates":[36.825071,-1.288208]},"properties":{"line":"15","mode":"bus","color":"#0059a9","colorDark":"#00294f","band":2,"sc":0.86,"off":[6.75,1.1]}},{"type":"Feature","geometry":{"type":"Point","coordinates":[36.825071,-1.288208]},"properties":{"line":"19Cdc","mode":"bus","color":"#0059a9","colorDark":"#00294f","band":2,"sc":0.86,"off":[-6.75,3.1]}},{"type":"Feature","geometry":{"type":"Point","coordinates":[36.825071,-1.288208]},"properties":{"line":"32A","mode":"bus","color":"#0059a9","colorDark":"#00294f","band":2,"sc":0.86,"off":[-2.25,3.1]}},{"type":"Feature","geometry":{"type":"Point","coordinates":[36.825071,-1.288208]},"properties":{"line":"33UTW","mode":"bus","color":"#0059a9","colorDark":"#00294f","band":2,"sc":0.86,"off":[2.25,3.1]}},{"type":"Feature","geometry":{"type":"Point","coordinates":[36.825071,-1.288208]},"properties":{"line":"34B","mode":"bus","color":"#0059a9","colorDark":"#00294f","band":2,"sc":0.86,"off":[6.75,3.1]}},{"type":"Feature","geometry":{"type":"Point","coordinates":[36.825071,-1.288208]},"properties":{"line":"34J","mode":"bus","color":"#0059a9","colorDark":"#00294f","band":2,"sc":0.86,"off":[-6.75,5.1]}},{"type":"Feature","geometry":{"type":"Point","coordinates":[36.825071,-1.288208]},"properties":{"line":"35/60","mode":"bus","color":"#0059a9","colorDark":"#00294f","band":2,"sc":0.86,"off":[-2.25,5.1]}},{"type":"Feature","geometry":{"type":"Point","coordinates":[36.825071,-1.288208]},"properties":{"line":"39SK","mode":"bus","color":"#0059a9","colorDark":"#00294f","band":2,"sc":0.86,"off":[2.25,5.1]}},{"type":"Feature","geometry":{"type":"Point","coordinates":[36.825071,-1.288208]},"properties":{"line":"43","mode":"bus","color":"#0059a9","colorDark":"#00294f","band":2,"sc":0.86,"off":[6.75,5.1]}},{"type":"Feature","geometry":{"type":"Point","coordinates":[36.825071,-1.288208]},"properties":{"line":"45G","mode":"bus","color":"#0059a9","colorDark":"#00294f","band":2,"sc":0.86,"off":[-6.75,7.1]}},{"type":"Feature","geometry":{"type":"Point","coordinates":[36.825071,-1.288208]},"properties":{"line":"46B","mode":"bus","color":"#0059a9","colorDark":"#00294f","band":2,"sc":0.86,"off":[-2.25,7.1]}},{"type":"Feature","geometry":{"type":"Point","coordinates":[36.825071,-1.288208]},"properties":{"line":"46H","mode":"bus","color":"#0059a9","colorDark":"#00294f","band":2,"sc":0.86,"off":[2.25,7.1]}},{"type":"Feature","geometry":{"type":"Point","coordinates":[36.825071,-1.288208]},"properties":{"line":"46K","mode":"bus","color":"#0059a9","colorDark":"#00294f","band":2,"sc":0.86,"off":[6.75,7.1]}},{"type":"Feature","geometry":{"type":"Point","coordinates":[36.825071,-1.288208]},"properties":{"line":"046P","mode":"bus","color":"#0059a9","colorDark":"#00294f","band":2,"sc":0.86,"off":[-6.75,9.1]}},{"type":"Feature","geometry":{"type":"Point","coordinates":[36.825071,-1.288208]},"properties":{"line":"46Y","mode":"bus","color":"#0059a9","colorDark":"#00294f","band":2,"sc":0.86,"off":[-2.25,9.1]}},{"type":"Feature","geometry":{"type":"Point","coordinates":[36.825071,-1.288208]},"properties":{"line":"58","mode":"bus","color":"#0059a9","colorDark":"#00294f","band":2,"sc":0.86,"off":[2.25,9.1]}},{"type":"Feature","geometry":{"type":"Point","coordinates":[36.825071,-1.288208]},"properties":{"line":"145","mode":"bus","color":"#0059a9","colorDark":"#00294f","band":2,"sc":0.86,"off":[6.75,9.1]}},{"type":"Feature","geometry":{"type":"Point","coordinates":[36.769135,-1.303947]},"properties":{"name":"Jamhuri Station Road Stage","band":2,"modes":"bus","arr":["5"],"off":[0,-0.8]}},{"type":"Feature","geometry":{"type":"Point","coordinates":[36.769135,-1.303947]},"properties":{"line":"5","mode":"bus","color":"#0059a9","colorDark":"#00294f","band":2,"off":[0,1.1]}},{"type":"Feature","geometry":{"type":"Point","coordinates":[36.848878,-1.272236]},"properties":{"name":"Eastleigh Terminal","band":2,"modes":"bus","arr":["6","17Aky","18C"],"off":[0,-0.8]}},{"type":"Feature","geometry":{"type":"Point","coordinates":[36.848878,-1.272236]},"properties":{"line":"6","mode":"bus","color":"#0059a9","colorDark":"#00294f","band":2,"off":[-4.5,1.1]}},{"type":"Feature","geometry":{"type":"Point","coordinates":[36.848878,-1.272236]},"properties":{"line":"17Aky","mode":"bus","color":"#0059a9","colorDark":"#00294f","band":2,"off":[0,1.1]}},{"type":"Feature","geometry":{"type":"Point","coordinates":[36.848878,-1.272236]},"properties":{"line":"18C","mode":"bus","color":"#0059a9","colorDark":"#00294f","band":2,"off":[4.5,1.1]}},{"type":"Feature","geometry":{"type":"Point","coordinates":[36.821921,-1.281204]},"properties":{"name":"Koja","band":2,"modes":"bus","arr":["6","23W","106","115","116","118","119","119A"],"off":[0,-0.8]}},{"type":"Feature","geometry":{"type":"Point","coordinates":[36.821921,-1.281204]},"properties":{"line":"6","mode":"bus","color":"#0059a9","colorDark":"#00294f","band":2,"off":[-5.82,1.1]}},{"type":"Feature","geometry":{"type":"Point","coordinates":[36.821921,-1.281204]},"properties":{"line":"23W","mode":"bus","color":"#0059a9","colorDark":"#00294f","band":2,"off":[-1.94,1.1]}},{"type":"Feature","geometry":{"type":"Point","coordinates":[36.821921,-1.281204]},"properties":{"line":"106","mode":"bus","color":"#0059a9","colorDark":"#00294f","band":2,"off":[1.94,1.1]}},{"type":"Feature","geometry":{"type":"Point","coordinates":[36.821921,-1.281204]},"properties":{"line":"115","mode":"bus","color":"#0059a9","colorDark":"#00294f","band":2,"off":[5.82,1.1]}},{"type":"Feature","geometry":{"type":"Point","coordinates":[36.821921,-1.281204]},"properties":{"line":"116","mode":"bus","color":"#0059a9","colorDark":"#00294f","band":2,"off":[-5.82,3.1]}},{"type":"Feature","geometry":{"type":"Point","coordinates":[36.821921,-1.281204]},"properties":{"line":"118","mode":"bus","color":"#0059a9","colorDark":"#00294f","band":2,"off":[-1.94,3.1]}},{"type":"Feature","geometry":{"type":"Point","coordinates":[36.821921,-1.281204]},"properties":{"line":"119","mode":"bus","color":"#0059a9","colorDark":"#00294f","band":2,"off":[1.94,3.1]}},{"type":"Feature","geometry":{"type":"Point","coordinates":[36.821921,-1.281204]},"properties":{"line":"119A","mode":"bus","color":"#0059a9","colorDark":"#00294f","band":2,"off":[5.82,3.1]}},{"type":"Feature","geometry":{"type":"Point","coordinates":[36.851115,-1.282805]},"properties":{"name":"Joster","band":2,"modes":"bus","arr":["6E"],"off":[0,-0.8]}},{"type":"Feature","geometry":{"type":"Point","coordinates":[36.851115,-1.282805]},"properties":{"line":"6E","mode":"bus","color":"#0059a9","colorDark":"#00294f","band":2,"off":[0,1.1]}},{"type":"Feature","geometry":{"type":"Point","coordinates":[36.852711,-1.294569]},"properties":{"name":"Church Army","band":2,"modes":"bus","arr":["6E"],"off":[0,-0.8]}},{"type":"Feature","geometry":{"type":"Point","coordinates":[36.852711,-1.294569]},"properties":{"line":"6E","mode":"bus","color":"#0059a9","colorDark":"#00294f","band":2,"off":[0,1.1]}},{"type":"Feature","geometry":{"type":"Point","coordinates":[36.83078,-1.286886]},"properties":{"name":"OTC","band":2,"modes":"bus","arr":["7","11","12C","12D","14A","14B","15","16","16/62","17B","23KS","0027","32D","33MKR","100","120","121"],"off":[0,-0.8],"sc":0.9}},{"type":"Feature","geometry":{"type":"Point","coordinates":[36.83078,-1.286886]},"properties":{"name":"Gill House","band":2,"modes":"bus","arr":["7","11","12C","12D","14A","14B","15","16","16/62","17B","23KS","0027","32D","33MKR","100","120","121"],"off":[0,-1.9],"sc":0.9}},{"type":"Feature","geometry":{"type":"Point","coordinates":[36.83078,-1.286886]},"properties":{"name":"Bus Station","band":2,"modes":"bus","arr":["7","11","12C","12D","14A","14B","15","16","16/62","17B","23KS","0027","32D","33MKR","100","120","121"],"off":[0,-3],"sc":0.9}},{"type":"Feature","geometry":{"type":"Point","coordinates":[36.83078,-1.286886]},"properties":{"line":"7","mode":"bus","color":"#0059a9","colorDark":"#00294f","band":2,"sc":0.9,"off":[-6.75,1.1]}},{"type":"Feature","geometry":{"type":"Point","coordinates":[36.83078,-1.286886]},"properties":{"line":"11","mode":"bus","color":"#0059a9","colorDark":"#00294f","band":2,"sc":0.9,"off":[-2.25,1.1]}},{"type":"Feature","geometry":{"type":"Point","coordinates":[36.83078,-1.286886]},"properties":{"line":"12C","mode":"bus","color":"#0059a9","colorDark":"#00294f","band":2,"sc":0.9,"off":[2.25,1.1]}},{"type":"Feature","geometry":{"type":"Point","coordinates":[36.83078,-1.286886]},"properties":{"line":"12D","mode":"bus","color":"#0059a9","colorDark":"#00294f","band":2,"sc":0.9,"off":[6.75,1.1]}},{"type":"Feature","geometry":{"type":"Point","coordinates":[36.83078,-1.286886]},"properties":{"line":"14A","mode":"bus","color":"#0059a9","colorDark":"#00294f","band":2,"sc":0.9,"off":[-6.75,3.1]}},{"type":"Feature","geometry":{"type":"Point","coordinates":[36.83078,-1.286886]},"properties":{"line":"14B","mode":"bus","color":"#0059a9","colorDark":"#00294f","band":2,"sc":0.9,"off":[-2.25,3.1]}},{"type":"Feature","geometry":{"type":"Point","coordinates":[36.83078,-1.286886]},"properties":{"line":"15","mode":"bus","color":"#0059a9","colorDark":"#00294f","band":2,"sc":0.9,"off":[2.25,3.1]}},{"type":"Feature","geometry":{"type":"Point","coordinates":[36.83078,-1.286886]},"properties":{"line":"16","mode":"bus","color":"#0059a9","colorDark":"#00294f","band":2,"sc":0.9,"off":[6.75,3.1]}},{"type":"Feature","geometry":{"type":"Point","coordinates":[36.83078,-1.286886]},"properties":{"line":"16/62","mode":"bus","color":"#0059a9","colorDark":"#00294f","band":2,"sc":0.9,"off":[-6.75,5.1]}},{"type":"Feature","geometry":{"type":"Point","coordinates":[36.83078,-1.286886]},"properties":{"line":"17B","mode":"bus","color":"#0059a9","colorDark":"#00294f","band":2,"sc":0.9,"off":[-2.25,5.1]}},{"type":"Feature","geometry":{"type":"Point","coordinates":[36.83078,-1.286886]},"properties":{"line":"23KS","mode":"bus","color":"#0059a9","colorDark":"#00294f","band":2,"sc":0.9,"off":[2.25,5.1]}},{"type":"Feature","geometry":{"type":"Point","coordinates":[36.83078,-1.286886]},"properties":{"line":"0027","mode":"bus","color":"#0059a9","colorDark":"#00294f","band":2,"sc":0.9,"off":[6.75,5.1]}},{"type":"Feature","geometry":{"type":"Point","coordinates":[36.83078,-1.286886]},"properties":{"line":"32D","mode":"bus","color":"#0059a9","colorDark":"#00294f","band":2,"sc":0.9,"off":[-6.75,7.1]}},{"type":"Feature","geometry":{"type":"Point","coordinates":[36.83078,-1.286886]},"properties":{"line":"33MKR","mode":"bus","color":"#0059a9","colorDark":"#00294f","band":2,"sc":0.9,"off":[-2.25,7.1]}},{"type":"Feature","geometry":{"type":"Point","coordinates":[36.83078,-1.286886]},"properties":{"line":"100","mode":"bus","color":"#0059a9","colorDark":"#00294f","band":2,"sc":0.9,"off":[2.25,7.1]}},{"type":"Feature","geometry":{"type":"Point","coordinates":[36.83078,-1.286886]},"properties":{"line":"120","mode":"bus","color":"#0059a9","colorDark":"#00294f","band":2,"sc":0.9,"off":[6.75,7.1]}},{"type":"Feature","geometry":{"type":"Point","coordinates":[36.83078,-1.286886]},"properties":{"line":"121","mode":"bus","color":"#0059a9","colorDark":"#00294f","band":2,"sc":0.9,"off":[0,9.1]}},{"type":"Feature","geometry":{"type":"Point","coordinates":[36.808737,-1.300899]},"properties":{"name":"Kenyatta National Hospital","band":2,"modes":"bus","arr":["7C"],"off":[0,-0.8]}},{"type":"Feature","geometry":{"type":"Point","coordinates":[36.808737,-1.300899]},"properties":{"line":"7C","mode":"bus","color":"#0059a9","colorDark":"#00294f","band":2,"off":[0,1.1]}},{"type":"Feature","geometry":{"type":"Point","coordinates":[36.775775,-1.311039]},"properties":{"name":"Equity Ayani","band":2,"modes":"bus","arr":["8"],"off":[0,-0.8]}},{"type":"Feature","geometry":{"type":"Point","coordinates":[36.775775,-1.311039]},"properties":{"line":"8","mode":"bus","color":"#0059a9","colorDark":"#00294f","band":2,"off":[0,1.1]}},{"type":"Feature","geometry":{"type":"Point","coordinates":[36.873756,-1.290619]},"properties":{"name":"Rabai","band":2,"modes":"bus","arr":["10"],"off":[0,-0.8]}},{"type":"Feature","geometry":{"type":"Point","coordinates":[36.873756,-1.290619]},"properties":{"line":"10","mode":"bus","color":"#0059a9","colorDark":"#00294f","band":2,"off":[0,1.1]}},{"type":"Feature","geometry":{"type":"Point","coordinates":[36.833815,-1.290252]},"properties":{"name":"Muthurwa","band":2,"modes":"bus","arr":["10","33DP","38/39","69","70/71"],"off":[0,-0.8]}},{"type":"Feature","geometry":{"type":"Point","coordinates":[36.833815,-1.290252]},"properties":{"line":"10","mode":"bus","color":"#0059a9","colorDark":"#00294f","band":2,"off":[-6.75,1.1]}},{"type":"Feature","geometry":{"type":"Point","coordinates":[36.833815,-1.290252]},"properties":{"line":"33DP","mode":"bus","color":"#0059a9","colorDark":"#00294f","band":2,"off":[-2.25,1.1]}},{"type":"Feature","geometry":{"type":"Point","coordinates":[36.833815,-1.290252]},"properties":{"line":"38/39","mode":"bus","color":"#0059a9","colorDark":"#00294f","band":2,"off":[2.25,1.1]}},{"type":"Feature","geometry":{"type":"Point","coordinates":[36.833815,-1.290252]},"properties":{"line":"69","mode":"bus","color":"#0059a9","colorDark":"#00294f","band":2,"off":[6.75,1.1]}},{"type":"Feature","geometry":{"type":"Point","coordinates":[36.833815,-1.290252]},"properties":{"line":"70/71","mode":"bus","color":"#0059a9","colorDark":"#00294f","band":2,"off":[0,3.1]}},{"type":"Feature","geometry":{"type":"Point","coordinates":[36.848427,-1.315837]},"properties":{"name":"South B Stage","band":2,"modes":"bus","arr":["11"],"off":[0,-0.8]}},{"type":"Feature","geometry":{"type":"Point","coordinates":[36.848427,-1.315837]},"properties":{"name":"Hazina Estate","band":2,"modes":"bus","arr":["11"],"off":[0,-1.9]}},{"type":"Feature","geometry":{"type":"Point","coordinates":[36.848427,-1.315837]},"properties":{"line":"11","mode":"bus","color":"#0059a9","colorDark":"#00294f","band":2,"off":[0,1.1]}},{"type":"Feature","geometry":{"type":"Point","coordinates":[36.810772,-1.256854]},"properties":{"name":"Kwa Mosque/Highridge Mwisho","band":2,"modes":"bus","arr":["11A"],"off":[0,-0.8]}},{"type":"Feature","geometry":{"type":"Point","coordinates":[36.810772,-1.256854]},"properties":{"name":"Highridge/Kwa Mosque/Mwisho","band":2,"modes":"bus","arr":["11A"],"off":[0,-3]}},{"type":"Feature","geometry":{"type":"Point","coordinates":[36.810772,-1.256854]},"properties":{"line":"11A","mode":"bus","color":"#0059a9","colorDark":"#00294f","band":2,"off":[0,1.1]}},{"type":"Feature","geometry":{"type":"Point","coordinates":[36.823745,-1.274038]},"properties":{"name":"Ngara","band":2,"modes":"bus","arr":["29/30","114R","114W"],"off":[0,-0.8]}},{"type":"Feature","geometry":{"type":"Point","coordinates":[36.823745,-1.274038]},"properties":{"line":"29/30","mode":"bus","color":"#0059a9","colorDark":"#00294f","band":2,"off":[-4.5,1.1]}},{"type":"Feature","geometry":{"type":"Point","coordinates":[36.823745,-1.274038]},"properties":{"line":"114R","mode":"bus","color":"#0059a9","colorDark":"#00294f","band":2,"off":[0,1.1]}},{"type":"Feature","geometry":{"type":"Point","coordinates":[36.823745,-1.274038]},"properties":{"line":"114W","mode":"bus","color":"#0059a9","colorDark":"#00294f","band":2,"off":[4.5,1.1]}},{"type":"Feature","geometry":{"type":"Point","coordinates":[36.825483,-1.28405]},"properties":{"name":"Odeon","band":2,"modes":"bus","arr":["11A","11B","11C","23KG","24","24C","25","25A","30","34B","44G","44Z","45K","48A","48B","48C","48O","49","105","107"],"off":[0,-0.8],"sc":0.86}},{"type":"Feature","geometry":{"type":"Point","coordinates":[36.825483,-1.28405]},"properties":{"name":"Ambassadeur","band":2,"modes":"bus","arr":["11A","11B","11C","23KG","24","24C","25","25A","30","34B","44G","44Z","45K","48A","48B","48C","48O","49","105","107"],"off":[0,-1.9],"sc":0.86}},{"type":"Feature","geometry":{"type":"Point","coordinates":[36.825483,-1.28405]},"properties":{"line":"11A","mode":"bus","color":"#0059a9","colorDark":"#00294f","band":2,"sc":0.86,"off":[-5.82,1.1]}},{"type":"Feature","geometry":{"type":"Point","coordinates":[36.825483,-1.28405]},"properties":{"line":"11B","mode":"bus","color":"#0059a9","colorDark":"#00294f","band":2,"sc":0.86,"off":[-1.94,1.1]}},{"type":"Feature","geometry":{"type":"Point","coordinates":[36.825483,-1.28405]},"properties":{"line":"11C","mode":"bus","color":"#0059a9","colorDark":"#00294f","band":2,"sc":0.86,"off":[1.94,1.1]}},{"type":"Feature","geometry":{"type":"Point","coordinates":[36.825483,-1.28405]},"properties":{"line":"23KG","mode":"bus","color":"#0059a9","colorDark":"#00294f","band":2,"sc":0.86,"off":[5.82,1.1]}},{"type":"Feature","geometry":{"type":"Point","coordinates":[36.825483,-1.28405]},"properties":{"line":"24","mode":"bus","color":"#0059a9","colorDark":"#00294f","band":2,"sc":0.86,"off":[-5.82,3.1]}},{"type":"Feature","geometry":{"type":"Point","coordinates":[36.825483,-1.28405]},"properties":{"line":"24C","mode":"bus","color":"#0059a9","colorDark":"#00294f","band":2,"sc":0.86,"off":[-1.94,3.1]}},{"type":"Feature","geometry":{"type":"Point","coordinates":[36.825483,-1.28405]},"properties":{"line":"25","mode":"bus","color":"#0059a9","colorDark":"#00294f","band":2,"sc":0.86,"off":[1.94,3.1]}},{"type":"Feature","geometry":{"type":"Point","coordinates":[36.825483,-1.28405]},"properties":{"line":"25A","mode":"bus","color":"#0059a9","colorDark":"#00294f","band":2,"sc":0.86,"off":[5.82,3.1]}},{"type":"Feature","geometry":{"type":"Point","coordinates":[36.825483,-1.28405]},"properties":{"line":"30","mode":"bus","color":"#0059a9","colorDark":"#00294f","band":2,"sc":0.86,"off":[-5.82,5.1]}},{"type":"Feature","geometry":{"type":"Point","coordinates":[36.825483,-1.28405]},"properties":{"line":"34B","mode":"bus","color":"#0059a9","colorDark":"#00294f","band":2,"sc":0.86,"off":[-1.94,5.1]}},{"type":"Feature","geometry":{"type":"Point","coordinates":[36.825483,-1.28405]},"properties":{"line":"44G","mode":"bus","color":"#0059a9","colorDark":"#00294f","band":2,"sc":0.86,"off":[1.94,5.1]}},{"type":"Feature","geometry":{"type":"Point","coordinates":[36.825483,-1.28405]},"properties":{"line":"44Z","mode":"bus","color":"#0059a9","colorDark":"#00294f","band":2,"sc":0.86,"off":[5.82,5.1]}},{"type":"Feature","geometry":{"type":"Point","coordinates":[36.825483,-1.28405]},"properties":{"line":"45K","mode":"bus","color":"#0059a9","colorDark":"#00294f","band":2,"sc":0.86,"off":[-5.82,7.1]}},{"type":"Feature","geometry":{"type":"Point","coordinates":[36.825483,-1.28405]},"properties":{"line":"48A","mode":"bus","color":"#0059a9","colorDark":"#00294f","band":2,"sc":0.86,"off":[-1.94,7.1]}},{"type":"Feature","geometry":{"type":"Point","coordinates":[36.825483,-1.28405]},"properties":{"line":"48B","mode":"bus","color":"#0059a9","colorDark":"#00294f","band":2,"sc":0.86,"off":[1.94,7.1]}},{"type":"Feature","geometry":{"type":"Point","coordinates":[36.825483,-1.28405]},"properties":{"line":"48C","mode":"bus","color":"#0059a9","colorDark":"#00294f","band":2,"sc":0.86,"off":[5.82,7.1]}},{"type":"Feature","geometry":{"type":"Point","coordinates":[36.825483,-1.28405]},"properties":{"line":"48O","mode":"bus","color":"#0059a9","colorDark":"#00294f","band":2,"sc":0.86,"off":[-5.82,9.1]}},{"type":"Feature","geometry":{"type":"Point","coordinates":[36.825483,-1.28405]},"properties":{"line":"49","mode":"bus","color":"#0059a9","colorDark":"#00294f","band":2,"sc":0.86,"off":[-1.94,9.1]}},{"type":"Feature","geometry":{"type":"Point","coordinates":[36.825483,-1.28405]},"properties":{"line":"105","mode":"bus","color":"#0059a9","colorDark":"#00294f","band":2,"sc":0.86,"off":[1.94,9.1]}},{"type":"Feature","geometry":{"type":"Point","coordinates":[36.825483,-1.28405]},"properties":{"line":"107","mode":"bus","color":"#0059a9","colorDark":"#00294f","band":2,"sc":0.86,"off":[5.82,9.1]}},{"type":"Feature","geometry":{"type":"Point","coordinates":[36.785936,-1.207183]},"properties":{"name":"Ruaka/Banana Junction/Tuskys Supermarket","band":2,"modes":"bus","arr":["11B","107D"],"off":[0,-0.8]}},{"type":"Feature","geometry":{"type":"Point","coordinates":[36.785936,-1.207183]},"properties":{"name":"Ruaka Stage","band":2,"modes":"bus","arr":["11B","107D"],"off":[0,-4.1]}},{"type":"Feature","geometry":{"type":"Point","coordinates":[36.785936,-1.207183]},"properties":{"line":"11B","mode":"bus","color":"#0059a9","colorDark":"#00294f","band":2,"off":[-1.94,1.1]}},{"type":"Feature","geometry":{"type":"Point","coordinates":[36.785936,-1.207183]},"properties":{"line":"107D","mode":"bus","color":"#0059a9","colorDark":"#00294f","band":2,"off":[1.94,1.1]}},{"type":"Feature","geometry":{"type":"Point","coordinates":[36.810508,-1.238526]},"properties":{"name":"UNEP/KTTC","band":2,"modes":"bus","arr":["108"],"off":[0,-0.8]}},{"type":"Feature","geometry":{"type":"Point","coordinates":[36.810508,-1.238526]},"properties":{"name":"UNEP/Gigiri/KTTC","band":2,"modes":"bus","arr":["108"],"off":[0,-1.9]}},{"type":"Feature","geometry":{"type":"Point","coordinates":[36.810508,-1.238526]},"properties":{"line":"108","mode":"bus","color":"#0059a9","colorDark":"#00294f","band":2,"off":[0,1.1]}},{"type":"Feature","geometry":{"type":"Point","coordinates":[36.838519,-1.265059]},"properties":{"name":"Pangani Terminal","band":2,"modes":"bus","arr":["11C"],"off":[0,-0.8]}},{"type":"Feature","geometry":{"type":"Point","coordinates":[36.838519,-1.265059]},"properties":{"line":"11C","mode":"bus","color":"#0059a9","colorDark":"#00294f","band":2,"off":[0,1.1]}},{"type":"Feature","geometry":{"type":"Point","coordinates":[36.828901,-1.321813]},"properties":{"name":"Mugoya","band":2,"modes":"bus","arr":["12C"],"off":[0,-0.8]}},{"type":"Feature","geometry":{"type":"Point","coordinates":[36.828901,-1.321813]},"properties":{"name":"Container/New Apostolic Church","band":2,"modes":"bus","arr":["12C"],"off":[0,-1.9]}},{"type":"Feature","geometry":{"type":"Point","coordinates":[36.828901,-1.321813]},"properties":{"line":"12C","mode":"bus","color":"#0059a9","colorDark":"#00294f","band":2,"off":[0,1.1]}},{"type":"Feature","geometry":{"type":"Point","coordinates":[36.842366,-1.326945]},"properties":{"name":"Arka Hotel","band":2,"modes":"bus","arr":["12D"],"off":[0,-0.8]}},{"type":"Feature","geometry":{"type":"Point","coordinates":[36.842366,-1.326945]},"properties":{"name":"Arka hotel","band":2,"modes":"bus","arr":["12D"],"off":[0,-1.9]}},{"type":"Feature","geometry":{"type":"Point","coordinates":[36.842366,-1.326945]},"properties":{"line":"12D","mode":"bus","color":"#0059a9","colorDark":"#00294f","band":2,"off":[0,1.1]}},{"type":"Feature","geometry":{"type":"Point","coordinates":[36.878577,-1.255311]},"properties":{"name":"Kariobangi Terminal","band":2,"modes":"bus","arr":["14","28"],"off":[0,-0.8]}},{"type":"Feature","geometry":{"type":"Point","coordinates":[36.878577,-1.255311]},"properties":{"line":"14","mode":"bus","color":"#0059a9","colorDark":"#00294f","band":2,"off":[-1.7,1.1]}},{"type":"Feature","geometry":{"type":"Point","coordinates":[36.878577,-1.255311]},"properties":{"line":"28","mode":"bus","color":"#0059a9","colorDark":"#00294f","band":2,"off":[1.7,1.1]}},{"type":"Feature","geometry":{"type":"Point","coordinates":[36.832234,-1.282188]},"properties":{"name":"OTC","band":2,"modes":"bus","arr":["14","1960","1961K"],"off":[0,-0.8]}},{"type":"Feature","geometry":{"type":"Point","coordinates":[36.832234,-1.282188]},"properties":{"name":"Ladhies Road/OTC","band":2,"modes":"bus","arr":["14","1960","1961K"],"off":[0,-1.9]}},{"type":"Feature","geometry":{"type":"Point","coordinates":[36.832234,-1.282188]},"properties":{"line":"14","mode":"bus","color":"#0059a9","colorDark":"#00294f","band":2,"off":[-4.5,1.1]}},{"type":"Feature","geometry":{"type":"Point","coordinates":[36.832234,-1.282188]},"properties":{"line":"1960","mode":"bus","color":"#0059a9","colorDark":"#00294f","band":2,"off":[0,1.1]}},{"type":"Feature","geometry":{"type":"Point","coordinates":[36.832234,-1.282188]},"properties":{"line":"1961K","mode":"bus","color":"#0059a9","colorDark":"#00294f","band":2,"off":[4.5,1.1]}},{"type":"Feature","geometry":{"type":"Point","coordinates":[36.812379,-1.308633]},"properties":{"name":"Strathmore/Siwaka","band":2,"modes":"bus","arr":["14A"],"off":[0,-0.8]}},{"type":"Feature","geometry":{"type":"Point","coordinates":[36.812379,-1.308633]},"properties":{"name":"Strathmore University/Siwaka","band":2,"modes":"bus","arr":["14A"],"off":[0,-1.9]}},{"type":"Feature","geometry":{"type":"Point","coordinates":[36.812379,-1.308633]},"properties":{"line":"14A","mode":"bus","color":"#0059a9","colorDark":"#00294f","band":2,"off":[0,1.1]}},{"type":"Feature","geometry":{"type":"Point","coordinates":[36.816677,-1.312968]},"properties":{"name":"Tmall","band":2,"modes":"bus","arr":["14B"],"off":[0,-0.8]}},{"type":"Feature","geometry":{"type":"Point","coordinates":[36.816677,-1.312968]},"properties":{"name":"T-Mall","band":2,"modes":"bus","arr":["14B"],"off":[0,-1.9]}},{"type":"Feature","geometry":{"type":"Point","coordinates":[36.816677,-1.312968]},"properties":{"line":"14B","mode":"bus","color":"#0059a9","colorDark":"#00294f","band":2,"off":[0,1.1]}},{"type":"Feature","geometry":{"type":"Point","coordinates":[36.774482,-1.321783]},"properties":{"name":"St.Mary's","band":2,"modes":"bus","arr":["15"],"off":[0,-0.8]}},{"type":"Feature","geometry":{"type":"Point","coordinates":[36.774482,-1.321783]},"properties":{"line":"15","mode":"bus","color":"#0059a9","colorDark":"#00294f","band":2,"off":[0,1.1]}},{"type":"Feature","geometry":{"type":"Point","coordinates":[36.807954,-1.314514]},"properties":{"name":"Highrise","band":2,"modes":"bus","arr":["16"],"off":[0,-0.8]}},{"type":"Feature","geometry":{"type":"Point","coordinates":[36.807954,-1.314514]},"properties":{"line":"16","mode":"bus","color":"#0059a9","colorDark":"#00294f","band":2,"off":[0,1.1]}},{"type":"Feature","geometry":{"type":"Point","coordinates":[36.913636,-1.269018]},"properties":{"name":"Kanisani/Komarocks Phase 2","band":2,"modes":"bus","arr":["16/62","18C"],"off":[0,-0.8]}},{"type":"Feature","geometry":{"type":"Point","coordinates":[36.913636,-1.269018]},"properties":{"line":"16/62","mode":"bus","color":"#0059a9","colorDark":"#00294f","band":2,"off":[-2.25,1.1]}},{"type":"Feature","geometry":{"type":"Point","coordinates":[36.913636,-1.269018]},"properties":{"line":"18C","mode":"bus","color":"#0059a9","colorDark":"#00294f","band":2,"off":[2.25,1.1]}},{"type":"Feature","geometry":{"type":"Point","coordinates":[36.919907,-1.270057]},"properties":{"name":"Kayole Hospital","band":2,"modes":"bus","arr":["1961Kd"],"off":[0,-0.8]}},{"type":"Feature","geometry":{"type":"Point","coordinates":[36.919907,-1.270057]},"properties":{"name":"Diesel","band":2,"modes":"bus","arr":["1961Kd"],"off":[0,-1.9]}},{"type":"Feature","geometry":{"type":"Point","coordinates":[36.919907,-1.270057]},"properties":{"line":"1961Kd","mode":"bus","color":"#0059a9","colorDark":"#00294f","band":2,"off":[0,1.1]}},{"type":"Feature","geometry":{"type":"Point","coordinates":[36.878925,-1.262253]},"properties":{"name":"Rounder","band":2,"modes":"bus","arr":["17A","46B","2030","3738"],"off":[0,-0.8]}},{"type":"Feature","geometry":{"type":"Point","coordinates":[36.878925,-1.262253]},"properties":{"name":"Rounda","band":2,"modes":"bus","arr":["17A","46B","2030","3738"],"off":[0,-1.9]}},{"type":"Feature","geometry":{"type":"Point","coordinates":[36.878925,-1.262253]},"properties":{"line":"17A","mode":"bus","color":"#0059a9","colorDark":"#00294f","band":2,"off":[-5.82,1.1]}},{"type":"Feature","geometry":{"type":"Point","coordinates":[36.878925,-1.262253]},"properties":{"line":"46B","mode":"bus","color":"#0059a9","colorDark":"#00294f","band":2,"off":[-1.94,1.1]}},{"type":"Feature","geometry":{"type":"Point","coordinates":[36.878925,-1.262253]},"properties":{"line":"2030","mode":"bus","color":"#0059a9","colorDark":"#00294f","band":2,"off":[1.94,1.1]}},{"type":"Feature","geometry":{"type":"Point","coordinates":[36.878925,-1.262253]},"properties":{"line":"3738","mode":"bus","color":"#0059a9","colorDark":"#00294f","band":2,"off":[5.82,1.1]}},{"type":"Feature","geometry":{"type":"Point","coordinates":[36.919455,-1.261449]},"properties":{"name":"Kayole 1/Queen's Park","band":2,"modes":"bus","arr":["17A","17Aky","1960"],"off":[0,-0.8]}},{"type":"Feature","geometry":{"type":"Point","coordinates":[36.919455,-1.261449]},"properties":{"name":"Kayole 1","band":2,"modes":"bus","arr":["17A","17Aky","1960"],"off":[0,-3]}},{"type":"Feature","geometry":{"type":"Point","coordinates":[36.919455,-1.261449]},"properties":{"name":"Corner","band":2,"modes":"bus","arr":["17A","17Aky","1960"],"off":[0,-4.1]}},{"type":"Feature","geometry":{"type":"Point","coordinates":[36.919455,-1.261449]},"properties":{"line":"17A","mode":"bus","color":"#0059a9","colorDark":"#00294f","band":2,"off":[-4.5,1.1]}},{"type":"Feature","geometry":{"type":"Point","coordinates":[36.919455,-1.261449]},"properties":{"line":"17Aky","mode":"bus","color":"#0059a9","colorDark":"#00294f","band":2,"off":[0,1.1]}},{"type":"Feature","geometry":{"type":"Point","coordinates":[36.919455,-1.261449]},"properties":{"line":"1960","mode":"bus","color":"#0059a9","colorDark":"#00294f","band":2,"off":[4.5,1.1]}},{"type":"Feature","geometry":{"type":"Point","coordinates":[36.930518,-1.233946]},"properties":{"name":"Mwiki","band":2,"modes":"bus","arr":["17B"],"off":[0,-0.8]}},{"type":"Feature","geometry":{"type":"Point","coordinates":[36.930518,-1.233946]},"properties":{"line":"17B","mode":"bus","color":"#0059a9","colorDark":"#00294f","band":2,"off":[0,1.1]}},{"type":"Feature","geometry":{"type":"Point","coordinates":[36.915894,-1.266608]},"properties":{"name":"Tushauriane","band":2,"modes":"bus","arr":["19C2","19Cdc"],"off":[0,-0.8]}},{"type":"Feature","geometry":{"type":"Point","coordinates":[36.915894,-1.266608]},"properties":{"line":"19C2","mode":"bus","color":"#0059a9","colorDark":"#00294f","band":2,"off":[-2.25,1.1]}},{"type":"Feature","geometry":{"type":"Point","coordinates":[36.915894,-1.266608]},"properties":{"line":"19Cdc","mode":"bus","color":"#0059a9","colorDark":"#00294f","band":2,"off":[2.25,1.1]}},{"type":"Feature","geometry":{"type":"Point","coordinates":[36.886328,-1.296766]},"properties":{"name":"Donholm Naivas","band":2,"modes":"bus","arr":["19C2","3560"],"off":[0,-0.8]}},{"type":"Feature","geometry":{"type":"Point","coordinates":[36.886328,-1.296766]},"properties":{"name":"Donholm","band":2,"modes":"bus","arr":["19C2","3560"],"off":[0,-1.9]}},{"type":"Feature","geometry":{"type":"Point","coordinates":[36.886328,-1.296766]},"properties":{"line":"19C2","mode":"bus","color":"#0059a9","colorDark":"#00294f","band":2,"off":[-1.94,1.1]}},{"type":"Feature","geometry":{"type":"Point","coordinates":[36.886328,-1.296766]},"properties":{"line":"3560","mode":"bus","color":"#0059a9","colorDark":"#00294f","band":2,"off":[1.94,1.1]}},{"type":"Feature","geometry":{"type":"Point","coordinates":[36.934881,-1.235903]},"properties":{"name":"Mwiki Terminal","band":2,"modes":"bus","arr":["20"],"off":[0,-0.8]}},{"type":"Feature","geometry":{"type":"Point","coordinates":[36.934881,-1.235903]},"properties":{"line":"20","mode":"bus","color":"#0059a9","colorDark":"#00294f","band":2,"off":[0,1.1]}},{"type":"Feature","geometry":{"type":"Point","coordinates":[36.898517,-1.275039]},"properties":{"name":"Mama Lucy Terminal","band":2,"modes":"bus","arr":["20"],"off":[0,-0.8]}},{"type":"Feature","geometry":{"type":"Point","coordinates":[36.898517,-1.275039]},"properties":{"line":"20","mode":"bus","color":"#0059a9","colorDark":"#00294f","band":2,"off":[0,1.1]}},{"type":"Feature","geometry":{"type":"Point","coordinates":[36.749515,-1.264986]},"properties":{"name":"Kangemi Terminus","band":2,"modes":"bus","arr":["23KG"],"off":[0,-0.8]}},{"type":"Feature","geometry":{"type":"Point","coordinates":[36.749515,-1.264986]},"properties":{"line":"23KG","mode":"bus","color":"#0059a9","colorDark":"#00294f","band":2,"off":[0,1.1]}},{"type":"Feature","geometry":{"type":"Point","coordinates":[36.800263,-1.262759]},"properties":{"name":"Westlands/Parklands Baptist","band":2,"modes":"bus","arr":["48K"],"off":[0,-0.8]}},{"type":"Feature","geometry":{"type":"Point","coordinates":[36.800263,-1.262759]},"properties":{"line":"48K","mode":"bus","color":"#0059a9","colorDark":"#00294f","band":2,"off":[0,1.1]}},{"type":"Feature","geometry":{"type":"Point","coordinates":[36.887047,-1.262589]},"properties":{"name":"Civil Servant/Deliverance Church","band":2,"modes":"bus","arr":["23KS"],"off":[0,-0.8]}},{"type":"Feature","geometry":{"type":"Point","coordinates":[36.887047,-1.262589]},"properties":{"line":"23KS","mode":"bus","color":"#0059a9","colorDark":"#00294f","band":2,"off":[0,1.1]}},{"type":"Feature","geometry":{"type":"Point","coordinates":[36.877588,-1.277388]},"properties":{"name":"Buru Roundabout","band":2,"modes":"bus","arr":["58"],"off":[0,-0.8]}},{"type":"Feature","geometry":{"type":"Point","coordinates":[36.877588,-1.277388]},"properties":{"line":"58","mode":"bus","color":"#0059a9","colorDark":"#00294f","band":2,"off":[0,1.1]}},{"type":"Feature","geometry":{"type":"Point","coordinates":[36.803638,-1.262283]},"properties":{"name":"Westlands Terminal","band":2,"modes":"bus","arr":["23W"],"off":[0,-0.8]}},{"type":"Feature","geometry":{"type":"Point","coordinates":[36.803638,-1.262283]},"properties":{"line":"23W","mode":"bus","color":"#0059a9","colorDark":"#00294f","band":2,"off":[0,1.1]}},{"type":"Feature","geometry":{"type":"Point","coordinates":[36.764356,-1.342382]},"properties":{"name":"Nakumatt Galleria","band":2,"modes":"bus","arr":["24BK"],"off":[0,-0.8]}},{"type":"Feature","geometry":{"type":"Point","coordinates":[36.764356,-1.342382]},"properties":{"name":"Bomas/Galleria","band":2,"modes":"bus","arr":["24BK"],"off":[0,-1.9]}},{"type":"Feature","geometry":{"type":"Point","coordinates":[36.764356,-1.342382]},"properties":{"line":"24BK","mode":"bus","color":"#0059a9","colorDark":"#00294f","band":2,"off":[0,1.1]}},{"type":"Feature","geometry":{"type":"Point","coordinates":[36.708135,-1.323686]},"properties":{"name":"Karen/Nakumatt Crossroads","band":2,"modes":"bus","arr":["24","24C"],"off":[0,-0.8]}},{"type":"Feature","geometry":{"type":"Point","coordinates":[36.708135,-1.323686]},"properties":{"name":"Karen/Karen Shopping Centre","band":2,"modes":"bus","arr":["24","24C"],"off":[0,-3]}},{"type":"Feature","geometry":{"type":"Point","coordinates":[36.708135,-1.323686]},"properties":{"line":"24","mode":"bus","color":"#0059a9","colorDark":"#00294f","band":2,"off":[-1.7,1.1]}},{"type":"Feature","geometry":{"type":"Point","coordinates":[36.708135,-1.323686]},"properties":{"line":"24C","mode":"bus","color":"#0059a9","colorDark":"#00294f","band":2,"off":[1.7,1.1]}},{"type":"Feature","geometry":{"type":"Point","coordinates":[36.7098,-1.325424]},"properties":{"name":"St.Marys Karen Primary School","band":2,"modes":"bus","arr":["24C"],"off":[0,-0.8]}},{"type":"Feature","geometry":{"type":"Point","coordinates":[36.7098,-1.325424]},"properties":{"line":"24C","mode":"bus","color":"#0059a9","colorDark":"#00294f","band":2,"off":[0,1.1]}},{"type":"Feature","geometry":{"type":"Point","coordinates":[36.887456,-1.244229]},"properties":{"name":"Baba Dogo Terminal","band":2,"modes":"bus","arr":["25"],"off":[0,-0.8]}},{"type":"Feature","geometry":{"type":"Point","coordinates":[36.887456,-1.244229]},"properties":{"line":"25","mode":"bus","color":"#0059a9","colorDark":"#00294f","band":2,"off":[0,1.1]}},{"type":"Feature","geometry":{"type":"Point","coordinates":[36.897504,-1.239769]},"properties":{"name":"Lucky Summer Terminal","band":2,"modes":"bus","arr":["25A"],"off":[0,-0.8]}},{"type":"Feature","geometry":{"type":"Point","coordinates":[36.897504,-1.239769]},"properties":{"line":"25A","mode":"bus","color":"#0059a9","colorDark":"#00294f","band":2,"off":[0,1.1]}},{"type":"Feature","geometry":{"type":"Point","coordinates":[36.8789,-1.257134]},"properties":{"name":"Kariobangi","band":2,"modes":"bus","arr":["26","26S"],"off":[0,-0.8]}},{"type":"Feature","geometry":{"type":"Point","coordinates":[36.8789,-1.257134]},"properties":{"name":"Kanisani","band":2,"modes":"bus","arr":["26","26S"],"off":[0,-1.9]}},{"type":"Feature","geometry":{"type":"Point","coordinates":[36.8789,-1.257134]},"properties":{"line":"26","mode":"bus","color":"#0059a9","colorDark":"#00294f","band":2,"off":[-1.7,1.1]}},{"type":"Feature","geometry":{"type":"Point","coordinates":[36.8789,-1.257134]},"properties":{"line":"26S","mode":"bus","color":"#0059a9","colorDark":"#00294f","band":2,"off":[1.7,1.1]}},{"type":"Feature","geometry":{"type":"Point","coordinates":[36.862348,-1.296289]},"properties":{"name":"Makadara/Mwisho","band":2,"modes":"bus","arr":["26"],"off":[0,-0.8]}},{"type":"Feature","geometry":{"type":"Point","coordinates":[36.862348,-1.296289]},"properties":{"name":"Makadara","band":2,"modes":"bus","arr":["26"],"off":[0,-1.9]}},{"type":"Feature","geometry":{"type":"Point","coordinates":[36.862348,-1.296289]},"properties":{"line":"26","mode":"bus","color":"#0059a9","colorDark":"#00294f","band":2,"off":[0,1.1]}},{"type":"Feature","geometry":{"type":"Point","coordinates":[36.867,-1.295095]},"properties":{"name":"Aquinas","band":2,"modes":"bus","arr":["26S"],"off":[0,-0.8]}},{"type":"Feature","geometry":{"type":"Point","coordinates":[36.867,-1.295095]},"properties":{"line":"26S","mode":"bus","color":"#0059a9","colorDark":"#00294f","band":2,"off":[0,1.1]}},{"type":"Feature","geometry":{"type":"Point","coordinates":[36.862578,-1.292948]},"properties":{"name":"Aquinas","band":2,"modes":"bus","arr":["26S"],"off":[0,-0.8]}},{"type":"Feature","geometry":{"type":"Point","coordinates":[36.862578,-1.292948]},"properties":{"line":"26S","mode":"bus","color":"#0059a9","colorDark":"#00294f","band":2,"off":[0,1.1]}},{"type":"Feature","geometry":{"type":"Point","coordinates":[36.884901,-1.252953]},"properties":{"name":"Kariobangi Mwisho","band":2,"modes":"bus","arr":["0027"],"off":[0,-0.8]}},{"type":"Feature","geometry":{"type":"Point","coordinates":[36.884901,-1.252953]},"properties":{"line":"0027","mode":"bus","color":"#0059a9","colorDark":"#00294f","band":2,"off":[0,1.1]}},{"type":"Feature","geometry":{"type":"Point","coordinates":[36.867324,-1.252198]},"properties":{"name":"Mathare North Terminal","band":2,"modes":"bus","arr":["29/30"],"off":[0,-0.8]}},{"type":"Feature","geometry":{"type":"Point","coordinates":[36.867324,-1.252198]},"properties":{"line":"29/30","mode":"bus","color":"#0059a9","colorDark":"#00294f","band":2,"off":[0,1.1]}},{"type":"Feature","geometry":{"type":"Point","coordinates":[36.723692,-1.256935]},"properties":{"name":"Ndumbuini Terminus","band":2,"modes":"bus","arr":["30"],"off":[0,-0.8]}},{"type":"Feature","geometry":{"type":"Point","coordinates":[36.723692,-1.256935]},"properties":{"line":"30","mode":"bus","color":"#0059a9","colorDark":"#00294f","band":2,"off":[0,1.1]}},{"type":"Feature","geometry":{"type":"Point","coordinates":[36.772744,-1.307917]},"properties":{"name":"Ayani","band":2,"modes":"bus","arr":["32A"],"off":[0,-0.8]}},{"type":"Feature","geometry":{"type":"Point","coordinates":[36.772744,-1.307917]},"properties":{"line":"32A","mode":"bus","color":"#0059a9","colorDark":"#00294f","band":2,"off":[0,1.1]}},{"type":"Feature","geometry":{"type":"Point","coordinates":[36.90841,-1.245058]},"properties":{"name":"Dandora Terminal","band":2,"modes":"bus","arr":["32D","36","41","42"],"off":[0,-0.8]}},{"type":"Feature","geometry":{"type":"Point","coordinates":[36.90841,-1.245058]},"properties":{"line":"32D","mode":"bus","color":"#0059a9","colorDark":"#00294f","band":2,"off":[-5.1,1.1]}},{"type":"Feature","geometry":{"type":"Point","coordinates":[36.90841,-1.245058]},"properties":{"line":"36","mode":"bus","color":"#0059a9","colorDark":"#00294f","band":2,"off":[-1.7,1.1]}},{"type":"Feature","geometry":{"type":"Point","coordinates":[36.90841,-1.245058]},"properties":{"line":"41","mode":"bus","color":"#0059a9","colorDark":"#00294f","band":2,"off":[1.7,1.1]}},{"type":"Feature","geometry":{"type":"Point","coordinates":[36.90841,-1.245058]},"properties":{"line":"42","mode":"bus","color":"#0059a9","colorDark":"#00294f","band":2,"off":[5.1,1.1]}},{"type":"Feature","geometry":{"type":"Point","coordinates":[36.912739,-1.298119]},"properties":{"name":"Baraka Estate","band":2,"modes":"bus","arr":["33B"],"off":[0,-0.8]}},{"type":"Feature","geometry":{"type":"Point","coordinates":[36.912739,-1.298119]},"properties":{"line":"33B","mode":"bus","color":"#0059a9","colorDark":"#00294f","band":2,"off":[0,1.1]}},{"type":"Feature","geometry":{"type":"Point","coordinates":[36.89333,-1.335837]},"properties":{"name":"Carbanas","band":2,"modes":"bus","arr":["33C","33DC","33H","33J"],"off":[0,-0.8]}},{"type":"Feature","geometry":{"type":"Point","coordinates":[36.89333,-1.335837]},"properties":{"name":"Cabanas","band":2,"modes":"bus","arr":["33C","33DC","33H","33J"],"off":[0,-1.9]}},{"type":"Feature","geometry":{"type":"Point","coordinates":[36.89333,-1.335837]},"properties":{"line":"33C","mode":"bus","color":"#0059a9","colorDark":"#00294f","band":2,"off":[-5.82,1.1]}},{"type":"Feature","geometry":{"type":"Point","coordinates":[36.89333,-1.335837]},"properties":{"line":"33DC","mode":"bus","color":"#0059a9","colorDark":"#00294f","band":2,"off":[-1.94,1.1]}},{"type":"Feature","geometry":{"type":"Point","coordinates":[36.89333,-1.335837]},"properties":{"line":"33H","mode":"bus","color":"#0059a9","colorDark":"#00294f","band":2,"off":[1.94,1.1]}},{"type":"Feature","geometry":{"type":"Point","coordinates":[36.89333,-1.335837]},"properties":{"line":"33J","mode":"bus","color":"#0059a9","colorDark":"#00294f","band":2,"off":[5.82,1.1]}},{"type":"Feature","geometry":{"type":"Point","coordinates":[36.827289,-1.281608]},"properties":{"name":"Town Terminal","band":2,"modes":"bus","arr":["33B","33C","33FED","33GTB","33IMR","33TP","237"],"off":[0,-0.8]}},{"type":"Feature","geometry":{"type":"Point","coordinates":[36.827289,-1.281608]},"properties":{"name":"Commercial","band":2,"modes":"bus","arr":["33B","33C","33FED","33GTB","33IMR","33TP","237"],"off":[0,-1.9]}},{"type":"Feature","geometry":{"type":"Point","coordinates":[36.827289,-1.281608]},"properties":{"line":"33B","mode":"bus","color":"#0059a9","colorDark":"#00294f","band":2,"off":[-6.75,1.1]}},{"type":"Feature","geometry":{"type":"Point","coordinates":[36.827289,-1.281608]},"properties":{"line":"33C","mode":"bus","color":"#0059a9","colorDark":"#00294f","band":2,"off":[-2.25,1.1]}},{"type":"Feature","geometry":{"type":"Point","coordinates":[36.827289,-1.281608]},"properties":{"line":"33FED","mode":"bus","color":"#0059a9","colorDark":"#00294f","band":2,"off":[2.25,1.1]}},{"type":"Feature","geometry":{"type":"Point","coordinates":[36.827289,-1.281608]},"properties":{"line":"33GTB","mode":"bus","color":"#0059a9","colorDark":"#00294f","band":2,"off":[6.75,1.1]}},{"type":"Feature","geometry":{"type":"Point","coordinates":[36.827289,-1.281608]},"properties":{"line":"33IMR","mode":"bus","color":"#0059a9","colorDark":"#00294f","band":2,"off":[-4.5,3.1]}},{"type":"Feature","geometry":{"type":"Point","coordinates":[36.827289,-1.281608]},"properties":{"line":"33TP","mode":"bus","color":"#0059a9","colorDark":"#00294f","band":2,"off":[0,3.1]}},{"type":"Feature","geometry":{"type":"Point","coordinates":[36.827289,-1.281608]},"properties":{"line":"237","mode":"bus","color":"#0059a9","colorDark":"#00294f","band":2,"off":[4.5,3.1]}},{"type":"Feature","geometry":{"type":"Point","coordinates":[36.89958,-1.323619]},"properties":{"name":"Taj Roundabout","band":2,"modes":"bus","arr":["33DP","33TP"],"off":[0,-0.8]}},{"type":"Feature","geometry":{"type":"Point","coordinates":[36.89958,-1.323619]},"properties":{"name":"Taj Mall Interchange","band":2,"modes":"bus","arr":["33DP","33TP"],"off":[0,-1.9]}},{"type":"Feature","geometry":{"type":"Point","coordinates":[36.89958,-1.323619]},"properties":{"name":"Rounda/Taj","band":2,"modes":"bus","arr":["33DP","33TP"],"off":[0,-4.1]}},{"type":"Feature","geometry":{"type":"Point","coordinates":[36.89958,-1.323619]},"properties":{"line":"33DP","mode":"bus","color":"#0059a9","colorDark":"#00294f","band":2,"off":[-1.94,1.1]}},{"type":"Feature","geometry":{"type":"Point","coordinates":[36.89958,-1.323619]},"properties":{"line":"33TP","mode":"bus","color":"#0059a9","colorDark":"#00294f","band":2,"off":[1.94,1.1]}},{"type":"Feature","geometry":{"type":"Point","coordinates":[36.886781,-1.298891]},"properties":{"name":"Donholm","band":2,"modes":"bus","arr":["33DC","70/71"],"off":[0,-0.8]}},{"type":"Feature","geometry":{"type":"Point","coordinates":[36.886781,-1.298891]},"properties":{"line":"33DC","mode":"bus","color":"#0059a9","colorDark":"#00294f","band":2,"off":[-2.25,1.1]}},{"type":"Feature","geometry":{"type":"Point","coordinates":[36.886781,-1.298891]},"properties":{"line":"70/71","mode":"bus","color":"#0059a9","colorDark":"#00294f","band":2,"off":[2.25,1.1]}},{"type":"Feature","geometry":{"type":"Point","coordinates":[36.911457,-1.308333]},"properties":{"name":"Posta Embakasi Village","band":2,"modes":"bus","arr":["33FED"],"off":[0,-0.8]}},{"type":"Feature","geometry":{"type":"Point","coordinates":[36.911457,-1.308333]},"properties":{"line":"33FED","mode":"bus","color":"#0059a9","colorDark":"#00294f","band":2,"off":[0,1.1]}},{"type":"Feature","geometry":{"type":"Point","coordinates":[36.903209,-1.308232]},"properties":{"name":"Gate B","band":2,"modes":"bus","arr":["33GTB"],"off":[0,-0.8]}},{"type":"Feature","geometry":{"type":"Point","coordinates":[36.903209,-1.308232]},"properties":{"line":"33GTB","mode":"bus","color":"#0059a9","colorDark":"#00294f","band":2,"off":[0,1.1]}},{"type":"Feature","geometry":{"type":"Point","coordinates":[36.982956,-1.264258]},"properties":{"name":"Ruai Bypass","band":2,"modes":"bus","arr":["33H","145B"],"off":[0,-0.8]}},{"type":"Feature","geometry":{"type":"Point","coordinates":[36.982956,-1.264258]},"properties":{"name":"By Pass","band":2,"modes":"bus","arr":["33H","145B"],"off":[0,-1.9]}},{"type":"Feature","geometry":{"type":"Point","coordinates":[36.982956,-1.264258]},"properties":{"line":"33H","mode":"bus","color":"#0059a9","colorDark":"#00294f","band":2,"off":[-1.94,1.1]}},{"type":"Feature","geometry":{"type":"Point","coordinates":[36.982956,-1.264258]},"properties":{"line":"145B","mode":"bus","color":"#0059a9","colorDark":"#00294f","band":2,"off":[1.94,1.1]}},{"type":"Feature","geometry":{"type":"Point","coordinates":[36.880822,-1.325233]},"properties":{"name":"Imara Daima","band":2,"modes":"bus","arr":["33IMR"],"off":[0,-0.8]}},{"type":"Feature","geometry":{"type":"Point","coordinates":[36.880822,-1.325233]},"properties":{"line":"33IMR","mode":"bus","color":"#0059a9","colorDark":"#00294f","band":2,"off":[0,1.1]}},{"type":"Feature","geometry":{"type":"Point","coordinates":[36.982453,-1.286501]},"properties":{"name":"Githunguri","band":2,"modes":"bus","arr":["33J"],"off":[0,-0.8]}},{"type":"Feature","geometry":{"type":"Point","coordinates":[36.982453,-1.286501]},"properties":{"line":"33J","mode":"bus","color":"#0059a9","colorDark":"#00294f","band":2,"off":[0,1.1]}},{"type":"Feature","geometry":{"type":"Point","coordinates":[36.888923,-1.324763]},"properties":{"name":"St. Bakhita","band":2,"modes":"bus","arr":["33MKR"],"off":[0,-0.8]}},{"type":"Feature","geometry":{"type":"Point","coordinates":[36.888923,-1.324763]},"properties":{"line":"33MKR","mode":"bus","color":"#0059a9","colorDark":"#00294f","band":2,"off":[0,1.1]}},{"type":"Feature","geometry":{"type":"Point","coordinates":[36.798895,-1.309865]},"properties":{"name":"Ngumo Market/Line Saba","band":2,"modes":"bus","arr":["33NG"],"off":[0,-0.8]}},{"type":"Feature","geometry":{"type":"Point","coordinates":[36.798895,-1.309865]},"properties":{"line":"33NG","mode":"bus","color":"#0059a9","colorDark":"#00294f","band":2,"off":[0,1.1]}},{"type":"Feature","geometry":{"type":"Point","coordinates":[36.830212,-1.285006]},"properties":{"name":"St. Peter Clavers Primary School/Salvation Army/OTC","band":2,"modes":"bus","arr":["33NG","135"],"off":[0,-0.8]}},{"type":"Feature","geometry":{"type":"Point","coordinates":[36.830212,-1.285006]},"properties":{"name":"Racecourse Road","band":2,"modes":"bus","arr":["33NG","135"],"off":[0,-4.1]}},{"type":"Feature","geometry":{"type":"Point","coordinates":[36.830212,-1.285006]},"properties":{"name":"Kaka Terminal","band":2,"modes":"bus","arr":["33NG","135"],"off":[0,-5.2]}},{"type":"Feature","geometry":{"type":"Point","coordinates":[36.830212,-1.285006]},"properties":{"line":"33NG","mode":"bus","color":"#0059a9","colorDark":"#00294f","band":2,"off":[-1.94,1.1]}},{"type":"Feature","geometry":{"type":"Point","coordinates":[36.830212,-1.285006]},"properties":{"line":"135","mode":"bus","color":"#0059a9","colorDark":"#00294f","band":2,"off":[1.94,1.1]}},{"type":"Feature","geometry":{"type":"Point","coordinates":[36.835356,-1.311586]},"properties":{"name":"South B Stage","band":2,"modes":"bus","arr":["33SB"],"off":[0,-0.8]}},{"type":"Feature","geometry":{"type":"Point","coordinates":[36.835356,-1.311586]},"properties":{"line":"33SB","mode":"bus","color":"#0059a9","colorDark":"#00294f","band":2,"off":[0,1.1]}},{"type":"Feature","geometry":{"type":"Point","coordinates":[36.802907,-1.307646]},"properties":{"name":"Ngumo Stage","band":2,"modes":"bus","arr":["33SB"],"off":[0,-0.8]}},{"type":"Feature","geometry":{"type":"Point","coordinates":[36.802907,-1.307646]},"properties":{"line":"33SB","mode":"bus","color":"#0059a9","colorDark":"#00294f","band":2,"off":[0,1.1]}},{"type":"Feature","geometry":{"type":"Point","coordinates":[36.895241,-1.316533]},"properties":{"name":"Pipeline","band":2,"modes":"bus","arr":["33TP"],"off":[0,-0.8]}},{"type":"Feature","geometry":{"type":"Point","coordinates":[36.895241,-1.316533]},"properties":{"line":"33TP","mode":"bus","color":"#0059a9","colorDark":"#00294f","band":2,"off":[0,1.1]}},{"type":"Feature","geometry":{"type":"Point","coordinates":[36.988838,-1.284022]},"properties":{"name":"Utawala","band":2,"modes":"bus","arr":["33UTW"],"off":[0,-0.8]}},{"type":"Feature","geometry":{"type":"Point","coordinates":[36.988838,-1.284022]},"properties":{"line":"33UTW","mode":"bus","color":"#0059a9","colorDark":"#00294f","band":2,"off":[0,1.1]}},{"type":"Feature","geometry":{"type":"Point","coordinates":[36.904697,-1.287582]},"properties":{"name":"Jacaranda","band":2,"modes":"bus","arr":["34B"],"off":[0,-0.8]}},{"type":"Feature","geometry":{"type":"Point","coordinates":[36.904697,-1.287582]},"properties":{"line":"34B","mode":"bus","color":"#0059a9","colorDark":"#00294f","band":2,"off":[0,1.1]}},{"type":"Feature","geometry":{"type":"Point","coordinates":[36.888061,-1.300843]},"properties":{"name":"Caltex","band":2,"modes":"bus","arr":["1961Kd"],"off":[0,-0.8]}},{"type":"Feature","geometry":{"type":"Point","coordinates":[36.888061,-1.300843]},"properties":{"line":"1961Kd","mode":"bus","color":"#0059a9","colorDark":"#00294f","band":2,"off":[0,1.1]}},{"type":"Feature","geometry":{"type":"Point","coordinates":[36.924773,-1.329644]},"properties":{"name":"JKIA - Passenger Boarding","band":2,"modes":"bus","arr":["34J"],"off":[0,-0.8]}},{"type":"Feature","geometry":{"type":"Point","coordinates":[36.924773,-1.329644]},"properties":{"line":"34J","mode":"bus","color":"#0059a9","colorDark":"#00294f","band":2,"off":[0,1.1]}},{"type":"Feature","geometry":{"type":"Point","coordinates":[36.788991,-1.327248]},"properties":{"name":"OiLibya","band":2,"modes":"bus","arr":["34L"],"off":[0,-0.8]}},{"type":"Feature","geometry":{"type":"Point","coordinates":[36.788991,-1.327248]},"properties":{"line":"34L","mode":"bus","color":"#0059a9","colorDark":"#00294f","band":2,"off":[0,1.1]}},{"type":"Feature","geometry":{"type":"Point","coordinates":[36.887122,-1.28373]},"properties":{"name":"Umoja Market/ Cooperative Umoja/ Jasho Stage","band":2,"modes":"bus","arr":["35/60"],"off":[0,-0.8]}},{"type":"Feature","geometry":{"type":"Point","coordinates":[36.887122,-1.28373]},"properties":{"name":"Umoja 1 Market","band":2,"modes":"bus","arr":["35/60"],"off":[0,-4.1]}},{"type":"Feature","geometry":{"type":"Point","coordinates":[36.887122,-1.28373]},"properties":{"line":"35/60","mode":"bus","color":"#0059a9","colorDark":"#00294f","band":2,"off":[0,1.1]}},{"type":"Feature","geometry":{"type":"Point","coordinates":[36.841876,-1.292815]},"properties":{"name":"City Stadium/Lusaka Road Junction","band":2,"modes":"bus","arr":["36","405"],"off":[0,-0.8]}},{"type":"Feature","geometry":{"type":"Point","coordinates":[36.841876,-1.292815]},"properties":{"name":"City Stadium","band":2,"modes":"bus","arr":["36","405"],"off":[0,-3]}},{"type":"Feature","geometry":{"type":"Point","coordinates":[36.841876,-1.292815]},"properties":{"line":"36","mode":"bus","color":"#0059a9","colorDark":"#00294f","band":2,"off":[-1.7,1.1]}},{"type":"Feature","geometry":{"type":"Point","coordinates":[36.841876,-1.292815]},"properties":{"line":"405","mode":"bus","color":"#0059a9","colorDark":"#00294f","band":2,"off":[1.7,1.1]}},{"type":"Feature","geometry":{"type":"Point","coordinates":[36.996901,-1.271239]},"properties":{"name":"Quickmart","band":2,"modes":"bus","arr":["38/39","3738"],"off":[0,-0.8]}},{"type":"Feature","geometry":{"type":"Point","coordinates":[36.996901,-1.271239]},"properties":{"line":"38/39","mode":"bus","color":"#0059a9","colorDark":"#00294f","band":2,"off":[-2.25,1.1]}},{"type":"Feature","geometry":{"type":"Point","coordinates":[36.996901,-1.271239]},"properties":{"line":"3738","mode":"bus","color":"#0059a9","colorDark":"#00294f","band":2,"off":[2.25,1.1]}},{"type":"Feature","geometry":{"type":"Point","coordinates":[36.9946,-1.269871]},"properties":{"name":"Dune","band":2,"modes":"bus","arr":["3738"],"off":[0,-0.8]}},{"type":"Feature","geometry":{"type":"Point","coordinates":[36.9946,-1.269871]},"properties":{"line":"3738","mode":"bus","color":"#0059a9","colorDark":"#00294f","band":2,"off":[0,1.1]}},{"type":"Feature","geometry":{"type":"Point","coordinates":[36.912476,-1.259519]},"properties":{"name":"Saika","band":2,"modes":"bus","arr":["39SK"],"off":[0,-0.8]}},{"type":"Feature","geometry":{"type":"Point","coordinates":[36.912476,-1.259519]},"properties":{"line":"39SK","mode":"bus","color":"#0059a9","colorDark":"#00294f","band":2,"off":[0,1.1]}},{"type":"Feature","geometry":{"type":"Point","coordinates":[36.958321,-1.165136]},"properties":{"name":"Super Highway","band":2,"modes":"bus","arr":["0039","145D"],"off":[0,-0.8]}},{"type":"Feature","geometry":{"type":"Point","coordinates":[36.958321,-1.165136]},"properties":{"line":"0039","mode":"bus","color":"#0059a9","colorDark":"#00294f","band":2,"off":[-1.94,1.1]}},{"type":"Feature","geometry":{"type":"Point","coordinates":[36.958321,-1.165136]},"properties":{"line":"145D","mode":"bus","color":"#0059a9","colorDark":"#00294f","band":2,"off":[1.94,1.1]}},{"type":"Feature","geometry":{"type":"Point","coordinates":[36.894914,-1.327186]},"properties":{"name":"Transami","band":2,"modes":"bus","arr":["0039"],"off":[0,-0.8]}},{"type":"Feature","geometry":{"type":"Point","coordinates":[36.894914,-1.327186]},"properties":{"line":"0039","mode":"bus","color":"#0059a9","colorDark":"#00294f","band":2,"off":[0,1.1]}},{"type":"Feature","geometry":{"type":"Point","coordinates":[36.890379,-1.330001]},"properties":{"name":"Cabanas","band":2,"modes":"bus","arr":["0039"],"off":[0,-0.8]}},{"type":"Feature","geometry":{"type":"Point","coordinates":[36.890379,-1.330001]},"properties":{"line":"0039","mode":"bus","color":"#0059a9","colorDark":"#00294f","band":2,"off":[0,1.1]}},{"type":"Feature","geometry":{"type":"Point","coordinates":[36.867846,-1.24516]},"properties":{"name":"Allsops","band":2,"modes":"bus","arr":["42","2030"],"off":[0,-0.8]}},{"type":"Feature","geometry":{"type":"Point","coordinates":[36.867846,-1.24516]},"properties":{"line":"42","mode":"bus","color":"#0059a9","colorDark":"#00294f","band":2,"off":[-1.94,1.1]}},{"type":"Feature","geometry":{"type":"Point","coordinates":[36.867846,-1.24516]},"properties":{"line":"2030","mode":"bus","color":"#0059a9","colorDark":"#00294f","band":2,"off":[1.94,1.1]}},{"type":"Feature","geometry":{"type":"Point","coordinates":[36.884501,-1.233753]},"properties":{"name":"Ngumba Terminal","band":2,"modes":"bus","arr":["43"],"off":[0,-0.8]}},{"type":"Feature","geometry":{"type":"Point","coordinates":[36.884501,-1.233753]},"properties":{"line":"43","mode":"bus","color":"#0059a9","colorDark":"#00294f","band":2,"off":[0,1.1]}},{"type":"Feature","geometry":{"type":"Point","coordinates":[36.937834,-1.181993]},"properties":{"name":"KU","band":2,"modes":"bus","arr":["44G","44K","44Z","45K"],"off":[0,-0.8]}},{"type":"Feature","geometry":{"type":"Point","coordinates":[36.937834,-1.181993]},"properties":{"line":"44G","mode":"bus","color":"#0059a9","colorDark":"#00294f","band":2,"off":[-5.1,1.1]}},{"type":"Feature","geometry":{"type":"Point","coordinates":[36.937834,-1.181993]},"properties":{"line":"44K","mode":"bus","color":"#0059a9","colorDark":"#00294f","band":2,"off":[-1.7,1.1]}},{"type":"Feature","geometry":{"type":"Point","coordinates":[36.937834,-1.181993]},"properties":{"line":"44Z","mode":"bus","color":"#0059a9","colorDark":"#00294f","band":2,"off":[1.7,1.1]}},{"type":"Feature","geometry":{"type":"Point","coordinates":[36.937834,-1.181993]},"properties":{"line":"45K","mode":"bus","color":"#0059a9","colorDark":"#00294f","band":2,"off":[5.1,1.1]}},{"type":"Feature","geometry":{"type":"Point","coordinates":[36.894243,-1.217085]},"properties":{"name":"Roysambu Terminus","band":2,"modes":"bus","arr":["44K"],"off":[0,-0.8]}},{"type":"Feature","geometry":{"type":"Point","coordinates":[36.894243,-1.217085]},"properties":{"name":"Roysambu Footbridge","band":2,"modes":"bus","arr":["44K"],"off":[0,-1.9]}},{"type":"Feature","geometry":{"type":"Point","coordinates":[36.894243,-1.217085]},"properties":{"line":"44K","mode":"bus","color":"#0059a9","colorDark":"#00294f","band":2,"off":[0,1.1]}},{"type":"Feature","geometry":{"type":"Point","coordinates":[36.916888,-1.204352]},"properties":{"name":"Githurai","band":2,"modes":"bus","arr":["45G"],"off":[0,-0.8]}},{"type":"Feature","geometry":{"type":"Point","coordinates":[36.916888,-1.204352]},"properties":{"line":"45G","mode":"bus","color":"#0059a9","colorDark":"#00294f","band":2,"off":[0,1.1]}},{"type":"Feature","geometry":{"type":"Point","coordinates":[36.928236,-1.209057]},"properties":{"name":"Proggie","band":2,"modes":"bus","arr":["45P"],"off":[0,-0.8]}},{"type":"Feature","geometry":{"type":"Point","coordinates":[36.928236,-1.209057]},"properties":{"line":"45P","mode":"bus","color":"#0059a9","colorDark":"#00294f","band":2,"off":[0,1.1]}},{"type":"Feature","geometry":{"type":"Point","coordinates":[36.918567,-1.205399]},"properties":{"name":"Githurai","band":2,"modes":"bus","arr":["45P"],"off":[0,-0.8]}},{"type":"Feature","geometry":{"type":"Point","coordinates":[36.918567,-1.205399]},"properties":{"line":"45P","mode":"bus","color":"#0059a9","colorDark":"#00294f","band":2,"off":[0,1.1]}},{"type":"Feature","geometry":{"type":"Point","coordinates":[36.874011,-1.262041]},"properties":{"name":"Johnsaga","band":2,"modes":"bus","arr":["46H"],"off":[0,-0.8]}},{"type":"Feature","geometry":{"type":"Point","coordinates":[36.874011,-1.262041]},"properties":{"line":"46H","mode":"bus","color":"#0059a9","colorDark":"#00294f","band":2,"off":[0,1.1]}},{"type":"Feature","geometry":{"type":"Point","coordinates":[36.742095,-1.284563]},"properties":{"name":"Kawangware Mwisho","band":2,"modes":"bus","arr":["46K","046P"],"off":[0,-0.8]}},{"type":"Feature","geometry":{"type":"Point","coordinates":[36.742095,-1.284563]},"properties":{"name":"Bus Track Yard","band":2,"modes":"bus","arr":["46K","046P"],"off":[0,-1.9]}},{"type":"Feature","geometry":{"type":"Point","coordinates":[36.742095,-1.284563]},"properties":{"line":"46K","mode":"bus","color":"#0059a9","colorDark":"#00294f","band":2,"off":[-1.94,1.1]}},{"type":"Feature","geometry":{"type":"Point","coordinates":[36.742095,-1.284563]},"properties":{"line":"046P","mode":"bus","color":"#0059a9","colorDark":"#00294f","band":2,"off":[1.94,1.1]}},{"type":"Feature","geometry":{"type":"Point","coordinates":[36.753132,-1.289306]},"properties":{"name":"Congo","band":2,"modes":"bus","arr":["48K"],"off":[0,-0.8]}},{"type":"Feature","geometry":{"type":"Point","coordinates":[36.753132,-1.289306]},"properties":{"line":"48K","mode":"bus","color":"#0059a9","colorDark":"#00294f","band":2,"off":[0,1.1]}},{"type":"Feature","geometry":{"type":"Point","coordinates":[36.787625,-1.292307]},"properties":{"name":"Yaya","band":2,"modes":"bus","arr":["46Y","0048","48C"],"off":[0,-0.8]}},{"type":"Feature","geometry":{"type":"Point","coordinates":[36.787625,-1.292307]},"properties":{"line":"46Y","mode":"bus","color":"#0059a9","colorDark":"#00294f","band":2,"off":[-3.88,1.1]}},{"type":"Feature","geometry":{"type":"Point","coordinates":[36.787625,-1.292307]},"properties":{"line":"0048","mode":"bus","color":"#0059a9","colorDark":"#00294f","band":2,"off":[0,1.1]}},{"type":"Feature","geometry":{"type":"Point","coordinates":[36.787625,-1.292307]},"properties":{"line":"48C","mode":"bus","color":"#0059a9","colorDark":"#00294f","band":2,"off":[3.88,1.1]}},{"type":"Feature","geometry":{"type":"Point","coordinates":[36.800856,-1.265651]},"properties":{"name":"Parklands Baptist/Westlands","band":2,"modes":"bus","arr":["0048"],"off":[0,-0.8]}},{"type":"Feature","geometry":{"type":"Point","coordinates":[36.800856,-1.265651]},"properties":{"line":"0048","mode":"bus","color":"#0059a9","colorDark":"#00294f","band":2,"off":[0,1.1]}},{"type":"Feature","geometry":{"type":"Point","coordinates":[36.769086,-1.280146]},"properties":{"name":"Lavington Shopping Centre/ Shell","band":2,"modes":"bus","arr":["48A"],"off":[0,-0.8]}},{"type":"Feature","geometry":{"type":"Point","coordinates":[36.769086,-1.280146]},"properties":{"line":"48A","mode":"bus","color":"#0059a9","colorDark":"#00294f","band":2,"off":[0,1.1]}},{"type":"Feature","geometry":{"type":"Point","coordinates":[36.773019,-1.288554]},"properties":{"name":"Othaya Road Stage","band":2,"modes":"bus","arr":["48B","48O"],"off":[0,-0.8]}},{"type":"Feature","geometry":{"type":"Point","coordinates":[36.773019,-1.288554]},"properties":{"name":"Othaya Road","band":2,"modes":"bus","arr":["48B","48O"],"off":[0,-1.9]}},{"type":"Feature","geometry":{"type":"Point","coordinates":[36.773019,-1.288554]},"properties":{"line":"48B","mode":"bus","color":"#0059a9","colorDark":"#00294f","band":2,"off":[-1.7,1.1]}},{"type":"Feature","geometry":{"type":"Point","coordinates":[36.773019,-1.288554]},"properties":{"line":"48O","mode":"bus","color":"#0059a9","colorDark":"#00294f","band":2,"off":[1.7,1.1]}},{"type":"Feature","geometry":{"type":"Point","coordinates":[36.920806,-1.22951]},"properties":{"name":"Sunton","band":2,"modes":"bus","arr":["49"],"off":[0,-0.8]}},{"type":"Feature","geometry":{"type":"Point","coordinates":[36.920806,-1.22951]},"properties":{"line":"49","mode":"bus","color":"#0059a9","colorDark":"#00294f","band":2,"off":[0,1.1]}},{"type":"Feature","geometry":{"type":"Point","coordinates":[36.874347,-1.211146]},"properties":{"name":"Marurui","band":2,"modes":"bus","arr":["53"],"off":[0,-0.8]}},{"type":"Feature","geometry":{"type":"Point","coordinates":[36.874347,-1.211146]},"properties":{"line":"53","mode":"bus","color":"#0059a9","colorDark":"#00294f","band":2,"off":[0,1.1]}},{"type":"Feature","geometry":{"type":"Point","coordinates":[36.872844,-1.23348]},"properties":{"name":"Roasters","band":2,"modes":"bus","arr":["53"],"off":[0,-0.8]}},{"type":"Feature","geometry":{"type":"Point","coordinates":[36.872844,-1.23348]},"properties":{"line":"53","mode":"bus","color":"#0059a9","colorDark":"#00294f","band":2,"off":[0,1.1]}},{"type":"Feature","geometry":{"type":"Point","coordinates":[36.750878,-1.27856]},"properties":{"name":"Kanungaga","band":2,"modes":"bus","arr":["56"],"off":[0,-0.8]}},{"type":"Feature","geometry":{"type":"Point","coordinates":[36.750878,-1.27856]},"properties":{"line":"56","mode":"bus","color":"#0059a9","colorDark":"#00294f","band":2,"off":[0,1.1]}},{"type":"Feature","geometry":{"type":"Point","coordinates":[36.870264,-1.328396]},"properties":{"name":"GM Town","band":2,"modes":"bus","arr":["69"],"off":[0,-0.8]}},{"type":"Feature","geometry":{"type":"Point","coordinates":[36.870264,-1.328396]},"properties":{"line":"69","mode":"bus","color":"#0059a9","colorDark":"#00294f","band":2,"off":[0,1.1]}},{"type":"Feature","geometry":{"type":"Point","coordinates":[36.826282,-1.168961]},"properties":{"name":"Kiambu Bus Terminus","band":2,"modes":"bus","arr":["100","100A"],"off":[0,-0.8]}},{"type":"Feature","geometry":{"type":"Point","coordinates":[36.826282,-1.168961]},"properties":{"line":"100","mode":"bus","color":"#0059a9","colorDark":"#00294f","band":2,"off":[-1.94,1.1]}},{"type":"Feature","geometry":{"type":"Point","coordinates":[36.826282,-1.168961]},"properties":{"line":"100A","mode":"bus","color":"#0059a9","colorDark":"#00294f","band":2,"off":[1.94,1.1]}},{"type":"Feature","geometry":{"type":"Point","coordinates":[36.830716,-1.170431]},"properties":{"name":"Kiambu Hospital","band":2,"modes":"bus","arr":["100A"],"off":[0,-0.8]}},{"type":"Feature","geometry":{"type":"Point","coordinates":[36.830716,-1.170431]},"properties":{"line":"100A","mode":"bus","color":"#0059a9","colorDark":"#00294f","band":2,"off":[0,1.1]}},{"type":"Feature","geometry":{"type":"Point","coordinates":[36.665001,-1.246604]},"properties":{"name":"Kikuyu Terminus","band":2,"modes":"bus","arr":["102","105","129"],"off":[0,-0.8]}},{"type":"Feature","geometry":{"type":"Point","coordinates":[36.665001,-1.246604]},"properties":{"name":"Kikuyu","band":2,"modes":"bus","arr":["102","105","129"],"off":[0,-1.9]}},{"type":"Feature","geometry":{"type":"Point","coordinates":[36.665001,-1.246604]},"properties":{"line":"102","mode":"bus","color":"#0059a9","colorDark":"#00294f","band":2,"off":[-3.4,1.1]}},{"type":"Feature","geometry":{"type":"Point","coordinates":[36.665001,-1.246604]},"properties":{"line":"105","mode":"bus","color":"#0059a9","colorDark":"#00294f","band":2,"off":[0,1.1]}},{"type":"Feature","geometry":{"type":"Point","coordinates":[36.665001,-1.246604]},"properties":{"line":"129","mode":"bus","color":"#0059a9","colorDark":"#00294f","band":2,"off":[3.4,1.1]}},{"type":"Feature","geometry":{"type":"Point","coordinates":[36.712476,-1.219187]},"properties":{"name":"Wangige Terminus","band":2,"modes":"bus","arr":["103","118","119","129"],"off":[0,-0.8]}},{"type":"Feature","geometry":{"type":"Point","coordinates":[36.712476,-1.219187]},"properties":{"name":"Wangige Stage","band":2,"modes":"bus","arr":["103","118","119","129"],"off":[0,-1.9]}},{"type":"Feature","geometry":{"type":"Point","coordinates":[36.712476,-1.219187]},"properties":{"name":"Wangige Bus Terminus","band":2,"modes":"bus","arr":["103","118","119","129"],"off":[0,-3]}},{"type":"Feature","geometry":{"type":"Point","coordinates":[36.712476,-1.219187]},"properties":{"line":"103","mode":"bus","color":"#0059a9","colorDark":"#00294f","band":2,"off":[-5.1,1.1]}},{"type":"Feature","geometry":{"type":"Point","coordinates":[36.712476,-1.219187]},"properties":{"line":"118","mode":"bus","color":"#0059a9","colorDark":"#00294f","band":2,"off":[-1.7,1.1]}},{"type":"Feature","geometry":{"type":"Point","coordinates":[36.712476,-1.219187]},"properties":{"line":"119","mode":"bus","color":"#0059a9","colorDark":"#00294f","band":2,"off":[1.7,1.1]}},{"type":"Feature","geometry":{"type":"Point","coordinates":[36.712476,-1.219187]},"properties":{"line":"129","mode":"bus","color":"#0059a9","colorDark":"#00294f","band":2,"off":[5.1,1.1]}},{"type":"Feature","geometry":{"type":"Point","coordinates":[36.758889,-1.174195]},"properties":{"name":"Banana Terminus","band":2,"modes":"bus","arr":["106"],"off":[0,-0.8]}},{"type":"Feature","geometry":{"type":"Point","coordinates":[36.758889,-1.174195]},"properties":{"line":"106","mode":"bus","color":"#0059a9","colorDark":"#00294f","band":2,"off":[0,1.1]}},{"type":"Feature","geometry":{"type":"Point","coordinates":[36.732023,-1.194256]},"properties":{"name":"Karura Stage","band":2,"modes":"bus","arr":["107"],"off":[0,-0.8]}},{"type":"Feature","geometry":{"type":"Point","coordinates":[36.732023,-1.194256]},"properties":{"name":"Karura Mwisho","band":2,"modes":"bus","arr":["107"],"off":[0,-1.9]}},{"type":"Feature","geometry":{"type":"Point","coordinates":[36.732023,-1.194256]},"properties":{"line":"107","mode":"bus","color":"#0059a9","colorDark":"#00294f","band":2,"off":[0,1.1]}},{"type":"Feature","geometry":{"type":"Point","coordinates":[36.959494,-1.14763]},"properties":{"name":"Ruiru","band":2,"modes":"bus","arr":["107D","145","145B","145D"],"off":[0,-0.8]}},{"type":"Feature","geometry":{"type":"Point","coordinates":[36.959494,-1.14763]},"properties":{"line":"107D","mode":"bus","color":"#0059a9","colorDark":"#00294f","band":2,"off":[-5.82,1.1]}},{"type":"Feature","geometry":{"type":"Point","coordinates":[36.959494,-1.14763]},"properties":{"line":"145","mode":"bus","color":"#0059a9","colorDark":"#00294f","band":2,"off":[-1.94,1.1]}},{"type":"Feature","geometry":{"type":"Point","coordinates":[36.959494,-1.14763]},"properties":{"line":"145B","mode":"bus","color":"#0059a9","colorDark":"#00294f","band":2,"off":[1.94,1.1]}},{"type":"Feature","geometry":{"type":"Point","coordinates":[36.959494,-1.14763]},"properties":{"line":"145D","mode":"bus","color":"#0059a9","colorDark":"#00294f","band":2,"off":[5.82,1.1]}},{"type":"Feature","geometry":{"type":"Point","coordinates":[36.766701,-1.219599]},"properties":{"name":"Gasolina/Gichagi Mwisho","band":2,"modes":"bus","arr":["108"],"off":[0,-0.8]}},{"type":"Feature","geometry":{"type":"Point","coordinates":[36.766701,-1.219599]},"properties":{"line":"108","mode":"bus","color":"#0059a9","colorDark":"#00294f","band":2,"off":[0,1.1]}},{"type":"Feature","geometry":{"type":"Point","coordinates":[36.957867,-1.477164]},"properties":{"name":"Kitengela","band":2,"modes":"bus","arr":["110","110AK"],"off":[0,-0.8]}},{"type":"Feature","geometry":{"type":"Point","coordinates":[36.957867,-1.477164]},"properties":{"line":"110","mode":"bus","color":"#0059a9","colorDark":"#00294f","band":2,"off":[-2.25,1.1]}},{"type":"Feature","geometry":{"type":"Point","coordinates":[36.957867,-1.477164]},"properties":{"line":"110AK","mode":"bus","color":"#0059a9","colorDark":"#00294f","band":2,"off":[2.25,1.1]}},{"type":"Feature","geometry":{"type":"Point","coordinates":[36.829222,-1.290249]},"properties":{"name":"Easy Coach/Uchumi","band":2,"modes":"bus","arr":["110","110ATH"],"off":[0,-0.8]}},{"type":"Feature","geometry":{"type":"Point","coordinates":[36.829222,-1.290249]},"properties":{"line":"110","mode":"bus","color":"#0059a9","colorDark":"#00294f","band":2,"off":[-2.56,1.1]}},{"type":"Feature","geometry":{"type":"Point","coordinates":[36.829222,-1.290249]},"properties":{"line":"110ATH","mode":"bus","color":"#0059a9","colorDark":"#00294f","band":2,"off":[2.56,1.1]}},{"type":"Feature","geometry":{"type":"Point","coordinates":[36.989409,-1.444129]},"properties":{"name":"Devki","band":2,"modes":"bus","arr":["110AK"],"off":[0,-0.8]}},{"type":"Feature","geometry":{"type":"Point","coordinates":[36.989409,-1.444129]},"properties":{"line":"110AK","mode":"bus","color":"#0059a9","colorDark":"#00294f","band":2,"off":[0,1.1]}},{"type":"Feature","geometry":{"type":"Point","coordinates":[36.974515,-1.45725]},"properties":{"name":"Makadara","band":2,"modes":"bus","arr":["110ATH"],"off":[0,-0.8]}},{"type":"Feature","geometry":{"type":"Point","coordinates":[36.974515,-1.45725]},"properties":{"line":"110ATH","mode":"bus","color":"#0059a9","colorDark":"#00294f","band":2,"off":[0,1.1]}},{"type":"Feature","geometry":{"type":"Point","coordinates":[36.655952,-1.36062]},"properties":{"name":"Ngong Bus Terminus","band":2,"modes":"bus","arr":["111","126N"],"off":[0,-0.8]}},{"type":"Feature","geometry":{"type":"Point","coordinates":[36.655952,-1.36062]},"properties":{"name":"Ngong Bus Terminal","band":2,"modes":"bus","arr":["111","126N"],"off":[0,-1.9]}},{"type":"Feature","geometry":{"type":"Point","coordinates":[36.655952,-1.36062]},"properties":{"line":"111","mode":"bus","color":"#0059a9","colorDark":"#00294f","band":2,"off":[-1.94,1.1]}},{"type":"Feature","geometry":{"type":"Point","coordinates":[36.655952,-1.36062]},"properties":{"line":"126N","mode":"bus","color":"#0059a9","colorDark":"#00294f","band":2,"off":[1.94,1.1]}},{"type":"Feature","geometry":{"type":"Point","coordinates":[36.643373,-1.108241]},"properties":{"name":"Limuru Town Terminal","band":2,"modes":"bus","arr":["114R","114W","115","116","135"],"off":[0,-0.8]}},{"type":"Feature","geometry":{"type":"Point","coordinates":[36.643373,-1.108241]},"properties":{"name":"Limuru Terminus","band":2,"modes":"bus","arr":["114R","114W","115","116","135"],"off":[0,-3]}},{"type":"Feature","geometry":{"type":"Point","coordinates":[36.643373,-1.108241]},"properties":{"line":"114R","mode":"bus","color":"#0059a9","colorDark":"#00294f","band":2,"off":[-5.82,1.1]}},{"type":"Feature","geometry":{"type":"Point","coordinates":[36.643373,-1.108241]},"properties":{"line":"114W","mode":"bus","color":"#0059a9","colorDark":"#00294f","band":2,"off":[-1.94,1.1]}},{"type":"Feature","geometry":{"type":"Point","coordinates":[36.643373,-1.108241]},"properties":{"line":"115","mode":"bus","color":"#0059a9","colorDark":"#00294f","band":2,"off":[1.94,1.1]}},{"type":"Feature","geometry":{"type":"Point","coordinates":[36.643373,-1.108241]},"properties":{"line":"116","mode":"bus","color":"#0059a9","colorDark":"#00294f","band":2,"off":[5.82,1.1]}},{"type":"Feature","geometry":{"type":"Point","coordinates":[36.643373,-1.108241]},"properties":{"line":"135","mode":"bus","color":"#0059a9","colorDark":"#00294f","band":2,"off":[0,3.1]}},{"type":"Feature","geometry":{"type":"Point","coordinates":[36.738748,-1.219083]},"properties":{"name":"Gathiga Mwisho","band":2,"modes":"bus","arr":["119A"],"off":[0,-0.8]}},{"type":"Feature","geometry":{"type":"Point","coordinates":[36.738748,-1.219083]},"properties":{"name":"Gathiga","band":2,"modes":"bus","arr":["119A"],"off":[0,-1.9]}},{"type":"Feature","geometry":{"type":"Point","coordinates":[36.738748,-1.219083]},"properties":{"line":"119A","mode":"bus","color":"#0059a9","colorDark":"#00294f","band":2,"off":[0,1.1]}},{"type":"Feature","geometry":{"type":"Point","coordinates":[36.778928,-1.056698]},"properties":{"name":"Githunguri Terminal","band":2,"modes":"bus","arr":["120"],"off":[0,-0.8]}},{"type":"Feature","geometry":{"type":"Point","coordinates":[36.778928,-1.056698]},"properties":{"line":"120","mode":"bus","color":"#0059a9","colorDark":"#00294f","band":2,"off":[0,1.1]}},{"type":"Feature","geometry":{"type":"Point","coordinates":[36.805551,-1.151597]},"properties":{"name":"Ndumberi","band":2,"modes":"bus","arr":["121"],"off":[0,-0.8]}},{"type":"Feature","geometry":{"type":"Point","coordinates":[36.805551,-1.151597]},"properties":{"line":"121","mode":"bus","color":"#0059a9","colorDark":"#00294f","band":2,"off":[0,1.1]}},{"type":"Feature","geometry":{"type":"Point","coordinates":[36.74959,-1.396584]},"properties":{"name":"Kware","band":2,"modes":"bus","arr":["125"],"off":[0,-0.8]}},{"type":"Feature","geometry":{"type":"Point","coordinates":[36.74959,-1.396584]},"properties":{"line":"125","mode":"bus","color":"#0059a9","colorDark":"#00294f","band":2,"off":[0,1.1]}},{"type":"Feature","geometry":{"type":"Point","coordinates":[36.686248,-1.429617]},"properties":{"name":"Kiserian Terminus","band":2,"modes":"bus","arr":["126","126N","126RK"],"off":[0,-0.8]}},{"type":"Feature","geometry":{"type":"Point","coordinates":[36.686248,-1.429617]},"properties":{"name":"Kiserian","band":2,"modes":"bus","arr":["126","126N","126RK"],"off":[0,-1.9]}},{"type":"Feature","geometry":{"type":"Point","coordinates":[36.686248,-1.429617]},"properties":{"name":"Kiserain Nairobi Bus Stop","band":2,"modes":"bus","arr":["126","126N","126RK"],"off":[0,-3]}},{"type":"Feature","geometry":{"type":"Point","coordinates":[36.686248,-1.429617]},"properties":{"line":"126","mode":"bus","color":"#0059a9","colorDark":"#00294f","band":2,"off":[-4.5,1.1]}},{"type":"Feature","geometry":{"type":"Point","coordinates":[36.686248,-1.429617]},"properties":{"line":"126N","mode":"bus","color":"#0059a9","colorDark":"#00294f","band":2,"off":[0,1.1]}},{"type":"Feature","geometry":{"type":"Point","coordinates":[36.686248,-1.429617]},"properties":{"line":"126RK","mode":"bus","color":"#0059a9","colorDark":"#00294f","band":2,"off":[4.5,1.1]}},{"type":"Feature","geometry":{"type":"Point","coordinates":[36.759814,-1.397054]},"properties":{"name":"Soronik Road","band":2,"modes":"bus","arr":["126RK"],"off":[0,-0.8]}},{"type":"Feature","geometry":{"type":"Point","coordinates":[36.759814,-1.397054]},"properties":{"line":"126RK","mode":"bus","color":"#0059a9","colorDark":"#00294f","band":2,"off":[0,1.1]}},{"type":"Feature","geometry":{"type":"Point","coordinates":[36.754172,-1.397064]},"properties":{"name":"Tuskys","band":2,"modes":"bus","arr":["126RK"],"off":[0,-0.8]}},{"type":"Feature","geometry":{"type":"Point","coordinates":[36.754172,-1.397064]},"properties":{"line":"126RK","mode":"bus","color":"#0059a9","colorDark":"#00294f","band":2,"off":[0,1.1]}},{"type":"Feature","geometry":{"type":"Point","coordinates":[37.076425,-1.035447]},"properties":{"name":"Thika Town","band":2,"modes":"bus","arr":["237"],"off":[0,-0.8]}},{"type":"Feature","geometry":{"type":"Point","coordinates":[37.076425,-1.035447]},"properties":{"line":"237","mode":"bus","color":"#0059a9","colorDark":"#00294f","band":2,"off":[0,1.1]}},{"type":"Feature","geometry":{"type":"Point","coordinates":[36.827787,-1.304185]},"properties":{"name":"Baricho Road Terminus","band":2,"modes":"bus","arr":["405"],"off":[0,-0.8]}},{"type":"Feature","geometry":{"type":"Point","coordinates":[36.827787,-1.304185]},"properties":{"line":"405","mode":"bus","color":"#0059a9","colorDark":"#00294f","band":2,"off":[0,1.1]}},{"type":"Feature","geometry":{"type":"Point","coordinates":[36.919441,-1.262829]},"properties":{"name":"Kayole One","band":2,"modes":"bus","arr":["1961K"],"off":[0,-0.8]}},{"type":"Feature","geometry":{"type":"Point","coordinates":[36.919441,-1.262829]},"properties":{"line":"1961K","mode":"bus","color":"#0059a9","colorDark":"#00294f","band":2,"off":[0,1.1]}},{"type":"Feature","geometry":{"type":"Point","coordinates":[36.898154,-1.279273]},"properties":{"name":"Umoja 2 Terminus","band":2,"modes":"bus","arr":["3560"],"off":[0,-0.8]}},{"type":"Feature","geometry":{"type":"Point","coordinates":[36.898154,-1.279273]},"properties":{"line":"3560","mode":"bus","color":"#0059a9","colorDark":"#00294f","band":2,"off":[0,1.1]}},{"type":"Feature","geometry":{"type":"Point","coordinates":[36.686323,-1.28772]},"properties":{"name":"Dagoretti Market","band":3,"modes":"bus","arr":["1","2"],"off":[0,-0.8]}},{"type":"Feature","geometry":{"type":"Point","coordinates":[36.686323,-1.28772]},"properties":{"line":"1","mode":"bus","color":"#0059a9","colorDark":"#00294f","band":3,"off":[-1.7,1.1]}},{"type":"Feature","geometry":{"type":"Point","coordinates":[36.686323,-1.28772]},"properties":{"line":"2","mode":"bus","color":"#0059a9","colorDark":"#00294f","band":3,"off":[1.7,1.1]}},{"type":"Feature","geometry":{"type":"Point","coordinates":[36.706407,-1.321199]},"properties":{"name":"Karen/The Hub","band":3,"modes":"bus","arr":["1"],"off":[0,-0.8]}},{"type":"Feature","geometry":{"type":"Point","coordinates":[36.706407,-1.321199]},"properties":{"line":"1","mode":"bus","color":"#0059a9","colorDark":"#00294f","band":3,"off":[0,1.1]}},{"type":"Feature","geometry":{"type":"Point","coordinates":[36.759607,-1.298414]},"properties":{"name":"Kenol Dagoretti Corner","band":3,"modes":"bus","arr":["3U/3","103"],"off":[0,-0.8]}},{"type":"Feature","geometry":{"type":"Point","coordinates":[36.759607,-1.298414]},"properties":{"name":"Dagoretti Corner Stage","band":3,"modes":"bus","arr":["3U/3","103"],"off":[0,-3]}},{"type":"Feature","geometry":{"type":"Point","coordinates":[36.759607,-1.298414]},"properties":{"line":"3U/3","mode":"bus","color":"#0059a9","colorDark":"#00294f","band":3,"off":[-1.94,1.1]}},{"type":"Feature","geometry":{"type":"Point","coordinates":[36.759607,-1.298414]},"properties":{"line":"103","mode":"bus","color":"#0059a9","colorDark":"#00294f","band":3,"off":[1.94,1.1]}},{"type":"Feature","geometry":{"type":"Point","coordinates":[36.804166,-1.29764]},"properties":{"name":"Kenyatta National Hospital","band":3,"modes":"bus","arr":["34L"],"off":[0,-0.8]}},{"type":"Feature","geometry":{"type":"Point","coordinates":[36.804166,-1.29764]},"properties":{"line":"34L","mode":"bus","color":"#0059a9","colorDark":"#00294f","band":3,"off":[0,1.1]}},{"type":"Feature","geometry":{"type":"Point","coordinates":[36.828192,-1.290911]},"properties":{"name":"Railways","band":3,"modes":"bus","arr":["2","8","56","102","111","125","126"],"off":[0,-0.8]}},{"type":"Feature","geometry":{"type":"Point","coordinates":[36.828192,-1.290911]},"properties":{"line":"2","mode":"bus","color":"#0059a9","colorDark":"#00294f","band":3,"off":[-6.8,1.1]}},{"type":"Feature","geometry":{"type":"Point","coordinates":[36.828192,-1.290911]},"properties":{"line":"8","mode":"bus","color":"#0059a9","colorDark":"#00294f","band":3,"off":[-3.4,1.1]}},{"type":"Feature","geometry":{"type":"Point","coordinates":[36.828192,-1.290911]},"properties":{"line":"56","mode":"bus","color":"#0059a9","colorDark":"#00294f","band":3,"off":[0,1.1]}},{"type":"Feature","geometry":{"type":"Point","coordinates":[36.828192,-1.290911]},"properties":{"line":"102","mode":"bus","color":"#0059a9","colorDark":"#00294f","band":3,"off":[3.4,1.1]}},{"type":"Feature","geometry":{"type":"Point","coordinates":[36.828192,-1.290911]},"properties":{"line":"111","mode":"bus","color":"#0059a9","colorDark":"#00294f","band":3,"off":[6.8,1.1]}},{"type":"Feature","geometry":{"type":"Point","coordinates":[36.828192,-1.290911]},"properties":{"line":"125","mode":"bus","color":"#0059a9","colorDark":"#00294f","band":3,"off":[-1.7,3.1]}},{"type":"Feature","geometry":{"type":"Point","coordinates":[36.828192,-1.290911]},"properties":{"line":"126","mode":"bus","color":"#0059a9","colorDark":"#00294f","band":3,"off":[1.7,3.1]}},{"type":"Feature","geometry":{"type":"Point","coordinates":[36.840541,-1.284114]},"properties":{"name":"Gikomba Market","band":3,"modes":"bus","arr":["3N","7","28","41"],"off":[0,-0.8]}},{"type":"Feature","geometry":{"type":"Point","coordinates":[36.840541,-1.284114]},"properties":{"name":"Gikomba","band":3,"modes":"bus","arr":["3N","7","28","41"],"off":[0,-1.9]}},{"type":"Feature","geometry":{"type":"Point","coordinates":[36.840541,-1.284114]},"properties":{"line":"3N","mode":"bus","color":"#0059a9","colorDark":"#00294f","band":3,"off":[-5.1,1.1]}},{"type":"Feature","geometry":{"type":"Point","coordinates":[36.840541,-1.284114]},"properties":{"line":"7","mode":"bus","color":"#0059a9","colorDark":"#00294f","band":3,"off":[-1.7,1.1]}},{"type":"Feature","geometry":{"type":"Point","coordinates":[36.840541,-1.284114]},"properties":{"line":"28","mode":"bus","color":"#0059a9","colorDark":"#00294f","band":3,"off":[1.7,1.1]}},{"type":"Feature","geometry":{"type":"Point","coordinates":[36.840541,-1.284114]},"properties":{"line":"41","mode":"bus","color":"#0059a9","colorDark":"#00294f","band":3,"off":[5.1,1.1]}},{"type":"Feature","geometry":{"type":"Point","coordinates":[36.830239,-1.278387]},"properties":{"name":"Equity Ngara","band":3,"modes":"bus","arr":["100A"],"off":[0,-0.8]}},{"type":"Feature","geometry":{"type":"Point","coordinates":[36.830239,-1.278387]},"properties":{"line":"100A","mode":"bus","color":"#0059a9","colorDark":"#00294f","band":3,"off":[0,1.1]}},{"type":"Feature","geometry":{"type":"Point","coordinates":[36.824717,-1.275776]},"properties":{"name":"Ngara","band":3,"modes":"bus","arr":["3N"],"off":[0,-0.8]}},{"type":"Feature","geometry":{"type":"Point","coordinates":[36.824717,-1.275776]},"properties":{"line":"3N","mode":"bus","color":"#0059a9","colorDark":"#00294f","band":3,"off":[0,1.1]}},{"type":"Feature","geometry":{"type":"Point","coordinates":[36.716841,-1.261347]},"properties":{"name":"Uthiru Pentecostal","band":3,"modes":"bus","arr":["3U/3"],"off":[0,-0.8]}},{"type":"Feature","geometry":{"type":"Point","coordinates":[36.716841,-1.261347]},"properties":{"line":"3U/3","mode":"bus","color":"#0059a9","colorDark":"#00294f","band":3,"off":[0,1.1]}},{"type":"Feature","geometry":{"type":"Point","coordinates":[36.728982,-1.290502]},"properties":{"name":"Kaberia","band":3,"modes":"bus","arr":["4W"],"off":[0,-0.8]}},{"type":"Feature","geometry":{"type":"Point","coordinates":[36.728982,-1.290502]},"properties":{"line":"4W","mode":"bus","color":"#0059a9","colorDark":"#00294f","band":3,"off":[0,1.1]}},{"type":"Feature","geometry":{"type":"Point","coordinates":[36.824949,-1.285886]},"properties":{"name":"Kencom/Ambassadeur","band":3,"modes":"bus","arr":["4W","5","7C","24","24C","32A","33UTW","34B","34J","46K","046P","46Y","58"],"off":[0,-0.8]}},{"type":"Feature","geometry":{"type":"Point","coordinates":[36.824949,-1.285886]},"properties":{"name":"Ambassadeur","band":3,"modes":"bus","arr":["4W","5","7C","24","24C","32A","33UTW","34B","34J","46K","046P","46Y","58"],"off":[0,-1.9]}},{"type":"Feature","geometry":{"type":"Point","coordinates":[36.824949,-1.285886]},"properties":{"line":"4W","mode":"bus","color":"#0059a9","colorDark":"#00294f","band":3,"off":[-6.75,1.1]}},{"type":"Feature","geometry":{"type":"Point","coordinates":[36.824949,-1.285886]},"properties":{"line":"5","mode":"bus","color":"#0059a9","colorDark":"#00294f","band":3,"off":[-2.25,1.1]}},{"type":"Feature","geometry":{"type":"Point","coordinates":[36.824949,-1.285886]},"properties":{"line":"7C","mode":"bus","color":"#0059a9","colorDark":"#00294f","band":3,"off":[2.25,1.1]}},{"type":"Feature","geometry":{"type":"Point","coordinates":[36.824949,-1.285886]},"properties":{"line":"24","mode":"bus","color":"#0059a9","colorDark":"#00294f","band":3,"off":[6.75,1.1]}},{"type":"Feature","geometry":{"type":"Point","coordinates":[36.824949,-1.285886]},"properties":{"line":"24C","mode":"bus","color":"#0059a9","colorDark":"#00294f","band":3,"off":[-6.75,3.1]}},{"type":"Feature","geometry":{"type":"Point","coordinates":[36.824949,-1.285886]},"properties":{"line":"32A","mode":"bus","color":"#0059a9","colorDark":"#00294f","band":3,"off":[-2.25,3.1]}},{"type":"Feature","geometry":{"type":"Point","coordinates":[36.824949,-1.285886]},"properties":{"line":"33UTW","mode":"bus","color":"#0059a9","colorDark":"#00294f","band":3,"off":[2.25,3.1]}},{"type":"Feature","geometry":{"type":"Point","coordinates":[36.824949,-1.285886]},"properties":{"line":"34B","mode":"bus","color":"#0059a9","colorDark":"#00294f","band":3,"off":[6.75,3.1]}},{"type":"Feature","geometry":{"type":"Point","coordinates":[36.824949,-1.285886]},"properties":{"line":"34J","mode":"bus","color":"#0059a9","colorDark":"#00294f","band":3,"off":[-6.75,5.1]}},{"type":"Feature","geometry":{"type":"Point","coordinates":[36.824949,-1.285886]},"properties":{"line":"46K","mode":"bus","color":"#0059a9","colorDark":"#00294f","band":3,"off":[-2.25,5.1]}},{"type":"Feature","geometry":{"type":"Point","coordinates":[36.824949,-1.285886]},"properties":{"line":"046P","mode":"bus","color":"#0059a9","colorDark":"#00294f","band":3,"off":[2.25,5.1]}},{"type":"Feature","geometry":{"type":"Point","coordinates":[36.824949,-1.285886]},"properties":{"line":"46Y","mode":"bus","color":"#0059a9","colorDark":"#00294f","band":3,"off":[6.75,5.1]}},{"type":"Feature","geometry":{"type":"Point","coordinates":[36.824949,-1.285886]},"properties":{"line":"58","mode":"bus","color":"#0059a9","colorDark":"#00294f","band":3,"off":[0,7.1]}},{"type":"Feature","geometry":{"type":"Point","coordinates":[36.769135,-1.303947]},"properties":{"name":"Jamhuri Station Road Stage","band":3,"modes":"bus","arr":["5"],"off":[0,-0.8]}},{"type":"Feature","geometry":{"type":"Point","coordinates":[36.769135,-1.303947]},"properties":{"line":"5","mode":"bus","color":"#0059a9","colorDark":"#00294f","band":3,"off":[0,1.1]}},{"type":"Feature","geometry":{"type":"Point","coordinates":[36.848878,-1.272236]},"properties":{"name":"Eastleigh Terminal","band":3,"modes":"bus","arr":["6","17Aky","18C"],"off":[0,-0.8]}},{"type":"Feature","geometry":{"type":"Point","coordinates":[36.848878,-1.272236]},"properties":{"line":"6","mode":"bus","color":"#0059a9","colorDark":"#00294f","band":3,"off":[-4.5,1.1]}},{"type":"Feature","geometry":{"type":"Point","coordinates":[36.848878,-1.272236]},"properties":{"line":"17Aky","mode":"bus","color":"#0059a9","colorDark":"#00294f","band":3,"off":[0,1.1]}},{"type":"Feature","geometry":{"type":"Point","coordinates":[36.848878,-1.272236]},"properties":{"line":"18C","mode":"bus","color":"#0059a9","colorDark":"#00294f","band":3,"off":[4.5,1.1]}},{"type":"Feature","geometry":{"type":"Point","coordinates":[36.822476,-1.28139]},"properties":{"name":"Koja","band":3,"modes":"bus","arr":["6","23W","106","115","116","118","119","119A"],"off":[0,-0.8]}},{"type":"Feature","geometry":{"type":"Point","coordinates":[36.822476,-1.28139]},"properties":{"line":"6","mode":"bus","color":"#0059a9","colorDark":"#00294f","band":3,"off":[-5.82,1.1]}},{"type":"Feature","geometry":{"type":"Point","coordinates":[36.822476,-1.28139]},"properties":{"line":"23W","mode":"bus","color":"#0059a9","colorDark":"#00294f","band":3,"off":[-1.94,1.1]}},{"type":"Feature","geometry":{"type":"Point","coordinates":[36.822476,-1.28139]},"properties":{"line":"106","mode":"bus","color":"#0059a9","colorDark":"#00294f","band":3,"off":[1.94,1.1]}},{"type":"Feature","geometry":{"type":"Point","coordinates":[36.822476,-1.28139]},"properties":{"line":"115","mode":"bus","color":"#0059a9","colorDark":"#00294f","band":3,"off":[5.82,1.1]}},{"type":"Feature","geometry":{"type":"Point","coordinates":[36.822476,-1.28139]},"properties":{"line":"116","mode":"bus","color":"#0059a9","colorDark":"#00294f","band":3,"off":[-5.82,3.1]}},{"type":"Feature","geometry":{"type":"Point","coordinates":[36.822476,-1.28139]},"properties":{"line":"118","mode":"bus","color":"#0059a9","colorDark":"#00294f","band":3,"off":[-1.94,3.1]}},{"type":"Feature","geometry":{"type":"Point","coordinates":[36.822476,-1.28139]},"properties":{"line":"119","mode":"bus","color":"#0059a9","colorDark":"#00294f","band":3,"off":[1.94,3.1]}},{"type":"Feature","geometry":{"type":"Point","coordinates":[36.822476,-1.28139]},"properties":{"line":"119A","mode":"bus","color":"#0059a9","colorDark":"#00294f","band":3,"off":[5.82,3.1]}},{"type":"Feature","geometry":{"type":"Point","coordinates":[36.851115,-1.282805]},"properties":{"name":"Joster","band":3,"modes":"bus","arr":["6E"],"off":[0,-0.8]}},{"type":"Feature","geometry":{"type":"Point","coordinates":[36.851115,-1.282805]},"properties":{"line":"6E","mode":"bus","color":"#0059a9","colorDark":"#00294f","band":3,"off":[0,1.1]}},{"type":"Feature","geometry":{"type":"Point","coordinates":[36.852711,-1.294569]},"properties":{"name":"Church Army","band":3,"modes":"bus","arr":["6E"],"off":[0,-0.8]}},{"type":"Feature","geometry":{"type":"Point","coordinates":[36.852711,-1.294569]},"properties":{"line":"6E","mode":"bus","color":"#0059a9","colorDark":"#00294f","band":3,"off":[0,1.1]}},{"type":"Feature","geometry":{"type":"Point","coordinates":[36.830161,-1.287111]},"properties":{"name":"OTC","band":3,"modes":"bus","arr":["7","11","12C","12D","14A","14B","15","16","16/62","17B","0027","32D","33MKR","43","100","120","121"],"off":[0,-0.8]}},{"type":"Feature","geometry":{"type":"Point","coordinates":[36.830161,-1.287111]},"properties":{"name":"Bus Terminal","band":3,"modes":"bus","arr":["7","11","12C","12D","14A","14B","15","16","16/62","17B","0027","32D","33MKR","43","100","120","121"],"off":[0,-1.9]}},{"type":"Feature","geometry":{"type":"Point","coordinates":[36.830161,-1.287111]},"properties":{"name":"Bus Station","band":3,"modes":"bus","arr":["7","11","12C","12D","14A","14B","15","16","16/62","17B","0027","32D","33MKR","43","100","120","121"],"off":[0,-3]}},{"type":"Feature","geometry":{"type":"Point","coordinates":[36.830161,-1.287111]},"properties":{"line":"7","mode":"bus","color":"#0059a9","colorDark":"#00294f","band":3,"off":[-6.75,1.1]}},{"type":"Feature","geometry":{"type":"Point","coordinates":[36.830161,-1.287111]},"properties":{"line":"11","mode":"bus","color":"#0059a9","colorDark":"#00294f","band":3,"off":[-2.25,1.1]}},{"type":"Feature","geometry":{"type":"Point","coordinates":[36.830161,-1.287111]},"properties":{"line":"12C","mode":"bus","color":"#0059a9","colorDark":"#00294f","band":3,"off":[2.25,1.1]}},{"type":"Feature","geometry":{"type":"Point","coordinates":[36.830161,-1.287111]},"properties":{"line":"12D","mode":"bus","color":"#0059a9","colorDark":"#00294f","band":3,"off":[6.75,1.1]}},{"type":"Feature","geometry":{"type":"Point","coordinates":[36.830161,-1.287111]},"properties":{"line":"14A","mode":"bus","color":"#0059a9","colorDark":"#00294f","band":3,"off":[-6.75,3.1]}},{"type":"Feature","geometry":{"type":"Point","coordinates":[36.830161,-1.287111]},"properties":{"line":"14B","mode":"bus","color":"#0059a9","colorDark":"#00294f","band":3,"off":[-2.25,3.1]}},{"type":"Feature","geometry":{"type":"Point","coordinates":[36.830161,-1.287111]},"properties":{"line":"15","mode":"bus","color":"#0059a9","colorDark":"#00294f","band":3,"off":[2.25,3.1]}},{"type":"Feature","geometry":{"type":"Point","coordinates":[36.830161,-1.287111]},"properties":{"line":"16","mode":"bus","color":"#0059a9","colorDark":"#00294f","band":3,"off":[6.75,3.1]}},{"type":"Feature","geometry":{"type":"Point","coordinates":[36.830161,-1.287111]},"properties":{"line":"16/62","mode":"bus","color":"#0059a9","colorDark":"#00294f","band":3,"off":[-6.75,5.1]}},{"type":"Feature","geometry":{"type":"Point","coordinates":[36.830161,-1.287111]},"properties":{"line":"17B","mode":"bus","color":"#0059a9","colorDark":"#00294f","band":3,"off":[-2.25,5.1]}},{"type":"Feature","geometry":{"type":"Point","coordinates":[36.830161,-1.287111]},"properties":{"line":"0027","mode":"bus","color":"#0059a9","colorDark":"#00294f","band":3,"off":[2.25,5.1]}},{"type":"Feature","geometry":{"type":"Point","coordinates":[36.830161,-1.287111]},"properties":{"line":"32D","mode":"bus","color":"#0059a9","colorDark":"#00294f","band":3,"off":[6.75,5.1]}},{"type":"Feature","geometry":{"type":"Point","coordinates":[36.830161,-1.287111]},"properties":{"line":"33MKR","mode":"bus","color":"#0059a9","colorDark":"#00294f","band":3,"off":[-6.75,7.1]}},{"type":"Feature","geometry":{"type":"Point","coordinates":[36.830161,-1.287111]},"properties":{"line":"43","mode":"bus","color":"#0059a9","colorDark":"#00294f","band":3,"off":[-2.25,7.1]}},{"type":"Feature","geometry":{"type":"Point","coordinates":[36.830161,-1.287111]},"properties":{"line":"100","mode":"bus","color":"#0059a9","colorDark":"#00294f","band":3,"off":[2.25,7.1]}},{"type":"Feature","geometry":{"type":"Point","coordinates":[36.830161,-1.287111]},"properties":{"line":"120","mode":"bus","color":"#0059a9","colorDark":"#00294f","band":3,"off":[6.75,7.1]}},{"type":"Feature","geometry":{"type":"Point","coordinates":[36.830161,-1.287111]},"properties":{"line":"121","mode":"bus","color":"#0059a9","colorDark":"#00294f","band":3,"off":[0,9.1]}},{"type":"Feature","geometry":{"type":"Point","coordinates":[36.827579,-1.285898]},"properties":{"name":"Tusker/Ronald Ngala","band":3,"modes":"bus","arr":["19Cdc","23KS","35/60","39SK","45G","46B","46H","145"],"off":[0,-0.8]}},{"type":"Feature","geometry":{"type":"Point","coordinates":[36.827579,-1.285898]},"properties":{"name":"Gill House","band":3,"modes":"bus","arr":["19Cdc","23KS","35/60","39SK","45G","46B","46H","145"],"off":[0,-3]}},{"type":"Feature","geometry":{"type":"Point","coordinates":[36.827579,-1.285898]},"properties":{"line":"19Cdc","mode":"bus","color":"#0059a9","colorDark":"#00294f","band":3,"off":[-6.75,1.1]}},{"type":"Feature","geometry":{"type":"Point","coordinates":[36.827579,-1.285898]},"properties":{"line":"23KS","mode":"bus","color":"#0059a9","colorDark":"#00294f","band":3,"off":[-2.25,1.1]}},{"type":"Feature","geometry":{"type":"Point","coordinates":[36.827579,-1.285898]},"properties":{"line":"35/60","mode":"bus","color":"#0059a9","colorDark":"#00294f","band":3,"off":[2.25,1.1]}},{"type":"Feature","geometry":{"type":"Point","coordinates":[36.827579,-1.285898]},"properties":{"line":"39SK","mode":"bus","color":"#0059a9","colorDark":"#00294f","band":3,"off":[6.75,1.1]}},{"type":"Feature","geometry":{"type":"Point","coordinates":[36.827579,-1.285898]},"properties":{"line":"45G","mode":"bus","color":"#0059a9","colorDark":"#00294f","band":3,"off":[-6.75,3.1]}},{"type":"Feature","geometry":{"type":"Point","coordinates":[36.827579,-1.285898]},"properties":{"line":"46B","mode":"bus","color":"#0059a9","colorDark":"#00294f","band":3,"off":[-2.25,3.1]}},{"type":"Feature","geometry":{"type":"Point","coordinates":[36.827579,-1.285898]},"properties":{"line":"46H","mode":"bus","color":"#0059a9","colorDark":"#00294f","band":3,"off":[2.25,3.1]}},{"type":"Feature","geometry":{"type":"Point","coordinates":[36.827579,-1.285898]},"properties":{"line":"145","mode":"bus","color":"#0059a9","colorDark":"#00294f","band":3,"off":[6.75,3.1]}},{"type":"Feature","geometry":{"type":"Point","coordinates":[36.808737,-1.300899]},"properties":{"name":"Kenyatta National Hospital","band":3,"modes":"bus","arr":["7C"],"off":[0,-0.8]}},{"type":"Feature","geometry":{"type":"Point","coordinates":[36.808737,-1.300899]},"properties":{"line":"7C","mode":"bus","color":"#0059a9","colorDark":"#00294f","band":3,"off":[0,1.1]}},{"type":"Feature","geometry":{"type":"Point","coordinates":[36.775775,-1.311039]},"properties":{"name":"Equity Ayani","band":3,"modes":"bus","arr":["8"],"off":[0,-0.8]}},{"type":"Feature","geometry":{"type":"Point","coordinates":[36.775775,-1.311039]},"properties":{"line":"8","mode":"bus","color":"#0059a9","colorDark":"#00294f","band":3,"off":[0,1.1]}},{"type":"Feature","geometry":{"type":"Point","coordinates":[36.873756,-1.290619]},"properties":{"name":"Rabai","band":3,"modes":"bus","arr":["10"],"off":[0,-0.8]}},{"type":"Feature","geometry":{"type":"Point","coordinates":[36.873756,-1.290619]},"properties":{"line":"10","mode":"bus","color":"#0059a9","colorDark":"#00294f","band":3,"off":[0,1.1]}},{"type":"Feature","geometry":{"type":"Point","coordinates":[36.833747,-1.288504]},"properties":{"name":"Muthurwa","band":3,"modes":"bus","arr":["10","33DP","38/39","69","70/71"],"off":[0,-0.8]}},{"type":"Feature","geometry":{"type":"Point","coordinates":[36.833747,-1.288504]},"properties":{"line":"10","mode":"bus","color":"#0059a9","colorDark":"#00294f","band":3,"off":[-6.75,1.1]}},{"type":"Feature","geometry":{"type":"Point","coordinates":[36.833747,-1.288504]},"properties":{"line":"33DP","mode":"bus","color":"#0059a9","colorDark":"#00294f","band":3,"off":[-2.25,1.1]}},{"type":"Feature","geometry":{"type":"Point","coordinates":[36.833747,-1.288504]},"properties":{"line":"38/39","mode":"bus","color":"#0059a9","colorDark":"#00294f","band":3,"off":[2.25,1.1]}},{"type":"Feature","geometry":{"type":"Point","coordinates":[36.833747,-1.288504]},"properties":{"line":"69","mode":"bus","color":"#0059a9","colorDark":"#00294f","band":3,"off":[6.75,1.1]}},{"type":"Feature","geometry":{"type":"Point","coordinates":[36.833747,-1.288504]},"properties":{"line":"70/71","mode":"bus","color":"#0059a9","colorDark":"#00294f","band":3,"off":[0,3.1]}},{"type":"Feature","geometry":{"type":"Point","coordinates":[36.848427,-1.315837]},"properties":{"name":"South B Stage","band":3,"modes":"bus","arr":["11"],"off":[0,-0.8]}},{"type":"Feature","geometry":{"type":"Point","coordinates":[36.848427,-1.315837]},"properties":{"name":"Hazina Estate","band":3,"modes":"bus","arr":["11"],"off":[0,-1.9]}},{"type":"Feature","geometry":{"type":"Point","coordinates":[36.848427,-1.315837]},"properties":{"line":"11","mode":"bus","color":"#0059a9","colorDark":"#00294f","band":3,"off":[0,1.1]}},{"type":"Feature","geometry":{"type":"Point","coordinates":[36.810772,-1.256854]},"properties":{"name":"Kwa Mosque/Highridge Mwisho","band":3,"modes":"bus","arr":["11A"],"off":[0,-0.8]}},{"type":"Feature","geometry":{"type":"Point","coordinates":[36.810772,-1.256854]},"properties":{"name":"Highridge/Kwa Mosque/Mwisho","band":3,"modes":"bus","arr":["11A"],"off":[0,-3]}},{"type":"Feature","geometry":{"type":"Point","coordinates":[36.810772,-1.256854]},"properties":{"line":"11A","mode":"bus","color":"#0059a9","colorDark":"#00294f","band":3,"off":[0,1.1]}},{"type":"Feature","geometry":{"type":"Point","coordinates":[36.823745,-1.274038]},"properties":{"name":"Ngara","band":3,"modes":"bus","arr":["29/30","114R","114W"],"off":[0,-0.8]}},{"type":"Feature","geometry":{"type":"Point","coordinates":[36.823745,-1.274038]},"properties":{"line":"29/30","mode":"bus","color":"#0059a9","colorDark":"#00294f","band":3,"off":[-4.5,1.1]}},{"type":"Feature","geometry":{"type":"Point","coordinates":[36.823745,-1.274038]},"properties":{"line":"114R","mode":"bus","color":"#0059a9","colorDark":"#00294f","band":3,"off":[0,1.1]}},{"type":"Feature","geometry":{"type":"Point","coordinates":[36.823745,-1.274038]},"properties":{"line":"114W","mode":"bus","color":"#0059a9","colorDark":"#00294f","band":3,"off":[4.5,1.1]}},{"type":"Feature","geometry":{"type":"Point","coordinates":[36.8247,-1.282828]},"properties":{"name":"Odeon","band":3,"modes":"bus","arr":["11A","11B","11C","23KG","25","25A","30","44G","44Z","45K","48A","48B","48C","48O","49","105","107"],"off":[0,-0.8]}},{"type":"Feature","geometry":{"type":"Point","coordinates":[36.8247,-1.282828]},"properties":{"line":"11A","mode":"bus","color":"#0059a9","colorDark":"#00294f","band":3,"off":[-5.82,1.1]}},{"type":"Feature","geometry":{"type":"Point","coordinates":[36.8247,-1.282828]},"properties":{"line":"11B","mode":"bus","color":"#0059a9","colorDark":"#00294f","band":3,"off":[-1.94,1.1]}},{"type":"Feature","geometry":{"type":"Point","coordinates":[36.8247,-1.282828]},"properties":{"line":"11C","mode":"bus","color":"#0059a9","colorDark":"#00294f","band":3,"off":[1.94,1.1]}},{"type":"Feature","geometry":{"type":"Point","coordinates":[36.8247,-1.282828]},"properties":{"line":"23KG","mode":"bus","color":"#0059a9","colorDark":"#00294f","band":3,"off":[5.82,1.1]}},{"type":"Feature","geometry":{"type":"Point","coordinates":[36.8247,-1.282828]},"properties":{"line":"25","mode":"bus","color":"#0059a9","colorDark":"#00294f","band":3,"off":[-5.82,3.1]}},{"type":"Feature","geometry":{"type":"Point","coordinates":[36.8247,-1.282828]},"properties":{"line":"25A","mode":"bus","color":"#0059a9","colorDark":"#00294f","band":3,"off":[-1.94,3.1]}},{"type":"Feature","geometry":{"type":"Point","coordinates":[36.8247,-1.282828]},"properties":{"line":"30","mode":"bus","color":"#0059a9","colorDark":"#00294f","band":3,"off":[1.94,3.1]}},{"type":"Feature","geometry":{"type":"Point","coordinates":[36.8247,-1.282828]},"properties":{"line":"44G","mode":"bus","color":"#0059a9","colorDark":"#00294f","band":3,"off":[5.82,3.1]}},{"type":"Feature","geometry":{"type":"Point","coordinates":[36.8247,-1.282828]},"properties":{"line":"44Z","mode":"bus","color":"#0059a9","colorDark":"#00294f","band":3,"off":[-5.82,5.1]}},{"type":"Feature","geometry":{"type":"Point","coordinates":[36.8247,-1.282828]},"properties":{"line":"45K","mode":"bus","color":"#0059a9","colorDark":"#00294f","band":3,"off":[-1.94,5.1]}},{"type":"Feature","geometry":{"type":"Point","coordinates":[36.8247,-1.282828]},"properties":{"line":"48A","mode":"bus","color":"#0059a9","colorDark":"#00294f","band":3,"off":[1.94,5.1]}},{"type":"Feature","geometry":{"type":"Point","coordinates":[36.8247,-1.282828]},"properties":{"line":"48B","mode":"bus","color":"#0059a9","colorDark":"#00294f","band":3,"off":[5.82,5.1]}},{"type":"Feature","geometry":{"type":"Point","coordinates":[36.8247,-1.282828]},"properties":{"line":"48C","mode":"bus","color":"#0059a9","colorDark":"#00294f","band":3,"off":[-5.82,7.1]}},{"type":"Feature","geometry":{"type":"Point","coordinates":[36.8247,-1.282828]},"properties":{"line":"48O","mode":"bus","color":"#0059a9","colorDark":"#00294f","band":3,"off":[-1.94,7.1]}},{"type":"Feature","geometry":{"type":"Point","coordinates":[36.8247,-1.282828]},"properties":{"line":"49","mode":"bus","color":"#0059a9","colorDark":"#00294f","band":3,"off":[1.94,7.1]}},{"type":"Feature","geometry":{"type":"Point","coordinates":[36.8247,-1.282828]},"properties":{"line":"105","mode":"bus","color":"#0059a9","colorDark":"#00294f","band":3,"off":[5.82,7.1]}},{"type":"Feature","geometry":{"type":"Point","coordinates":[36.8247,-1.282828]},"properties":{"line":"107","mode":"bus","color":"#0059a9","colorDark":"#00294f","band":3,"off":[0,9.1]}},{"type":"Feature","geometry":{"type":"Point","coordinates":[36.785936,-1.207183]},"properties":{"name":"Ruaka/Banana Junction/Tuskys Supermarket","band":3,"modes":"bus","arr":["11B","107D"],"off":[0,-0.8]}},{"type":"Feature","geometry":{"type":"Point","coordinates":[36.785936,-1.207183]},"properties":{"name":"Ruaka Stage","band":3,"modes":"bus","arr":["11B","107D"],"off":[0,-4.1]}},{"type":"Feature","geometry":{"type":"Point","coordinates":[36.785936,-1.207183]},"properties":{"line":"11B","mode":"bus","color":"#0059a9","colorDark":"#00294f","band":3,"off":[-1.94,1.1]}},{"type":"Feature","geometry":{"type":"Point","coordinates":[36.785936,-1.207183]},"properties":{"line":"107D","mode":"bus","color":"#0059a9","colorDark":"#00294f","band":3,"off":[1.94,1.1]}},{"type":"Feature","geometry":{"type":"Point","coordinates":[36.810508,-1.238526]},"properties":{"name":"UNEP/KTTC","band":3,"modes":"bus","arr":["108"],"off":[0,-0.8]}},{"type":"Feature","geometry":{"type":"Point","coordinates":[36.810508,-1.238526]},"properties":{"name":"UNEP/Gigiri/KTTC","band":3,"modes":"bus","arr":["108"],"off":[0,-1.9]}},{"type":"Feature","geometry":{"type":"Point","coordinates":[36.810508,-1.238526]},"properties":{"line":"108","mode":"bus","color":"#0059a9","colorDark":"#00294f","band":3,"off":[0,1.1]}},{"type":"Feature","geometry":{"type":"Point","coordinates":[36.838519,-1.265059]},"properties":{"name":"Pangani Terminal","band":3,"modes":"bus","arr":["11C"],"off":[0,-0.8]}},{"type":"Feature","geometry":{"type":"Point","coordinates":[36.838519,-1.265059]},"properties":{"line":"11C","mode":"bus","color":"#0059a9","colorDark":"#00294f","band":3,"off":[0,1.1]}},{"type":"Feature","geometry":{"type":"Point","coordinates":[36.828901,-1.321813]},"properties":{"name":"Mugoya","band":3,"modes":"bus","arr":["12C"],"off":[0,-0.8]}},{"type":"Feature","geometry":{"type":"Point","coordinates":[36.828901,-1.321813]},"properties":{"name":"Container/New Apostolic Church","band":3,"modes":"bus","arr":["12C"],"off":[0,-1.9]}},{"type":"Feature","geometry":{"type":"Point","coordinates":[36.828901,-1.321813]},"properties":{"line":"12C","mode":"bus","color":"#0059a9","colorDark":"#00294f","band":3,"off":[0,1.1]}},{"type":"Feature","geometry":{"type":"Point","coordinates":[36.842366,-1.326945]},"properties":{"name":"Arka Hotel","band":3,"modes":"bus","arr":["12D"],"off":[0,-0.8]}},{"type":"Feature","geometry":{"type":"Point","coordinates":[36.842366,-1.326945]},"properties":{"name":"Arka hotel","band":3,"modes":"bus","arr":["12D"],"off":[0,-1.9]}},{"type":"Feature","geometry":{"type":"Point","coordinates":[36.842366,-1.326945]},"properties":{"line":"12D","mode":"bus","color":"#0059a9","colorDark":"#00294f","band":3,"off":[0,1.1]}},{"type":"Feature","geometry":{"type":"Point","coordinates":[36.878577,-1.255311]},"properties":{"name":"Kariobangi Terminal","band":3,"modes":"bus","arr":["14","28"],"off":[0,-0.8]}},{"type":"Feature","geometry":{"type":"Point","coordinates":[36.878577,-1.255311]},"properties":{"line":"14","mode":"bus","color":"#0059a9","colorDark":"#00294f","band":3,"off":[-1.7,1.1]}},{"type":"Feature","geometry":{"type":"Point","coordinates":[36.878577,-1.255311]},"properties":{"line":"28","mode":"bus","color":"#0059a9","colorDark":"#00294f","band":3,"off":[1.7,1.1]}},{"type":"Feature","geometry":{"type":"Point","coordinates":[36.831154,-1.284033]},"properties":{"name":"OTC","band":3,"modes":"bus","arr":["14"],"off":[0,-0.8]}},{"type":"Feature","geometry":{"type":"Point","coordinates":[36.831154,-1.284033]},"properties":{"line":"14","mode":"bus","color":"#0059a9","colorDark":"#00294f","band":3,"off":[0,1.1]}},{"type":"Feature","geometry":{"type":"Point","coordinates":[36.812379,-1.308633]},"properties":{"name":"Strathmore/Siwaka","band":3,"modes":"bus","arr":["14A"],"off":[0,-0.8]}},{"type":"Feature","geometry":{"type":"Point","coordinates":[36.812379,-1.308633]},"properties":{"name":"Strathmore University/Siwaka","band":3,"modes":"bus","arr":["14A"],"off":[0,-1.9]}},{"type":"Feature","geometry":{"type":"Point","coordinates":[36.812379,-1.308633]},"properties":{"line":"14A","mode":"bus","color":"#0059a9","colorDark":"#00294f","band":3,"off":[0,1.1]}},{"type":"Feature","geometry":{"type":"Point","coordinates":[36.816677,-1.312968]},"properties":{"name":"Tmall","band":3,"modes":"bus","arr":["14B"],"off":[0,-0.8]}},{"type":"Feature","geometry":{"type":"Point","coordinates":[36.816677,-1.312968]},"properties":{"name":"T-Mall","band":3,"modes":"bus","arr":["14B"],"off":[0,-1.9]}},{"type":"Feature","geometry":{"type":"Point","coordinates":[36.816677,-1.312968]},"properties":{"line":"14B","mode":"bus","color":"#0059a9","colorDark":"#00294f","band":3,"off":[0,1.1]}},{"type":"Feature","geometry":{"type":"Point","coordinates":[36.774482,-1.321783]},"properties":{"name":"St.Mary's","band":3,"modes":"bus","arr":["15"],"off":[0,-0.8]}},{"type":"Feature","geometry":{"type":"Point","coordinates":[36.774482,-1.321783]},"properties":{"line":"15","mode":"bus","color":"#0059a9","colorDark":"#00294f","band":3,"off":[0,1.1]}},{"type":"Feature","geometry":{"type":"Point","coordinates":[36.807954,-1.314514]},"properties":{"name":"Highrise","band":3,"modes":"bus","arr":["16"],"off":[0,-0.8]}},{"type":"Feature","geometry":{"type":"Point","coordinates":[36.807954,-1.314514]},"properties":{"line":"16","mode":"bus","color":"#0059a9","colorDark":"#00294f","band":3,"off":[0,1.1]}},{"type":"Feature","geometry":{"type":"Point","coordinates":[36.913636,-1.269018]},"properties":{"name":"Kanisani/Komarocks Phase 2","band":3,"modes":"bus","arr":["16/62","18C"],"off":[0,-0.8]}},{"type":"Feature","geometry":{"type":"Point","coordinates":[36.913636,-1.269018]},"properties":{"line":"16/62","mode":"bus","color":"#0059a9","colorDark":"#00294f","band":3,"off":[-2.25,1.1]}},{"type":"Feature","geometry":{"type":"Point","coordinates":[36.913636,-1.269018]},"properties":{"line":"18C","mode":"bus","color":"#0059a9","colorDark":"#00294f","band":3,"off":[2.25,1.1]}},{"type":"Feature","geometry":{"type":"Point","coordinates":[36.919907,-1.270057]},"properties":{"name":"Kayole Hospital","band":3,"modes":"bus","arr":["1961Kd"],"off":[0,-0.8]}},{"type":"Feature","geometry":{"type":"Point","coordinates":[36.919907,-1.270057]},"properties":{"name":"Diesel","band":3,"modes":"bus","arr":["1961Kd"],"off":[0,-1.9]}},{"type":"Feature","geometry":{"type":"Point","coordinates":[36.919907,-1.270057]},"properties":{"line":"1961Kd","mode":"bus","color":"#0059a9","colorDark":"#00294f","band":3,"off":[0,1.1]}},{"type":"Feature","geometry":{"type":"Point","coordinates":[36.878925,-1.262253]},"properties":{"name":"Rounder","band":3,"modes":"bus","arr":["17A","46B","2030","3738"],"off":[0,-0.8]}},{"type":"Feature","geometry":{"type":"Point","coordinates":[36.878925,-1.262253]},"properties":{"name":"Rounda","band":3,"modes":"bus","arr":["17A","46B","2030","3738"],"off":[0,-1.9]}},{"type":"Feature","geometry":{"type":"Point","coordinates":[36.878925,-1.262253]},"properties":{"line":"17A","mode":"bus","color":"#0059a9","colorDark":"#00294f","band":3,"off":[-5.82,1.1]}},{"type":"Feature","geometry":{"type":"Point","coordinates":[36.878925,-1.262253]},"properties":{"line":"46B","mode":"bus","color":"#0059a9","colorDark":"#00294f","band":3,"off":[-1.94,1.1]}},{"type":"Feature","geometry":{"type":"Point","coordinates":[36.878925,-1.262253]},"properties":{"line":"2030","mode":"bus","color":"#0059a9","colorDark":"#00294f","band":3,"off":[1.94,1.1]}},{"type":"Feature","geometry":{"type":"Point","coordinates":[36.878925,-1.262253]},"properties":{"line":"3738","mode":"bus","color":"#0059a9","colorDark":"#00294f","band":3,"off":[5.82,1.1]}},{"type":"Feature","geometry":{"type":"Point","coordinates":[36.919455,-1.261817]},"properties":{"name":"Kayole 1/Queen's Park","band":3,"modes":"bus","arr":["17A","17Aky","1960"],"off":[0,-0.8]}},{"type":"Feature","geometry":{"type":"Point","coordinates":[36.919455,-1.261817]},"properties":{"name":"Kayole 1","band":3,"modes":"bus","arr":["17A","17Aky","1960"],"off":[0,-3]}},{"type":"Feature","geometry":{"type":"Point","coordinates":[36.919455,-1.261817]},"properties":{"name":"Corner","band":3,"modes":"bus","arr":["17A","17Aky","1960"],"off":[0,-4.1]}},{"type":"Feature","geometry":{"type":"Point","coordinates":[36.919455,-1.261817]},"properties":{"line":"17A","mode":"bus","color":"#0059a9","colorDark":"#00294f","band":3,"off":[-4.5,1.1]}},{"type":"Feature","geometry":{"type":"Point","coordinates":[36.919455,-1.261817]},"properties":{"line":"17Aky","mode":"bus","color":"#0059a9","colorDark":"#00294f","band":3,"off":[0,1.1]}},{"type":"Feature","geometry":{"type":"Point","coordinates":[36.919455,-1.261817]},"properties":{"line":"1960","mode":"bus","color":"#0059a9","colorDark":"#00294f","band":3,"off":[4.5,1.1]}},{"type":"Feature","geometry":{"type":"Point","coordinates":[36.930518,-1.233946]},"properties":{"name":"Mwiki","band":3,"modes":"bus","arr":["17B"],"off":[0,-0.8]}},{"type":"Feature","geometry":{"type":"Point","coordinates":[36.930518,-1.233946]},"properties":{"line":"17B","mode":"bus","color":"#0059a9","colorDark":"#00294f","band":3,"off":[0,1.1]}},{"type":"Feature","geometry":{"type":"Point","coordinates":[36.915894,-1.266608]},"properties":{"name":"Tushauriane","band":3,"modes":"bus","arr":["19C2","19Cdc"],"off":[0,-0.8]}},{"type":"Feature","geometry":{"type":"Point","coordinates":[36.915894,-1.266608]},"properties":{"line":"19C2","mode":"bus","color":"#0059a9","colorDark":"#00294f","band":3,"off":[-2.25,1.1]}},{"type":"Feature","geometry":{"type":"Point","coordinates":[36.915894,-1.266608]},"properties":{"line":"19Cdc","mode":"bus","color":"#0059a9","colorDark":"#00294f","band":3,"off":[2.25,1.1]}},{"type":"Feature","geometry":{"type":"Point","coordinates":[36.886328,-1.296766]},"properties":{"name":"Donholm Naivas","band":3,"modes":"bus","arr":["19C2","3560"],"off":[0,-0.8]}},{"type":"Feature","geometry":{"type":"Point","coordinates":[36.886328,-1.296766]},"properties":{"name":"Donholm","band":3,"modes":"bus","arr":["19C2","3560"],"off":[0,-1.9]}},{"type":"Feature","geometry":{"type":"Point","coordinates":[36.886328,-1.296766]},"properties":{"line":"19C2","mode":"bus","color":"#0059a9","colorDark":"#00294f","band":3,"off":[-1.94,1.1]}},{"type":"Feature","geometry":{"type":"Point","coordinates":[36.886328,-1.296766]},"properties":{"line":"3560","mode":"bus","color":"#0059a9","colorDark":"#00294f","band":3,"off":[1.94,1.1]}},{"type":"Feature","geometry":{"type":"Point","coordinates":[36.934881,-1.235903]},"properties":{"name":"Mwiki Terminal","band":3,"modes":"bus","arr":["20"],"off":[0,-0.8]}},{"type":"Feature","geometry":{"type":"Point","coordinates":[36.934881,-1.235903]},"properties":{"line":"20","mode":"bus","color":"#0059a9","colorDark":"#00294f","band":3,"off":[0,1.1]}},{"type":"Feature","geometry":{"type":"Point","coordinates":[36.898517,-1.275039]},"properties":{"name":"Mama Lucy Terminal","band":3,"modes":"bus","arr":["20"],"off":[0,-0.8]}},{"type":"Feature","geometry":{"type":"Point","coordinates":[36.898517,-1.275039]},"properties":{"line":"20","mode":"bus","color":"#0059a9","colorDark":"#00294f","band":3,"off":[0,1.1]}},{"type":"Feature","geometry":{"type":"Point","coordinates":[36.749515,-1.264986]},"properties":{"name":"Kangemi Terminus","band":3,"modes":"bus","arr":["23KG"],"off":[0,-0.8]}},{"type":"Feature","geometry":{"type":"Point","coordinates":[36.749515,-1.264986]},"properties":{"line":"23KG","mode":"bus","color":"#0059a9","colorDark":"#00294f","band":3,"off":[0,1.1]}},{"type":"Feature","geometry":{"type":"Point","coordinates":[36.800263,-1.262759]},"properties":{"name":"Westlands/Parklands Baptist","band":3,"modes":"bus","arr":["48K"],"off":[0,-0.8]}},{"type":"Feature","geometry":{"type":"Point","coordinates":[36.800263,-1.262759]},"properties":{"line":"48K","mode":"bus","color":"#0059a9","colorDark":"#00294f","band":3,"off":[0,1.1]}},{"type":"Feature","geometry":{"type":"Point","coordinates":[36.887047,-1.262589]},"properties":{"name":"Civil Servant/Deliverance Church","band":3,"modes":"bus","arr":["23KS"],"off":[0,-0.8]}},{"type":"Feature","geometry":{"type":"Point","coordinates":[36.887047,-1.262589]},"properties":{"line":"23KS","mode":"bus","color":"#0059a9","colorDark":"#00294f","band":3,"off":[0,1.1]}},{"type":"Feature","geometry":{"type":"Point","coordinates":[36.877588,-1.277388]},"properties":{"name":"Buru Roundabout","band":3,"modes":"bus","arr":["58"],"off":[0,-0.8]}},{"type":"Feature","geometry":{"type":"Point","coordinates":[36.877588,-1.277388]},"properties":{"line":"58","mode":"bus","color":"#0059a9","colorDark":"#00294f","band":3,"off":[0,1.1]}},{"type":"Feature","geometry":{"type":"Point","coordinates":[36.803638,-1.262283]},"properties":{"name":"Westlands Terminal","band":3,"modes":"bus","arr":["23W"],"off":[0,-0.8]}},{"type":"Feature","geometry":{"type":"Point","coordinates":[36.803638,-1.262283]},"properties":{"line":"23W","mode":"bus","color":"#0059a9","colorDark":"#00294f","band":3,"off":[0,1.1]}},{"type":"Feature","geometry":{"type":"Point","coordinates":[36.764356,-1.342382]},"properties":{"name":"Nakumatt Galleria","band":3,"modes":"bus","arr":["24BK"],"off":[0,-0.8]}},{"type":"Feature","geometry":{"type":"Point","coordinates":[36.764356,-1.342382]},"properties":{"name":"Bomas/Galleria","band":3,"modes":"bus","arr":["24BK"],"off":[0,-1.9]}},{"type":"Feature","geometry":{"type":"Point","coordinates":[36.764356,-1.342382]},"properties":{"line":"24BK","mode":"bus","color":"#0059a9","colorDark":"#00294f","band":3,"off":[0,1.1]}},{"type":"Feature","geometry":{"type":"Point","coordinates":[36.708135,-1.323393]},"properties":{"name":"Karen/Nakumatt Crossroads","band":3,"modes":"bus","arr":["24","24C"],"off":[0,-0.8]}},{"type":"Feature","geometry":{"type":"Point","coordinates":[36.708135,-1.323393]},"properties":{"name":"Karen/Karen Shopping Centre","band":3,"modes":"bus","arr":["24","24C"],"off":[0,-3]}},{"type":"Feature","geometry":{"type":"Point","coordinates":[36.708135,-1.323393]},"properties":{"line":"24","mode":"bus","color":"#0059a9","colorDark":"#00294f","band":3,"off":[-1.7,1.1]}},{"type":"Feature","geometry":{"type":"Point","coordinates":[36.708135,-1.323393]},"properties":{"line":"24C","mode":"bus","color":"#0059a9","colorDark":"#00294f","band":3,"off":[1.7,1.1]}},{"type":"Feature","geometry":{"type":"Point","coordinates":[36.707729,-1.322008]},"properties":{"name":"Karen/Shell","band":3,"modes":"bus","arr":["24","24BK"],"off":[0,-0.8]}},{"type":"Feature","geometry":{"type":"Point","coordinates":[36.707729,-1.322008]},"properties":{"name":"Karen","band":3,"modes":"bus","arr":["24","24BK"],"off":[0,-1.9]}},{"type":"Feature","geometry":{"type":"Point","coordinates":[36.707729,-1.322008]},"properties":{"line":"24","mode":"bus","color":"#0059a9","colorDark":"#00294f","band":3,"off":[-1.94,1.1]}},{"type":"Feature","geometry":{"type":"Point","coordinates":[36.707729,-1.322008]},"properties":{"line":"24BK","mode":"bus","color":"#0059a9","colorDark":"#00294f","band":3,"off":[1.94,1.1]}},{"type":"Feature","geometry":{"type":"Point","coordinates":[36.7098,-1.325317]},"properties":{"name":"St.Marys Karen Primary School","band":3,"modes":"bus","arr":["24C"],"off":[0,-0.8]}},{"type":"Feature","geometry":{"type":"Point","coordinates":[36.7098,-1.325317]},"properties":{"line":"24C","mode":"bus","color":"#0059a9","colorDark":"#00294f","band":3,"off":[0,1.1]}},{"type":"Feature","geometry":{"type":"Point","coordinates":[36.887456,-1.244229]},"properties":{"name":"Baba Dogo Terminal","band":3,"modes":"bus","arr":["25"],"off":[0,-0.8]}},{"type":"Feature","geometry":{"type":"Point","coordinates":[36.887456,-1.244229]},"properties":{"line":"25","mode":"bus","color":"#0059a9","colorDark":"#00294f","band":3,"off":[0,1.1]}},{"type":"Feature","geometry":{"type":"Point","coordinates":[36.897504,-1.239769]},"properties":{"name":"Lucky Summer Terminal","band":3,"modes":"bus","arr":["25A"],"off":[0,-0.8]}},{"type":"Feature","geometry":{"type":"Point","coordinates":[36.897504,-1.239769]},"properties":{"line":"25A","mode":"bus","color":"#0059a9","colorDark":"#00294f","band":3,"off":[0,1.1]}},{"type":"Feature","geometry":{"type":"Point","coordinates":[36.87909,-1.257609]},"properties":{"name":"Kanisani","band":3,"modes":"bus","arr":["26","26S"],"off":[0,-0.8]}},{"type":"Feature","geometry":{"type":"Point","coordinates":[36.87909,-1.257609]},"properties":{"line":"26","mode":"bus","color":"#0059a9","colorDark":"#00294f","band":3,"off":[-1.7,1.1]}},{"type":"Feature","geometry":{"type":"Point","coordinates":[36.87909,-1.257609]},"properties":{"line":"26S","mode":"bus","color":"#0059a9","colorDark":"#00294f","band":3,"off":[1.7,1.1]}},{"type":"Feature","geometry":{"type":"Point","coordinates":[36.862348,-1.296289]},"properties":{"name":"Makadara/Mwisho","band":3,"modes":"bus","arr":["26"],"off":[0,-0.8]}},{"type":"Feature","geometry":{"type":"Point","coordinates":[36.862348,-1.296289]},"properties":{"name":"Makadara","band":3,"modes":"bus","arr":["26"],"off":[0,-1.9]}},{"type":"Feature","geometry":{"type":"Point","coordinates":[36.862348,-1.296289]},"properties":{"line":"26","mode":"bus","color":"#0059a9","colorDark":"#00294f","band":3,"off":[0,1.1]}},{"type":"Feature","geometry":{"type":"Point","coordinates":[36.867,-1.295095]},"properties":{"name":"Aquinas","band":3,"modes":"bus","arr":["26S"],"off":[0,-0.8]}},{"type":"Feature","geometry":{"type":"Point","coordinates":[36.867,-1.295095]},"properties":{"line":"26S","mode":"bus","color":"#0059a9","colorDark":"#00294f","band":3,"off":[0,1.1]}},{"type":"Feature","geometry":{"type":"Point","coordinates":[36.862578,-1.292948]},"properties":{"name":"Aquinas","band":3,"modes":"bus","arr":["26S"],"off":[0,-0.8]}},{"type":"Feature","geometry":{"type":"Point","coordinates":[36.862578,-1.292948]},"properties":{"line":"26S","mode":"bus","color":"#0059a9","colorDark":"#00294f","band":3,"off":[0,1.1]}},{"type":"Feature","geometry":{"type":"Point","coordinates":[36.87871,-1.256658]},"properties":{"name":"Kariobangi","band":3,"modes":"bus","arr":["26S"],"off":[0,-0.8]}},{"type":"Feature","geometry":{"type":"Point","coordinates":[36.87871,-1.256658]},"properties":{"line":"26S","mode":"bus","color":"#0059a9","colorDark":"#00294f","band":3,"off":[0,1.1]}},{"type":"Feature","geometry":{"type":"Point","coordinates":[36.884901,-1.252953]},"properties":{"name":"Kariobangi Mwisho","band":3,"modes":"bus","arr":["0027"],"off":[0,-0.8]}},{"type":"Feature","geometry":{"type":"Point","coordinates":[36.884901,-1.252953]},"properties":{"line":"0027","mode":"bus","color":"#0059a9","colorDark":"#00294f","band":3,"off":[0,1.1]}},{"type":"Feature","geometry":{"type":"Point","coordinates":[36.867324,-1.252198]},"properties":{"name":"Mathare North Terminal","band":3,"modes":"bus","arr":["29/30"],"off":[0,-0.8]}},{"type":"Feature","geometry":{"type":"Point","coordinates":[36.867324,-1.252198]},"properties":{"line":"29/30","mode":"bus","color":"#0059a9","colorDark":"#00294f","band":3,"off":[0,1.1]}},{"type":"Feature","geometry":{"type":"Point","coordinates":[36.723692,-1.256935]},"properties":{"name":"Ndumbuini Terminus","band":3,"modes":"bus","arr":["30"],"off":[0,-0.8]}},{"type":"Feature","geometry":{"type":"Point","coordinates":[36.723692,-1.256935]},"properties":{"line":"30","mode":"bus","color":"#0059a9","colorDark":"#00294f","band":3,"off":[0,1.1]}},{"type":"Feature","geometry":{"type":"Point","coordinates":[36.772744,-1.307917]},"properties":{"name":"Ayani","band":3,"modes":"bus","arr":["32A"],"off":[0,-0.8]}},{"type":"Feature","geometry":{"type":"Point","coordinates":[36.772744,-1.307917]},"properties":{"line":"32A","mode":"bus","color":"#0059a9","colorDark":"#00294f","band":3,"off":[0,1.1]}},{"type":"Feature","geometry":{"type":"Point","coordinates":[36.90841,-1.245058]},"properties":{"name":"Dandora Terminal","band":3,"modes":"bus","arr":["32D","36","41","42"],"off":[0,-0.8]}},{"type":"Feature","geometry":{"type":"Point","coordinates":[36.90841,-1.245058]},"properties":{"line":"32D","mode":"bus","color":"#0059a9","colorDark":"#00294f","band":3,"off":[-5.1,1.1]}},{"type":"Feature","geometry":{"type":"Point","coordinates":[36.90841,-1.245058]},"properties":{"line":"36","mode":"bus","color":"#0059a9","colorDark":"#00294f","band":3,"off":[-1.7,1.1]}},{"type":"Feature","geometry":{"type":"Point","coordinates":[36.90841,-1.245058]},"properties":{"line":"41","mode":"bus","color":"#0059a9","colorDark":"#00294f","band":3,"off":[1.7,1.1]}},{"type":"Feature","geometry":{"type":"Point","coordinates":[36.90841,-1.245058]},"properties":{"line":"42","mode":"bus","color":"#0059a9","colorDark":"#00294f","band":3,"off":[5.1,1.1]}},{"type":"Feature","geometry":{"type":"Point","coordinates":[36.912739,-1.298119]},"properties":{"name":"Baraka Estate","band":3,"modes":"bus","arr":["33B"],"off":[0,-0.8]}},{"type":"Feature","geometry":{"type":"Point","coordinates":[36.912739,-1.298119]},"properties":{"line":"33B","mode":"bus","color":"#0059a9","colorDark":"#00294f","band":3,"off":[0,1.1]}},{"type":"Feature","geometry":{"type":"Point","coordinates":[36.89333,-1.335837]},"properties":{"name":"Carbanas","band":3,"modes":"bus","arr":["33C","33DC","33H","33J"],"off":[0,-0.8]}},{"type":"Feature","geometry":{"type":"Point","coordinates":[36.89333,-1.335837]},"properties":{"name":"Cabanas","band":3,"modes":"bus","arr":["33C","33DC","33H","33J"],"off":[0,-1.9]}},{"type":"Feature","geometry":{"type":"Point","coordinates":[36.89333,-1.335837]},"properties":{"line":"33C","mode":"bus","color":"#0059a9","colorDark":"#00294f","band":3,"off":[-5.82,1.1]}},{"type":"Feature","geometry":{"type":"Point","coordinates":[36.89333,-1.335837]},"properties":{"line":"33DC","mode":"bus","color":"#0059a9","colorDark":"#00294f","band":3,"off":[-1.94,1.1]}},{"type":"Feature","geometry":{"type":"Point","coordinates":[36.89333,-1.335837]},"properties":{"line":"33H","mode":"bus","color":"#0059a9","colorDark":"#00294f","band":3,"off":[1.94,1.1]}},{"type":"Feature","geometry":{"type":"Point","coordinates":[36.89333,-1.335837]},"properties":{"line":"33J","mode":"bus","color":"#0059a9","colorDark":"#00294f","band":3,"off":[5.82,1.1]}},{"type":"Feature","geometry":{"type":"Point","coordinates":[36.827204,-1.284164]},"properties":{"name":"Town Terminal","band":3,"modes":"bus","arr":["33B","33C","33FED","33GTB","33IMR","33TP","237"],"off":[0,-0.8]}},{"type":"Feature","geometry":{"type":"Point","coordinates":[36.827204,-1.284164]},"properties":{"name":"Commercial","band":3,"modes":"bus","arr":["33B","33C","33FED","33GTB","33IMR","33TP","237"],"off":[0,-1.9]}},{"type":"Feature","geometry":{"type":"Point","coordinates":[36.827204,-1.284164]},"properties":{"line":"33B","mode":"bus","color":"#0059a9","colorDark":"#00294f","band":3,"off":[-6.75,1.1]}},{"type":"Feature","geometry":{"type":"Point","coordinates":[36.827204,-1.284164]},"properties":{"line":"33C","mode":"bus","color":"#0059a9","colorDark":"#00294f","band":3,"off":[-2.25,1.1]}},{"type":"Feature","geometry":{"type":"Point","coordinates":[36.827204,-1.284164]},"properties":{"line":"33FED","mode":"bus","color":"#0059a9","colorDark":"#00294f","band":3,"off":[2.25,1.1]}},{"type":"Feature","geometry":{"type":"Point","coordinates":[36.827204,-1.284164]},"properties":{"line":"33GTB","mode":"bus","color":"#0059a9","colorDark":"#00294f","band":3,"off":[6.75,1.1]}},{"type":"Feature","geometry":{"type":"Point","coordinates":[36.827204,-1.284164]},"properties":{"line":"33IMR","mode":"bus","color":"#0059a9","colorDark":"#00294f","band":3,"off":[-4.5,3.1]}},{"type":"Feature","geometry":{"type":"Point","coordinates":[36.827204,-1.284164]},"properties":{"line":"33TP","mode":"bus","color":"#0059a9","colorDark":"#00294f","band":3,"off":[0,3.1]}},{"type":"Feature","geometry":{"type":"Point","coordinates":[36.827204,-1.284164]},"properties":{"line":"237","mode":"bus","color":"#0059a9","colorDark":"#00294f","band":3,"off":[4.5,3.1]}},{"type":"Feature","geometry":{"type":"Point","coordinates":[36.89958,-1.323619]},"properties":{"name":"Taj Roundabout","band":3,"modes":"bus","arr":["33DP","33TP"],"off":[0,-0.8]}},{"type":"Feature","geometry":{"type":"Point","coordinates":[36.89958,-1.323619]},"properties":{"name":"Taj Mall Interchange","band":3,"modes":"bus","arr":["33DP","33TP"],"off":[0,-1.9]}},{"type":"Feature","geometry":{"type":"Point","coordinates":[36.89958,-1.323619]},"properties":{"name":"Rounda/Taj","band":3,"modes":"bus","arr":["33DP","33TP"],"off":[0,-4.1]}},{"type":"Feature","geometry":{"type":"Point","coordinates":[36.89958,-1.323619]},"properties":{"line":"33DP","mode":"bus","color":"#0059a9","colorDark":"#00294f","band":3,"off":[-1.94,1.1]}},{"type":"Feature","geometry":{"type":"Point","coordinates":[36.89958,-1.323619]},"properties":{"line":"33TP","mode":"bus","color":"#0059a9","colorDark":"#00294f","band":3,"off":[1.94,1.1]}},{"type":"Feature","geometry":{"type":"Point","coordinates":[36.886781,-1.298891]},"properties":{"name":"Donholm","band":3,"modes":"bus","arr":["33DC","70/71"],"off":[0,-0.8]}},{"type":"Feature","geometry":{"type":"Point","coordinates":[36.886781,-1.298891]},"properties":{"line":"33DC","mode":"bus","color":"#0059a9","colorDark":"#00294f","band":3,"off":[-2.25,1.1]}},{"type":"Feature","geometry":{"type":"Point","coordinates":[36.886781,-1.298891]},"properties":{"line":"70/71","mode":"bus","color":"#0059a9","colorDark":"#00294f","band":3,"off":[2.25,1.1]}},{"type":"Feature","geometry":{"type":"Point","coordinates":[36.911457,-1.308333]},"properties":{"name":"Posta Embakasi Village","band":3,"modes":"bus","arr":["33FED"],"off":[0,-0.8]}},{"type":"Feature","geometry":{"type":"Point","coordinates":[36.911457,-1.308333]},"properties":{"line":"33FED","mode":"bus","color":"#0059a9","colorDark":"#00294f","band":3,"off":[0,1.1]}},{"type":"Feature","geometry":{"type":"Point","coordinates":[36.903209,-1.308232]},"properties":{"name":"Gate B","band":3,"modes":"bus","arr":["33GTB"],"off":[0,-0.8]}},{"type":"Feature","geometry":{"type":"Point","coordinates":[36.903209,-1.308232]},"properties":{"line":"33GTB","mode":"bus","color":"#0059a9","colorDark":"#00294f","band":3,"off":[0,1.1]}},{"type":"Feature","geometry":{"type":"Point","coordinates":[36.982956,-1.264258]},"properties":{"name":"Ruai Bypass","band":3,"modes":"bus","arr":["33H","145B"],"off":[0,-0.8]}},{"type":"Feature","geometry":{"type":"Point","coordinates":[36.982956,-1.264258]},"properties":{"name":"By Pass","band":3,"modes":"bus","arr":["33H","145B"],"off":[0,-1.9]}},{"type":"Feature","geometry":{"type":"Point","coordinates":[36.982956,-1.264258]},"properties":{"line":"33H","mode":"bus","color":"#0059a9","colorDark":"#00294f","band":3,"off":[-1.94,1.1]}},{"type":"Feature","geometry":{"type":"Point","coordinates":[36.982956,-1.264258]},"properties":{"line":"145B","mode":"bus","color":"#0059a9","colorDark":"#00294f","band":3,"off":[1.94,1.1]}},{"type":"Feature","geometry":{"type":"Point","coordinates":[36.880822,-1.325233]},"properties":{"name":"Imara Daima","band":3,"modes":"bus","arr":["33IMR"],"off":[0,-0.8]}},{"type":"Feature","geometry":{"type":"Point","coordinates":[36.880822,-1.325233]},"properties":{"line":"33IMR","mode":"bus","color":"#0059a9","colorDark":"#00294f","band":3,"off":[0,1.1]}},{"type":"Feature","geometry":{"type":"Point","coordinates":[36.982453,-1.286501]},"properties":{"name":"Githunguri","band":3,"modes":"bus","arr":["33J"],"off":[0,-0.8]}},{"type":"Feature","geometry":{"type":"Point","coordinates":[36.982453,-1.286501]},"properties":{"line":"33J","mode":"bus","color":"#0059a9","colorDark":"#00294f","band":3,"off":[0,1.1]}},{"type":"Feature","geometry":{"type":"Point","coordinates":[36.888923,-1.324763]},"properties":{"name":"St. Bakhita","band":3,"modes":"bus","arr":["33MKR"],"off":[0,-0.8]}},{"type":"Feature","geometry":{"type":"Point","coordinates":[36.888923,-1.324763]},"properties":{"line":"33MKR","mode":"bus","color":"#0059a9","colorDark":"#00294f","band":3,"off":[0,1.1]}},{"type":"Feature","geometry":{"type":"Point","coordinates":[36.798895,-1.309865]},"properties":{"name":"Ngumo Market/Line Saba","band":3,"modes":"bus","arr":["33NG"],"off":[0,-0.8]}},{"type":"Feature","geometry":{"type":"Point","coordinates":[36.798895,-1.309865]},"properties":{"line":"33NG","mode":"bus","color":"#0059a9","colorDark":"#00294f","band":3,"off":[0,1.1]}},{"type":"Feature","geometry":{"type":"Point","coordinates":[36.82974,-1.28613]},"properties":{"name":"St. Peter Clavers Primary School/Salvation Army/OTC","band":3,"modes":"bus","arr":["33NG"],"off":[0,-0.8]}},{"type":"Feature","geometry":{"type":"Point","coordinates":[36.82974,-1.28613]},"properties":{"name":"Racecourse Road","band":3,"modes":"bus","arr":["33NG"],"off":[0,-4.1]}},{"type":"Feature","geometry":{"type":"Point","coordinates":[36.82974,-1.28613]},"properties":{"line":"33NG","mode":"bus","color":"#0059a9","colorDark":"#00294f","band":3,"off":[0,1.1]}},{"type":"Feature","geometry":{"type":"Point","coordinates":[36.835356,-1.311586]},"properties":{"name":"South B Stage","band":3,"modes":"bus","arr":["33SB"],"off":[0,-0.8]}},{"type":"Feature","geometry":{"type":"Point","coordinates":[36.835356,-1.311586]},"properties":{"line":"33SB","mode":"bus","color":"#0059a9","colorDark":"#00294f","band":3,"off":[0,1.1]}},{"type":"Feature","geometry":{"type":"Point","coordinates":[36.802907,-1.307646]},"properties":{"name":"Ngumo Stage","band":3,"modes":"bus","arr":["33SB"],"off":[0,-0.8]}},{"type":"Feature","geometry":{"type":"Point","coordinates":[36.802907,-1.307646]},"properties":{"line":"33SB","mode":"bus","color":"#0059a9","colorDark":"#00294f","band":3,"off":[0,1.1]}},{"type":"Feature","geometry":{"type":"Point","coordinates":[36.895241,-1.316533]},"properties":{"name":"Pipeline","band":3,"modes":"bus","arr":["33TP"],"off":[0,-0.8]}},{"type":"Feature","geometry":{"type":"Point","coordinates":[36.895241,-1.316533]},"properties":{"line":"33TP","mode":"bus","color":"#0059a9","colorDark":"#00294f","band":3,"off":[0,1.1]}},{"type":"Feature","geometry":{"type":"Point","coordinates":[36.988838,-1.284022]},"properties":{"name":"Utawala","band":3,"modes":"bus","arr":["33UTW"],"off":[0,-0.8]}},{"type":"Feature","geometry":{"type":"Point","coordinates":[36.988838,-1.284022]},"properties":{"line":"33UTW","mode":"bus","color":"#0059a9","colorDark":"#00294f","band":3,"off":[0,1.1]}},{"type":"Feature","geometry":{"type":"Point","coordinates":[36.904697,-1.287582]},"properties":{"name":"Jacaranda","band":3,"modes":"bus","arr":["34B"],"off":[0,-0.8]}},{"type":"Feature","geometry":{"type":"Point","coordinates":[36.904697,-1.287582]},"properties":{"line":"34B","mode":"bus","color":"#0059a9","colorDark":"#00294f","band":3,"off":[0,1.1]}},{"type":"Feature","geometry":{"type":"Point","coordinates":[36.888061,-1.300843]},"properties":{"name":"Caltex","band":3,"modes":"bus","arr":["1961Kd"],"off":[0,-0.8]}},{"type":"Feature","geometry":{"type":"Point","coordinates":[36.888061,-1.300843]},"properties":{"line":"1961Kd","mode":"bus","color":"#0059a9","colorDark":"#00294f","band":3,"off":[0,1.1]}},{"type":"Feature","geometry":{"type":"Point","coordinates":[36.924773,-1.329644]},"properties":{"name":"JKIA - Passenger Boarding","band":3,"modes":"bus","arr":["34J"],"off":[0,-0.8]}},{"type":"Feature","geometry":{"type":"Point","coordinates":[36.924773,-1.329644]},"properties":{"line":"34J","mode":"bus","color":"#0059a9","colorDark":"#00294f","band":3,"off":[0,1.1]}},{"type":"Feature","geometry":{"type":"Point","coordinates":[36.788991,-1.327248]},"properties":{"name":"OiLibya","band":3,"modes":"bus","arr":["34L"],"off":[0,-0.8]}},{"type":"Feature","geometry":{"type":"Point","coordinates":[36.788991,-1.327248]},"properties":{"line":"34L","mode":"bus","color":"#0059a9","colorDark":"#00294f","band":3,"off":[0,1.1]}},{"type":"Feature","geometry":{"type":"Point","coordinates":[36.887122,-1.28373]},"properties":{"name":"Umoja Market/ Cooperative Umoja/ Jasho Stage","band":3,"modes":"bus","arr":["35/60"],"off":[0,-0.8]}},{"type":"Feature","geometry":{"type":"Point","coordinates":[36.887122,-1.28373]},"properties":{"name":"Umoja 1 Market","band":3,"modes":"bus","arr":["35/60"],"off":[0,-4.1]}},{"type":"Feature","geometry":{"type":"Point","coordinates":[36.887122,-1.28373]},"properties":{"line":"35/60","mode":"bus","color":"#0059a9","colorDark":"#00294f","band":3,"off":[0,1.1]}},{"type":"Feature","geometry":{"type":"Point","coordinates":[36.843018,-1.292271]},"properties":{"name":"City Stadium","band":3,"modes":"bus","arr":["36"],"off":[0,-0.8]}},{"type":"Feature","geometry":{"type":"Point","coordinates":[36.843018,-1.292271]},"properties":{"line":"36","mode":"bus","color":"#0059a9","colorDark":"#00294f","band":3,"off":[0,1.1]}},{"type":"Feature","geometry":{"type":"Point","coordinates":[36.996901,-1.271239]},"properties":{"name":"Quickmart","band":3,"modes":"bus","arr":["38/39","3738"],"off":[0,-0.8]}},{"type":"Feature","geometry":{"type":"Point","coordinates":[36.996901,-1.271239]},"properties":{"line":"38/39","mode":"bus","color":"#0059a9","colorDark":"#00294f","band":3,"off":[-2.25,1.1]}},{"type":"Feature","geometry":{"type":"Point","coordinates":[36.996901,-1.271239]},"properties":{"line":"3738","mode":"bus","color":"#0059a9","colorDark":"#00294f","band":3,"off":[2.25,1.1]}},{"type":"Feature","geometry":{"type":"Point","coordinates":[36.9946,-1.269871]},"properties":{"name":"Dune","band":3,"modes":"bus","arr":["3738"],"off":[0,-0.8]}},{"type":"Feature","geometry":{"type":"Point","coordinates":[36.9946,-1.269871]},"properties":{"line":"3738","mode":"bus","color":"#0059a9","colorDark":"#00294f","band":3,"off":[0,1.1]}},{"type":"Feature","geometry":{"type":"Point","coordinates":[36.912476,-1.259519]},"properties":{"name":"Saika","band":3,"modes":"bus","arr":["39SK"],"off":[0,-0.8]}},{"type":"Feature","geometry":{"type":"Point","coordinates":[36.912476,-1.259519]},"properties":{"line":"39SK","mode":"bus","color":"#0059a9","colorDark":"#00294f","band":3,"off":[0,1.1]}},{"type":"Feature","geometry":{"type":"Point","coordinates":[36.958321,-1.165136]},"properties":{"name":"Super Highway","band":3,"modes":"bus","arr":["0039","145D"],"off":[0,-0.8]}},{"type":"Feature","geometry":{"type":"Point","coordinates":[36.958321,-1.165136]},"properties":{"line":"0039","mode":"bus","color":"#0059a9","colorDark":"#00294f","band":3,"off":[-1.94,1.1]}},{"type":"Feature","geometry":{"type":"Point","coordinates":[36.958321,-1.165136]},"properties":{"line":"145D","mode":"bus","color":"#0059a9","colorDark":"#00294f","band":3,"off":[1.94,1.1]}},{"type":"Feature","geometry":{"type":"Point","coordinates":[36.894914,-1.327186]},"properties":{"name":"Transami","band":3,"modes":"bus","arr":["0039"],"off":[0,-0.8]}},{"type":"Feature","geometry":{"type":"Point","coordinates":[36.894914,-1.327186]},"properties":{"line":"0039","mode":"bus","color":"#0059a9","colorDark":"#00294f","band":3,"off":[0,1.1]}},{"type":"Feature","geometry":{"type":"Point","coordinates":[36.890379,-1.330001]},"properties":{"name":"Cabanas","band":3,"modes":"bus","arr":["0039"],"off":[0,-0.8]}},{"type":"Feature","geometry":{"type":"Point","coordinates":[36.890379,-1.330001]},"properties":{"line":"0039","mode":"bus","color":"#0059a9","colorDark":"#00294f","band":3,"off":[0,1.1]}},{"type":"Feature","geometry":{"type":"Point","coordinates":[36.867846,-1.24516]},"properties":{"name":"Allsops","band":3,"modes":"bus","arr":["42","2030"],"off":[0,-0.8]}},{"type":"Feature","geometry":{"type":"Point","coordinates":[36.867846,-1.24516]},"properties":{"line":"42","mode":"bus","color":"#0059a9","colorDark":"#00294f","band":3,"off":[-1.94,1.1]}},{"type":"Feature","geometry":{"type":"Point","coordinates":[36.867846,-1.24516]},"properties":{"line":"2030","mode":"bus","color":"#0059a9","colorDark":"#00294f","band":3,"off":[1.94,1.1]}},{"type":"Feature","geometry":{"type":"Point","coordinates":[36.884501,-1.233753]},"properties":{"name":"Ngumba Terminal","band":3,"modes":"bus","arr":["43"],"off":[0,-0.8]}},{"type":"Feature","geometry":{"type":"Point","coordinates":[36.884501,-1.233753]},"properties":{"line":"43","mode":"bus","color":"#0059a9","colorDark":"#00294f","band":3,"off":[0,1.1]}},{"type":"Feature","geometry":{"type":"Point","coordinates":[36.937834,-1.181993]},"properties":{"name":"KU","band":3,"modes":"bus","arr":["44G","44K","44Z","45K"],"off":[0,-0.8]}},{"type":"Feature","geometry":{"type":"Point","coordinates":[36.937834,-1.181993]},"properties":{"line":"44G","mode":"bus","color":"#0059a9","colorDark":"#00294f","band":3,"off":[-5.1,1.1]}},{"type":"Feature","geometry":{"type":"Point","coordinates":[36.937834,-1.181993]},"properties":{"line":"44K","mode":"bus","color":"#0059a9","colorDark":"#00294f","band":3,"off":[-1.7,1.1]}},{"type":"Feature","geometry":{"type":"Point","coordinates":[36.937834,-1.181993]},"properties":{"line":"44Z","mode":"bus","color":"#0059a9","colorDark":"#00294f","band":3,"off":[1.7,1.1]}},{"type":"Feature","geometry":{"type":"Point","coordinates":[36.937834,-1.181993]},"properties":{"line":"45K","mode":"bus","color":"#0059a9","colorDark":"#00294f","band":3,"off":[5.1,1.1]}},{"type":"Feature","geometry":{"type":"Point","coordinates":[36.894243,-1.217085]},"properties":{"name":"Roysambu Terminus","band":3,"modes":"bus","arr":["44K"],"off":[0,-0.8]}},{"type":"Feature","geometry":{"type":"Point","coordinates":[36.894243,-1.217085]},"properties":{"name":"Roysambu Footbridge","band":3,"modes":"bus","arr":["44K"],"off":[0,-1.9]}},{"type":"Feature","geometry":{"type":"Point","coordinates":[36.894243,-1.217085]},"properties":{"line":"44K","mode":"bus","color":"#0059a9","colorDark":"#00294f","band":3,"off":[0,1.1]}},{"type":"Feature","geometry":{"type":"Point","coordinates":[36.916888,-1.204352]},"properties":{"name":"Githurai","band":3,"modes":"bus","arr":["45G"],"off":[0,-0.8]}},{"type":"Feature","geometry":{"type":"Point","coordinates":[36.916888,-1.204352]},"properties":{"line":"45G","mode":"bus","color":"#0059a9","colorDark":"#00294f","band":3,"off":[0,1.1]}},{"type":"Feature","geometry":{"type":"Point","coordinates":[36.928236,-1.209057]},"properties":{"name":"Proggie","band":3,"modes":"bus","arr":["45P"],"off":[0,-0.8]}},{"type":"Feature","geometry":{"type":"Point","coordinates":[36.928236,-1.209057]},"properties":{"line":"45P","mode":"bus","color":"#0059a9","colorDark":"#00294f","band":3,"off":[0,1.1]}},{"type":"Feature","geometry":{"type":"Point","coordinates":[36.918567,-1.205399]},"properties":{"name":"Githurai","band":3,"modes":"bus","arr":["45P"],"off":[0,-0.8]}},{"type":"Feature","geometry":{"type":"Point","coordinates":[36.918567,-1.205399]},"properties":{"line":"45P","mode":"bus","color":"#0059a9","colorDark":"#00294f","band":3,"off":[0,1.1]}},{"type":"Feature","geometry":{"type":"Point","coordinates":[36.874011,-1.262041]},"properties":{"name":"Johnsaga","band":3,"modes":"bus","arr":["46H"],"off":[0,-0.8]}},{"type":"Feature","geometry":{"type":"Point","coordinates":[36.874011,-1.262041]},"properties":{"line":"46H","mode":"bus","color":"#0059a9","colorDark":"#00294f","band":3,"off":[0,1.1]}},{"type":"Feature","geometry":{"type":"Point","coordinates":[36.742573,-1.283949]},"properties":{"name":"Kawangware Mwisho","band":3,"modes":"bus","arr":["46K"],"off":[0,-0.8]}},{"type":"Feature","geometry":{"type":"Point","coordinates":[36.742573,-1.283949]},"properties":{"line":"46K","mode":"bus","color":"#0059a9","colorDark":"#00294f","band":3,"off":[0,1.1]}},{"type":"Feature","geometry":{"type":"Point","coordinates":[36.753132,-1.289306]},"properties":{"name":"Congo","band":3,"modes":"bus","arr":["48K"],"off":[0,-0.8]}},{"type":"Feature","geometry":{"type":"Point","coordinates":[36.753132,-1.289306]},"properties":{"line":"48K","mode":"bus","color":"#0059a9","colorDark":"#00294f","band":3,"off":[0,1.1]}},{"type":"Feature","geometry":{"type":"Point","coordinates":[36.741617,-1.285178]},"properties":{"name":"Bus Track Yard","band":3,"modes":"bus","arr":["046P"],"off":[0,-0.8]}},{"type":"Feature","geometry":{"type":"Point","coordinates":[36.741617,-1.285178]},"properties":{"line":"046P","mode":"bus","color":"#0059a9","colorDark":"#00294f","band":3,"off":[0,1.1]}},{"type":"Feature","geometry":{"type":"Point","coordinates":[36.787625,-1.292307]},"properties":{"name":"Yaya","band":3,"modes":"bus","arr":["46Y","0048","48C"],"off":[0,-0.8]}},{"type":"Feature","geometry":{"type":"Point","coordinates":[36.787625,-1.292307]},"properties":{"line":"46Y","mode":"bus","color":"#0059a9","colorDark":"#00294f","band":3,"off":[-3.88,1.1]}},{"type":"Feature","geometry":{"type":"Point","coordinates":[36.787625,-1.292307]},"properties":{"line":"0048","mode":"bus","color":"#0059a9","colorDark":"#00294f","band":3,"off":[0,1.1]}},{"type":"Feature","geometry":{"type":"Point","coordinates":[36.787625,-1.292307]},"properties":{"line":"48C","mode":"bus","color":"#0059a9","colorDark":"#00294f","band":3,"off":[3.88,1.1]}},{"type":"Feature","geometry":{"type":"Point","coordinates":[36.800856,-1.265651]},"properties":{"name":"Parklands Baptist/Westlands","band":3,"modes":"bus","arr":["0048"],"off":[0,-0.8]}},{"type":"Feature","geometry":{"type":"Point","coordinates":[36.800856,-1.265651]},"properties":{"line":"0048","mode":"bus","color":"#0059a9","colorDark":"#00294f","band":3,"off":[0,1.1]}},{"type":"Feature","geometry":{"type":"Point","coordinates":[36.769086,-1.280146]},"properties":{"name":"Lavington Shopping Centre/ Shell","band":3,"modes":"bus","arr":["48A"],"off":[0,-0.8]}},{"type":"Feature","geometry":{"type":"Point","coordinates":[36.769086,-1.280146]},"properties":{"line":"48A","mode":"bus","color":"#0059a9","colorDark":"#00294f","band":3,"off":[0,1.1]}},{"type":"Feature","geometry":{"type":"Point","coordinates":[36.773019,-1.288554]},"properties":{"name":"Othaya Road Stage","band":3,"modes":"bus","arr":["48B","48O"],"off":[0,-0.8]}},{"type":"Feature","geometry":{"type":"Point","coordinates":[36.773019,-1.288554]},"properties":{"name":"Othaya Road","band":3,"modes":"bus","arr":["48B","48O"],"off":[0,-1.9]}},{"type":"Feature","geometry":{"type":"Point","coordinates":[36.773019,-1.288554]},"properties":{"line":"48B","mode":"bus","color":"#0059a9","colorDark":"#00294f","band":3,"off":[-1.7,1.1]}},{"type":"Feature","geometry":{"type":"Point","coordinates":[36.773019,-1.288554]},"properties":{"line":"48O","mode":"bus","color":"#0059a9","colorDark":"#00294f","band":3,"off":[1.7,1.1]}},{"type":"Feature","geometry":{"type":"Point","coordinates":[36.920806,-1.22951]},"properties":{"name":"Sunton","band":3,"modes":"bus","arr":["49"],"off":[0,-0.8]}},{"type":"Feature","geometry":{"type":"Point","coordinates":[36.920806,-1.22951]},"properties":{"line":"49","mode":"bus","color":"#0059a9","colorDark":"#00294f","band":3,"off":[0,1.1]}},{"type":"Feature","geometry":{"type":"Point","coordinates":[36.874347,-1.211146]},"properties":{"name":"Marurui","band":3,"modes":"bus","arr":["53"],"off":[0,-0.8]}},{"type":"Feature","geometry":{"type":"Point","coordinates":[36.874347,-1.211146]},"properties":{"line":"53","mode":"bus","color":"#0059a9","colorDark":"#00294f","band":3,"off":[0,1.1]}},{"type":"Feature","geometry":{"type":"Point","coordinates":[36.872844,-1.23348]},"properties":{"name":"Roasters","band":3,"modes":"bus","arr":["53"],"off":[0,-0.8]}},{"type":"Feature","geometry":{"type":"Point","coordinates":[36.872844,-1.23348]},"properties":{"line":"53","mode":"bus","color":"#0059a9","colorDark":"#00294f","band":3,"off":[0,1.1]}},{"type":"Feature","geometry":{"type":"Point","coordinates":[36.750878,-1.27856]},"properties":{"name":"Kanungaga","band":3,"modes":"bus","arr":["56"],"off":[0,-0.8]}},{"type":"Feature","geometry":{"type":"Point","coordinates":[36.750878,-1.27856]},"properties":{"line":"56","mode":"bus","color":"#0059a9","colorDark":"#00294f","band":3,"off":[0,1.1]}},{"type":"Feature","geometry":{"type":"Point","coordinates":[36.870264,-1.328396]},"properties":{"name":"GM Town","band":3,"modes":"bus","arr":["69"],"off":[0,-0.8]}},{"type":"Feature","geometry":{"type":"Point","coordinates":[36.870264,-1.328396]},"properties":{"line":"69","mode":"bus","color":"#0059a9","colorDark":"#00294f","band":3,"off":[0,1.1]}},{"type":"Feature","geometry":{"type":"Point","coordinates":[36.840734,-1.29336]},"properties":{"name":"City Stadium/Lusaka Road Junction","band":3,"modes":"bus","arr":["405"],"off":[0,-0.8]}},{"type":"Feature","geometry":{"type":"Point","coordinates":[36.840734,-1.29336]},"properties":{"line":"405","mode":"bus","color":"#0059a9","colorDark":"#00294f","band":3,"off":[0,1.1]}},{"type":"Feature","geometry":{"type":"Point","coordinates":[36.826282,-1.168961]},"properties":{"name":"Kiambu Bus Terminus","band":3,"modes":"bus","arr":["100","100A"],"off":[0,-0.8]}},{"type":"Feature","geometry":{"type":"Point","coordinates":[36.826282,-1.168961]},"properties":{"line":"100","mode":"bus","color":"#0059a9","colorDark":"#00294f","band":3,"off":[-1.94,1.1]}},{"type":"Feature","geometry":{"type":"Point","coordinates":[36.826282,-1.168961]},"properties":{"line":"100A","mode":"bus","color":"#0059a9","colorDark":"#00294f","band":3,"off":[1.94,1.1]}},{"type":"Feature","geometry":{"type":"Point","coordinates":[36.830716,-1.170431]},"properties":{"name":"Kiambu Hospital","band":3,"modes":"bus","arr":["100A"],"off":[0,-0.8]}},{"type":"Feature","geometry":{"type":"Point","coordinates":[36.830716,-1.170431]},"properties":{"line":"100A","mode":"bus","color":"#0059a9","colorDark":"#00294f","band":3,"off":[0,1.1]}},{"type":"Feature","geometry":{"type":"Point","coordinates":[36.665001,-1.246604]},"properties":{"name":"Kikuyu Terminus","band":3,"modes":"bus","arr":["102","105","129"],"off":[0,-0.8]}},{"type":"Feature","geometry":{"type":"Point","coordinates":[36.665001,-1.246604]},"properties":{"name":"Kikuyu","band":3,"modes":"bus","arr":["102","105","129"],"off":[0,-1.9]}},{"type":"Feature","geometry":{"type":"Point","coordinates":[36.665001,-1.246604]},"properties":{"line":"102","mode":"bus","color":"#0059a9","colorDark":"#00294f","band":3,"off":[-3.4,1.1]}},{"type":"Feature","geometry":{"type":"Point","coordinates":[36.665001,-1.246604]},"properties":{"line":"105","mode":"bus","color":"#0059a9","colorDark":"#00294f","band":3,"off":[0,1.1]}},{"type":"Feature","geometry":{"type":"Point","coordinates":[36.665001,-1.246604]},"properties":{"line":"129","mode":"bus","color":"#0059a9","colorDark":"#00294f","band":3,"off":[3.4,1.1]}},{"type":"Feature","geometry":{"type":"Point","coordinates":[36.712476,-1.219187]},"properties":{"name":"Wangige Terminus","band":3,"modes":"bus","arr":["103","118","119","129"],"off":[0,-0.8]}},{"type":"Feature","geometry":{"type":"Point","coordinates":[36.712476,-1.219187]},"properties":{"name":"Wangige Stage","band":3,"modes":"bus","arr":["103","118","119","129"],"off":[0,-1.9]}},{"type":"Feature","geometry":{"type":"Point","coordinates":[36.712476,-1.219187]},"properties":{"name":"Wangige Bus Terminus","band":3,"modes":"bus","arr":["103","118","119","129"],"off":[0,-3]}},{"type":"Feature","geometry":{"type":"Point","coordinates":[36.712476,-1.219187]},"properties":{"line":"103","mode":"bus","color":"#0059a9","colorDark":"#00294f","band":3,"off":[-5.1,1.1]}},{"type":"Feature","geometry":{"type":"Point","coordinates":[36.712476,-1.219187]},"properties":{"line":"118","mode":"bus","color":"#0059a9","colorDark":"#00294f","band":3,"off":[-1.7,1.1]}},{"type":"Feature","geometry":{"type":"Point","coordinates":[36.712476,-1.219187]},"properties":{"line":"119","mode":"bus","color":"#0059a9","colorDark":"#00294f","band":3,"off":[1.7,1.1]}},{"type":"Feature","geometry":{"type":"Point","coordinates":[36.712476,-1.219187]},"properties":{"line":"129","mode":"bus","color":"#0059a9","colorDark":"#00294f","band":3,"off":[5.1,1.1]}},{"type":"Feature","geometry":{"type":"Point","coordinates":[36.758889,-1.174195]},"properties":{"name":"Banana Terminus","band":3,"modes":"bus","arr":["106"],"off":[0,-0.8]}},{"type":"Feature","geometry":{"type":"Point","coordinates":[36.758889,-1.174195]},"properties":{"line":"106","mode":"bus","color":"#0059a9","colorDark":"#00294f","band":3,"off":[0,1.1]}},{"type":"Feature","geometry":{"type":"Point","coordinates":[36.732023,-1.194256]},"properties":{"name":"Karura Stage","band":3,"modes":"bus","arr":["107"],"off":[0,-0.8]}},{"type":"Feature","geometry":{"type":"Point","coordinates":[36.732023,-1.194256]},"properties":{"name":"Karura Mwisho","band":3,"modes":"bus","arr":["107"],"off":[0,-1.9]}},{"type":"Feature","geometry":{"type":"Point","coordinates":[36.732023,-1.194256]},"properties":{"line":"107","mode":"bus","color":"#0059a9","colorDark":"#00294f","band":3,"off":[0,1.1]}},{"type":"Feature","geometry":{"type":"Point","coordinates":[36.959494,-1.14763]},"properties":{"name":"Ruiru","band":3,"modes":"bus","arr":["107D","145","145B","145D"],"off":[0,-0.8]}},{"type":"Feature","geometry":{"type":"Point","coordinates":[36.959494,-1.14763]},"properties":{"line":"107D","mode":"bus","color":"#0059a9","colorDark":"#00294f","band":3,"off":[-5.82,1.1]}},{"type":"Feature","geometry":{"type":"Point","coordinates":[36.959494,-1.14763]},"properties":{"line":"145","mode":"bus","color":"#0059a9","colorDark":"#00294f","band":3,"off":[-1.94,1.1]}},{"type":"Feature","geometry":{"type":"Point","coordinates":[36.959494,-1.14763]},"properties":{"line":"145B","mode":"bus","color":"#0059a9","colorDark":"#00294f","band":3,"off":[1.94,1.1]}},{"type":"Feature","geometry":{"type":"Point","coordinates":[36.959494,-1.14763]},"properties":{"line":"145D","mode":"bus","color":"#0059a9","colorDark":"#00294f","band":3,"off":[5.82,1.1]}},{"type":"Feature","geometry":{"type":"Point","coordinates":[36.766701,-1.219599]},"properties":{"name":"Gasolina/Gichagi Mwisho","band":3,"modes":"bus","arr":["108"],"off":[0,-0.8]}},{"type":"Feature","geometry":{"type":"Point","coordinates":[36.766701,-1.219599]},"properties":{"line":"108","mode":"bus","color":"#0059a9","colorDark":"#00294f","band":3,"off":[0,1.1]}},{"type":"Feature","geometry":{"type":"Point","coordinates":[36.957867,-1.477164]},"properties":{"name":"Kitengela","band":3,"modes":"bus","arr":["110","110AK"],"off":[0,-0.8]}},{"type":"Feature","geometry":{"type":"Point","coordinates":[36.957867,-1.477164]},"properties":{"line":"110","mode":"bus","color":"#0059a9","colorDark":"#00294f","band":3,"off":[-2.25,1.1]}},{"type":"Feature","geometry":{"type":"Point","coordinates":[36.957867,-1.477164]},"properties":{"line":"110AK","mode":"bus","color":"#0059a9","colorDark":"#00294f","band":3,"off":[2.25,1.1]}},{"type":"Feature","geometry":{"type":"Point","coordinates":[36.828675,-1.288848]},"properties":{"name":"Easy Coach/Uchumi","band":3,"modes":"bus","arr":["110","110ATH"],"off":[0,-0.8]}},{"type":"Feature","geometry":{"type":"Point","coordinates":[36.828675,-1.288848]},"properties":{"line":"110","mode":"bus","color":"#0059a9","colorDark":"#00294f","band":3,"off":[-2.56,1.1]}},{"type":"Feature","geometry":{"type":"Point","coordinates":[36.828675,-1.288848]},"properties":{"line":"110ATH","mode":"bus","color":"#0059a9","colorDark":"#00294f","band":3,"off":[2.56,1.1]}},{"type":"Feature","geometry":{"type":"Point","coordinates":[36.989409,-1.444129]},"properties":{"name":"Devki","band":3,"modes":"bus","arr":["110AK"],"off":[0,-0.8]}},{"type":"Feature","geometry":{"type":"Point","coordinates":[36.989409,-1.444129]},"properties":{"line":"110AK","mode":"bus","color":"#0059a9","colorDark":"#00294f","band":3,"off":[0,1.1]}},{"type":"Feature","geometry":{"type":"Point","coordinates":[36.974515,-1.45725]},"properties":{"name":"Makadara","band":3,"modes":"bus","arr":["110ATH"],"off":[0,-0.8]}},{"type":"Feature","geometry":{"type":"Point","coordinates":[36.974515,-1.45725]},"properties":{"line":"110ATH","mode":"bus","color":"#0059a9","colorDark":"#00294f","band":3,"off":[0,1.1]}},{"type":"Feature","geometry":{"type":"Point","coordinates":[36.655952,-1.36062]},"properties":{"name":"Ngong Bus Terminus","band":3,"modes":"bus","arr":["111","126N"],"off":[0,-0.8]}},{"type":"Feature","geometry":{"type":"Point","coordinates":[36.655952,-1.36062]},"properties":{"name":"Ngong Bus Terminal","band":3,"modes":"bus","arr":["111","126N"],"off":[0,-1.9]}},{"type":"Feature","geometry":{"type":"Point","coordinates":[36.655952,-1.36062]},"properties":{"line":"111","mode":"bus","color":"#0059a9","colorDark":"#00294f","band":3,"off":[-1.94,1.1]}},{"type":"Feature","geometry":{"type":"Point","coordinates":[36.655952,-1.36062]},"properties":{"line":"126N","mode":"bus","color":"#0059a9","colorDark":"#00294f","band":3,"off":[1.94,1.1]}},{"type":"Feature","geometry":{"type":"Point","coordinates":[36.643373,-1.108241]},"properties":{"name":"Limuru Town Terminal","band":3,"modes":"bus","arr":["114R","114W","115","116","135"],"off":[0,-0.8]}},{"type":"Feature","geometry":{"type":"Point","coordinates":[36.643373,-1.108241]},"properties":{"name":"Limuru Terminus","band":3,"modes":"bus","arr":["114R","114W","115","116","135"],"off":[0,-3]}},{"type":"Feature","geometry":{"type":"Point","coordinates":[36.643373,-1.108241]},"properties":{"line":"114R","mode":"bus","color":"#0059a9","colorDark":"#00294f","band":3,"off":[-5.82,1.1]}},{"type":"Feature","geometry":{"type":"Point","coordinates":[36.643373,-1.108241]},"properties":{"line":"114W","mode":"bus","color":"#0059a9","colorDark":"#00294f","band":3,"off":[-1.94,1.1]}},{"type":"Feature","geometry":{"type":"Point","coordinates":[36.643373,-1.108241]},"properties":{"line":"115","mode":"bus","color":"#0059a9","colorDark":"#00294f","band":3,"off":[1.94,1.1]}},{"type":"Feature","geometry":{"type":"Point","coordinates":[36.643373,-1.108241]},"properties":{"line":"116","mode":"bus","color":"#0059a9","colorDark":"#00294f","band":3,"off":[5.82,1.1]}},{"type":"Feature","geometry":{"type":"Point","coordinates":[36.643373,-1.108241]},"properties":{"line":"135","mode":"bus","color":"#0059a9","colorDark":"#00294f","band":3,"off":[0,3.1]}},{"type":"Feature","geometry":{"type":"Point","coordinates":[36.738748,-1.219083]},"properties":{"name":"Gathiga Mwisho","band":3,"modes":"bus","arr":["119A"],"off":[0,-0.8]}},{"type":"Feature","geometry":{"type":"Point","coordinates":[36.738748,-1.219083]},"properties":{"name":"Gathiga","band":3,"modes":"bus","arr":["119A"],"off":[0,-1.9]}},{"type":"Feature","geometry":{"type":"Point","coordinates":[36.738748,-1.219083]},"properties":{"line":"119A","mode":"bus","color":"#0059a9","colorDark":"#00294f","band":3,"off":[0,1.1]}},{"type":"Feature","geometry":{"type":"Point","coordinates":[36.778928,-1.056698]},"properties":{"name":"Githunguri Terminal","band":3,"modes":"bus","arr":["120"],"off":[0,-0.8]}},{"type":"Feature","geometry":{"type":"Point","coordinates":[36.778928,-1.056698]},"properties":{"line":"120","mode":"bus","color":"#0059a9","colorDark":"#00294f","band":3,"off":[0,1.1]}},{"type":"Feature","geometry":{"type":"Point","coordinates":[36.805551,-1.151597]},"properties":{"name":"Ndumberi","band":3,"modes":"bus","arr":["121"],"off":[0,-0.8]}},{"type":"Feature","geometry":{"type":"Point","coordinates":[36.805551,-1.151597]},"properties":{"line":"121","mode":"bus","color":"#0059a9","colorDark":"#00294f","band":3,"off":[0,1.1]}},{"type":"Feature","geometry":{"type":"Point","coordinates":[36.74959,-1.396584]},"properties":{"name":"Kware","band":3,"modes":"bus","arr":["125"],"off":[0,-0.8]}},{"type":"Feature","geometry":{"type":"Point","coordinates":[36.74959,-1.396584]},"properties":{"line":"125","mode":"bus","color":"#0059a9","colorDark":"#00294f","band":3,"off":[0,1.1]}},{"type":"Feature","geometry":{"type":"Point","coordinates":[36.687162,-1.429745]},"properties":{"name":"Kiserian","band":3,"modes":"bus","arr":["126","126N"],"off":[0,-0.8]}},{"type":"Feature","geometry":{"type":"Point","coordinates":[36.687162,-1.429745]},"properties":{"line":"126","mode":"bus","color":"#0059a9","colorDark":"#00294f","band":3,"off":[-1.94,1.1]}},{"type":"Feature","geometry":{"type":"Point","coordinates":[36.687162,-1.429745]},"properties":{"line":"126N","mode":"bus","color":"#0059a9","colorDark":"#00294f","band":3,"off":[1.94,1.1]}},{"type":"Feature","geometry":{"type":"Point","coordinates":[36.685791,-1.429553]},"properties":{"name":"Kiserian Terminus","band":3,"modes":"bus","arr":["126RK"],"off":[0,-0.8]}},{"type":"Feature","geometry":{"type":"Point","coordinates":[36.685791,-1.429553]},"properties":{"name":"Kiserain Nairobi Bus Stop","band":3,"modes":"bus","arr":["126RK"],"off":[0,-1.9]}},{"type":"Feature","geometry":{"type":"Point","coordinates":[36.685791,-1.429553]},"properties":{"line":"126RK","mode":"bus","color":"#0059a9","colorDark":"#00294f","band":3,"off":[0,1.1]}},{"type":"Feature","geometry":{"type":"Point","coordinates":[36.759814,-1.397054]},"properties":{"name":"Soronik Road","band":3,"modes":"bus","arr":["126RK"],"off":[0,-0.8]}},{"type":"Feature","geometry":{"type":"Point","coordinates":[36.759814,-1.397054]},"properties":{"line":"126RK","mode":"bus","color":"#0059a9","colorDark":"#00294f","band":3,"off":[0,1.1]}},{"type":"Feature","geometry":{"type":"Point","coordinates":[36.754172,-1.397064]},"properties":{"name":"Tuskys","band":3,"modes":"bus","arr":["126RK"],"off":[0,-0.8]}},{"type":"Feature","geometry":{"type":"Point","coordinates":[36.754172,-1.397064]},"properties":{"line":"126RK","mode":"bus","color":"#0059a9","colorDark":"#00294f","band":3,"off":[0,1.1]}},{"type":"Feature","geometry":{"type":"Point","coordinates":[36.831094,-1.285635]},"properties":{"name":"Kaka Terminal","band":3,"modes":"bus","arr":["135"],"off":[0,-0.8]}},{"type":"Feature","geometry":{"type":"Point","coordinates":[36.831094,-1.285635]},"properties":{"line":"135","mode":"bus","color":"#0059a9","colorDark":"#00294f","band":3,"off":[0,1.1]}},{"type":"Feature","geometry":{"type":"Point","coordinates":[37.076425,-1.035447]},"properties":{"name":"Thika Town","band":3,"modes":"bus","arr":["237"],"off":[0,-0.8]}},{"type":"Feature","geometry":{"type":"Point","coordinates":[37.076425,-1.035447]},"properties":{"line":"237","mode":"bus","color":"#0059a9","colorDark":"#00294f","band":3,"off":[0,1.1]}},{"type":"Feature","geometry":{"type":"Point","coordinates":[36.827787,-1.304185]},"properties":{"name":"Baricho Road Terminus","band":3,"modes":"bus","arr":["405"],"off":[0,-0.8]}},{"type":"Feature","geometry":{"type":"Point","coordinates":[36.827787,-1.304185]},"properties":{"line":"405","mode":"bus","color":"#0059a9","colorDark":"#00294f","band":3,"off":[0,1.1]}},{"type":"Feature","geometry":{"type":"Point","coordinates":[36.832808,-1.284392]},"properties":{"name":"Ladhies Road/OTC","band":3,"modes":"bus","arr":["1960","1961K"],"off":[0,-0.8]}},{"type":"Feature","geometry":{"type":"Point","coordinates":[36.832808,-1.284392]},"properties":{"line":"1960","mode":"bus","color":"#0059a9","colorDark":"#00294f","band":3,"off":[-2.25,1.1]}},{"type":"Feature","geometry":{"type":"Point","coordinates":[36.832808,-1.284392]},"properties":{"line":"1961K","mode":"bus","color":"#0059a9","colorDark":"#00294f","band":3,"off":[2.25,1.1]}},{"type":"Feature","geometry":{"type":"Point","coordinates":[36.919441,-1.262461]},"properties":{"name":"Kayole One","band":3,"modes":"bus","arr":["1961K"],"off":[0,-0.8]}},{"type":"Feature","geometry":{"type":"Point","coordinates":[36.919441,-1.262461]},"properties":{"line":"1961K","mode":"bus","color":"#0059a9","colorDark":"#00294f","band":3,"off":[0,1.1]}},{"type":"Feature","geometry":{"type":"Point","coordinates":[36.898154,-1.279273]},"properties":{"name":"Umoja 2 Terminus","band":3,"modes":"bus","arr":["3560"],"off":[0,-0.8]}},{"type":"Feature","geometry":{"type":"Point","coordinates":[36.898154,-1.279273]},"properties":{"line":"3560","mode":"bus","color":"#0059a9","colorDark":"#00294f","band":3,"off":[0,1.1]}},{"type":"Feature","geometry":{"type":"Point","coordinates":[36.686323,-1.28772]},"properties":{"name":"Dagoretti Market","band":4,"modes":"bus","arr":["1","2"],"off":[0,-0.8]}},{"type":"Feature","geometry":{"type":"Point","coordinates":[36.686323,-1.28772]},"properties":{"line":"1","mode":"bus","color":"#0059a9","colorDark":"#00294f","band":4,"off":[-1.7,1.1]}},{"type":"Feature","geometry":{"type":"Point","coordinates":[36.686323,-1.28772]},"properties":{"line":"2","mode":"bus","color":"#0059a9","colorDark":"#00294f","band":4,"off":[1.7,1.1]}},{"type":"Feature","geometry":{"type":"Point","coordinates":[36.706407,-1.321199]},"properties":{"name":"Karen/The Hub","band":4,"modes":"bus","arr":["1"],"off":[0,-0.8]}},{"type":"Feature","geometry":{"type":"Point","coordinates":[36.706407,-1.321199]},"properties":{"line":"1","mode":"bus","color":"#0059a9","colorDark":"#00294f","band":4,"off":[0,1.1]}},{"type":"Feature","geometry":{"type":"Point","coordinates":[36.759874,-1.29843]},"properties":{"name":"Kenol Dagoretti Corner","band":4,"modes":"bus","arr":["3U/3","103"],"off":[0,-0.8]}},{"type":"Feature","geometry":{"type":"Point","coordinates":[36.759874,-1.29843]},"properties":{"line":"3U/3","mode":"bus","color":"#0059a9","colorDark":"#00294f","band":4,"off":[-1.94,1.1]}},{"type":"Feature","geometry":{"type":"Point","coordinates":[36.759874,-1.29843]},"properties":{"line":"103","mode":"bus","color":"#0059a9","colorDark":"#00294f","band":4,"off":[1.94,1.1]}},{"type":"Feature","geometry":{"type":"Point","coordinates":[36.804166,-1.29764]},"properties":{"name":"Kenyatta National Hospital","band":4,"modes":"bus","arr":["34L"],"off":[0,-0.8]}},{"type":"Feature","geometry":{"type":"Point","coordinates":[36.804166,-1.29764]},"properties":{"line":"34L","mode":"bus","color":"#0059a9","colorDark":"#00294f","band":4,"off":[0,1.1]}},{"type":"Feature","geometry":{"type":"Point","coordinates":[36.828192,-1.290911]},"properties":{"name":"Railways","band":4,"modes":"bus","arr":["2","8","56","102","111","125","126"],"off":[0,-0.8]}},{"type":"Feature","geometry":{"type":"Point","coordinates":[36.828192,-1.290911]},"properties":{"line":"2","mode":"bus","color":"#0059a9","colorDark":"#00294f","band":4,"off":[-6.8,1.1]}},{"type":"Feature","geometry":{"type":"Point","coordinates":[36.828192,-1.290911]},"properties":{"line":"8","mode":"bus","color":"#0059a9","colorDark":"#00294f","band":4,"off":[-3.4,1.1]}},{"type":"Feature","geometry":{"type":"Point","coordinates":[36.828192,-1.290911]},"properties":{"line":"56","mode":"bus","color":"#0059a9","colorDark":"#00294f","band":4,"off":[0,1.1]}},{"type":"Feature","geometry":{"type":"Point","coordinates":[36.828192,-1.290911]},"properties":{"line":"102","mode":"bus","color":"#0059a9","colorDark":"#00294f","band":4,"off":[3.4,1.1]}},{"type":"Feature","geometry":{"type":"Point","coordinates":[36.828192,-1.290911]},"properties":{"line":"111","mode":"bus","color":"#0059a9","colorDark":"#00294f","band":4,"off":[6.8,1.1]}},{"type":"Feature","geometry":{"type":"Point","coordinates":[36.828192,-1.290911]},"properties":{"line":"125","mode":"bus","color":"#0059a9","colorDark":"#00294f","band":4,"off":[-1.7,3.1]}},{"type":"Feature","geometry":{"type":"Point","coordinates":[36.828192,-1.290911]},"properties":{"line":"126","mode":"bus","color":"#0059a9","colorDark":"#00294f","band":4,"off":[1.7,3.1]}},{"type":"Feature","geometry":{"type":"Point","coordinates":[36.75934,-1.298398]},"properties":{"name":"Dagoretti Corner Stage","band":4,"modes":"bus","arr":["3U/3","103"],"off":[0,-0.8]}},{"type":"Feature","geometry":{"type":"Point","coordinates":[36.75934,-1.298398]},"properties":{"line":"3U/3","mode":"bus","color":"#0059a9","colorDark":"#00294f","band":4,"off":[-1.94,1.1]}},{"type":"Feature","geometry":{"type":"Point","coordinates":[36.75934,-1.298398]},"properties":{"line":"103","mode":"bus","color":"#0059a9","colorDark":"#00294f","band":4,"off":[1.94,1.1]}},{"type":"Feature","geometry":{"type":"Point","coordinates":[36.840541,-1.284114]},"properties":{"name":"Gikomba Market","band":4,"modes":"bus","arr":["3N","7","28","41"],"off":[0,-0.8]}},{"type":"Feature","geometry":{"type":"Point","coordinates":[36.840541,-1.284114]},"properties":{"name":"Gikomba","band":4,"modes":"bus","arr":["3N","7","28","41"],"off":[0,-1.9]}},{"type":"Feature","geometry":{"type":"Point","coordinates":[36.840541,-1.284114]},"properties":{"line":"3N","mode":"bus","color":"#0059a9","colorDark":"#00294f","band":4,"off":[-5.1,1.1]}},{"type":"Feature","geometry":{"type":"Point","coordinates":[36.840541,-1.284114]},"properties":{"line":"7","mode":"bus","color":"#0059a9","colorDark":"#00294f","band":4,"off":[-1.7,1.1]}},{"type":"Feature","geometry":{"type":"Point","coordinates":[36.840541,-1.284114]},"properties":{"line":"28","mode":"bus","color":"#0059a9","colorDark":"#00294f","band":4,"off":[1.7,1.1]}},{"type":"Feature","geometry":{"type":"Point","coordinates":[36.840541,-1.284114]},"properties":{"line":"41","mode":"bus","color":"#0059a9","colorDark":"#00294f","band":4,"off":[5.1,1.1]}},{"type":"Feature","geometry":{"type":"Point","coordinates":[36.830239,-1.278387]},"properties":{"name":"Equity Ngara","band":4,"modes":"bus","arr":["100A"],"off":[0,-0.8]}},{"type":"Feature","geometry":{"type":"Point","coordinates":[36.830239,-1.278387]},"properties":{"line":"100A","mode":"bus","color":"#0059a9","colorDark":"#00294f","band":4,"off":[0,1.1]}},{"type":"Feature","geometry":{"type":"Point","coordinates":[36.824717,-1.275776]},"properties":{"name":"Ngara","band":4,"modes":"bus","arr":["3N"],"off":[0,-0.8]}},{"type":"Feature","geometry":{"type":"Point","coordinates":[36.824717,-1.275776]},"properties":{"line":"3N","mode":"bus","color":"#0059a9","colorDark":"#00294f","band":4,"off":[0,1.1]}},{"type":"Feature","geometry":{"type":"Point","coordinates":[36.716841,-1.261347]},"properties":{"name":"Uthiru Pentecostal","band":4,"modes":"bus","arr":["3U/3"],"off":[0,-0.8]}},{"type":"Feature","geometry":{"type":"Point","coordinates":[36.716841,-1.261347]},"properties":{"line":"3U/3","mode":"bus","color":"#0059a9","colorDark":"#00294f","band":4,"off":[0,1.1]}},{"type":"Feature","geometry":{"type":"Point","coordinates":[36.728982,-1.290502]},"properties":{"name":"Kaberia","band":4,"modes":"bus","arr":["4W"],"off":[0,-0.8]}},{"type":"Feature","geometry":{"type":"Point","coordinates":[36.728982,-1.290502]},"properties":{"line":"4W","mode":"bus","color":"#0059a9","colorDark":"#00294f","band":4,"off":[0,1.1]}},{"type":"Feature","geometry":{"type":"Point","coordinates":[36.824813,-1.285651]},"properties":{"name":"Kencom/Ambassadeur","band":4,"modes":"bus","arr":["4W","5","7C","32A","33UTW","34B","34J","46K","046P","46Y","58"],"off":[0,-0.8]}},{"type":"Feature","geometry":{"type":"Point","coordinates":[36.824813,-1.285651]},"properties":{"line":"4W","mode":"bus","color":"#0059a9","colorDark":"#00294f","band":4,"off":[-6.75,1.1]}},{"type":"Feature","geometry":{"type":"Point","coordinates":[36.824813,-1.285651]},"properties":{"line":"5","mode":"bus","color":"#0059a9","colorDark":"#00294f","band":4,"off":[-2.25,1.1]}},{"type":"Feature","geometry":{"type":"Point","coordinates":[36.824813,-1.285651]},"properties":{"line":"7C","mode":"bus","color":"#0059a9","colorDark":"#00294f","band":4,"off":[2.25,1.1]}},{"type":"Feature","geometry":{"type":"Point","coordinates":[36.824813,-1.285651]},"properties":{"line":"32A","mode":"bus","color":"#0059a9","colorDark":"#00294f","band":4,"off":[6.75,1.1]}},{"type":"Feature","geometry":{"type":"Point","coordinates":[36.824813,-1.285651]},"properties":{"line":"33UTW","mode":"bus","color":"#0059a9","colorDark":"#00294f","band":4,"off":[-6.75,3.1]}},{"type":"Feature","geometry":{"type":"Point","coordinates":[36.824813,-1.285651]},"properties":{"line":"34B","mode":"bus","color":"#0059a9","colorDark":"#00294f","band":4,"off":[-2.25,3.1]}},{"type":"Feature","geometry":{"type":"Point","coordinates":[36.824813,-1.285651]},"properties":{"line":"34J","mode":"bus","color":"#0059a9","colorDark":"#00294f","band":4,"off":[2.25,3.1]}},{"type":"Feature","geometry":{"type":"Point","coordinates":[36.824813,-1.285651]},"properties":{"line":"46K","mode":"bus","color":"#0059a9","colorDark":"#00294f","band":4,"off":[6.75,3.1]}},{"type":"Feature","geometry":{"type":"Point","coordinates":[36.824813,-1.285651]},"properties":{"line":"046P","mode":"bus","color":"#0059a9","colorDark":"#00294f","band":4,"off":[-4.5,5.1]}},{"type":"Feature","geometry":{"type":"Point","coordinates":[36.824813,-1.285651]},"properties":{"line":"46Y","mode":"bus","color":"#0059a9","colorDark":"#00294f","band":4,"off":[0,5.1]}},{"type":"Feature","geometry":{"type":"Point","coordinates":[36.824813,-1.285651]},"properties":{"line":"58","mode":"bus","color":"#0059a9","colorDark":"#00294f","band":4,"off":[4.5,5.1]}},{"type":"Feature","geometry":{"type":"Point","coordinates":[36.769135,-1.303947]},"properties":{"name":"Jamhuri Station Road Stage","band":4,"modes":"bus","arr":["5"],"off":[0,-0.8]}},{"type":"Feature","geometry":{"type":"Point","coordinates":[36.769135,-1.303947]},"properties":{"line":"5","mode":"bus","color":"#0059a9","colorDark":"#00294f","band":4,"off":[0,1.1]}},{"type":"Feature","geometry":{"type":"Point","coordinates":[36.848878,-1.272236]},"properties":{"name":"Eastleigh Terminal","band":4,"modes":"bus","arr":["6","17Aky","18C"],"off":[0,-0.8]}},{"type":"Feature","geometry":{"type":"Point","coordinates":[36.848878,-1.272236]},"properties":{"line":"6","mode":"bus","color":"#0059a9","colorDark":"#00294f","band":4,"off":[-4.5,1.1]}},{"type":"Feature","geometry":{"type":"Point","coordinates":[36.848878,-1.272236]},"properties":{"line":"17Aky","mode":"bus","color":"#0059a9","colorDark":"#00294f","band":4,"off":[0,1.1]}},{"type":"Feature","geometry":{"type":"Point","coordinates":[36.848878,-1.272236]},"properties":{"line":"18C","mode":"bus","color":"#0059a9","colorDark":"#00294f","band":4,"off":[4.5,1.1]}},{"type":"Feature","geometry":{"type":"Point","coordinates":[36.822476,-1.28139]},"properties":{"name":"Koja","band":4,"modes":"bus","arr":["6","23W","106","115","116","118","119","119A"],"off":[0,-0.8]}},{"type":"Feature","geometry":{"type":"Point","coordinates":[36.822476,-1.28139]},"properties":{"line":"6","mode":"bus","color":"#0059a9","colorDark":"#00294f","band":4,"off":[-5.82,1.1]}},{"type":"Feature","geometry":{"type":"Point","coordinates":[36.822476,-1.28139]},"properties":{"line":"23W","mode":"bus","color":"#0059a9","colorDark":"#00294f","band":4,"off":[-1.94,1.1]}},{"type":"Feature","geometry":{"type":"Point","coordinates":[36.822476,-1.28139]},"properties":{"line":"106","mode":"bus","color":"#0059a9","colorDark":"#00294f","band":4,"off":[1.94,1.1]}},{"type":"Feature","geometry":{"type":"Point","coordinates":[36.822476,-1.28139]},"properties":{"line":"115","mode":"bus","color":"#0059a9","colorDark":"#00294f","band":4,"off":[5.82,1.1]}},{"type":"Feature","geometry":{"type":"Point","coordinates":[36.822476,-1.28139]},"properties":{"line":"116","mode":"bus","color":"#0059a9","colorDark":"#00294f","band":4,"off":[-5.82,3.1]}},{"type":"Feature","geometry":{"type":"Point","coordinates":[36.822476,-1.28139]},"properties":{"line":"118","mode":"bus","color":"#0059a9","colorDark":"#00294f","band":4,"off":[-1.94,3.1]}},{"type":"Feature","geometry":{"type":"Point","coordinates":[36.822476,-1.28139]},"properties":{"line":"119","mode":"bus","color":"#0059a9","colorDark":"#00294f","band":4,"off":[1.94,3.1]}},{"type":"Feature","geometry":{"type":"Point","coordinates":[36.822476,-1.28139]},"properties":{"line":"119A","mode":"bus","color":"#0059a9","colorDark":"#00294f","band":4,"off":[5.82,3.1]}},{"type":"Feature","geometry":{"type":"Point","coordinates":[36.851115,-1.282805]},"properties":{"name":"Joster","band":4,"modes":"bus","arr":["6E"],"off":[0,-0.8]}},{"type":"Feature","geometry":{"type":"Point","coordinates":[36.851115,-1.282805]},"properties":{"line":"6E","mode":"bus","color":"#0059a9","colorDark":"#00294f","band":4,"off":[0,1.1]}},{"type":"Feature","geometry":{"type":"Point","coordinates":[36.852711,-1.294569]},"properties":{"name":"Church Army","band":4,"modes":"bus","arr":["6E"],"off":[0,-0.8]}},{"type":"Feature","geometry":{"type":"Point","coordinates":[36.852711,-1.294569]},"properties":{"line":"6E","mode":"bus","color":"#0059a9","colorDark":"#00294f","band":4,"off":[0,1.1]}},{"type":"Feature","geometry":{"type":"Point","coordinates":[36.830667,-1.286142]},"properties":{"name":"OTC","band":4,"modes":"bus","arr":["0027","32D","100","120","121"],"off":[0,-0.8]}},{"type":"Feature","geometry":{"type":"Point","coordinates":[36.830667,-1.286142]},"properties":{"line":"0027","mode":"bus","color":"#0059a9","colorDark":"#00294f","band":4,"off":[-5.82,1.1]}},{"type":"Feature","geometry":{"type":"Point","coordinates":[36.830667,-1.286142]},"properties":{"line":"32D","mode":"bus","color":"#0059a9","colorDark":"#00294f","band":4,"off":[-1.94,1.1]}},{"type":"Feature","geometry":{"type":"Point","coordinates":[36.830667,-1.286142]},"properties":{"line":"100","mode":"bus","color":"#0059a9","colorDark":"#00294f","band":4,"off":[1.94,1.1]}},{"type":"Feature","geometry":{"type":"Point","coordinates":[36.830667,-1.286142]},"properties":{"line":"120","mode":"bus","color":"#0059a9","colorDark":"#00294f","band":4,"off":[5.82,1.1]}},{"type":"Feature","geometry":{"type":"Point","coordinates":[36.830667,-1.286142]},"properties":{"line":"121","mode":"bus","color":"#0059a9","colorDark":"#00294f","band":4,"off":[0,3.1]}},{"type":"Feature","geometry":{"type":"Point","coordinates":[36.829482,-1.28631]},"properties":{"name":"Racecourse Road","band":4,"modes":"bus","arr":["7","11","12C","12D","14A","14B","15","16","16/62","17B","33MKR","33NG"],"off":[0,-0.8]}},{"type":"Feature","geometry":{"type":"Point","coordinates":[36.829482,-1.28631]},"properties":{"name":"Bus Station","band":4,"modes":"bus","arr":["7","11","12C","12D","14A","14B","15","16","16/62","17B","33MKR","33NG"],"off":[0,-1.9]}},{"type":"Feature","geometry":{"type":"Point","coordinates":[36.829482,-1.28631]},"properties":{"line":"7","mode":"bus","color":"#0059a9","colorDark":"#00294f","band":4,"off":[-6.75,1.1]}},{"type":"Feature","geometry":{"type":"Point","coordinates":[36.829482,-1.28631]},"properties":{"line":"11","mode":"bus","color":"#0059a9","colorDark":"#00294f","band":4,"off":[-2.25,1.1]}},{"type":"Feature","geometry":{"type":"Point","coordinates":[36.829482,-1.28631]},"properties":{"line":"12C","mode":"bus","color":"#0059a9","colorDark":"#00294f","band":4,"off":[2.25,1.1]}},{"type":"Feature","geometry":{"type":"Point","coordinates":[36.829482,-1.28631]},"properties":{"line":"12D","mode":"bus","color":"#0059a9","colorDark":"#00294f","band":4,"off":[6.75,1.1]}},{"type":"Feature","geometry":{"type":"Point","coordinates":[36.829482,-1.28631]},"properties":{"line":"14A","mode":"bus","color":"#0059a9","colorDark":"#00294f","band":4,"off":[-6.75,3.1]}},{"type":"Feature","geometry":{"type":"Point","coordinates":[36.829482,-1.28631]},"properties":{"line":"14B","mode":"bus","color":"#0059a9","colorDark":"#00294f","band":4,"off":[-2.25,3.1]}},{"type":"Feature","geometry":{"type":"Point","coordinates":[36.829482,-1.28631]},"properties":{"line":"15","mode":"bus","color":"#0059a9","colorDark":"#00294f","band":4,"off":[2.25,3.1]}},{"type":"Feature","geometry":{"type":"Point","coordinates":[36.829482,-1.28631]},"properties":{"line":"16","mode":"bus","color":"#0059a9","colorDark":"#00294f","band":4,"off":[6.75,3.1]}},{"type":"Feature","geometry":{"type":"Point","coordinates":[36.829482,-1.28631]},"properties":{"line":"16/62","mode":"bus","color":"#0059a9","colorDark":"#00294f","band":4,"off":[-6.75,5.1]}},{"type":"Feature","geometry":{"type":"Point","coordinates":[36.829482,-1.28631]},"properties":{"line":"17B","mode":"bus","color":"#0059a9","colorDark":"#00294f","band":4,"off":[-2.25,5.1]}},{"type":"Feature","geometry":{"type":"Point","coordinates":[36.829482,-1.28631]},"properties":{"line":"33MKR","mode":"bus","color":"#0059a9","colorDark":"#00294f","band":4,"off":[2.25,5.1]}},{"type":"Feature","geometry":{"type":"Point","coordinates":[36.829482,-1.28631]},"properties":{"line":"33NG","mode":"bus","color":"#0059a9","colorDark":"#00294f","band":4,"off":[6.75,5.1]}},{"type":"Feature","geometry":{"type":"Point","coordinates":[36.828283,-1.285561]},"properties":{"name":"Tusker/Ronald Ngala","band":4,"modes":"bus","arr":["19Cdc","35/60","39SK","45G","46B","46H","145"],"off":[0,-0.8]}},{"type":"Feature","geometry":{"type":"Point","coordinates":[36.828283,-1.285561]},"properties":{"line":"19Cdc","mode":"bus","color":"#0059a9","colorDark":"#00294f","band":4,"off":[-6.75,1.1]}},{"type":"Feature","geometry":{"type":"Point","coordinates":[36.828283,-1.285561]},"properties":{"line":"35/60","mode":"bus","color":"#0059a9","colorDark":"#00294f","band":4,"off":[-2.25,1.1]}},{"type":"Feature","geometry":{"type":"Point","coordinates":[36.828283,-1.285561]},"properties":{"line":"39SK","mode":"bus","color":"#0059a9","colorDark":"#00294f","band":4,"off":[2.25,1.1]}},{"type":"Feature","geometry":{"type":"Point","coordinates":[36.828283,-1.285561]},"properties":{"line":"45G","mode":"bus","color":"#0059a9","colorDark":"#00294f","band":4,"off":[6.75,1.1]}},{"type":"Feature","geometry":{"type":"Point","coordinates":[36.828283,-1.285561]},"properties":{"line":"46B","mode":"bus","color":"#0059a9","colorDark":"#00294f","band":4,"off":[-4.5,3.1]}},{"type":"Feature","geometry":{"type":"Point","coordinates":[36.828283,-1.285561]},"properties":{"line":"46H","mode":"bus","color":"#0059a9","colorDark":"#00294f","band":4,"off":[0,3.1]}},{"type":"Feature","geometry":{"type":"Point","coordinates":[36.828283,-1.285561]},"properties":{"line":"145","mode":"bus","color":"#0059a9","colorDark":"#00294f","band":4,"off":[4.5,3.1]}},{"type":"Feature","geometry":{"type":"Point","coordinates":[36.808737,-1.300899]},"properties":{"name":"Kenyatta National Hospital","band":4,"modes":"bus","arr":["7C"],"off":[0,-0.8]}},{"type":"Feature","geometry":{"type":"Point","coordinates":[36.808737,-1.300899]},"properties":{"line":"7C","mode":"bus","color":"#0059a9","colorDark":"#00294f","band":4,"off":[0,1.1]}},{"type":"Feature","geometry":{"type":"Point","coordinates":[36.775775,-1.311039]},"properties":{"name":"Equity Ayani","band":4,"modes":"bus","arr":["8"],"off":[0,-0.8]}},{"type":"Feature","geometry":{"type":"Point","coordinates":[36.775775,-1.311039]},"properties":{"line":"8","mode":"bus","color":"#0059a9","colorDark":"#00294f","band":4,"off":[0,1.1]}},{"type":"Feature","geometry":{"type":"Point","coordinates":[36.873756,-1.290619]},"properties":{"name":"Rabai","band":4,"modes":"bus","arr":["10"],"off":[0,-0.8]}},{"type":"Feature","geometry":{"type":"Point","coordinates":[36.873756,-1.290619]},"properties":{"line":"10","mode":"bus","color":"#0059a9","colorDark":"#00294f","band":4,"off":[0,1.1]}},{"type":"Feature","geometry":{"type":"Point","coordinates":[36.833747,-1.288504]},"properties":{"name":"Muthurwa","band":4,"modes":"bus","arr":["10","33DP","38/39","69","70/71"],"off":[0,-0.8]}},{"type":"Feature","geometry":{"type":"Point","coordinates":[36.833747,-1.288504]},"properties":{"line":"10","mode":"bus","color":"#0059a9","colorDark":"#00294f","band":4,"off":[-6.75,1.1]}},{"type":"Feature","geometry":{"type":"Point","coordinates":[36.833747,-1.288504]},"properties":{"line":"33DP","mode":"bus","color":"#0059a9","colorDark":"#00294f","band":4,"off":[-2.25,1.1]}},{"type":"Feature","geometry":{"type":"Point","coordinates":[36.833747,-1.288504]},"properties":{"line":"38/39","mode":"bus","color":"#0059a9","colorDark":"#00294f","band":4,"off":[2.25,1.1]}},{"type":"Feature","geometry":{"type":"Point","coordinates":[36.833747,-1.288504]},"properties":{"line":"69","mode":"bus","color":"#0059a9","colorDark":"#00294f","band":4,"off":[6.75,1.1]}},{"type":"Feature","geometry":{"type":"Point","coordinates":[36.833747,-1.288504]},"properties":{"line":"70/71","mode":"bus","color":"#0059a9","colorDark":"#00294f","band":4,"off":[0,3.1]}},{"type":"Feature","geometry":{"type":"Point","coordinates":[36.848432,-1.315633]},"properties":{"name":"South B Stage","band":4,"modes":"bus","arr":["11"],"off":[0,-0.8]}},{"type":"Feature","geometry":{"type":"Point","coordinates":[36.848432,-1.315633]},"properties":{"line":"11","mode":"bus","color":"#0059a9","colorDark":"#00294f","band":4,"off":[0,1.1]}},{"type":"Feature","geometry":{"type":"Point","coordinates":[36.848422,-1.316042]},"properties":{"name":"Hazina Estate","band":4,"modes":"bus","arr":["11"],"off":[0,-0.8]}},{"type":"Feature","geometry":{"type":"Point","coordinates":[36.848422,-1.316042]},"properties":{"line":"11","mode":"bus","color":"#0059a9","colorDark":"#00294f","band":4,"off":[0,1.1]}},{"type":"Feature","geometry":{"type":"Point","coordinates":[36.810772,-1.256854]},"properties":{"name":"Kwa Mosque/Highridge Mwisho","band":4,"modes":"bus","arr":["11A"],"off":[0,-0.8]}},{"type":"Feature","geometry":{"type":"Point","coordinates":[36.810772,-1.256854]},"properties":{"name":"Highridge/Kwa Mosque/Mwisho","band":4,"modes":"bus","arr":["11A"],"off":[0,-3]}},{"type":"Feature","geometry":{"type":"Point","coordinates":[36.810772,-1.256854]},"properties":{"line":"11A","mode":"bus","color":"#0059a9","colorDark":"#00294f","band":4,"off":[0,1.1]}},{"type":"Feature","geometry":{"type":"Point","coordinates":[36.823745,-1.274038]},"properties":{"name":"Ngara","band":4,"modes":"bus","arr":["29/30","114R","114W"],"off":[0,-0.8]}},{"type":"Feature","geometry":{"type":"Point","coordinates":[36.823745,-1.274038]},"properties":{"line":"29/30","mode":"bus","color":"#0059a9","colorDark":"#00294f","band":4,"off":[-4.5,1.1]}},{"type":"Feature","geometry":{"type":"Point","coordinates":[36.823745,-1.274038]},"properties":{"line":"114R","mode":"bus","color":"#0059a9","colorDark":"#00294f","band":4,"off":[0,1.1]}},{"type":"Feature","geometry":{"type":"Point","coordinates":[36.823745,-1.274038]},"properties":{"line":"114W","mode":"bus","color":"#0059a9","colorDark":"#00294f","band":4,"off":[4.5,1.1]}},{"type":"Feature","geometry":{"type":"Point","coordinates":[36.824918,-1.282828]},"properties":{"name":"Odeon","band":4,"modes":"bus","arr":["11A","11B","11C","23KG","25","25A","30","44G","44Z","45K","48A","48B","48C","48O","49","105","107"],"off":[0,-0.8]}},{"type":"Feature","geometry":{"type":"Point","coordinates":[36.824918,-1.282828]},"properties":{"line":"11A","mode":"bus","color":"#0059a9","colorDark":"#00294f","band":4,"off":[-5.82,1.1]}},{"type":"Feature","geometry":{"type":"Point","coordinates":[36.824918,-1.282828]},"properties":{"line":"11B","mode":"bus","color":"#0059a9","colorDark":"#00294f","band":4,"off":[-1.94,1.1]}},{"type":"Feature","geometry":{"type":"Point","coordinates":[36.824918,-1.282828]},"properties":{"line":"11C","mode":"bus","color":"#0059a9","colorDark":"#00294f","band":4,"off":[1.94,1.1]}},{"type":"Feature","geometry":{"type":"Point","coordinates":[36.824918,-1.282828]},"properties":{"line":"23KG","mode":"bus","color":"#0059a9","colorDark":"#00294f","band":4,"off":[5.82,1.1]}},{"type":"Feature","geometry":{"type":"Point","coordinates":[36.824918,-1.282828]},"properties":{"line":"25","mode":"bus","color":"#0059a9","colorDark":"#00294f","band":4,"off":[-5.82,3.1]}},{"type":"Feature","geometry":{"type":"Point","coordinates":[36.824918,-1.282828]},"properties":{"line":"25A","mode":"bus","color":"#0059a9","colorDark":"#00294f","band":4,"off":[-1.94,3.1]}},{"type":"Feature","geometry":{"type":"Point","coordinates":[36.824918,-1.282828]},"properties":{"line":"30","mode":"bus","color":"#0059a9","colorDark":"#00294f","band":4,"off":[1.94,3.1]}},{"type":"Feature","geometry":{"type":"Point","coordinates":[36.824918,-1.282828]},"properties":{"line":"44G","mode":"bus","color":"#0059a9","colorDark":"#00294f","band":4,"off":[5.82,3.1]}},{"type":"Feature","geometry":{"type":"Point","coordinates":[36.824918,-1.282828]},"properties":{"line":"44Z","mode":"bus","color":"#0059a9","colorDark":"#00294f","band":4,"off":[-5.82,5.1]}},{"type":"Feature","geometry":{"type":"Point","coordinates":[36.824918,-1.282828]},"properties":{"line":"45K","mode":"bus","color":"#0059a9","colorDark":"#00294f","band":4,"off":[-1.94,5.1]}},{"type":"Feature","geometry":{"type":"Point","coordinates":[36.824918,-1.282828]},"properties":{"line":"48A","mode":"bus","color":"#0059a9","colorDark":"#00294f","band":4,"off":[1.94,5.1]}},{"type":"Feature","geometry":{"type":"Point","coordinates":[36.824918,-1.282828]},"properties":{"line":"48B","mode":"bus","color":"#0059a9","colorDark":"#00294f","band":4,"off":[5.82,5.1]}},{"type":"Feature","geometry":{"type":"Point","coordinates":[36.824918,-1.282828]},"properties":{"line":"48C","mode":"bus","color":"#0059a9","colorDark":"#00294f","band":4,"off":[-5.82,7.1]}},{"type":"Feature","geometry":{"type":"Point","coordinates":[36.824918,-1.282828]},"properties":{"line":"48O","mode":"bus","color":"#0059a9","colorDark":"#00294f","band":4,"off":[-1.94,7.1]}},{"type":"Feature","geometry":{"type":"Point","coordinates":[36.824918,-1.282828]},"properties":{"line":"49","mode":"bus","color":"#0059a9","colorDark":"#00294f","band":4,"off":[1.94,7.1]}},{"type":"Feature","geometry":{"type":"Point","coordinates":[36.824918,-1.282828]},"properties":{"line":"105","mode":"bus","color":"#0059a9","colorDark":"#00294f","band":4,"off":[5.82,7.1]}},{"type":"Feature","geometry":{"type":"Point","coordinates":[36.824918,-1.282828]},"properties":{"line":"107","mode":"bus","color":"#0059a9","colorDark":"#00294f","band":4,"off":[0,9.1]}},{"type":"Feature","geometry":{"type":"Point","coordinates":[36.785936,-1.207183]},"properties":{"name":"Ruaka/Banana Junction/Tuskys Supermarket","band":4,"modes":"bus","arr":["11B","107D"],"off":[0,-0.8]}},{"type":"Feature","geometry":{"type":"Point","coordinates":[36.785936,-1.207183]},"properties":{"name":"Ruaka Stage","band":4,"modes":"bus","arr":["11B","107D"],"off":[0,-4.1]}},{"type":"Feature","geometry":{"type":"Point","coordinates":[36.785936,-1.207183]},"properties":{"line":"11B","mode":"bus","color":"#0059a9","colorDark":"#00294f","band":4,"off":[-1.94,1.1]}},{"type":"Feature","geometry":{"type":"Point","coordinates":[36.785936,-1.207183]},"properties":{"line":"107D","mode":"bus","color":"#0059a9","colorDark":"#00294f","band":4,"off":[1.94,1.1]}},{"type":"Feature","geometry":{"type":"Point","coordinates":[36.810508,-1.238526]},"properties":{"name":"UNEP/KTTC","band":4,"modes":"bus","arr":["108"],"off":[0,-0.8]}},{"type":"Feature","geometry":{"type":"Point","coordinates":[36.810508,-1.238526]},"properties":{"name":"UNEP/Gigiri/KTTC","band":4,"modes":"bus","arr":["108"],"off":[0,-1.9]}},{"type":"Feature","geometry":{"type":"Point","coordinates":[36.810508,-1.238526]},"properties":{"line":"108","mode":"bus","color":"#0059a9","colorDark":"#00294f","band":4,"off":[0,1.1]}},{"type":"Feature","geometry":{"type":"Point","coordinates":[36.838519,-1.265059]},"properties":{"name":"Pangani Terminal","band":4,"modes":"bus","arr":["11C"],"off":[0,-0.8]}},{"type":"Feature","geometry":{"type":"Point","coordinates":[36.838519,-1.265059]},"properties":{"line":"11C","mode":"bus","color":"#0059a9","colorDark":"#00294f","band":4,"off":[0,1.1]}},{"type":"Feature","geometry":{"type":"Point","coordinates":[36.828974,-1.321518]},"properties":{"name":"Mugoya","band":4,"modes":"bus","arr":["12C"],"off":[0,-0.8]}},{"type":"Feature","geometry":{"type":"Point","coordinates":[36.828974,-1.321518]},"properties":{"line":"12C","mode":"bus","color":"#0059a9","colorDark":"#00294f","band":4,"off":[0,1.1]}},{"type":"Feature","geometry":{"type":"Point","coordinates":[36.828828,-1.322109]},"properties":{"name":"Container/New Apostolic Church","band":4,"modes":"bus","arr":["12C"],"off":[0,-0.8]}},{"type":"Feature","geometry":{"type":"Point","coordinates":[36.828828,-1.322109]},"properties":{"line":"12C","mode":"bus","color":"#0059a9","colorDark":"#00294f","band":4,"off":[0,1.1]}},{"type":"Feature","geometry":{"type":"Point","coordinates":[36.842366,-1.326945]},"properties":{"name":"Arka Hotel","band":4,"modes":"bus","arr":["12D"],"off":[0,-0.8]}},{"type":"Feature","geometry":{"type":"Point","coordinates":[36.842366,-1.326945]},"properties":{"name":"Arka hotel","band":4,"modes":"bus","arr":["12D"],"off":[0,-1.9]}},{"type":"Feature","geometry":{"type":"Point","coordinates":[36.842366,-1.326945]},"properties":{"line":"12D","mode":"bus","color":"#0059a9","colorDark":"#00294f","band":4,"off":[0,1.1]}},{"type":"Feature","geometry":{"type":"Point","coordinates":[36.878577,-1.255311]},"properties":{"name":"Kariobangi Terminal","band":4,"modes":"bus","arr":["14","28"],"off":[0,-0.8]}},{"type":"Feature","geometry":{"type":"Point","coordinates":[36.878577,-1.255311]},"properties":{"line":"14","mode":"bus","color":"#0059a9","colorDark":"#00294f","band":4,"off":[-1.7,1.1]}},{"type":"Feature","geometry":{"type":"Point","coordinates":[36.878577,-1.255311]},"properties":{"line":"28","mode":"bus","color":"#0059a9","colorDark":"#00294f","band":4,"off":[1.7,1.1]}},{"type":"Feature","geometry":{"type":"Point","coordinates":[36.831154,-1.284033]},"properties":{"name":"OTC","band":4,"modes":"bus","arr":["14"],"off":[0,-0.8]}},{"type":"Feature","geometry":{"type":"Point","coordinates":[36.831154,-1.284033]},"properties":{"line":"14","mode":"bus","color":"#0059a9","colorDark":"#00294f","band":4,"off":[0,1.1]}},{"type":"Feature","geometry":{"type":"Point","coordinates":[36.812379,-1.308633]},"properties":{"name":"Strathmore/Siwaka","band":4,"modes":"bus","arr":["14A"],"off":[0,-0.8]}},{"type":"Feature","geometry":{"type":"Point","coordinates":[36.812379,-1.308633]},"properties":{"name":"Strathmore University/Siwaka","band":4,"modes":"bus","arr":["14A"],"off":[0,-1.9]}},{"type":"Feature","geometry":{"type":"Point","coordinates":[36.812379,-1.308633]},"properties":{"line":"14A","mode":"bus","color":"#0059a9","colorDark":"#00294f","band":4,"off":[0,1.1]}},{"type":"Feature","geometry":{"type":"Point","coordinates":[36.816677,-1.312968]},"properties":{"name":"Tmall","band":4,"modes":"bus","arr":["14B"],"off":[0,-0.8]}},{"type":"Feature","geometry":{"type":"Point","coordinates":[36.816677,-1.312968]},"properties":{"name":"T-Mall","band":4,"modes":"bus","arr":["14B"],"off":[0,-1.9]}},{"type":"Feature","geometry":{"type":"Point","coordinates":[36.816677,-1.312968]},"properties":{"line":"14B","mode":"bus","color":"#0059a9","colorDark":"#00294f","band":4,"off":[0,1.1]}},{"type":"Feature","geometry":{"type":"Point","coordinates":[36.774482,-1.321783]},"properties":{"name":"St.Mary's","band":4,"modes":"bus","arr":["15"],"off":[0,-0.8]}},{"type":"Feature","geometry":{"type":"Point","coordinates":[36.774482,-1.321783]},"properties":{"line":"15","mode":"bus","color":"#0059a9","colorDark":"#00294f","band":4,"off":[0,1.1]}},{"type":"Feature","geometry":{"type":"Point","coordinates":[36.829379,-1.287056]},"properties":{"name":"Bus Terminal","band":4,"modes":"bus","arr":["15","43"],"off":[0,-0.8]}},{"type":"Feature","geometry":{"type":"Point","coordinates":[36.829379,-1.287056]},"properties":{"line":"15","mode":"bus","color":"#0059a9","colorDark":"#00294f","band":4,"off":[-1.7,1.1]}},{"type":"Feature","geometry":{"type":"Point","coordinates":[36.829379,-1.287056]},"properties":{"line":"43","mode":"bus","color":"#0059a9","colorDark":"#00294f","band":4,"off":[1.7,1.1]}},{"type":"Feature","geometry":{"type":"Point","coordinates":[36.807954,-1.314514]},"properties":{"name":"Highrise","band":4,"modes":"bus","arr":["16"],"off":[0,-0.8]}},{"type":"Feature","geometry":{"type":"Point","coordinates":[36.807954,-1.314514]},"properties":{"line":"16","mode":"bus","color":"#0059a9","colorDark":"#00294f","band":4,"off":[0,1.1]}},{"type":"Feature","geometry":{"type":"Point","coordinates":[36.913636,-1.269018]},"properties":{"name":"Kanisani/Komarocks Phase 2","band":4,"modes":"bus","arr":["16/62","18C"],"off":[0,-0.8]}},{"type":"Feature","geometry":{"type":"Point","coordinates":[36.913636,-1.269018]},"properties":{"line":"16/62","mode":"bus","color":"#0059a9","colorDark":"#00294f","band":4,"off":[-2.25,1.1]}},{"type":"Feature","geometry":{"type":"Point","coordinates":[36.913636,-1.269018]},"properties":{"line":"18C","mode":"bus","color":"#0059a9","colorDark":"#00294f","band":4,"off":[2.25,1.1]}},{"type":"Feature","geometry":{"type":"Point","coordinates":[36.919818,-1.270248]},"properties":{"name":"Kayole Hospital","band":4,"modes":"bus","arr":["1961Kd"],"off":[0,-0.8]}},{"type":"Feature","geometry":{"type":"Point","coordinates":[36.919818,-1.270248]},"properties":{"line":"1961Kd","mode":"bus","color":"#0059a9","colorDark":"#00294f","band":4,"off":[0,1.1]}},{"type":"Feature","geometry":{"type":"Point","coordinates":[36.878512,-1.262457]},"properties":{"name":"Rounda","band":4,"modes":"bus","arr":["17A","46B","2030","3738"],"off":[0,-0.8]}},{"type":"Feature","geometry":{"type":"Point","coordinates":[36.878512,-1.262457]},"properties":{"line":"17A","mode":"bus","color":"#0059a9","colorDark":"#00294f","band":4,"off":[-5.82,1.1]}},{"type":"Feature","geometry":{"type":"Point","coordinates":[36.878512,-1.262457]},"properties":{"line":"46B","mode":"bus","color":"#0059a9","colorDark":"#00294f","band":4,"off":[-1.94,1.1]}},{"type":"Feature","geometry":{"type":"Point","coordinates":[36.878512,-1.262457]},"properties":{"line":"2030","mode":"bus","color":"#0059a9","colorDark":"#00294f","band":4,"off":[1.94,1.1]}},{"type":"Feature","geometry":{"type":"Point","coordinates":[36.878512,-1.262457]},"properties":{"line":"3738","mode":"bus","color":"#0059a9","colorDark":"#00294f","band":4,"off":[5.82,1.1]}},{"type":"Feature","geometry":{"type":"Point","coordinates":[36.91938,-1.262337]},"properties":{"name":"Kayole One","band":4,"modes":"bus","arr":["17A","17Aky","1960","1961K"],"off":[0,-0.8]}},{"type":"Feature","geometry":{"type":"Point","coordinates":[36.91938,-1.262337]},"properties":{"name":"Kayole 1/Queen's Park","band":4,"modes":"bus","arr":["17A","17Aky","1960","1961K"],"off":[0,-1.9]}},{"type":"Feature","geometry":{"type":"Point","coordinates":[36.91938,-1.262337]},"properties":{"name":"Kayole 1","band":4,"modes":"bus","arr":["17A","17Aky","1960","1961K"],"off":[0,-4.1]}},{"type":"Feature","geometry":{"type":"Point","coordinates":[36.91938,-1.262337]},"properties":{"line":"17A","mode":"bus","color":"#0059a9","colorDark":"#00294f","band":4,"off":[-6.75,1.1]}},{"type":"Feature","geometry":{"type":"Point","coordinates":[36.91938,-1.262337]},"properties":{"line":"17Aky","mode":"bus","color":"#0059a9","colorDark":"#00294f","band":4,"off":[-2.25,1.1]}},{"type":"Feature","geometry":{"type":"Point","coordinates":[36.91938,-1.262337]},"properties":{"line":"1960","mode":"bus","color":"#0059a9","colorDark":"#00294f","band":4,"off":[2.25,1.1]}},{"type":"Feature","geometry":{"type":"Point","coordinates":[36.91938,-1.262337]},"properties":{"line":"1961K","mode":"bus","color":"#0059a9","colorDark":"#00294f","band":4,"off":[6.75,1.1]}},{"type":"Feature","geometry":{"type":"Point","coordinates":[36.919665,-1.261872]},"properties":{"name":"Corner","band":4,"modes":"bus","arr":["17A"],"off":[0,-0.8]}},{"type":"Feature","geometry":{"type":"Point","coordinates":[36.919665,-1.261872]},"properties":{"line":"17A","mode":"bus","color":"#0059a9","colorDark":"#00294f","band":4,"off":[0,1.1]}},{"type":"Feature","geometry":{"type":"Point","coordinates":[36.930518,-1.233946]},"properties":{"name":"Mwiki","band":4,"modes":"bus","arr":["17B"],"off":[0,-0.8]}},{"type":"Feature","geometry":{"type":"Point","coordinates":[36.930518,-1.233946]},"properties":{"line":"17B","mode":"bus","color":"#0059a9","colorDark":"#00294f","band":4,"off":[0,1.1]}},{"type":"Feature","geometry":{"type":"Point","coordinates":[36.915894,-1.266608]},"properties":{"name":"Tushauriane","band":4,"modes":"bus","arr":["19C2","19Cdc"],"off":[0,-0.8]}},{"type":"Feature","geometry":{"type":"Point","coordinates":[36.915894,-1.266608]},"properties":{"line":"19C2","mode":"bus","color":"#0059a9","colorDark":"#00294f","band":4,"off":[-2.25,1.1]}},{"type":"Feature","geometry":{"type":"Point","coordinates":[36.915894,-1.266608]},"properties":{"line":"19Cdc","mode":"bus","color":"#0059a9","colorDark":"#00294f","band":4,"off":[2.25,1.1]}},{"type":"Feature","geometry":{"type":"Point","coordinates":[36.885875,-1.296572]},"properties":{"name":"Donholm","band":4,"modes":"bus","arr":["19C2","3560"],"off":[0,-0.8]}},{"type":"Feature","geometry":{"type":"Point","coordinates":[36.885875,-1.296572]},"properties":{"line":"19C2","mode":"bus","color":"#0059a9","colorDark":"#00294f","band":4,"off":[-1.94,1.1]}},{"type":"Feature","geometry":{"type":"Point","coordinates":[36.885875,-1.296572]},"properties":{"line":"3560","mode":"bus","color":"#0059a9","colorDark":"#00294f","band":4,"off":[1.94,1.1]}},{"type":"Feature","geometry":{"type":"Point","coordinates":[36.934881,-1.235903]},"properties":{"name":"Mwiki Terminal","band":4,"modes":"bus","arr":["20"],"off":[0,-0.8]}},{"type":"Feature","geometry":{"type":"Point","coordinates":[36.934881,-1.235903]},"properties":{"line":"20","mode":"bus","color":"#0059a9","colorDark":"#00294f","band":4,"off":[0,1.1]}},{"type":"Feature","geometry":{"type":"Point","coordinates":[36.898517,-1.275039]},"properties":{"name":"Mama Lucy Terminal","band":4,"modes":"bus","arr":["20"],"off":[0,-0.8]}},{"type":"Feature","geometry":{"type":"Point","coordinates":[36.898517,-1.275039]},"properties":{"line":"20","mode":"bus","color":"#0059a9","colorDark":"#00294f","band":4,"off":[0,1.1]}},{"type":"Feature","geometry":{"type":"Point","coordinates":[36.749515,-1.264986]},"properties":{"name":"Kangemi Terminus","band":4,"modes":"bus","arr":["23KG"],"off":[0,-0.8]}},{"type":"Feature","geometry":{"type":"Point","coordinates":[36.749515,-1.264986]},"properties":{"line":"23KG","mode":"bus","color":"#0059a9","colorDark":"#00294f","band":4,"off":[0,1.1]}},{"type":"Feature","geometry":{"type":"Point","coordinates":[36.800263,-1.262759]},"properties":{"name":"Westlands/Parklands Baptist","band":4,"modes":"bus","arr":["48K"],"off":[0,-0.8]}},{"type":"Feature","geometry":{"type":"Point","coordinates":[36.800263,-1.262759]},"properties":{"line":"48K","mode":"bus","color":"#0059a9","colorDark":"#00294f","band":4,"off":[0,1.1]}},{"type":"Feature","geometry":{"type":"Point","coordinates":[36.887047,-1.262589]},"properties":{"name":"Civil Servant/Deliverance Church","band":4,"modes":"bus","arr":["23KS"],"off":[0,-0.8]}},{"type":"Feature","geometry":{"type":"Point","coordinates":[36.887047,-1.262589]},"properties":{"line":"23KS","mode":"bus","color":"#0059a9","colorDark":"#00294f","band":4,"off":[0,1.1]}},{"type":"Feature","geometry":{"type":"Point","coordinates":[36.877588,-1.277388]},"properties":{"name":"Buru Roundabout","band":4,"modes":"bus","arr":["58"],"off":[0,-0.8]}},{"type":"Feature","geometry":{"type":"Point","coordinates":[36.877588,-1.277388]},"properties":{"line":"58","mode":"bus","color":"#0059a9","colorDark":"#00294f","band":4,"off":[0,1.1]}},{"type":"Feature","geometry":{"type":"Point","coordinates":[36.826879,-1.286388]},"properties":{"name":"Gill House","band":4,"modes":"bus","arr":["23KS"],"off":[0,-0.8]}},{"type":"Feature","geometry":{"type":"Point","coordinates":[36.826879,-1.286388]},"properties":{"line":"23KS","mode":"bus","color":"#0059a9","colorDark":"#00294f","band":4,"off":[0,1.1]}},{"type":"Feature","geometry":{"type":"Point","coordinates":[36.803638,-1.262283]},"properties":{"name":"Westlands Terminal","band":4,"modes":"bus","arr":["23W"],"off":[0,-0.8]}},{"type":"Feature","geometry":{"type":"Point","coordinates":[36.803638,-1.262283]},"properties":{"line":"23W","mode":"bus","color":"#0059a9","colorDark":"#00294f","band":4,"off":[0,1.1]}},{"type":"Feature","geometry":{"type":"Point","coordinates":[36.826047,-1.286121]},"properties":{"name":"Ambassadeur","band":4,"modes":"bus","arr":["24","24C","34B"],"off":[0,-0.8]}},{"type":"Feature","geometry":{"type":"Point","coordinates":[36.826047,-1.286121]},"properties":{"line":"24","mode":"bus","color":"#0059a9","colorDark":"#00294f","band":4,"off":[-3.4,1.1]}},{"type":"Feature","geometry":{"type":"Point","coordinates":[36.826047,-1.286121]},"properties":{"line":"24C","mode":"bus","color":"#0059a9","colorDark":"#00294f","band":4,"off":[0,1.1]}},{"type":"Feature","geometry":{"type":"Point","coordinates":[36.826047,-1.286121]},"properties":{"line":"34B","mode":"bus","color":"#0059a9","colorDark":"#00294f","band":4,"off":[3.4,1.1]}},{"type":"Feature","geometry":{"type":"Point","coordinates":[36.764356,-1.342382]},"properties":{"name":"Nakumatt Galleria","band":4,"modes":"bus","arr":["24BK"],"off":[0,-0.8]}},{"type":"Feature","geometry":{"type":"Point","coordinates":[36.764356,-1.342382]},"properties":{"name":"Bomas/Galleria","band":4,"modes":"bus","arr":["24BK"],"off":[0,-1.9]}},{"type":"Feature","geometry":{"type":"Point","coordinates":[36.764356,-1.342382]},"properties":{"line":"24BK","mode":"bus","color":"#0059a9","colorDark":"#00294f","band":4,"off":[0,1.1]}},{"type":"Feature","geometry":{"type":"Point","coordinates":[36.708135,-1.323393]},"properties":{"name":"Karen/Nakumatt Crossroads","band":4,"modes":"bus","arr":["24","24C"],"off":[0,-0.8]}},{"type":"Feature","geometry":{"type":"Point","coordinates":[36.708135,-1.323393]},"properties":{"name":"Karen/Karen Shopping Centre","band":4,"modes":"bus","arr":["24","24C"],"off":[0,-3]}},{"type":"Feature","geometry":{"type":"Point","coordinates":[36.708135,-1.323393]},"properties":{"line":"24","mode":"bus","color":"#0059a9","colorDark":"#00294f","band":4,"off":[-1.7,1.1]}},{"type":"Feature","geometry":{"type":"Point","coordinates":[36.708135,-1.323393]},"properties":{"line":"24C","mode":"bus","color":"#0059a9","colorDark":"#00294f","band":4,"off":[1.7,1.1]}},{"type":"Feature","geometry":{"type":"Point","coordinates":[36.707729,-1.322008]},"properties":{"name":"Karen/Shell","band":4,"modes":"bus","arr":["24","24BK"],"off":[0,-0.8]}},{"type":"Feature","geometry":{"type":"Point","coordinates":[36.707729,-1.322008]},"properties":{"name":"Karen","band":4,"modes":"bus","arr":["24","24BK"],"off":[0,-1.9]}},{"type":"Feature","geometry":{"type":"Point","coordinates":[36.707729,-1.322008]},"properties":{"line":"24","mode":"bus","color":"#0059a9","colorDark":"#00294f","band":4,"off":[-1.94,1.1]}},{"type":"Feature","geometry":{"type":"Point","coordinates":[36.707729,-1.322008]},"properties":{"line":"24BK","mode":"bus","color":"#0059a9","colorDark":"#00294f","band":4,"off":[1.94,1.1]}},{"type":"Feature","geometry":{"type":"Point","coordinates":[36.7098,-1.325317]},"properties":{"name":"St.Marys Karen Primary School","band":4,"modes":"bus","arr":["24C"],"off":[0,-0.8]}},{"type":"Feature","geometry":{"type":"Point","coordinates":[36.7098,-1.325317]},"properties":{"line":"24C","mode":"bus","color":"#0059a9","colorDark":"#00294f","band":4,"off":[0,1.1]}},{"type":"Feature","geometry":{"type":"Point","coordinates":[36.887456,-1.244229]},"properties":{"name":"Baba Dogo Terminal","band":4,"modes":"bus","arr":["25"],"off":[0,-0.8]}},{"type":"Feature","geometry":{"type":"Point","coordinates":[36.887456,-1.244229]},"properties":{"line":"25","mode":"bus","color":"#0059a9","colorDark":"#00294f","band":4,"off":[0,1.1]}},{"type":"Feature","geometry":{"type":"Point","coordinates":[36.897504,-1.239769]},"properties":{"name":"Lucky Summer Terminal","band":4,"modes":"bus","arr":["25A"],"off":[0,-0.8]}},{"type":"Feature","geometry":{"type":"Point","coordinates":[36.897504,-1.239769]},"properties":{"line":"25A","mode":"bus","color":"#0059a9","colorDark":"#00294f","band":4,"off":[0,1.1]}},{"type":"Feature","geometry":{"type":"Point","coordinates":[36.87909,-1.257609]},"properties":{"name":"Kanisani","band":4,"modes":"bus","arr":["26","26S"],"off":[0,-0.8]}},{"type":"Feature","geometry":{"type":"Point","coordinates":[36.87909,-1.257609]},"properties":{"line":"26","mode":"bus","color":"#0059a9","colorDark":"#00294f","band":4,"off":[-1.7,1.1]}},{"type":"Feature","geometry":{"type":"Point","coordinates":[36.87909,-1.257609]},"properties":{"line":"26S","mode":"bus","color":"#0059a9","colorDark":"#00294f","band":4,"off":[1.7,1.1]}},{"type":"Feature","geometry":{"type":"Point","coordinates":[36.862079,-1.296106]},"properties":{"name":"Makadara/Mwisho","band":4,"modes":"bus","arr":["26"],"off":[0,-0.8]}},{"type":"Feature","geometry":{"type":"Point","coordinates":[36.862079,-1.296106]},"properties":{"line":"26","mode":"bus","color":"#0059a9","colorDark":"#00294f","band":4,"off":[0,1.1]}},{"type":"Feature","geometry":{"type":"Point","coordinates":[36.862616,-1.296472]},"properties":{"name":"Makadara","band":4,"modes":"bus","arr":["26"],"off":[0,-0.8]}},{"type":"Feature","geometry":{"type":"Point","coordinates":[36.862616,-1.296472]},"properties":{"line":"26","mode":"bus","color":"#0059a9","colorDark":"#00294f","band":4,"off":[0,1.1]}},{"type":"Feature","geometry":{"type":"Point","coordinates":[36.867,-1.295095]},"properties":{"name":"Aquinas","band":4,"modes":"bus","arr":["26S"],"off":[0,-0.8]}},{"type":"Feature","geometry":{"type":"Point","coordinates":[36.867,-1.295095]},"properties":{"line":"26S","mode":"bus","color":"#0059a9","colorDark":"#00294f","band":4,"off":[0,1.1]}},{"type":"Feature","geometry":{"type":"Point","coordinates":[36.862578,-1.292948]},"properties":{"name":"Aquinas","band":4,"modes":"bus","arr":["26S"],"off":[0,-0.8]}},{"type":"Feature","geometry":{"type":"Point","coordinates":[36.862578,-1.292948]},"properties":{"line":"26S","mode":"bus","color":"#0059a9","colorDark":"#00294f","band":4,"off":[0,1.1]}},{"type":"Feature","geometry":{"type":"Point","coordinates":[36.87871,-1.256658]},"properties":{"name":"Kariobangi","band":4,"modes":"bus","arr":["26S"],"off":[0,-0.8]}},{"type":"Feature","geometry":{"type":"Point","coordinates":[36.87871,-1.256658]},"properties":{"line":"26S","mode":"bus","color":"#0059a9","colorDark":"#00294f","band":4,"off":[0,1.1]}},{"type":"Feature","geometry":{"type":"Point","coordinates":[36.884901,-1.252953]},"properties":{"name":"Kariobangi Mwisho","band":4,"modes":"bus","arr":["0027"],"off":[0,-0.8]}},{"type":"Feature","geometry":{"type":"Point","coordinates":[36.884901,-1.252953]},"properties":{"line":"0027","mode":"bus","color":"#0059a9","colorDark":"#00294f","band":4,"off":[0,1.1]}},{"type":"Feature","geometry":{"type":"Point","coordinates":[36.867324,-1.252198]},"properties":{"name":"Mathare North Terminal","band":4,"modes":"bus","arr":["29/30"],"off":[0,-0.8]}},{"type":"Feature","geometry":{"type":"Point","coordinates":[36.867324,-1.252198]},"properties":{"line":"29/30","mode":"bus","color":"#0059a9","colorDark":"#00294f","band":4,"off":[0,1.1]}},{"type":"Feature","geometry":{"type":"Point","coordinates":[36.723692,-1.256935]},"properties":{"name":"Ndumbuini Terminus","band":4,"modes":"bus","arr":["30"],"off":[0,-0.8]}},{"type":"Feature","geometry":{"type":"Point","coordinates":[36.723692,-1.256935]},"properties":{"line":"30","mode":"bus","color":"#0059a9","colorDark":"#00294f","band":4,"off":[0,1.1]}},{"type":"Feature","geometry":{"type":"Point","coordinates":[36.772744,-1.307917]},"properties":{"name":"Ayani","band":4,"modes":"bus","arr":["32A"],"off":[0,-0.8]}},{"type":"Feature","geometry":{"type":"Point","coordinates":[36.772744,-1.307917]},"properties":{"line":"32A","mode":"bus","color":"#0059a9","colorDark":"#00294f","band":4,"off":[0,1.1]}},{"type":"Feature","geometry":{"type":"Point","coordinates":[36.90841,-1.245058]},"properties":{"name":"Dandora Terminal","band":4,"modes":"bus","arr":["32D","36","41","42"],"off":[0,-0.8]}},{"type":"Feature","geometry":{"type":"Point","coordinates":[36.90841,-1.245058]},"properties":{"line":"32D","mode":"bus","color":"#0059a9","colorDark":"#00294f","band":4,"off":[-5.1,1.1]}},{"type":"Feature","geometry":{"type":"Point","coordinates":[36.90841,-1.245058]},"properties":{"line":"36","mode":"bus","color":"#0059a9","colorDark":"#00294f","band":4,"off":[-1.7,1.1]}},{"type":"Feature","geometry":{"type":"Point","coordinates":[36.90841,-1.245058]},"properties":{"line":"41","mode":"bus","color":"#0059a9","colorDark":"#00294f","band":4,"off":[1.7,1.1]}},{"type":"Feature","geometry":{"type":"Point","coordinates":[36.90841,-1.245058]},"properties":{"line":"42","mode":"bus","color":"#0059a9","colorDark":"#00294f","band":4,"off":[5.1,1.1]}},{"type":"Feature","geometry":{"type":"Point","coordinates":[36.912739,-1.298119]},"properties":{"name":"Baraka Estate","band":4,"modes":"bus","arr":["33B"],"off":[0,-0.8]}},{"type":"Feature","geometry":{"type":"Point","coordinates":[36.912739,-1.298119]},"properties":{"line":"33B","mode":"bus","color":"#0059a9","colorDark":"#00294f","band":4,"off":[0,1.1]}},{"type":"Feature","geometry":{"type":"Point","coordinates":[36.89333,-1.335837]},"properties":{"name":"Carbanas","band":4,"modes":"bus","arr":["33C","33DC","33H","33J"],"off":[0,-0.8]}},{"type":"Feature","geometry":{"type":"Point","coordinates":[36.89333,-1.335837]},"properties":{"name":"Cabanas","band":4,"modes":"bus","arr":["33C","33DC","33H","33J"],"off":[0,-1.9]}},{"type":"Feature","geometry":{"type":"Point","coordinates":[36.89333,-1.335837]},"properties":{"line":"33C","mode":"bus","color":"#0059a9","colorDark":"#00294f","band":4,"off":[-5.82,1.1]}},{"type":"Feature","geometry":{"type":"Point","coordinates":[36.89333,-1.335837]},"properties":{"line":"33DC","mode":"bus","color":"#0059a9","colorDark":"#00294f","band":4,"off":[-1.94,1.1]}},{"type":"Feature","geometry":{"type":"Point","coordinates":[36.89333,-1.335837]},"properties":{"line":"33H","mode":"bus","color":"#0059a9","colorDark":"#00294f","band":4,"off":[1.94,1.1]}},{"type":"Feature","geometry":{"type":"Point","coordinates":[36.89333,-1.335837]},"properties":{"line":"33J","mode":"bus","color":"#0059a9","colorDark":"#00294f","band":4,"off":[5.82,1.1]}},{"type":"Feature","geometry":{"type":"Point","coordinates":[36.826172,-1.284178]},"properties":{"name":"Commercial","band":4,"modes":"bus","arr":["33B","33C","33FED","33GTB","33IMR","33TP"],"off":[0,-0.8]}},{"type":"Feature","geometry":{"type":"Point","coordinates":[36.826172,-1.284178]},"properties":{"line":"33B","mode":"bus","color":"#0059a9","colorDark":"#00294f","band":4,"off":[-6.75,1.1]}},{"type":"Feature","geometry":{"type":"Point","coordinates":[36.826172,-1.284178]},"properties":{"line":"33C","mode":"bus","color":"#0059a9","colorDark":"#00294f","band":4,"off":[-2.25,1.1]}},{"type":"Feature","geometry":{"type":"Point","coordinates":[36.826172,-1.284178]},"properties":{"line":"33FED","mode":"bus","color":"#0059a9","colorDark":"#00294f","band":4,"off":[2.25,1.1]}},{"type":"Feature","geometry":{"type":"Point","coordinates":[36.826172,-1.284178]},"properties":{"line":"33GTB","mode":"bus","color":"#0059a9","colorDark":"#00294f","band":4,"off":[6.75,1.1]}},{"type":"Feature","geometry":{"type":"Point","coordinates":[36.826172,-1.284178]},"properties":{"line":"33IMR","mode":"bus","color":"#0059a9","colorDark":"#00294f","band":4,"off":[-2.25,3.1]}},{"type":"Feature","geometry":{"type":"Point","coordinates":[36.826172,-1.284178]},"properties":{"line":"33TP","mode":"bus","color":"#0059a9","colorDark":"#00294f","band":4,"off":[2.25,3.1]}},{"type":"Feature","geometry":{"type":"Point","coordinates":[36.89958,-1.323619]},"properties":{"name":"Taj Roundabout","band":4,"modes":"bus","arr":["33DP","33TP"],"off":[0,-0.8]}},{"type":"Feature","geometry":{"type":"Point","coordinates":[36.89958,-1.323619]},"properties":{"name":"Taj Mall Interchange","band":4,"modes":"bus","arr":["33DP","33TP"],"off":[0,-1.9]}},{"type":"Feature","geometry":{"type":"Point","coordinates":[36.89958,-1.323619]},"properties":{"name":"Rounda/Taj","band":4,"modes":"bus","arr":["33DP","33TP"],"off":[0,-4.1]}},{"type":"Feature","geometry":{"type":"Point","coordinates":[36.89958,-1.323619]},"properties":{"line":"33DP","mode":"bus","color":"#0059a9","colorDark":"#00294f","band":4,"off":[-1.94,1.1]}},{"type":"Feature","geometry":{"type":"Point","coordinates":[36.89958,-1.323619]},"properties":{"line":"33TP","mode":"bus","color":"#0059a9","colorDark":"#00294f","band":4,"off":[1.94,1.1]}},{"type":"Feature","geometry":{"type":"Point","coordinates":[36.886781,-1.298891]},"properties":{"name":"Donholm","band":4,"modes":"bus","arr":["33DC","70/71"],"off":[0,-0.8]}},{"type":"Feature","geometry":{"type":"Point","coordinates":[36.886781,-1.298891]},"properties":{"line":"33DC","mode":"bus","color":"#0059a9","colorDark":"#00294f","band":4,"off":[-2.25,1.1]}},{"type":"Feature","geometry":{"type":"Point","coordinates":[36.886781,-1.298891]},"properties":{"line":"70/71","mode":"bus","color":"#0059a9","colorDark":"#00294f","band":4,"off":[2.25,1.1]}},{"type":"Feature","geometry":{"type":"Point","coordinates":[36.911457,-1.308333]},"properties":{"name":"Posta Embakasi Village","band":4,"modes":"bus","arr":["33FED"],"off":[0,-0.8]}},{"type":"Feature","geometry":{"type":"Point","coordinates":[36.911457,-1.308333]},"properties":{"line":"33FED","mode":"bus","color":"#0059a9","colorDark":"#00294f","band":4,"off":[0,1.1]}},{"type":"Feature","geometry":{"type":"Point","coordinates":[36.903209,-1.308232]},"properties":{"name":"Gate B","band":4,"modes":"bus","arr":["33GTB"],"off":[0,-0.8]}},{"type":"Feature","geometry":{"type":"Point","coordinates":[36.903209,-1.308232]},"properties":{"line":"33GTB","mode":"bus","color":"#0059a9","colorDark":"#00294f","band":4,"off":[0,1.1]}},{"type":"Feature","geometry":{"type":"Point","coordinates":[36.982956,-1.264258]},"properties":{"name":"Ruai Bypass","band":4,"modes":"bus","arr":["33H","145B"],"off":[0,-0.8]}},{"type":"Feature","geometry":{"type":"Point","coordinates":[36.982956,-1.264258]},"properties":{"name":"By Pass","band":4,"modes":"bus","arr":["33H","145B"],"off":[0,-1.9]}},{"type":"Feature","geometry":{"type":"Point","coordinates":[36.982956,-1.264258]},"properties":{"line":"33H","mode":"bus","color":"#0059a9","colorDark":"#00294f","band":4,"off":[-1.94,1.1]}},{"type":"Feature","geometry":{"type":"Point","coordinates":[36.982956,-1.264258]},"properties":{"line":"145B","mode":"bus","color":"#0059a9","colorDark":"#00294f","band":4,"off":[1.94,1.1]}},{"type":"Feature","geometry":{"type":"Point","coordinates":[36.880822,-1.325233]},"properties":{"name":"Imara Daima","band":4,"modes":"bus","arr":["33IMR"],"off":[0,-0.8]}},{"type":"Feature","geometry":{"type":"Point","coordinates":[36.880822,-1.325233]},"properties":{"line":"33IMR","mode":"bus","color":"#0059a9","colorDark":"#00294f","band":4,"off":[0,1.1]}},{"type":"Feature","geometry":{"type":"Point","coordinates":[36.982453,-1.286501]},"properties":{"name":"Githunguri","band":4,"modes":"bus","arr":["33J"],"off":[0,-0.8]}},{"type":"Feature","geometry":{"type":"Point","coordinates":[36.982453,-1.286501]},"properties":{"line":"33J","mode":"bus","color":"#0059a9","colorDark":"#00294f","band":4,"off":[0,1.1]}},{"type":"Feature","geometry":{"type":"Point","coordinates":[36.888923,-1.324763]},"properties":{"name":"St. Bakhita","band":4,"modes":"bus","arr":["33MKR"],"off":[0,-0.8]}},{"type":"Feature","geometry":{"type":"Point","coordinates":[36.888923,-1.324763]},"properties":{"line":"33MKR","mode":"bus","color":"#0059a9","colorDark":"#00294f","band":4,"off":[0,1.1]}},{"type":"Feature","geometry":{"type":"Point","coordinates":[36.798895,-1.309865]},"properties":{"name":"Ngumo Market/Line Saba","band":4,"modes":"bus","arr":["33NG"],"off":[0,-0.8]}},{"type":"Feature","geometry":{"type":"Point","coordinates":[36.798895,-1.309865]},"properties":{"line":"33NG","mode":"bus","color":"#0059a9","colorDark":"#00294f","band":4,"off":[0,1.1]}},{"type":"Feature","geometry":{"type":"Point","coordinates":[36.830274,-1.287146]},"properties":{"name":"St. Peter Clavers Primary School/Salvation Army/OTC","band":4,"modes":"bus","arr":["33NG"],"off":[0,-0.8]}},{"type":"Feature","geometry":{"type":"Point","coordinates":[36.830274,-1.287146]},"properties":{"line":"33NG","mode":"bus","color":"#0059a9","colorDark":"#00294f","band":4,"off":[0,1.1]}},{"type":"Feature","geometry":{"type":"Point","coordinates":[36.835356,-1.311586]},"properties":{"name":"South B Stage","band":4,"modes":"bus","arr":["33SB"],"off":[0,-0.8]}},{"type":"Feature","geometry":{"type":"Point","coordinates":[36.835356,-1.311586]},"properties":{"line":"33SB","mode":"bus","color":"#0059a9","colorDark":"#00294f","band":4,"off":[0,1.1]}},{"type":"Feature","geometry":{"type":"Point","coordinates":[36.802907,-1.307646]},"properties":{"name":"Ngumo Stage","band":4,"modes":"bus","arr":["33SB"],"off":[0,-0.8]}},{"type":"Feature","geometry":{"type":"Point","coordinates":[36.802907,-1.307646]},"properties":{"line":"33SB","mode":"bus","color":"#0059a9","colorDark":"#00294f","band":4,"off":[0,1.1]}},{"type":"Feature","geometry":{"type":"Point","coordinates":[36.895241,-1.316533]},"properties":{"name":"Pipeline","band":4,"modes":"bus","arr":["33TP"],"off":[0,-0.8]}},{"type":"Feature","geometry":{"type":"Point","coordinates":[36.895241,-1.316533]},"properties":{"line":"33TP","mode":"bus","color":"#0059a9","colorDark":"#00294f","band":4,"off":[0,1.1]}},{"type":"Feature","geometry":{"type":"Point","coordinates":[36.988838,-1.284022]},"properties":{"name":"Utawala","band":4,"modes":"bus","arr":["33UTW"],"off":[0,-0.8]}},{"type":"Feature","geometry":{"type":"Point","coordinates":[36.988838,-1.284022]},"properties":{"line":"33UTW","mode":"bus","color":"#0059a9","colorDark":"#00294f","band":4,"off":[0,1.1]}},{"type":"Feature","geometry":{"type":"Point","coordinates":[36.904697,-1.287582]},"properties":{"name":"Jacaranda","band":4,"modes":"bus","arr":["34B"],"off":[0,-0.8]}},{"type":"Feature","geometry":{"type":"Point","coordinates":[36.904697,-1.287582]},"properties":{"line":"34B","mode":"bus","color":"#0059a9","colorDark":"#00294f","band":4,"off":[0,1.1]}},{"type":"Feature","geometry":{"type":"Point","coordinates":[36.888061,-1.300843]},"properties":{"name":"Caltex","band":4,"modes":"bus","arr":["1961Kd"],"off":[0,-0.8]}},{"type":"Feature","geometry":{"type":"Point","coordinates":[36.888061,-1.300843]},"properties":{"line":"1961Kd","mode":"bus","color":"#0059a9","colorDark":"#00294f","band":4,"off":[0,1.1]}},{"type":"Feature","geometry":{"type":"Point","coordinates":[36.924773,-1.329644]},"properties":{"name":"JKIA - Passenger Boarding","band":4,"modes":"bus","arr":["34J"],"off":[0,-0.8]}},{"type":"Feature","geometry":{"type":"Point","coordinates":[36.924773,-1.329644]},"properties":{"line":"34J","mode":"bus","color":"#0059a9","colorDark":"#00294f","band":4,"off":[0,1.1]}},{"type":"Feature","geometry":{"type":"Point","coordinates":[36.788991,-1.327248]},"properties":{"name":"OiLibya","band":4,"modes":"bus","arr":["34L"],"off":[0,-0.8]}},{"type":"Feature","geometry":{"type":"Point","coordinates":[36.788991,-1.327248]},"properties":{"line":"34L","mode":"bus","color":"#0059a9","colorDark":"#00294f","band":4,"off":[0,1.1]}},{"type":"Feature","geometry":{"type":"Point","coordinates":[36.887122,-1.28373]},"properties":{"name":"Umoja Market/ Cooperative Umoja/ Jasho Stage","band":4,"modes":"bus","arr":["35/60"],"off":[0,-0.8]}},{"type":"Feature","geometry":{"type":"Point","coordinates":[36.887122,-1.28373]},"properties":{"name":"Umoja 1 Market","band":4,"modes":"bus","arr":["35/60"],"off":[0,-4.1]}},{"type":"Feature","geometry":{"type":"Point","coordinates":[36.887122,-1.28373]},"properties":{"line":"35/60","mode":"bus","color":"#0059a9","colorDark":"#00294f","band":4,"off":[0,1.1]}},{"type":"Feature","geometry":{"type":"Point","coordinates":[36.843018,-1.292271]},"properties":{"name":"City Stadium","band":4,"modes":"bus","arr":["36"],"off":[0,-0.8]}},{"type":"Feature","geometry":{"type":"Point","coordinates":[36.843018,-1.292271]},"properties":{"line":"36","mode":"bus","color":"#0059a9","colorDark":"#00294f","band":4,"off":[0,1.1]}},{"type":"Feature","geometry":{"type":"Point","coordinates":[36.996901,-1.271239]},"properties":{"name":"Quickmart","band":4,"modes":"bus","arr":["38/39","3738"],"off":[0,-0.8]}},{"type":"Feature","geometry":{"type":"Point","coordinates":[36.996901,-1.271239]},"properties":{"line":"38/39","mode":"bus","color":"#0059a9","colorDark":"#00294f","band":4,"off":[-2.25,1.1]}},{"type":"Feature","geometry":{"type":"Point","coordinates":[36.996901,-1.271239]},"properties":{"line":"3738","mode":"bus","color":"#0059a9","colorDark":"#00294f","band":4,"off":[2.25,1.1]}},{"type":"Feature","geometry":{"type":"Point","coordinates":[36.9946,-1.269871]},"properties":{"name":"Dune","band":4,"modes":"bus","arr":["3738"],"off":[0,-0.8]}},{"type":"Feature","geometry":{"type":"Point","coordinates":[36.9946,-1.269871]},"properties":{"line":"3738","mode":"bus","color":"#0059a9","colorDark":"#00294f","band":4,"off":[0,1.1]}},{"type":"Feature","geometry":{"type":"Point","coordinates":[36.912476,-1.259519]},"properties":{"name":"Saika","band":4,"modes":"bus","arr":["39SK"],"off":[0,-0.8]}},{"type":"Feature","geometry":{"type":"Point","coordinates":[36.912476,-1.259519]},"properties":{"line":"39SK","mode":"bus","color":"#0059a9","colorDark":"#00294f","band":4,"off":[0,1.1]}},{"type":"Feature","geometry":{"type":"Point","coordinates":[36.958321,-1.165136]},"properties":{"name":"Super Highway","band":4,"modes":"bus","arr":["0039","145D"],"off":[0,-0.8]}},{"type":"Feature","geometry":{"type":"Point","coordinates":[36.958321,-1.165136]},"properties":{"line":"0039","mode":"bus","color":"#0059a9","colorDark":"#00294f","band":4,"off":[-1.94,1.1]}},{"type":"Feature","geometry":{"type":"Point","coordinates":[36.958321,-1.165136]},"properties":{"line":"145D","mode":"bus","color":"#0059a9","colorDark":"#00294f","band":4,"off":[1.94,1.1]}},{"type":"Feature","geometry":{"type":"Point","coordinates":[36.894914,-1.327186]},"properties":{"name":"Transami","band":4,"modes":"bus","arr":["0039"],"off":[0,-0.8]}},{"type":"Feature","geometry":{"type":"Point","coordinates":[36.894914,-1.327186]},"properties":{"line":"0039","mode":"bus","color":"#0059a9","colorDark":"#00294f","band":4,"off":[0,1.1]}},{"type":"Feature","geometry":{"type":"Point","coordinates":[36.890379,-1.330001]},"properties":{"name":"Cabanas","band":4,"modes":"bus","arr":["0039"],"off":[0,-0.8]}},{"type":"Feature","geometry":{"type":"Point","coordinates":[36.890379,-1.330001]},"properties":{"line":"0039","mode":"bus","color":"#0059a9","colorDark":"#00294f","band":4,"off":[0,1.1]}},{"type":"Feature","geometry":{"type":"Point","coordinates":[36.867846,-1.24516]},"properties":{"name":"Allsops","band":4,"modes":"bus","arr":["42","2030"],"off":[0,-0.8]}},{"type":"Feature","geometry":{"type":"Point","coordinates":[36.867846,-1.24516]},"properties":{"line":"42","mode":"bus","color":"#0059a9","colorDark":"#00294f","band":4,"off":[-1.94,1.1]}},{"type":"Feature","geometry":{"type":"Point","coordinates":[36.867846,-1.24516]},"properties":{"line":"2030","mode":"bus","color":"#0059a9","colorDark":"#00294f","band":4,"off":[1.94,1.1]}},{"type":"Feature","geometry":{"type":"Point","coordinates":[36.879338,-1.262049]},"properties":{"name":"Rounder","band":4,"modes":"bus","arr":["3738"],"off":[0,-0.8]}},{"type":"Feature","geometry":{"type":"Point","coordinates":[36.879338,-1.262049]},"properties":{"line":"3738","mode":"bus","color":"#0059a9","colorDark":"#00294f","band":4,"off":[0,1.1]}},{"type":"Feature","geometry":{"type":"Point","coordinates":[36.884501,-1.233753]},"properties":{"name":"Ngumba Terminal","band":4,"modes":"bus","arr":["43"],"off":[0,-0.8]}},{"type":"Feature","geometry":{"type":"Point","coordinates":[36.884501,-1.233753]},"properties":{"line":"43","mode":"bus","color":"#0059a9","colorDark":"#00294f","band":4,"off":[0,1.1]}},{"type":"Feature","geometry":{"type":"Point","coordinates":[36.937834,-1.181993]},"properties":{"name":"KU","band":4,"modes":"bus","arr":["44G","44K","44Z","45K"],"off":[0,-0.8]}},{"type":"Feature","geometry":{"type":"Point","coordinates":[36.937834,-1.181993]},"properties":{"line":"44G","mode":"bus","color":"#0059a9","colorDark":"#00294f","band":4,"off":[-5.1,1.1]}},{"type":"Feature","geometry":{"type":"Point","coordinates":[36.937834,-1.181993]},"properties":{"line":"44K","mode":"bus","color":"#0059a9","colorDark":"#00294f","band":4,"off":[-1.7,1.1]}},{"type":"Feature","geometry":{"type":"Point","coordinates":[36.937834,-1.181993]},"properties":{"line":"44Z","mode":"bus","color":"#0059a9","colorDark":"#00294f","band":4,"off":[1.7,1.1]}},{"type":"Feature","geometry":{"type":"Point","coordinates":[36.937834,-1.181993]},"properties":{"line":"45K","mode":"bus","color":"#0059a9","colorDark":"#00294f","band":4,"off":[5.1,1.1]}},{"type":"Feature","geometry":{"type":"Point","coordinates":[36.894317,-1.217315]},"properties":{"name":"Roysambu Terminus","band":4,"modes":"bus","arr":["44K"],"off":[0,-0.8]}},{"type":"Feature","geometry":{"type":"Point","coordinates":[36.894317,-1.217315]},"properties":{"line":"44K","mode":"bus","color":"#0059a9","colorDark":"#00294f","band":4,"off":[0,1.1]}},{"type":"Feature","geometry":{"type":"Point","coordinates":[36.894168,-1.216856]},"properties":{"name":"Roysambu Footbridge","band":4,"modes":"bus","arr":["44K"],"off":[0,-0.8]}},{"type":"Feature","geometry":{"type":"Point","coordinates":[36.894168,-1.216856]},"properties":{"line":"44K","mode":"bus","color":"#0059a9","colorDark":"#00294f","band":4,"off":[0,1.1]}},{"type":"Feature","geometry":{"type":"Point","coordinates":[36.916888,-1.204352]},"properties":{"name":"Githurai","band":4,"modes":"bus","arr":["45G"],"off":[0,-0.8]}},{"type":"Feature","geometry":{"type":"Point","coordinates":[36.916888,-1.204352]},"properties":{"line":"45G","mode":"bus","color":"#0059a9","colorDark":"#00294f","band":4,"off":[0,1.1]}},{"type":"Feature","geometry":{"type":"Point","coordinates":[36.928236,-1.209057]},"properties":{"name":"Proggie","band":4,"modes":"bus","arr":["45P"],"off":[0,-0.8]}},{"type":"Feature","geometry":{"type":"Point","coordinates":[36.928236,-1.209057]},"properties":{"line":"45P","mode":"bus","color":"#0059a9","colorDark":"#00294f","band":4,"off":[0,1.1]}},{"type":"Feature","geometry":{"type":"Point","coordinates":[36.918567,-1.205399]},"properties":{"name":"Githurai","band":4,"modes":"bus","arr":["45P"],"off":[0,-0.8]}},{"type":"Feature","geometry":{"type":"Point","coordinates":[36.918567,-1.205399]},"properties":{"line":"45P","mode":"bus","color":"#0059a9","colorDark":"#00294f","band":4,"off":[0,1.1]}},{"type":"Feature","geometry":{"type":"Point","coordinates":[36.874011,-1.262041]},"properties":{"name":"Johnsaga","band":4,"modes":"bus","arr":["46H"],"off":[0,-0.8]}},{"type":"Feature","geometry":{"type":"Point","coordinates":[36.874011,-1.262041]},"properties":{"line":"46H","mode":"bus","color":"#0059a9","colorDark":"#00294f","band":4,"off":[0,1.1]}},{"type":"Feature","geometry":{"type":"Point","coordinates":[36.742573,-1.283949]},"properties":{"name":"Kawangware Mwisho","band":4,"modes":"bus","arr":["46K"],"off":[0,-0.8]}},{"type":"Feature","geometry":{"type":"Point","coordinates":[36.742573,-1.283949]},"properties":{"line":"46K","mode":"bus","color":"#0059a9","colorDark":"#00294f","band":4,"off":[0,1.1]}},{"type":"Feature","geometry":{"type":"Point","coordinates":[36.753132,-1.289306]},"properties":{"name":"Congo","band":4,"modes":"bus","arr":["48K"],"off":[0,-0.8]}},{"type":"Feature","geometry":{"type":"Point","coordinates":[36.753132,-1.289306]},"properties":{"line":"48K","mode":"bus","color":"#0059a9","colorDark":"#00294f","band":4,"off":[0,1.1]}},{"type":"Feature","geometry":{"type":"Point","coordinates":[36.741617,-1.285178]},"properties":{"name":"Bus Track Yard","band":4,"modes":"bus","arr":["046P"],"off":[0,-0.8]}},{"type":"Feature","geometry":{"type":"Point","coordinates":[36.741617,-1.285178]},"properties":{"line":"046P","mode":"bus","color":"#0059a9","colorDark":"#00294f","band":4,"off":[0,1.1]}},{"type":"Feature","geometry":{"type":"Point","coordinates":[36.787625,-1.292307]},"properties":{"name":"Yaya","band":4,"modes":"bus","arr":["46Y","0048","48C"],"off":[0,-0.8]}},{"type":"Feature","geometry":{"type":"Point","coordinates":[36.787625,-1.292307]},"properties":{"line":"46Y","mode":"bus","color":"#0059a9","colorDark":"#00294f","band":4,"off":[-3.88,1.1]}},{"type":"Feature","geometry":{"type":"Point","coordinates":[36.787625,-1.292307]},"properties":{"line":"0048","mode":"bus","color":"#0059a9","colorDark":"#00294f","band":4,"off":[0,1.1]}},{"type":"Feature","geometry":{"type":"Point","coordinates":[36.787625,-1.292307]},"properties":{"line":"48C","mode":"bus","color":"#0059a9","colorDark":"#00294f","band":4,"off":[3.88,1.1]}},{"type":"Feature","geometry":{"type":"Point","coordinates":[36.800856,-1.265651]},"properties":{"name":"Parklands Baptist/Westlands","band":4,"modes":"bus","arr":["0048"],"off":[0,-0.8]}},{"type":"Feature","geometry":{"type":"Point","coordinates":[36.800856,-1.265651]},"properties":{"line":"0048","mode":"bus","color":"#0059a9","colorDark":"#00294f","band":4,"off":[0,1.1]}},{"type":"Feature","geometry":{"type":"Point","coordinates":[36.769086,-1.280146]},"properties":{"name":"Lavington Shopping Centre/ Shell","band":4,"modes":"bus","arr":["48A"],"off":[0,-0.8]}},{"type":"Feature","geometry":{"type":"Point","coordinates":[36.769086,-1.280146]},"properties":{"line":"48A","mode":"bus","color":"#0059a9","colorDark":"#00294f","band":4,"off":[0,1.1]}},{"type":"Feature","geometry":{"type":"Point","coordinates":[36.773019,-1.288554]},"properties":{"name":"Othaya Road Stage","band":4,"modes":"bus","arr":["48B","48O"],"off":[0,-0.8]}},{"type":"Feature","geometry":{"type":"Point","coordinates":[36.773019,-1.288554]},"properties":{"name":"Othaya Road","band":4,"modes":"bus","arr":["48B","48O"],"off":[0,-1.9]}},{"type":"Feature","geometry":{"type":"Point","coordinates":[36.773019,-1.288554]},"properties":{"line":"48B","mode":"bus","color":"#0059a9","colorDark":"#00294f","band":4,"off":[-1.7,1.1]}},{"type":"Feature","geometry":{"type":"Point","coordinates":[36.773019,-1.288554]},"properties":{"line":"48O","mode":"bus","color":"#0059a9","colorDark":"#00294f","band":4,"off":[1.7,1.1]}},{"type":"Feature","geometry":{"type":"Point","coordinates":[36.920806,-1.22951]},"properties":{"name":"Sunton","band":4,"modes":"bus","arr":["49"],"off":[0,-0.8]}},{"type":"Feature","geometry":{"type":"Point","coordinates":[36.920806,-1.22951]},"properties":{"line":"49","mode":"bus","color":"#0059a9","colorDark":"#00294f","band":4,"off":[0,1.1]}},{"type":"Feature","geometry":{"type":"Point","coordinates":[36.874347,-1.211146]},"properties":{"name":"Marurui","band":4,"modes":"bus","arr":["53"],"off":[0,-0.8]}},{"type":"Feature","geometry":{"type":"Point","coordinates":[36.874347,-1.211146]},"properties":{"line":"53","mode":"bus","color":"#0059a9","colorDark":"#00294f","band":4,"off":[0,1.1]}},{"type":"Feature","geometry":{"type":"Point","coordinates":[36.872844,-1.23348]},"properties":{"name":"Roasters","band":4,"modes":"bus","arr":["53"],"off":[0,-0.8]}},{"type":"Feature","geometry":{"type":"Point","coordinates":[36.872844,-1.23348]},"properties":{"line":"53","mode":"bus","color":"#0059a9","colorDark":"#00294f","band":4,"off":[0,1.1]}},{"type":"Feature","geometry":{"type":"Point","coordinates":[36.750878,-1.27856]},"properties":{"name":"Kanungaga","band":4,"modes":"bus","arr":["56"],"off":[0,-0.8]}},{"type":"Feature","geometry":{"type":"Point","coordinates":[36.750878,-1.27856]},"properties":{"line":"56","mode":"bus","color":"#0059a9","colorDark":"#00294f","band":4,"off":[0,1.1]}},{"type":"Feature","geometry":{"type":"Point","coordinates":[36.870264,-1.328396]},"properties":{"name":"GM Town","band":4,"modes":"bus","arr":["69"],"off":[0,-0.8]}},{"type":"Feature","geometry":{"type":"Point","coordinates":[36.870264,-1.328396]},"properties":{"line":"69","mode":"bus","color":"#0059a9","colorDark":"#00294f","band":4,"off":[0,1.1]}},{"type":"Feature","geometry":{"type":"Point","coordinates":[36.840734,-1.29336]},"properties":{"name":"City Stadium/Lusaka Road Junction","band":4,"modes":"bus","arr":["405"],"off":[0,-0.8]}},{"type":"Feature","geometry":{"type":"Point","coordinates":[36.840734,-1.29336]},"properties":{"line":"405","mode":"bus","color":"#0059a9","colorDark":"#00294f","band":4,"off":[0,1.1]}},{"type":"Feature","geometry":{"type":"Point","coordinates":[36.826282,-1.168961]},"properties":{"name":"Kiambu Bus Terminus","band":4,"modes":"bus","arr":["100","100A"],"off":[0,-0.8]}},{"type":"Feature","geometry":{"type":"Point","coordinates":[36.826282,-1.168961]},"properties":{"line":"100","mode":"bus","color":"#0059a9","colorDark":"#00294f","band":4,"off":[-1.94,1.1]}},{"type":"Feature","geometry":{"type":"Point","coordinates":[36.826282,-1.168961]},"properties":{"line":"100A","mode":"bus","color":"#0059a9","colorDark":"#00294f","band":4,"off":[1.94,1.1]}},{"type":"Feature","geometry":{"type":"Point","coordinates":[36.830716,-1.170431]},"properties":{"name":"Kiambu Hospital","band":4,"modes":"bus","arr":["100A"],"off":[0,-0.8]}},{"type":"Feature","geometry":{"type":"Point","coordinates":[36.830716,-1.170431]},"properties":{"line":"100A","mode":"bus","color":"#0059a9","colorDark":"#00294f","band":4,"off":[0,1.1]}},{"type":"Feature","geometry":{"type":"Point","coordinates":[36.665001,-1.246604]},"properties":{"name":"Kikuyu Terminus","band":4,"modes":"bus","arr":["102","105","129"],"off":[0,-0.8]}},{"type":"Feature","geometry":{"type":"Point","coordinates":[36.665001,-1.246604]},"properties":{"name":"Kikuyu","band":4,"modes":"bus","arr":["102","105","129"],"off":[0,-1.9]}},{"type":"Feature","geometry":{"type":"Point","coordinates":[36.665001,-1.246604]},"properties":{"line":"102","mode":"bus","color":"#0059a9","colorDark":"#00294f","band":4,"off":[-3.4,1.1]}},{"type":"Feature","geometry":{"type":"Point","coordinates":[36.665001,-1.246604]},"properties":{"line":"105","mode":"bus","color":"#0059a9","colorDark":"#00294f","band":4,"off":[0,1.1]}},{"type":"Feature","geometry":{"type":"Point","coordinates":[36.665001,-1.246604]},"properties":{"line":"129","mode":"bus","color":"#0059a9","colorDark":"#00294f","band":4,"off":[3.4,1.1]}},{"type":"Feature","geometry":{"type":"Point","coordinates":[36.712476,-1.219187]},"properties":{"name":"Wangige Terminus","band":4,"modes":"bus","arr":["103","118","119","129"],"off":[0,-0.8]}},{"type":"Feature","geometry":{"type":"Point","coordinates":[36.712476,-1.219187]},"properties":{"name":"Wangige Stage","band":4,"modes":"bus","arr":["103","118","119","129"],"off":[0,-1.9]}},{"type":"Feature","geometry":{"type":"Point","coordinates":[36.712476,-1.219187]},"properties":{"name":"Wangige Bus Terminus","band":4,"modes":"bus","arr":["103","118","119","129"],"off":[0,-3]}},{"type":"Feature","geometry":{"type":"Point","coordinates":[36.712476,-1.219187]},"properties":{"line":"103","mode":"bus","color":"#0059a9","colorDark":"#00294f","band":4,"off":[-5.1,1.1]}},{"type":"Feature","geometry":{"type":"Point","coordinates":[36.712476,-1.219187]},"properties":{"line":"118","mode":"bus","color":"#0059a9","colorDark":"#00294f","band":4,"off":[-1.7,1.1]}},{"type":"Feature","geometry":{"type":"Point","coordinates":[36.712476,-1.219187]},"properties":{"line":"119","mode":"bus","color":"#0059a9","colorDark":"#00294f","band":4,"off":[1.7,1.1]}},{"type":"Feature","geometry":{"type":"Point","coordinates":[36.712476,-1.219187]},"properties":{"line":"129","mode":"bus","color":"#0059a9","colorDark":"#00294f","band":4,"off":[5.1,1.1]}},{"type":"Feature","geometry":{"type":"Point","coordinates":[36.758889,-1.174195]},"properties":{"name":"Banana Terminus","band":4,"modes":"bus","arr":["106"],"off":[0,-0.8]}},{"type":"Feature","geometry":{"type":"Point","coordinates":[36.758889,-1.174195]},"properties":{"line":"106","mode":"bus","color":"#0059a9","colorDark":"#00294f","band":4,"off":[0,1.1]}},{"type":"Feature","geometry":{"type":"Point","coordinates":[36.732023,-1.194256]},"properties":{"name":"Karura Stage","band":4,"modes":"bus","arr":["107"],"off":[0,-0.8]}},{"type":"Feature","geometry":{"type":"Point","coordinates":[36.732023,-1.194256]},"properties":{"name":"Karura Mwisho","band":4,"modes":"bus","arr":["107"],"off":[0,-1.9]}},{"type":"Feature","geometry":{"type":"Point","coordinates":[36.732023,-1.194256]},"properties":{"line":"107","mode":"bus","color":"#0059a9","colorDark":"#00294f","band":4,"off":[0,1.1]}},{"type":"Feature","geometry":{"type":"Point","coordinates":[36.959494,-1.14763]},"properties":{"name":"Ruiru","band":4,"modes":"bus","arr":["107D","145","145B","145D"],"off":[0,-0.8]}},{"type":"Feature","geometry":{"type":"Point","coordinates":[36.959494,-1.14763]},"properties":{"line":"107D","mode":"bus","color":"#0059a9","colorDark":"#00294f","band":4,"off":[-5.82,1.1]}},{"type":"Feature","geometry":{"type":"Point","coordinates":[36.959494,-1.14763]},"properties":{"line":"145","mode":"bus","color":"#0059a9","colorDark":"#00294f","band":4,"off":[-1.94,1.1]}},{"type":"Feature","geometry":{"type":"Point","coordinates":[36.959494,-1.14763]},"properties":{"line":"145B","mode":"bus","color":"#0059a9","colorDark":"#00294f","band":4,"off":[1.94,1.1]}},{"type":"Feature","geometry":{"type":"Point","coordinates":[36.959494,-1.14763]},"properties":{"line":"145D","mode":"bus","color":"#0059a9","colorDark":"#00294f","band":4,"off":[5.82,1.1]}},{"type":"Feature","geometry":{"type":"Point","coordinates":[36.766701,-1.219599]},"properties":{"name":"Gasolina/Gichagi Mwisho","band":4,"modes":"bus","arr":["108"],"off":[0,-0.8]}},{"type":"Feature","geometry":{"type":"Point","coordinates":[36.766701,-1.219599]},"properties":{"line":"108","mode":"bus","color":"#0059a9","colorDark":"#00294f","band":4,"off":[0,1.1]}},{"type":"Feature","geometry":{"type":"Point","coordinates":[36.957867,-1.477164]},"properties":{"name":"Kitengela","band":4,"modes":"bus","arr":["110","110AK"],"off":[0,-0.8]}},{"type":"Feature","geometry":{"type":"Point","coordinates":[36.957867,-1.477164]},"properties":{"line":"110","mode":"bus","color":"#0059a9","colorDark":"#00294f","band":4,"off":[-2.25,1.1]}},{"type":"Feature","geometry":{"type":"Point","coordinates":[36.957867,-1.477164]},"properties":{"line":"110AK","mode":"bus","color":"#0059a9","colorDark":"#00294f","band":4,"off":[2.25,1.1]}},{"type":"Feature","geometry":{"type":"Point","coordinates":[36.828675,-1.288775]},"properties":{"name":"Easy Coach/Uchumi","band":4,"modes":"bus","arr":["110","110ATH"],"off":[0,-0.8]}},{"type":"Feature","geometry":{"type":"Point","coordinates":[36.828675,-1.288775]},"properties":{"line":"110","mode":"bus","color":"#0059a9","colorDark":"#00294f","band":4,"off":[-2.56,1.1]}},{"type":"Feature","geometry":{"type":"Point","coordinates":[36.828675,-1.288775]},"properties":{"line":"110ATH","mode":"bus","color":"#0059a9","colorDark":"#00294f","band":4,"off":[2.56,1.1]}},{"type":"Feature","geometry":{"type":"Point","coordinates":[36.989409,-1.444129]},"properties":{"name":"Devki","band":4,"modes":"bus","arr":["110AK"],"off":[0,-0.8]}},{"type":"Feature","geometry":{"type":"Point","coordinates":[36.989409,-1.444129]},"properties":{"line":"110AK","mode":"bus","color":"#0059a9","colorDark":"#00294f","band":4,"off":[0,1.1]}},{"type":"Feature","geometry":{"type":"Point","coordinates":[36.974515,-1.45725]},"properties":{"name":"Makadara","band":4,"modes":"bus","arr":["110ATH"],"off":[0,-0.8]}},{"type":"Feature","geometry":{"type":"Point","coordinates":[36.974515,-1.45725]},"properties":{"line":"110ATH","mode":"bus","color":"#0059a9","colorDark":"#00294f","band":4,"off":[0,1.1]}},{"type":"Feature","geometry":{"type":"Point","coordinates":[36.656008,-1.360421]},"properties":{"name":"Ngong Bus Terminus","band":4,"modes":"bus","arr":["111"],"off":[0,-0.8]}},{"type":"Feature","geometry":{"type":"Point","coordinates":[36.656008,-1.360421]},"properties":{"line":"111","mode":"bus","color":"#0059a9","colorDark":"#00294f","band":4,"off":[0,1.1]}},{"type":"Feature","geometry":{"type":"Point","coordinates":[36.643571,-1.108034]},"properties":{"name":"Limuru Terminus","band":4,"modes":"bus","arr":["114R","116"],"off":[0,-0.8]}},{"type":"Feature","geometry":{"type":"Point","coordinates":[36.643571,-1.108034]},"properties":{"line":"114R","mode":"bus","color":"#0059a9","colorDark":"#00294f","band":4,"off":[-1.94,1.1]}},{"type":"Feature","geometry":{"type":"Point","coordinates":[36.643571,-1.108034]},"properties":{"line":"116","mode":"bus","color":"#0059a9","colorDark":"#00294f","band":4,"off":[1.94,1.1]}},{"type":"Feature","geometry":{"type":"Point","coordinates":[36.643174,-1.108449]},"properties":{"name":"Limuru Town Terminal","band":4,"modes":"bus","arr":["114W","115","135"],"off":[0,-0.8]}},{"type":"Feature","geometry":{"type":"Point","coordinates":[36.643174,-1.108449]},"properties":{"line":"114W","mode":"bus","color":"#0059a9","colorDark":"#00294f","band":4,"off":[-3.88,1.1]}},{"type":"Feature","geometry":{"type":"Point","coordinates":[36.643174,-1.108449]},"properties":{"line":"115","mode":"bus","color":"#0059a9","colorDark":"#00294f","band":4,"off":[0,1.1]}},{"type":"Feature","geometry":{"type":"Point","coordinates":[36.643174,-1.108449]},"properties":{"line":"135","mode":"bus","color":"#0059a9","colorDark":"#00294f","band":4,"off":[3.88,1.1]}},{"type":"Feature","geometry":{"type":"Point","coordinates":[36.738748,-1.219083]},"properties":{"name":"Gathiga Mwisho","band":4,"modes":"bus","arr":["119A"],"off":[0,-0.8]}},{"type":"Feature","geometry":{"type":"Point","coordinates":[36.738748,-1.219083]},"properties":{"name":"Gathiga","band":4,"modes":"bus","arr":["119A"],"off":[0,-1.9]}},{"type":"Feature","geometry":{"type":"Point","coordinates":[36.738748,-1.219083]},"properties":{"line":"119A","mode":"bus","color":"#0059a9","colorDark":"#00294f","band":4,"off":[0,1.1]}},{"type":"Feature","geometry":{"type":"Point","coordinates":[36.778928,-1.056698]},"properties":{"name":"Githunguri Terminal","band":4,"modes":"bus","arr":["120"],"off":[0,-0.8]}},{"type":"Feature","geometry":{"type":"Point","coordinates":[36.778928,-1.056698]},"properties":{"line":"120","mode":"bus","color":"#0059a9","colorDark":"#00294f","band":4,"off":[0,1.1]}},{"type":"Feature","geometry":{"type":"Point","coordinates":[36.805551,-1.151597]},"properties":{"name":"Ndumberi","band":4,"modes":"bus","arr":["121"],"off":[0,-0.8]}},{"type":"Feature","geometry":{"type":"Point","coordinates":[36.805551,-1.151597]},"properties":{"line":"121","mode":"bus","color":"#0059a9","colorDark":"#00294f","band":4,"off":[0,1.1]}},{"type":"Feature","geometry":{"type":"Point","coordinates":[36.74959,-1.396584]},"properties":{"name":"Kware","band":4,"modes":"bus","arr":["125"],"off":[0,-0.8]}},{"type":"Feature","geometry":{"type":"Point","coordinates":[36.74959,-1.396584]},"properties":{"line":"125","mode":"bus","color":"#0059a9","colorDark":"#00294f","band":4,"off":[0,1.1]}},{"type":"Feature","geometry":{"type":"Point","coordinates":[36.687162,-1.429745]},"properties":{"name":"Kiserian","band":4,"modes":"bus","arr":["126","126N"],"off":[0,-0.8]}},{"type":"Feature","geometry":{"type":"Point","coordinates":[36.687162,-1.429745]},"properties":{"line":"126","mode":"bus","color":"#0059a9","colorDark":"#00294f","band":4,"off":[-1.94,1.1]}},{"type":"Feature","geometry":{"type":"Point","coordinates":[36.687162,-1.429745]},"properties":{"line":"126N","mode":"bus","color":"#0059a9","colorDark":"#00294f","band":4,"off":[1.94,1.1]}},{"type":"Feature","geometry":{"type":"Point","coordinates":[36.655896,-1.360819]},"properties":{"name":"Ngong Bus Terminal","band":4,"modes":"bus","arr":["126N"],"off":[0,-0.8]}},{"type":"Feature","geometry":{"type":"Point","coordinates":[36.655896,-1.360819]},"properties":{"line":"126N","mode":"bus","color":"#0059a9","colorDark":"#00294f","band":4,"off":[0,1.1]}},{"type":"Feature","geometry":{"type":"Point","coordinates":[36.685791,-1.429553]},"properties":{"name":"Kiserian Terminus","band":4,"modes":"bus","arr":["126RK"],"off":[0,-0.8]}},{"type":"Feature","geometry":{"type":"Point","coordinates":[36.685791,-1.429553]},"properties":{"name":"Kiserain Nairobi Bus Stop","band":4,"modes":"bus","arr":["126RK"],"off":[0,-1.9]}},{"type":"Feature","geometry":{"type":"Point","coordinates":[36.685791,-1.429553]},"properties":{"line":"126RK","mode":"bus","color":"#0059a9","colorDark":"#00294f","band":4,"off":[0,1.1]}},{"type":"Feature","geometry":{"type":"Point","coordinates":[36.759814,-1.397054]},"properties":{"name":"Soronik Road","band":4,"modes":"bus","arr":["126RK"],"off":[0,-0.8]}},{"type":"Feature","geometry":{"type":"Point","coordinates":[36.759814,-1.397054]},"properties":{"line":"126RK","mode":"bus","color":"#0059a9","colorDark":"#00294f","band":4,"off":[0,1.1]}},{"type":"Feature","geometry":{"type":"Point","coordinates":[36.754172,-1.397064]},"properties":{"name":"Tuskys","band":4,"modes":"bus","arr":["126RK"],"off":[0,-0.8]}},{"type":"Feature","geometry":{"type":"Point","coordinates":[36.754172,-1.397064]},"properties":{"line":"126RK","mode":"bus","color":"#0059a9","colorDark":"#00294f","band":4,"off":[0,1.1]}},{"type":"Feature","geometry":{"type":"Point","coordinates":[36.830774,-1.285635]},"properties":{"name":"Kaka Terminal","band":4,"modes":"bus","arr":["135"],"off":[0,-0.8]}},{"type":"Feature","geometry":{"type":"Point","coordinates":[36.830774,-1.285635]},"properties":{"line":"135","mode":"bus","color":"#0059a9","colorDark":"#00294f","band":4,"off":[0,1.1]}},{"type":"Feature","geometry":{"type":"Point","coordinates":[37.076425,-1.035447]},"properties":{"name":"Thika Town","band":4,"modes":"bus","arr":["237"],"off":[0,-0.8]}},{"type":"Feature","geometry":{"type":"Point","coordinates":[37.076425,-1.035447]},"properties":{"line":"237","mode":"bus","color":"#0059a9","colorDark":"#00294f","band":4,"off":[0,1.1]}},{"type":"Feature","geometry":{"type":"Point","coordinates":[36.827801,-1.28415]},"properties":{"name":"Town Terminal","band":4,"modes":"bus","arr":["237"],"off":[0,-0.8]}},{"type":"Feature","geometry":{"type":"Point","coordinates":[36.827801,-1.28415]},"properties":{"line":"237","mode":"bus","color":"#0059a9","colorDark":"#00294f","band":4,"off":[0,1.1]}},{"type":"Feature","geometry":{"type":"Point","coordinates":[36.827787,-1.304185]},"properties":{"name":"Baricho Road Terminus","band":4,"modes":"bus","arr":["405"],"off":[0,-0.8]}},{"type":"Feature","geometry":{"type":"Point","coordinates":[36.827787,-1.304185]},"properties":{"line":"405","mode":"bus","color":"#0059a9","colorDark":"#00294f","band":4,"off":[0,1.1]}},{"type":"Feature","geometry":{"type":"Point","coordinates":[36.832808,-1.284392]},"properties":{"name":"Ladhies Road/OTC","band":4,"modes":"bus","arr":["1960","1961K"],"off":[0,-0.8]}},{"type":"Feature","geometry":{"type":"Point","coordinates":[36.832808,-1.284392]},"properties":{"line":"1960","mode":"bus","color":"#0059a9","colorDark":"#00294f","band":4,"off":[-2.25,1.1]}},{"type":"Feature","geometry":{"type":"Point","coordinates":[36.832808,-1.284392]},"properties":{"line":"1961K","mode":"bus","color":"#0059a9","colorDark":"#00294f","band":4,"off":[2.25,1.1]}},{"type":"Feature","geometry":{"type":"Point","coordinates":[36.919996,-1.269867]},"properties":{"name":"Diesel","band":4,"modes":"bus","arr":["1961Kd"],"off":[0,-0.8]}},{"type":"Feature","geometry":{"type":"Point","coordinates":[36.919996,-1.269867]},"properties":{"line":"1961Kd","mode":"bus","color":"#0059a9","colorDark":"#00294f","band":4,"off":[0,1.1]}},{"type":"Feature","geometry":{"type":"Point","coordinates":[36.898154,-1.279273]},"properties":{"name":"Umoja 2 Terminus","band":4,"modes":"bus","arr":["3560"],"off":[0,-0.8]}},{"type":"Feature","geometry":{"type":"Point","coordinates":[36.898154,-1.279273]},"properties":{"line":"3560","mode":"bus","color":"#0059a9","colorDark":"#00294f","band":4,"off":[0,1.1]}},{"type":"Feature","geometry":{"type":"Point","coordinates":[36.88678,-1.296961]},"properties":{"name":"Donholm Naivas","band":4,"modes":"bus","arr":["3560"],"off":[0,-0.8]}},{"type":"Feature","geometry":{"type":"Point","coordinates":[36.88678,-1.296961]},"properties":{"line":"3560","mode":"bus","color":"#0059a9","colorDark":"#00294f","band":4,"off":[0,1.1]}}]}