{"type":"FeatureCollection","features":[{"type":"Feature","geometry":{"type":"Point","coordinates":[36.690859,-1.302172]},"properties":{"lines":"1","color":"#0059a9","mode":"bus","arr":["1"],"angle":43.8}},{"type":"Feature","geometry":{"type":"Point","coordinates":[36.702126,-1.315998]},"properties":{"lines":"1","color":"#0059a9","mode":"bus","arr":["1"],"angle":46.4}},{"type":"Feature","geometry":{"type":"Point","coordinates":[36.684152,-1.291228]},"properties":{"lines":"1","color":"#0059a9","mode":"bus","arr":["1"],"angle":-68.1}},{"type":"Feature","geometry":{"type":"Point","coordinates":[36.686158,-1.28862]},"properties":{"lines":"1","color":"#0059a9","mode":"bus","arr":["1"],"angle":-63.5,"mi":1}},{"type":"Feature","geometry":{"type":"Point","coordinates":[36.683624,-1.293787]},"properties":{"lines":"1","color":"#0059a9","mode":"bus","arr":["1"],"angle":-79.9,"extra":1,"ei":0}},{"type":"Feature","geometry":{"type":"Point","coordinates":[36.683223,-1.295632]},"properties":{"lines":"1","color":"#0059a9","mode":"bus","arr":["1"],"angle":-75.9,"extra":1,"ei":1}},{"type":"Feature","geometry":{"type":"Point","coordinates":[36.682481,-1.297365]},"properties":{"lines":"1","color":"#0059a9","mode":"bus","arr":["1"],"angle":-65.8,"extra":1,"ei":2}},{"type":"Feature","geometry":{"type":"Point","coordinates":[36.6818,-1.299118]},"properties":{"lines":"1","color":"#0059a9","mode":"bus","arr":["1"],"angle":-80.4,"extra":1,"ei":3}},{"type":"Feature","geometry":{"type":"Point","coordinates":[36.682285,-1.300858]},"properties":{"lines":"1","color":"#0059a9","mode":"bus","arr":["1"],"angle":46.1,"extra":1,"ei":4}},{"type":"Feature","geometry":{"type":"Point","coordinates":[36.683974,-1.301638]},"properties":{"lines":"1","color":"#0059a9","mode":"bus","arr":["1"],"angle":15.8,"extra":1,"ei":5}},{"type":"Feature","geometry":{"type":"Point","coordinates":[36.685824,-1.301839]},"properties":{"lines":"1","color":"#0059a9","mode":"bus","arr":["1"],"angle":-3,"extra":1,"ei":6}},{"type":"Feature","geometry":{"type":"Point","coordinates":[36.687711,-1.301769]},"properties":{"lines":"1","color":"#0059a9","mode":"bus","arr":["1"],"angle":-3,"extra":1,"ei":7}},{"type":"Feature","geometry":{"type":"Point","coordinates":[36.689599,-1.301782]},"properties":{"lines":"1","color":"#0059a9","mode":"bus","arr":["1"],"angle":5.1,"extra":1,"ei":8}},{"type":"Feature","geometry":{"type":"Point","coordinates":[36.692366,-1.304081]},"properties":{"lines":"1","color":"#0059a9","mode":"bus","arr":["1"],"angle":53.9,"extra":1,"ei":9}},{"type":"Feature","geometry":{"type":"Point","coordinates":[36.693529,-1.305569]},"properties":{"lines":"1","color":"#0059a9","mode":"bus","arr":["1"],"angle":49.6,"extra":1,"ei":10}},{"type":"Feature","geometry":{"type":"Point","coordinates":[36.694743,-1.307015]},"properties":{"lines":"1","color":"#0059a9","mode":"bus","arr":["1"],"angle":54,"extra":1,"ei":11}},{"type":"Feature","geometry":{"type":"Point","coordinates":[36.695891,-1.308512]},"properties":{"lines":"1","color":"#0059a9","mode":"bus","arr":["1"],"angle":49.9,"extra":1,"ei":12}},{"type":"Feature","geometry":{"type":"Point","coordinates":[36.697094,-1.309967]},"properties":{"lines":"1","color":"#0059a9","mode":"bus","arr":["1"],"angle":50.5,"extra":1,"ei":13}},{"type":"Feature","geometry":{"type":"Point","coordinates":[36.698293,-1.311427]},"properties":{"lines":"1","color":"#0059a9","mode":"bus","arr":["1"],"angle":50.6,"extra":1,"ei":14}},{"type":"Feature","geometry":{"type":"Point","coordinates":[36.699493,-1.312886]},"properties":{"lines":"1","color":"#0059a9","mode":"bus","arr":["1"],"angle":50.4,"extra":1,"ei":15}},{"type":"Feature","geometry":{"type":"Point","coordinates":[36.7007,-1.314338]},"properties":{"lines":"1","color":"#0059a9","mode":"bus","arr":["1"],"angle":51.1,"extra":1,"ei":16}},{"type":"Feature","geometry":{"type":"Point","coordinates":[36.70581,-1.320467]},"properties":{"lines":"1","color":"#0059a9","mode":"bus","arr":["1"],"angle":49.4,"extra":1,"ei":0}},{"type":"Feature","geometry":{"type":"Point","coordinates":[36.704628,-1.318994]},"properties":{"lines":"1","color":"#0059a9","mode":"bus","arr":["1"],"angle":51.4,"extra":1,"ei":1}},{"type":"Feature","geometry":{"type":"Point","coordinates":[36.703441,-1.317524]},"properties":{"lines":"1","color":"#0059a9","mode":"bus","arr":["1"],"angle":50.8,"extra":1,"ei":2}},{"type":"Feature","geometry":{"type":"Point","coordinates":[36.688972,-1.28363]},"properties":{"lines":"2","color":"#0059a9","mode":"bus","arr":["2"],"angle":-46.3}},{"type":"Feature","geometry":{"type":"Point","coordinates":[36.687153,-1.28568]},"properties":{"lines":"2","color":"#0059a9","mode":"bus","arr":["2"],"angle":-65.9,"extra":1,"ei":0}},{"type":"Feature","geometry":{"type":"Point","coordinates":[36.690336,-1.281235]},"properties":{"lines":"2","color":"#0059a9","mode":"bus","arr":["2"],"angle":87.2,"extra":1,"ei":1}},{"type":"Feature","geometry":{"type":"Point","coordinates":[36.714192,-1.279042]},"properties":{"lines":"2, 102","color":"#0059a9","mode":"bus","arr":["2","102"],"angle":-11.2}},{"type":"Feature","geometry":{"type":"Point","coordinates":[36.691373,-1.281103]},"properties":{"lines":"2, 102","color":"#0059a9","mode":"bus","arr":["2","102"],"angle":30.8,"extra":1,"ei":0}},{"type":"Feature","geometry":{"type":"Point","coordinates":[36.693109,-1.281067]},"properties":{"lines":"2, 102","color":"#0059a9","mode":"bus","arr":["2","102"],"angle":-20.9,"extra":1,"ei":1}},{"type":"Feature","geometry":{"type":"Point","coordinates":[36.694941,-1.281313]},"properties":{"lines":"2, 102","color":"#0059a9","mode":"bus","arr":["2","102"],"angle":19.1,"extra":1,"ei":2}},{"type":"Feature","geometry":{"type":"Point","coordinates":[36.696725,-1.281931]},"properties":{"lines":"2, 102","color":"#0059a9","mode":"bus","arr":["2","102"],"angle":14.2,"extra":1,"ei":3}},{"type":"Feature","geometry":{"type":"Point","coordinates":[36.698566,-1.282326]},"properties":{"lines":"2, 102","color":"#0059a9","mode":"bus","arr":["2","102"],"angle":18.9,"extra":1,"ei":4}},{"type":"Feature","geometry":{"type":"Point","coordinates":[36.700403,-1.28226]},"properties":{"lines":"2, 102","color":"#0059a9","mode":"bus","arr":["2","102"],"angle":-17.1,"extra":1,"ei":5}},{"type":"Feature","geometry":{"type":"Point","coordinates":[36.702136,-1.281521]},"properties":{"lines":"2, 102","color":"#0059a9","mode":"bus","arr":["2","102"],"angle":-18.8,"extra":1,"ei":6}},{"type":"Feature","geometry":{"type":"Point","coordinates":[36.703983,-1.281417]},"properties":{"lines":"2, 102","color":"#0059a9","mode":"bus","arr":["2","102"],"angle":22.4,"extra":1,"ei":7}},{"type":"Feature","geometry":{"type":"Point","coordinates":[36.705718,-1.282094]},"properties":{"lines":"2, 102","color":"#0059a9","mode":"bus","arr":["2","102"],"angle":-0.4,"extra":1,"ei":8}},{"type":"Feature","geometry":{"type":"Point","coordinates":[36.707438,-1.281392]},"properties":{"lines":"2, 102","color":"#0059a9","mode":"bus","arr":["2","102"],"angle":-25.4,"extra":1,"ei":9}},{"type":"Feature","geometry":{"type":"Point","coordinates":[36.709116,-1.280525]},"properties":{"lines":"2, 102","color":"#0059a9","mode":"bus","arr":["2","102"],"angle":-23.8,"extra":1,"ei":10}},{"type":"Feature","geometry":{"type":"Point","coordinates":[36.710937,-1.280033]},"properties":{"lines":"2, 102","color":"#0059a9","mode":"bus","arr":["2","102"],"angle":-13.7,"extra":1,"ei":11}},{"type":"Feature","geometry":{"type":"Point","coordinates":[36.712731,-1.279451]},"properties":{"lines":"2, 102","color":"#0059a9","mode":"bus","arr":["2","102"],"angle":-21.2,"extra":1,"ei":12}},{"type":"Feature","geometry":{"type":"Point","coordinates":[36.716436,-1.278826]},"properties":{"lines":"2, 102","color":"#0059a9","mode":"bus","arr":["2","102"],"angle":0,"extra":1,"ei":13}},{"type":"Feature","geometry":{"type":"Point","coordinates":[36.717845,-1.279935]},"properties":{"lines":"2, 102","color":"#0059a9","mode":"bus","arr":["2","102"],"angle":49.8,"extra":1,"ei":14}},{"type":"Feature","geometry":{"type":"Point","coordinates":[36.719445,-1.280883]},"properties":{"lines":"2, 102","color":"#0059a9","mode":"bus","arr":["2","102"],"angle":24.7,"extra":1,"ei":15}},{"type":"Feature","geometry":{"type":"Point","coordinates":[36.721199,-1.281569]},"properties":{"lines":"2, 102","color":"#0059a9","mode":"bus","arr":["2","102"],"angle":18.6,"extra":1,"ei":16}},{"type":"Feature","geometry":{"type":"Point","coordinates":[36.722992,-1.282159]},"properties":{"lines":"2, 102","color":"#0059a9","mode":"bus","arr":["2","102"],"angle":18.9,"extra":1,"ei":17}},{"type":"Feature","geometry":{"type":"Point","coordinates":[36.724788,-1.282739]},"properties":{"lines":"2, 102","color":"#0059a9","mode":"bus","arr":["2","102"],"angle":14.1,"extra":1,"ei":18}},{"type":"Feature","geometry":{"type":"Point","coordinates":[36.726592,-1.283294]},"properties":{"lines":"2, 102","color":"#0059a9","mode":"bus","arr":["2","102"],"angle":19.2,"extra":1,"ei":19}},{"type":"Feature","geometry":{"type":"Point","coordinates":[36.728401,-1.283839]},"properties":{"lines":"2, 102","color":"#0059a9","mode":"bus","arr":["2","102"],"angle":15.9,"extra":1,"ei":20}},{"type":"Feature","geometry":{"type":"Point","coordinates":[36.730265,-1.284008]},"properties":{"lines":"2, 102","color":"#0059a9","mode":"bus","arr":["2","102"],"angle":-5.3,"extra":1,"ei":21}},{"type":"Feature","geometry":{"type":"Point","coordinates":[36.732139,-1.283775]},"properties":{"lines":"2, 102","color":"#0059a9","mode":"bus","arr":["2","102"],"angle":-9.4,"extra":1,"ei":22}},{"type":"Feature","geometry":{"type":"Point","coordinates":[36.734016,-1.28368]},"properties":{"lines":"2, 102","color":"#0059a9","mode":"bus","arr":["2","102"],"angle":7.5,"extra":1,"ei":23}},{"type":"Feature","geometry":{"type":"Point","coordinates":[36.735833,-1.284186]},"properties":{"lines":"2, 102","color":"#0059a9","mode":"bus","arr":["2","102"],"angle":18.5,"extra":1,"ei":24}},{"type":"Feature","geometry":{"type":"Point","coordinates":[36.737629,-1.284739]},"properties":{"lines":"2, 102","color":"#0059a9","mode":"bus","arr":["2","102"],"angle":0.7,"extra":1,"ei":25,"side":-1}},{"type":"Feature","geometry":{"type":"Point","coordinates":[36.739099,-1.285778]},"properties":{"lines":"2, 3U/3, 046P, 102, 103","color":"#0059a9","mode":"bus","arr":["2","3U/3","046P","102","103"],"angle":35.5}},{"type":"Feature","geometry":{"type":"Point","coordinates":[36.738186,-1.285041]},"properties":{"lines":"2, 3U/3, 046P, 102, 103","color":"#0059a9","mode":"bus","arr":["2","3U/3","046P","102","103"],"angle":46,"extra":1,"ei":0}},{"type":"Feature","geometry":{"type":"Point","coordinates":[36.748534,-1.291854]},"properties":{"lines":"2, 3U/3, 102, 103","color":"#0059a9","mode":"bus","arr":["2","3U/3","102","103"],"angle":15.4}},{"type":"Feature","geometry":{"type":"Point","coordinates":[36.741234,-1.287261]},"properties":{"lines":"2, 3U/3, 102, 103","color":"#0059a9","mode":"bus","arr":["2","3U/3","102","103"],"angle":35.3,"extra":1,"ei":0}},{"type":"Feature","geometry":{"type":"Point","coordinates":[36.742769,-1.288362]},"properties":{"lines":"2, 3U/3, 102, 103","color":"#0059a9","mode":"bus","arr":["2","3U/3","102","103"],"angle":34.9,"extra":1,"ei":1}},{"type":"Feature","geometry":{"type":"Point","coordinates":[36.744326,-1.28943]},"properties":{"lines":"2, 3U/3, 102, 103","color":"#0059a9","mode":"bus","arr":["2","3U/3","102","103"],"angle":36.1,"extra":1,"ei":2}},{"type":"Feature","geometry":{"type":"Point","coordinates":[36.745867,-1.290523]},"properties":{"lines":"2, 3U/3, 102, 103","color":"#0059a9","mode":"bus","arr":["2","3U/3","102","103"],"angle":34.8,"extra":1,"ei":3}},{"type":"Feature","geometry":{"type":"Point","coordinates":[36.751088,-1.292575]},"properties":{"lines":"2, 3U/3, 102, 103","color":"#0059a9","mode":"bus","arr":["2","3U/3","102","103"],"angle":16,"extra":1,"ei":4}},{"type":"Feature","geometry":{"type":"Point","coordinates":[36.752898,-1.293113]},"properties":{"lines":"2, 3U/3, 102, 103","color":"#0059a9","mode":"bus","arr":["2","3U/3","102","103"],"angle":23.6,"extra":1,"ei":5}},{"type":"Feature","geometry":{"type":"Point","coordinates":[36.754403,-1.294243]},"properties":{"lines":"2, 3U/3, 102, 103","color":"#0059a9","mode":"bus","arr":["2","3U/3","102","103"],"angle":41,"extra":1,"ei":6}},{"type":"Feature","geometry":{"type":"Point","coordinates":[36.755686,-1.295615]},"properties":{"lines":"2, 3U/3, 102, 103","color":"#0059a9","mode":"bus","arr":["2","3U/3","102","103"],"angle":58.5,"extra":1,"ei":7}},{"type":"Feature","geometry":{"type":"Point","coordinates":[36.757793,-1.298021]},"properties":{"lines":"2, 3U/3, 4W, 102, 103","color":"#0059a9","mode":"bus","arr":["2","3U/3","4W","102","103"],"angle":14.1}},{"type":"Feature","geometry":{"type":"Point","coordinates":[36.760378,-1.298819]},"properties":{"lines":"2, 4W, 24, 102, 111","color":"#0059a9","mode":"bus","arr":["2","4W","24","102","111"],"angle":63.2,"mi":1}},{"type":"Feature","geometry":{"type":"Point","coordinates":[36.763455,-1.299282]},"properties":{"lines":"2, 4W, 24, 102, 111","color":"#0059a9","mode":"bus","arr":["2","4W","24","102","111"],"angle":9.3}},{"type":"Feature","geometry":{"type":"Point","coordinates":[36.761397,-1.298855]},"properties":{"lines":"2, 4W, 24, 102, 111","color":"#0059a9","mode":"bus","arr":["2","4W","24","102","111"],"angle":4,"extra":1,"ei":0}},{"type":"Feature","geometry":{"type":"Point","coordinates":[36.765097,-1.299565]},"properties":{"lines":"2, 4W, 24, 102, 111","color":"#0059a9","mode":"bus","arr":["2","4W","24","102","111"],"angle":11.1,"extra":1,"ei":1}},{"type":"Feature","geometry":{"type":"Point","coordinates":[36.775558,-1.30023]},"properties":{"lines":"2, 4W, 5, 24, 24C, 102, 111","color":"#0059a9","mode":"bus","arr":["2","4W","5","24","24C","102","111"],"angle":-4.1}},{"type":"Feature","geometry":{"type":"Point","coordinates":[36.767373,-1.300152]},"properties":{"lines":"2, 4W, 5, 24, 24C, 102, 111","color":"#0059a9","mode":"bus","arr":["2","4W","5","24","24C","102","111"],"angle":12,"extra":1,"ei":0}},{"type":"Feature","geometry":{"type":"Point","coordinates":[36.769231,-1.300479]},"properties":{"lines":"2, 4W, 5, 24, 24C, 102, 111","color":"#0059a9","mode":"bus","arr":["2","4W","5","24","24C","102","111"],"angle":4,"extra":1,"ei":1}},{"type":"Feature","geometry":{"type":"Point","coordinates":[36.771119,-1.300467]},"properties":{"lines":"2, 4W, 5, 24, 24C, 102, 111","color":"#0059a9","mode":"bus","arr":["2","4W","5","24","24C","102","111"],"angle":-1.9,"extra":1,"ei":2}},{"type":"Feature","geometry":{"type":"Point","coordinates":[36.773006,-1.300378]},"properties":{"lines":"2, 4W, 5, 24, 24C, 102, 111","color":"#0059a9","mode":"bus","arr":["2","4W","5","24","24C","102","111"],"angle":-2.7,"extra":1,"ei":3}},{"type":"Feature","geometry":{"type":"Point","coordinates":[36.776777,-1.30017]},"properties":{"lines":"2, 4W, 5, 24, 24C, 102, 111","color":"#0059a9","mode":"bus","arr":["2","4W","5","24","24C","102","111"],"angle":-1.4,"extra":1,"ei":4}},{"type":"Feature","geometry":{"type":"Point","coordinates":[36.778666,-1.300113]},"properties":{"lines":"2, 4W, 5, 24, 24C, 102, 111","color":"#0059a9","mode":"bus","arr":["2","4W","5","24","24C","102","111"],"angle":-1.8,"extra":1,"ei":5}},{"type":"Feature","geometry":{"type":"Point","coordinates":[36.780552,-1.300031]},"properties":{"lines":"2, 4W, 5, 24, 24C, 102, 111","color":"#0059a9","mode":"bus","arr":["2","4W","5","24","24C","102","111"],"angle":-4.1,"extra":1,"ei":6}},{"type":"Feature","geometry":{"type":"Point","coordinates":[36.782438,-1.299917]},"properties":{"lines":"2, 4W, 5, 24, 24C, 102, 111","color":"#0059a9","mode":"bus","arr":["2","4W","5","24","24C","102","111"],"angle":-2.4,"extra":1,"ei":7}},{"type":"Feature","geometry":{"type":"Point","coordinates":[36.784322,-1.299788]},"properties":{"lines":"2, 4W, 5, 24, 24C, 102, 111","color":"#0059a9","mode":"bus","arr":["2","4W","5","24","24C","102","111"],"angle":-2.6,"extra":1,"ei":8}},{"type":"Feature","geometry":{"type":"Point","coordinates":[36.78617,-1.299763]},"properties":{"lines":"2, 4W, 5, 24C, 102, 111","color":"#0059a9","mode":"bus","arr":["2","4W","5","24C","102","111"],"angle":-0.2,"side":-1}},{"type":"Feature","geometry":{"type":"Point","coordinates":[36.787544,-1.299705]},"properties":{"lines":"2, 4W, 5, 24C, 102, 111","color":"#0059a9","mode":"bus","arr":["2","4W","5","24C","102","111"],"angle":-2.8,"extra":1,"ei":0}},{"type":"Feature","geometry":{"type":"Point","coordinates":[36.786421,-1.299656]},"properties":{"lines":"2, 24","color":"#0059a9","mode":"bus","arr":["2","24"],"angle":-2.3}},{"type":"Feature","geometry":{"type":"Point","coordinates":[36.790072,-1.299499]},"properties":{"lines":"2, 8, 24, 102","color":"#0059a9","mode":"bus","arr":["2","8","24","102"],"angle":-2.3}},{"type":"Feature","geometry":{"type":"Point","coordinates":[36.795545,-1.299246]},"properties":{"lines":"2, 8, 24, 32A, 102","color":"#0059a9","mode":"bus","arr":["2","8","24","32A","102"],"angle":-6.1}},{"type":"Feature","geometry":{"type":"Point","coordinates":[36.792956,-1.299345]},"properties":{"lines":"2, 8, 24, 32A, 102","color":"#0059a9","mode":"bus","arr":["2","8","24","32A","102"],"angle":-3.2,"extra":1,"ei":0}},{"type":"Feature","geometry":{"type":"Point","coordinates":[36.796713,-1.299044]},"properties":{"lines":"2, 8, 24, 32A, 102","color":"#0059a9","mode":"bus","arr":["2","8","24","32A","102"],"angle":-12.2,"extra":1,"ei":1}},{"type":"Feature","geometry":{"type":"Point","coordinates":[36.798555,-1.298627]},"properties":{"lines":"2, 8, 24, 32A, 102","color":"#0059a9","mode":"bus","arr":["2","8","24","32A","102"],"angle":-12.1,"extra":1,"ei":2}},{"type":"Feature","geometry":{"type":"Point","coordinates":[36.800851,-1.298234]},"properties":{"lines":"2, 8, 24, 32A, 102, 111","color":"#0059a9","mode":"bus","arr":["2","8","24","32A","102","111"],"angle":-8.6}},{"type":"Feature","geometry":{"type":"Point","coordinates":[36.80398,-1.297674]},"properties":{"lines":"2, 8, 16, 24, 24C, 32A, 33NG, 34L, 102","color":"#0059a9","mode":"bus","arr":["2","8","16","24","24C","32A","33NG","34L","102"],"angle":-10.5}},{"type":"Feature","geometry":{"type":"Point","coordinates":[36.806123,-1.29723]},"properties":{"lines":"2, 8, 16, 24, 24C, 32A, 33NG, 102","color":"#0059a9","mode":"bus","arr":["2","8","16","24","24C","32A","33NG","102"],"angle":-12.1}},{"type":"Feature","geometry":{"type":"Point","coordinates":[36.807969,-1.296555]},"properties":{"lines":"2, 8, 16, 24, 24C, 32A, 33NG, 102, 111","color":"#0059a9","mode":"bus","arr":["2","8","16","24","24C","32A","33NG","102","111"],"angle":-31.5}},{"type":"Feature","geometry":{"type":"Point","coordinates":[36.809275,-1.295533]},"properties":{"lines":"2, 8, 16, 24, 24C, 33NG, 102, 111","color":"#0059a9","mode":"bus","arr":["2","8","16","24","24C","33NG","102","111"],"angle":-34.8}},{"type":"Feature","geometry":{"type":"Point","coordinates":[36.810947,-1.294585]},"properties":{"lines":"2, 7C, 8, 16, 24, 24C, 32A, 33NG, 102, 111","color":"#0059a9","mode":"bus","arr":["2","7C","8","16","24","24C","32A","33NG","102","111"],"angle":-34.8}},{"type":"Feature","geometry":{"type":"Point","coordinates":[36.811896,-1.293871]},"properties":{"lines":"2, 8, 16, 24, 33NG, 102, 111","color":"#0059a9","mode":"bus","arr":["2","8","16","24","33NG","102","111"],"angle":8.4,"side":-1}},{"type":"Feature","geometry":{"type":"Point","coordinates":[36.81215,-1.294331]},"properties":{"lines":"2, 4W, 7C, 8, 16, 24, 32A, 33NG, 56, 102, 111","color":"#0059a9","mode":"bus","arr":["2","4W","7C","8","16","24","32A","33NG","56","102","111"],"angle":76.9}},{"type":"Feature","geometry":{"type":"Point","coordinates":[36.812474,-1.295057]},"properties":{"lines":"2, 8, 16, 24, 32A, 33NG, 56, 102","color":"#0059a9","mode":"bus","arr":["2","8","16","24","32A","33NG","56","102"],"angle":41}},{"type":"Feature","geometry":{"type":"Point","coordinates":[36.813406,-1.295128]},"properties":{"lines":"2, 8, 24, 33NG, 56, 102, 111","color":"#0059a9","mode":"bus","arr":["2","8","24","33NG","56","102","111"],"angle":-10.3,"side":-1,"mi":1}},{"type":"Feature","geometry":{"type":"Point","coordinates":[36.820078,-1.292877]},"properties":{"lines":"2, 8, 24, 33NG, 56, 102, 111","color":"#0059a9","mode":"bus","arr":["2","8","24","33NG","56","102","111"],"angle":2.8,"side":-1}},{"type":"Feature","geometry":{"type":"Point","coordinates":[36.817935,-1.293235]},"properties":{"lines":"2, 8, 16, 24, 33NG, 56, 102, 111","color":"#0059a9","mode":"bus","arr":["2","8","16","24","33NG","56","102","111"],"angle":-10.7}},{"type":"Feature","geometry":{"type":"Point","coordinates":[36.814505,-1.294265]},"properties":{"lines":"2, 8, 16, 24, 33NG, 56, 102, 111","color":"#0059a9","mode":"bus","arr":["2","8","16","24","33NG","56","102","111"],"angle":-50.6,"mi":1}},{"type":"Feature","geometry":{"type":"Point","coordinates":[36.815429,-1.293687]},"properties":{"lines":"16, 24, 33NG, 56, 102, 111","color":"#0059a9","mode":"bus","arr":["16","24","33NG","56","102","111"],"angle":-17.6,"mi":1}},{"type":"Feature","geometry":{"type":"Point","coordinates":[36.815815,-1.29375]},"properties":{"lines":"2, 8, 102, 111","color":"#0059a9","mode":"bus","arr":["2","8","102","111"],"angle":-16.8,"side":-1}},{"type":"Feature","geometry":{"type":"Point","coordinates":[36.820026,-1.292795]},"properties":{"lines":"2, 8, 16, 33NG, 56, 102, 111","color":"#0059a9","mode":"bus","arr":["2","8","16","33NG","56","102","111"],"angle":-33.5}},{"type":"Feature","geometry":{"type":"Point","coordinates":[36.821439,-1.29229]},"properties":{"lines":"2, 8, 12C, 12D, 14A, 14B, 15, 16, 24, 33B, 33C, 33FED, 33IMR, 33MKR, 33NG, 56, 102, 110, 110ATH, 111, 125, 126","color":"#0059a9","mode":"bus","arr":["2","8","12C","12D","14A","14B","15","16","24","33B","33C","33FED","33IMR","33MKR","33NG","56","102","110","110ATH","111","125","126"],"angle":-25.9,"mi":1}},{"type":"Feature","geometry":{"type":"Point","coordinates":[36.827173,-1.289409]},"properties":{"lines":"2, 8, 12C, 12D, 14A, 14B, 15, 16, 24, 33B, 33C, 33FED, 33IMR, 33MKR, 33NG, 56, 102, 110, 110ATH, 111, 125, 126","color":"#0059a9","mode":"bus","arr":["2","8","12C","12D","14A","14B","15","16","24","33B","33C","33FED","33IMR","33MKR","33NG","56","102","110","110ATH","111","125","126"],"angle":-39.3}},{"type":"Feature","geometry":{"type":"Point","coordinates":[36.82313,-1.291273]},"properties":{"lines":"2, 33B, 33MKR, 102, 111","color":"#0059a9","mode":"bus","arr":["2","33B","33MKR","102","111"],"angle":-26.9}},{"type":"Feature","geometry":{"type":"Point","coordinates":[36.825512,-1.290087]},"properties":{"lines":"33MKR","color":"#0059a9","mode":"bus","arr":["33MKR"],"angle":-26.5}},{"type":"Feature","geometry":{"type":"Point","coordinates":[36.826613,-1.289544]},"properties":{"lines":"33MKR","color":"#0059a9","mode":"bus","arr":["33MKR"],"angle":-18.5,"extra":1,"ei":0}},{"type":"Feature","geometry":{"type":"Point","coordinates":[36.825436,-1.290291]},"properties":{"lines":"2, 8, 12C, 12D, 14A, 14B, 15, 16, 24, 33B, 33C, 33FED, 33IMR, 33NG, 56, 102, 110, 110ATH, 111, 125, 126","color":"#0059a9","mode":"bus","arr":["2","8","12C","12D","14A","14B","15","16","24","33B","33C","33FED","33IMR","33NG","56","102","110","110ATH","111","125","126"],"angle":-26.7}},{"type":"Feature","geometry":{"type":"Point","coordinates":[36.828103,-1.290011]},"properties":{"lines":"2, 8, 56, 102, 111, 125, 126","color":"#0059a9","mode":"bus","arr":["2","8","56","102","111","125","126"],"angle":63.9}},{"type":"Feature","geometry":{"type":"Point","coordinates":[36.828427,-1.291343]},"properties":{"lines":"2, 8, 102, 111, 125, 126","color":"#0059a9","mode":"bus","arr":["2","8","102","111","125","126"],"angle":44.4}},{"type":"Feature","geometry":{"type":"Point","coordinates":[36.823165,-1.291536]},"properties":{"lines":"2, 8, 11, 12C, 12D, 14A, 14B, 15, 16, 24, 33B, 33C, 33FED, 33IMR, 33MKR, 33NG, 33TP, 33UTW, 56, 102, 110, 110ATH, 111, 125, 126","color":"#0059a9","mode":"bus","arr":["2","8","11","12C","12D","14A","14B","15","16","24","33B","33C","33FED","33IMR","33MKR","33NG","33TP","33UTW","56","102","110","110ATH","111","125","126"],"angle":-27,"side":-1}},{"type":"Feature","geometry":{"type":"Point","coordinates":[36.826392,-1.289907]},"properties":{"lines":"2, 8, 11, 12C, 12D, 14A, 14B, 15, 16, 24, 33B, 33C, 33FED, 33IMR, 33MKR, 33NG, 33TP, 33UTW, 56, 102, 110, 110ATH, 111, 125, 126","color":"#0059a9","mode":"bus","arr":["2","8","11","12C","12D","14A","14B","15","16","24","33B","33C","33FED","33IMR","33MKR","33NG","33TP","33UTW","56","102","110","110ATH","111","125","126"],"angle":-27.2,"side":-1,"mi":1}},{"type":"Feature","geometry":{"type":"Point","coordinates":[36.824394,-1.29092]},"properties":{"lines":"2, 8, 11, 12C, 12D, 14A, 14B, 15, 16, 24, 33B, 33C, 33FED, 33IMR, 33MKR, 33NG, 33TP, 33UTW, 56, 102, 110, 110ATH, 111, 125, 126","color":"#0059a9","mode":"bus","arr":["2","8","11","12C","12D","14A","14B","15","16","24","33B","33C","33FED","33IMR","33MKR","33NG","33TP","33UTW","56","102","110","110ATH","111","125","126"],"angle":-26.6,"extra":1,"ei":0,"side":-1}},{"type":"Feature","geometry":{"type":"Point","coordinates":[36.820773,-1.292741]},"properties":{"lines":"2, 8, 33NG, 56, 102, 111","color":"#0059a9","mode":"bus","arr":["2","8","33NG","56","102","111"],"angle":-22.2}},{"type":"Feature","geometry":{"type":"Point","coordinates":[36.813345,-1.294961]},"properties":{"lines":"2, 16, 33NG","color":"#0059a9","mode":"bus","arr":["2","16","33NG"],"angle":-18.9}},{"type":"Feature","geometry":{"type":"Point","coordinates":[36.812679,-1.295249]},"properties":{"lines":"2, 8, 24, 32A, 33NG, 56, 102, 111","color":"#0059a9","mode":"bus","arr":["2","8","24","32A","33NG","56","102","111"],"angle":-12.6}},{"type":"Feature","geometry":{"type":"Point","coordinates":[36.811144,-1.295421]},"properties":{"lines":"2, 4W, 7C, 8, 32A, 33NG, 102, 111","color":"#0059a9","mode":"bus","arr":["2","4W","7C","8","32A","33NG","102","111"],"angle":-3.1}},{"type":"Feature","geometry":{"type":"Point","coordinates":[36.809354,-1.295568]},"properties":{"lines":"2, 4W, 8, 33NG, 102, 111","color":"#0059a9","mode":"bus","arr":["2","4W","8","33NG","102","111"],"angle":-31.1,"side":-1}},{"type":"Feature","geometry":{"type":"Point","coordinates":[36.807008,-1.297112]},"properties":{"lines":"2, 4W, 8, 32A, 33NG, 102, 111","color":"#0059a9","mode":"bus","arr":["2","4W","8","32A","33NG","102","111"],"angle":-15.5,"side":-1}},{"type":"Feature","geometry":{"type":"Point","coordinates":[36.804041,-1.297755]},"properties":{"lines":"2, 4W, 8, 32A, 33NG, 34L, 102, 111","color":"#0059a9","mode":"bus","arr":["2","4W","8","32A","33NG","34L","102","111"],"angle":-15.5,"side":-1}},{"type":"Feature","geometry":{"type":"Point","coordinates":[36.797712,-1.29895]},"properties":{"lines":"2, 4W, 8, 24C, 32A, 102, 111","color":"#0059a9","mode":"bus","arr":["2","4W","8","24C","32A","102","111"],"angle":-9.5,"side":-1}},{"type":"Feature","geometry":{"type":"Point","coordinates":[36.801767,-1.298184]},"properties":{"lines":"2, 4W, 8, 24C, 32A, 102, 111","color":"#0059a9","mode":"bus","arr":["2","4W","8","24C","32A","102","111"],"angle":-8.8,"extra":1,"ei":0,"side":-1}},{"type":"Feature","geometry":{"type":"Point","coordinates":[36.799903,-1.298494]},"properties":{"lines":"2, 4W, 8, 24C, 32A, 102, 111","color":"#0059a9","mode":"bus","arr":["2","4W","8","24C","32A","102","111"],"angle":-11.1,"extra":1,"ei":1,"side":-1}},{"type":"Feature","geometry":{"type":"Point","coordinates":[36.796197,-1.299215]},"properties":{"lines":"2, 4W, 8, 24C, 32A, 102, 111","color":"#0059a9","mode":"bus","arr":["2","4W","8","24C","32A","102","111"],"angle":-11.4,"extra":1,"ei":2,"side":-1}},{"type":"Feature","geometry":{"type":"Point","coordinates":[36.794319,-1.299401]},"properties":{"lines":"2, 4W, 8, 24C, 32A, 102, 111","color":"#0059a9","mode":"bus","arr":["2","4W","8","24C","32A","102","111"],"angle":-4.9,"extra":1,"ei":3,"side":-1}},{"type":"Feature","geometry":{"type":"Point","coordinates":[36.790461,-1.29956]},"properties":{"lines":"2, 4W, 24C, 32A, 102, 111","color":"#0059a9","mode":"bus","arr":["2","4W","24C","32A","102","111"],"angle":-4,"side":-1}},{"type":"Feature","geometry":{"type":"Point","coordinates":[36.791734,-1.299523]},"properties":{"lines":"2, 4W, 24C, 32A, 102, 111","color":"#0059a9","mode":"bus","arr":["2","4W","24C","32A","102","111"],"angle":0.4,"extra":1,"ei":0,"side":-1}},{"type":"Feature","geometry":{"type":"Point","coordinates":[36.787936,-1.299687]},"properties":{"lines":"2, 4W, 5, 24C, 32A, 102, 111","color":"#0059a9","mode":"bus","arr":["2","4W","5","24C","32A","102","111"],"angle":-2.8,"side":-1}},{"type":"Feature","geometry":{"type":"Point","coordinates":[36.77958,-1.301976]},"properties":{"lines":"5","color":"#0059a9","mode":"bus","arr":["5"],"angle":87.9,"mi":4}},{"type":"Feature","geometry":{"type":"Point","coordinates":[36.765085,-1.299685]},"properties":{"lines":"2, 4W, 24C","color":"#0059a9","mode":"bus","arr":["2","4W","24C"],"angle":10.4,"side":-1,"mi":2}},{"type":"Feature","geometry":{"type":"Point","coordinates":[36.76282,-1.299394]},"properties":{"lines":"2, 4W, 24C","color":"#0059a9","mode":"bus","arr":["2","4W","24C"],"angle":4.7,"side":-1,"mi":1}},{"type":"Feature","geometry":{"type":"Point","coordinates":[36.763441,-1.299457]},"properties":{"lines":"2, 4W, 24C","color":"#0059a9","mode":"bus","arr":["2","4W","24C"],"angle":5.4,"side":-1}},{"type":"Feature","geometry":{"type":"Point","coordinates":[36.738324,-1.306627]},"properties":{"lines":"24, 111","color":"#0059a9","mode":"bus","arr":["24","111"],"angle":-11.3}},{"type":"Feature","geometry":{"type":"Point","coordinates":[36.714268,-1.319899]},"properties":{"lines":"24, 111","color":"#0059a9","mode":"bus","arr":["24","111"],"angle":-36.3,"side":-1}},{"type":"Feature","geometry":{"type":"Point","coordinates":[36.759605,-1.299522]},"properties":{"lines":"24, 111","color":"#0059a9","mode":"bus","arr":["24","111"],"angle":-23.6}},{"type":"Feature","geometry":{"type":"Point","coordinates":[36.724387,-1.311017]},"properties":{"lines":"24, 111","color":"#0059a9","mode":"bus","arr":["24","111"],"angle":-42.2,"extra":1,"ei":0}},{"type":"Feature","geometry":{"type":"Point","coordinates":[36.725991,-1.310051]},"properties":{"lines":"24, 111","color":"#0059a9","mode":"bus","arr":["24","111"],"angle":-25.3,"extra":1,"ei":1}},{"type":"Feature","geometry":{"type":"Point","coordinates":[36.727472,-1.308896]},"properties":{"lines":"24, 111","color":"#0059a9","mode":"bus","arr":["24","111"],"angle":-42.3,"extra":1,"ei":2}},{"type":"Feature","geometry":{"type":"Point","coordinates":[36.729133,-1.308045]},"properties":{"lines":"24, 111","color":"#0059a9","mode":"bus","arr":["24","111"],"angle":-10.1,"extra":1,"ei":3}},{"type":"Feature","geometry":{"type":"Point","coordinates":[36.730993,-1.308188]},"properties":{"lines":"24, 111","color":"#0059a9","mode":"bus","arr":["24","111"],"angle":19.7,"extra":1,"ei":4}},{"type":"Feature","geometry":{"type":"Point","coordinates":[36.7328,-1.308296]},"properties":{"lines":"24, 111","color":"#0059a9","mode":"bus","arr":["24","111"],"angle":-18.5,"extra":1,"ei":5}},{"type":"Feature","geometry":{"type":"Point","coordinates":[36.734596,-1.307711]},"properties":{"lines":"24, 111","color":"#0059a9","mode":"bus","arr":["24","111"],"angle":-17.3,"extra":1,"ei":6}},{"type":"Feature","geometry":{"type":"Point","coordinates":[36.73639,-1.307122]},"properties":{"lines":"24, 111","color":"#0059a9","mode":"bus","arr":["24","111"],"angle":-17.2,"extra":1,"ei":7}},{"type":"Feature","geometry":{"type":"Point","coordinates":[36.740068,-1.306274]},"properties":{"lines":"24, 111","color":"#0059a9","mode":"bus","arr":["24","111"],"angle":-11.1,"extra":1,"ei":8}},{"type":"Feature","geometry":{"type":"Point","coordinates":[36.74192,-1.305899]},"properties":{"lines":"24, 111","color":"#0059a9","mode":"bus","arr":["24","111"],"angle":-10.7,"extra":1,"ei":9}},{"type":"Feature","geometry":{"type":"Point","coordinates":[36.743729,-1.305367]},"properties":{"lines":"24, 111","color":"#0059a9","mode":"bus","arr":["24","111"],"angle":-20,"extra":1,"ei":10}},{"type":"Feature","geometry":{"type":"Point","coordinates":[36.745498,-1.304705]},"properties":{"lines":"24, 111","color":"#0059a9","mode":"bus","arr":["24","111"],"angle":-20.7,"extra":1,"ei":11}},{"type":"Feature","geometry":{"type":"Point","coordinates":[36.747262,-1.304058]},"properties":{"lines":"24, 111","color":"#0059a9","mode":"bus","arr":["24","111"],"angle":-19.9,"extra":1,"ei":12}},{"type":"Feature","geometry":{"type":"Point","coordinates":[36.749032,-1.303399]},"properties":{"lines":"24, 111","color":"#0059a9","mode":"bus","arr":["24","111"],"angle":-19.7,"extra":1,"ei":13}},{"type":"Feature","geometry":{"type":"Point","coordinates":[36.750813,-1.302774]},"properties":{"lines":"24, 111","color":"#0059a9","mode":"bus","arr":["24","111"],"angle":-20.7,"extra":1,"ei":14}},{"type":"Feature","geometry":{"type":"Point","coordinates":[36.752589,-1.302132]},"properties":{"lines":"24, 111","color":"#0059a9","mode":"bus","arr":["24","111"],"angle":-20,"extra":1,"ei":15}},{"type":"Feature","geometry":{"type":"Point","coordinates":[36.761252,-1.29912]},"properties":{"lines":"2, 4W, 24C, 102, 111","color":"#0059a9","mode":"bus","arr":["2","4W","24C","102","111"],"angle":-2.3,"side":-1}},{"type":"Feature","geometry":{"type":"Point","coordinates":[36.74582,-1.30472]},"properties":{"lines":"24C, 111","color":"#0059a9","mode":"bus","arr":["24C","111"],"angle":-20.4,"side":-1}},{"type":"Feature","geometry":{"type":"Point","coordinates":[36.72955,-1.308081]},"properties":{"lines":"24C, 111","color":"#0059a9","mode":"bus","arr":["24C","111"],"angle":-4.1,"side":-1}},{"type":"Feature","geometry":{"type":"Point","coordinates":[36.709113,-1.32161]},"properties":{"lines":"24C, 111","color":"#0059a9","mode":"bus","arr":["24C","111"],"angle":-17.7,"side":-1}},{"type":"Feature","geometry":{"type":"Point","coordinates":[36.724445,-1.311075]},"properties":{"lines":"24C, 111","color":"#0059a9","mode":"bus","arr":["24C","111"],"angle":-40.9,"extra":1,"ei":0,"side":-1}},{"type":"Feature","geometry":{"type":"Point","coordinates":[36.726059,-1.310116]},"properties":{"lines":"24C, 111","color":"#0059a9","mode":"bus","arr":["24C","111"],"angle":-26.2,"extra":1,"ei":1,"side":-1}},{"type":"Feature","geometry":{"type":"Point","coordinates":[36.727562,-1.30899]},"properties":{"lines":"24C, 111","color":"#0059a9","mode":"bus","arr":["24C","111"],"angle":-42.4,"extra":1,"ei":2,"side":-1}},{"type":"Feature","geometry":{"type":"Point","coordinates":[36.731058,-1.308336]},"properties":{"lines":"24C, 111","color":"#0059a9","mode":"bus","arr":["24C","111"],"angle":19.9,"extra":1,"ei":3,"side":-1}},{"type":"Feature","geometry":{"type":"Point","coordinates":[36.732882,-1.308354]},"properties":{"lines":"24C, 111","color":"#0059a9","mode":"bus","arr":["24C","111"],"angle":-17.8,"extra":1,"ei":4,"side":-1}},{"type":"Feature","geometry":{"type":"Point","coordinates":[36.73468,-1.307773]},"properties":{"lines":"24C, 111","color":"#0059a9","mode":"bus","arr":["24C","111"],"angle":-18.1,"extra":1,"ei":5,"side":-1}},{"type":"Feature","geometry":{"type":"Point","coordinates":[36.752903,-1.302163]},"properties":{"lines":"24C, 111","color":"#0059a9","mode":"bus","arr":["24C","111"],"angle":-20,"extra":1,"ei":0,"side":-1}},{"type":"Feature","geometry":{"type":"Point","coordinates":[36.751131,-1.302818]},"properties":{"lines":"24C, 111","color":"#0059a9","mode":"bus","arr":["24C","111"],"angle":-21.2,"extra":1,"ei":1,"side":-1}},{"type":"Feature","geometry":{"type":"Point","coordinates":[36.749361,-1.303478]},"properties":{"lines":"24C, 111","color":"#0059a9","mode":"bus","arr":["24C","111"],"angle":-19.5,"extra":1,"ei":2,"side":-1}},{"type":"Feature","geometry":{"type":"Point","coordinates":[36.747574,-1.304084]},"properties":{"lines":"24C, 111","color":"#0059a9","mode":"bus","arr":["24C","111"],"angle":-18.8,"extra":1,"ei":3,"side":-1}},{"type":"Feature","geometry":{"type":"Point","coordinates":[36.744025,-1.305379]},"properties":{"lines":"24C, 111","color":"#0059a9","mode":"bus","arr":["24C","111"],"angle":-19.8,"extra":1,"ei":4,"side":-1}},{"type":"Feature","geometry":{"type":"Point","coordinates":[36.742219,-1.305926]},"properties":{"lines":"24C, 111","color":"#0059a9","mode":"bus","arr":["24C","111"],"angle":-13.1,"extra":1,"ei":5,"side":-1}},{"type":"Feature","geometry":{"type":"Point","coordinates":[36.740374,-1.306331]},"properties":{"lines":"24C, 111","color":"#0059a9","mode":"bus","arr":["24C","111"],"angle":-11.8,"extra":1,"ei":6,"side":-1}},{"type":"Feature","geometry":{"type":"Point","coordinates":[36.73853,-1.306738]},"properties":{"lines":"24C, 111","color":"#0059a9","mode":"bus","arr":["24C","111"],"angle":-11.5,"extra":1,"ei":7,"side":-1}},{"type":"Feature","geometry":{"type":"Point","coordinates":[36.710424,-1.321202]},"properties":{"lines":"24C, 111","color":"#0059a9","mode":"bus","arr":["24C","111"],"angle":-16.3,"extra":1,"ei":0,"side":-1}},{"type":"Feature","geometry":{"type":"Point","coordinates":[36.838271,-1.280519]},"properties":{"lines":"3N, 7","color":"#0059a9","mode":"bus","arr":["3N","7"],"angle":42.3,"mi":1}},{"type":"Feature","geometry":{"type":"Point","coordinates":[36.840162,-1.283183]},"properties":{"lines":"3N, 7","color":"#0059a9","mode":"bus","arr":["3N","7"],"angle":69.8,"extra":1,"ei":0}},{"type":"Feature","geometry":{"type":"Point","coordinates":[36.839368,-1.281497]},"properties":{"lines":"3N, 7","color":"#0059a9","mode":"bus","arr":["3N","7"],"angle":43.8,"extra":1,"ei":1}},{"type":"Feature","geometry":{"type":"Point","coordinates":[36.836544,-1.278988]},"properties":{"lines":"3N, 7","color":"#0059a9","mode":"bus","arr":["3N","7"],"angle":41.2,"extra":1,"ei":2}},{"type":"Feature","geometry":{"type":"Point","coordinates":[36.835175,-1.277688]},"properties":{"lines":"3N, 7","color":"#0059a9","mode":"bus","arr":["3N","7"],"angle":48,"extra":1,"ei":3}},{"type":"Feature","geometry":{"type":"Point","coordinates":[36.835155,-1.27757]},"properties":{"lines":"3N, 7, 14, 16/62, 32D, 43, 45G, 121","color":"#0059a9","mode":"bus","arr":["3N","7","14","16/62","32D","43","45G","121"],"angle":-36.6,"side":-1}},{"type":"Feature","geometry":{"type":"Point","coordinates":[36.833752,-1.279108]},"properties":{"lines":"3N, 7, 14, 16/62, 17B, 32D, 43, 45G, 121","color":"#0059a9","mode":"bus","arr":["3N","7","14","16/62","17B","32D","43","45G","121"],"angle":-48.5,"side":-1}},{"type":"Feature","geometry":{"type":"Point","coordinates":[36.831207,-1.279616]},"properties":{"lines":"3N, 0027, 100, 120","color":"#0059a9","mode":"bus","arr":["3N","0027","100","120"],"angle":53.5}},{"type":"Feature","geometry":{"type":"Point","coordinates":[36.827486,-1.276786]},"properties":{"lines":"3N, 6","color":"#0059a9","mode":"bus","arr":["3N","6"],"angle":25.1,"side":-1}},{"type":"Feature","geometry":{"type":"Point","coordinates":[36.82932,-1.27772]},"properties":{"lines":"3N, 6","color":"#0059a9","mode":"bus","arr":["3N","6"],"angle":27.4,"extra":1,"ei":0,"side":-1}},{"type":"Feature","geometry":{"type":"Point","coordinates":[36.825877,-1.276188]},"properties":{"lines":"3N, 6","color":"#0059a9","mode":"bus","arr":["3N","6"],"angle":14.5,"extra":1,"ei":1,"side":-1}},{"type":"Feature","geometry":{"type":"Point","coordinates":[36.827539,-1.276698]},"properties":{"lines":"3N","color":"#0059a9","mode":"bus","arr":["3N"],"angle":25.3}},{"type":"Feature","geometry":{"type":"Point","coordinates":[36.825651,-1.276014]},"properties":{"lines":"3N","color":"#0059a9","mode":"bus","arr":["3N"],"angle":13.5,"extra":1,"ei":0}},{"type":"Feature","geometry":{"type":"Point","coordinates":[36.829113,-1.277497]},"properties":{"lines":"3N","color":"#0059a9","mode":"bus","arr":["3N"],"angle":27.2,"extra":1,"ei":1}},{"type":"Feature","geometry":{"type":"Point","coordinates":[36.83355,-1.279134]},"properties":{"lines":"3N, 7, 14, 16/62, 17B, 0027, 32D, 43, 45G, 46B, 46H, 120, 121","color":"#0059a9","mode":"bus","arr":["3N","7","14","16/62","17B","0027","32D","43","45G","46B","46H","120","121"],"angle":-58.5}},{"type":"Feature","geometry":{"type":"Point","coordinates":[36.834242,-1.277072]},"properties":{"lines":"3N, 7","color":"#0059a9","mode":"bus","arr":["3N","7"],"angle":-62.8,"side":-1}},{"type":"Feature","geometry":{"type":"Point","coordinates":[36.834919,-1.276949]},"properties":{"lines":"3N, 7, 14, 16/62, 17B, 32D, 43, 45G, 121","color":"#0059a9","mode":"bus","arr":["3N","7","14","16/62","17B","32D","43","45G","121"],"angle":16,"mi":1}},{"type":"Feature","geometry":{"type":"Point","coordinates":[36.716653,-1.261004]},"properties":{"lines":"103","color":"#0059a9","mode":"bus","arr":["103"],"angle":-73.1,"side":-1,"mi":2}},{"type":"Feature","geometry":{"type":"Point","coordinates":[36.718673,-1.263021]},"properties":{"lines":"3U/3, 103","color":"#0059a9","mode":"bus","arr":["3U/3","103"],"angle":40.1,"mi":2}},{"type":"Feature","geometry":{"type":"Point","coordinates":[36.72168,-1.265639]},"properties":{"lines":"3U/3, 103","color":"#0059a9","mode":"bus","arr":["3U/3","103"],"angle":36.9,"side":-1,"mi":1}},{"type":"Feature","geometry":{"type":"Point","coordinates":[36.717612,-1.262091]},"properties":{"lines":"3U/3, 103","color":"#0059a9","mode":"bus","arr":["3U/3","103"],"angle":40.7,"extra":1,"ei":0}},{"type":"Feature","geometry":{"type":"Point","coordinates":[36.720674,-1.264656]},"properties":{"lines":"3U/3","color":"#0059a9","mode":"bus","arr":["3U/3"],"angle":13.3}},{"type":"Feature","geometry":{"type":"Point","coordinates":[36.732363,-1.272967]},"properties":{"lines":"3U/3, 046P, 103","color":"#0059a9","mode":"bus","arr":["3U/3","046P","103"],"angle":41.1}},{"type":"Feature","geometry":{"type":"Point","coordinates":[36.722117,-1.266008]},"properties":{"lines":"3U/3, 046P, 103","color":"#0059a9","mode":"bus","arr":["3U/3","046P","103"],"angle":41.5,"extra":1,"ei":0}},{"type":"Feature","geometry":{"type":"Point","coordinates":[36.723545,-1.267244]},"properties":{"lines":"3U/3, 046P, 103","color":"#0059a9","mode":"bus","arr":["3U/3","046P","103"],"angle":43.4,"extra":1,"ei":1}},{"type":"Feature","geometry":{"type":"Point","coordinates":[36.725006,-1.268436]},"properties":{"lines":"3U/3, 046P, 103","color":"#0059a9","mode":"bus","arr":["3U/3","046P","103"],"angle":33.1,"extra":1,"ei":2}},{"type":"Feature","geometry":{"type":"Point","coordinates":[36.72664,-1.269381]},"properties":{"lines":"3U/3, 046P, 103","color":"#0059a9","mode":"bus","arr":["3U/3","046P","103"],"angle":30,"extra":1,"ei":3}},{"type":"Feature","geometry":{"type":"Point","coordinates":[36.728157,-1.270499]},"properties":{"lines":"3U/3, 046P, 103","color":"#0059a9","mode":"bus","arr":["3U/3","046P","103"],"angle":40.2,"extra":1,"ei":4}},{"type":"Feature","geometry":{"type":"Point","coordinates":[36.729593,-1.271725]},"properties":{"lines":"3U/3, 046P, 103","color":"#0059a9","mode":"bus","arr":["3U/3","046P","103"],"angle":40,"extra":1,"ei":5}},{"type":"Feature","geometry":{"type":"Point","coordinates":[36.731266,-1.272552]},"properties":{"lines":"3U/3, 046P, 103","color":"#0059a9","mode":"bus","arr":["3U/3","046P","103"],"angle":14.1,"extra":1,"ei":6}},{"type":"Feature","geometry":{"type":"Point","coordinates":[36.733564,-1.275239]},"properties":{"lines":"3U/3, 046P, 103","color":"#0059a9","mode":"bus","arr":["3U/3","046P","103"],"angle":66.9,"extra":1,"ei":7}},{"type":"Feature","geometry":{"type":"Point","coordinates":[36.734904,-1.276503]},"properties":{"lines":"3U/3, 046P, 103","color":"#0059a9","mode":"bus","arr":["3U/3","046P","103"],"angle":31.1,"extra":1,"ei":8}},{"type":"Feature","geometry":{"type":"Point","coordinates":[36.735867,-1.278003]},"properties":{"lines":"3U/3, 046P, 103","color":"#0059a9","mode":"bus","arr":["3U/3","046P","103"],"angle":88.2,"extra":1,"ei":9}},{"type":"Feature","geometry":{"type":"Point","coordinates":[36.73605,-1.279868]},"properties":{"lines":"3U/3, 046P, 103","color":"#0059a9","mode":"bus","arr":["3U/3","046P","103"],"angle":69.3,"extra":1,"ei":10}},{"type":"Feature","geometry":{"type":"Point","coordinates":[36.736825,-1.281582]},"properties":{"lines":"3U/3, 046P, 103","color":"#0059a9","mode":"bus","arr":["3U/3","046P","103"],"angle":76.7,"extra":1,"ei":11}},{"type":"Feature","geometry":{"type":"Point","coordinates":[36.737228,-1.283426]},"properties":{"lines":"3U/3, 046P, 103","color":"#0059a9","mode":"bus","arr":["3U/3","046P","103"],"angle":72.6,"extra":1,"ei":12}},{"type":"Feature","geometry":{"type":"Point","coordinates":[36.720633,-1.264774]},"properties":{"lines":"3U/3, 103","color":"#0059a9","mode":"bus","arr":["3U/3","103"],"angle":53.1,"side":-1}},{"type":"Feature","geometry":{"type":"Point","coordinates":[36.734413,-1.291984]},"properties":{"lines":"4W","color":"#0059a9","mode":"bus","arr":["4W"],"angle":42.7,"mi":3}},{"type":"Feature","geometry":{"type":"Point","coordinates":[36.738904,-1.293549]},"properties":{"lines":"4W","color":"#0059a9","mode":"bus","arr":["4W"],"angle":28,"extra":1,"ei":0}},{"type":"Feature","geometry":{"type":"Point","coordinates":[36.737184,-1.292811]},"properties":{"lines":"4W","color":"#0059a9","mode":"bus","arr":["4W"],"angle":6.2,"extra":1,"ei":1}},{"type":"Feature","geometry":{"type":"Point","coordinates":[36.7321,-1.290759]},"properties":{"lines":"4W","color":"#0059a9","mode":"bus","arr":["4W"],"angle":7.3,"extra":1,"ei":2}},{"type":"Feature","geometry":{"type":"Point","coordinates":[36.730226,-1.290534]},"properties":{"lines":"4W","color":"#0059a9","mode":"bus","arr":["4W"],"angle":7.5,"extra":1,"ei":3}},{"type":"Feature","geometry":{"type":"Point","coordinates":[36.74187,-1.295035]},"properties":{"lines":"4W","color":"#0059a9","mode":"bus","arr":["4W"],"angle":-18.3}},{"type":"Feature","geometry":{"type":"Point","coordinates":[36.743884,-1.294387]},"properties":{"lines":"4W","color":"#0059a9","mode":"bus","arr":["4W"],"angle":-25.2,"extra":1,"ei":0}},{"type":"Feature","geometry":{"type":"Point","coordinates":[36.740264,-1.295019]},"properties":{"lines":"4W","color":"#0059a9","mode":"bus","arr":["4W"],"angle":30.9,"extra":1,"ei":1}},{"type":"Feature","geometry":{"type":"Point","coordinates":[36.748644,-1.295124]},"properties":{"lines":"4W","color":"#0059a9","mode":"bus","arr":["4W"],"angle":25.5,"mi":1}},{"type":"Feature","geometry":{"type":"Point","coordinates":[36.744847,-1.294683]},"properties":{"lines":"4W","color":"#0059a9","mode":"bus","arr":["4W"],"angle":-77.8,"extra":1,"ei":0}},{"type":"Feature","geometry":{"type":"Point","coordinates":[36.746168,-1.295122]},"properties":{"lines":"4W","color":"#0059a9","mode":"bus","arr":["4W"],"angle":-14.1,"extra":1,"ei":1}},{"type":"Feature","geometry":{"type":"Point","coordinates":[36.750021,-1.297494]},"properties":{"lines":"4W","color":"#0059a9","mode":"bus","arr":["4W"],"angle":53,"extra":1,"ei":2}},{"type":"Feature","geometry":{"type":"Point","coordinates":[36.751483,-1.298279]},"properties":{"lines":"4W","color":"#0059a9","mode":"bus","arr":["4W"],"angle":67.3,"extra":1,"ei":3}},{"type":"Feature","geometry":{"type":"Point","coordinates":[36.754006,-1.2977]},"properties":{"lines":"4W","color":"#0059a9","mode":"bus","arr":["4W"],"angle":-22.5,"mi":2}},{"type":"Feature","geometry":{"type":"Point","coordinates":[36.752543,-1.298273]},"properties":{"lines":"4W","color":"#0059a9","mode":"bus","arr":["4W"],"angle":-21.3,"extra":1,"ei":0}},{"type":"Feature","geometry":{"type":"Point","coordinates":[36.756048,-1.296865]},"properties":{"lines":"4W","color":"#0059a9","mode":"bus","arr":["4W"],"angle":-22.8,"extra":1,"ei":1}},{"type":"Feature","geometry":{"type":"Point","coordinates":[36.787731,-1.295865]},"properties":{"lines":"4W, 5","color":"#0059a9","mode":"bus","arr":["4W","5"],"angle":80.6}},{"type":"Feature","geometry":{"type":"Point","coordinates":[36.788099,-1.298519]},"properties":{"lines":"4W, 5","color":"#0059a9","mode":"bus","arr":["4W","5"],"angle":85.5,"extra":1,"ei":0}},{"type":"Feature","geometry":{"type":"Point","coordinates":[36.787239,-1.292927]},"properties":{"lines":"4W, 5","color":"#0059a9","mode":"bus","arr":["4W","5"],"angle":82.3,"extra":1,"ei":1,"side":-1}},{"type":"Feature","geometry":{"type":"Point","coordinates":[36.787516,-1.292334]},"properties":{"lines":"5, 56","color":"#0059a9","mode":"bus","arr":["5","56"],"angle":8.2,"side":-1}},{"type":"Feature","geometry":{"type":"Point","coordinates":[36.787409,-1.292254]},"properties":{"lines":"4W, 46K, 046P, 56","color":"#0059a9","mode":"bus","arr":["4W","46K","046P","56"],"angle":10.7}},{"type":"Feature","geometry":{"type":"Point","coordinates":[36.793426,-1.293573]},"properties":{"lines":"4W, 5, 46K, 046P, 46Y, 56","color":"#0059a9","mode":"bus","arr":["4W","5","46K","046P","46Y","56"],"angle":13,"mi":2}},{"type":"Feature","geometry":{"type":"Point","coordinates":[36.801392,-1.295219]},"properties":{"lines":"4W, 5, 46K, 046P, 46Y, 56","color":"#0059a9","mode":"bus","arr":["4W","5","46K","046P","46Y","56"],"angle":-1.4,"mi":1}},{"type":"Feature","geometry":{"type":"Point","coordinates":[36.799798,-1.295089]},"properties":{"lines":"4W, 5, 46K, 046P, 46Y, 56","color":"#0059a9","mode":"bus","arr":["4W","5","46K","046P","46Y","56"],"angle":13.5}},{"type":"Feature","geometry":{"type":"Point","coordinates":[36.788723,-1.292579]},"properties":{"lines":"4W, 5, 46K, 046P, 46Y, 56","color":"#0059a9","mode":"bus","arr":["4W","5","46K","046P","46Y","56"],"angle":11.3,"extra":1,"ei":0}},{"type":"Feature","geometry":{"type":"Point","coordinates":[36.790572,-1.292967]},"properties":{"lines":"4W, 5, 46K, 046P, 46Y, 56","color":"#0059a9","mode":"bus","arr":["4W","5","46K","046P","46Y","56"],"angle":10.3,"extra":1,"ei":1}},{"type":"Feature","geometry":{"type":"Point","coordinates":[36.796093,-1.294226]},"properties":{"lines":"4W, 5, 46K, 046P, 46Y, 56","color":"#0059a9","mode":"bus","arr":["4W","5","46K","046P","46Y","56"],"angle":16,"extra":1,"ei":2}},{"type":"Feature","geometry":{"type":"Point","coordinates":[36.797932,-1.294656]},"properties":{"lines":"4W, 5, 46K, 046P, 46Y, 56","color":"#0059a9","mode":"bus","arr":["4W","5","46K","046P","46Y","56"],"angle":13.5,"extra":1,"ei":3}},{"type":"Feature","geometry":{"type":"Point","coordinates":[36.809762,-1.289859]},"properties":{"lines":"4W, 5, 46K, 046P, 46Y, 56","color":"#0059a9","mode":"bus","arr":["4W","5","46K","046P","46Y","56"],"angle":-42.3,"mi":1}},{"type":"Feature","geometry":{"type":"Point","coordinates":[36.805631,-1.292121]},"properties":{"lines":"4W, 5, 24C, 46K, 046P, 46Y, 56","color":"#0059a9","mode":"bus","arr":["4W","5","24C","46K","046P","46Y","56"],"angle":-27.9}},{"type":"Feature","geometry":{"type":"Point","coordinates":[36.802747,-1.293997]},"properties":{"lines":"4W, 5, 24C, 46K, 046P, 46Y, 56","color":"#0059a9","mode":"bus","arr":["4W","5","24C","46K","046P","46Y","56"],"angle":-63.2,"extra":1,"ei":0}},{"type":"Feature","geometry":{"type":"Point","coordinates":[36.804242,-1.292896]},"properties":{"lines":"4W, 5, 24C, 46K, 046P, 46Y, 56","color":"#0059a9","mode":"bus","arr":["4W","5","24C","46K","046P","46Y","56"],"angle":-29.1,"extra":1,"ei":1}},{"type":"Feature","geometry":{"type":"Point","coordinates":[36.80756,-1.29109]},"properties":{"lines":"4W, 5, 24C, 46K, 046P, 46Y, 56","color":"#0059a9","mode":"bus","arr":["4W","5","24C","46K","046P","46Y","56"],"angle":-28.2,"extra":1,"ei":2}},{"type":"Feature","geometry":{"type":"Point","coordinates":[36.809228,-1.290204]},"properties":{"lines":"4W, 5, 24C, 46K, 046P, 46Y, 56","color":"#0059a9","mode":"bus","arr":["4W","5","24C","46K","046P","46Y","56"],"angle":-27,"extra":1,"ei":3}},{"type":"Feature","geometry":{"type":"Point","coordinates":[36.811022,-1.289349]},"properties":{"lines":"4W, 5, 46K, 046P, 46Y, 56","color":"#0059a9","mode":"bus","arr":["4W","5","46K","046P","46Y","56"],"angle":-8.4}},{"type":"Feature","geometry":{"type":"Point","coordinates":[36.814521,-1.287901]},"properties":{"lines":"4W, 5, 7C, 24C, 32A, 46K, 046P, 46Y","color":"#0059a9","mode":"bus","arr":["4W","5","7C","24C","32A","46K","046P","46Y"],"angle":-26.7}},{"type":"Feature","geometry":{"type":"Point","coordinates":[36.812746,-1.288758]},"properties":{"lines":"4W, 5, 7C, 24C, 32A, 46K, 046P, 46Y","color":"#0059a9","mode":"bus","arr":["4W","5","7C","24C","32A","46K","046P","46Y"],"angle":-28.3,"extra":1,"ei":0}},{"type":"Feature","geometry":{"type":"Point","coordinates":[36.816137,-1.287094]},"properties":{"lines":"4W, 5, 7C, 24C, 32A, 46K, 046P, 46Y","color":"#0059a9","mode":"bus","arr":["4W","5","7C","24C","32A","46K","046P","46Y"],"angle":-27.3,"extra":1,"ei":1}},{"type":"Feature","geometry":{"type":"Point","coordinates":[36.817859,-1.286233]},"properties":{"lines":"4W, 5, 7C, 24C, 32A, 33UTW, 46K, 046P, 46Y","color":"#0059a9","mode":"bus","arr":["4W","5","7C","24C","32A","33UTW","46K","046P","46Y"],"angle":-24.7}},{"type":"Feature","geometry":{"type":"Point","coordinates":[36.818838,-1.285759]},"properties":{"lines":"24C, 32A, 33UTW, 46K, 046P, 46Y","color":"#0059a9","mode":"bus","arr":["24C","32A","33UTW","46K","046P","46Y"],"angle":-25.5}},{"type":"Feature","geometry":{"type":"Point","coordinates":[36.818804,-1.285691]},"properties":{"lines":"4W, 5, 7C","color":"#0059a9","mode":"bus","arr":["4W","5","7C"],"angle":-26.9}},{"type":"Feature","geometry":{"type":"Point","coordinates":[36.819983,-1.285038]},"properties":{"lines":"5, 7C","color":"#0059a9","mode":"bus","arr":["5","7C"],"angle":-27.4}},{"type":"Feature","geometry":{"type":"Point","coordinates":[36.821033,-1.284503]},"properties":{"lines":"7C","color":"#0059a9","mode":"bus","arr":["7C"],"angle":-26.5}},{"type":"Feature","geometry":{"type":"Point","coordinates":[36.820038,-1.285151]},"properties":{"lines":"4W, 24C, 32A, 33UTW, 46K, 046P, 46Y","color":"#0059a9","mode":"bus","arr":["4W","24C","32A","33UTW","46K","046P","46Y"],"angle":-28.6}},{"type":"Feature","geometry":{"type":"Point","coordinates":[36.821018,-1.284643]},"properties":{"lines":"4W, 5, 24C, 32A, 33UTW, 46K, 046P, 46Y","color":"#0059a9","mode":"bus","arr":["4W","5","24C","32A","33UTW","46K","046P","46Y"],"angle":-26}},{"type":"Feature","geometry":{"type":"Point","coordinates":[36.822144,-1.284098]},"properties":{"lines":"7C, 32A, 33UTW, 46K, 046P, 46Y","color":"#0059a9","mode":"bus","arr":["7C","32A","33UTW","46K","046P","46Y"],"angle":-26.1}},{"type":"Feature","geometry":{"type":"Point","coordinates":[36.822141,-1.284163]},"properties":{"lines":"4W, 5, 7C, 24C, 32A, 46Y","color":"#0059a9","mode":"bus","arr":["4W","5","7C","24C","32A","46Y"],"angle":-25.8}},{"type":"Feature","geometry":{"type":"Point","coordinates":[36.82038,-1.28505]},"properties":{"lines":"4W, 5, 7C, 32A, 46Y","color":"#0059a9","mode":"bus","arr":["4W","5","7C","32A","46Y"],"angle":-28.9,"side":-1}},{"type":"Feature","geometry":{"type":"Point","coordinates":[36.814535,-1.288104]},"properties":{"lines":"4W, 5, 7C, 24C, 32A, 46K, 46Y","color":"#0059a9","mode":"bus","arr":["4W","5","7C","24C","32A","46K","46Y"],"angle":-26.1,"side":-1,"mi":1}},{"type":"Feature","geometry":{"type":"Point","coordinates":[36.81843,-1.28609]},"properties":{"lines":"4W, 5, 7C, 24C, 32A, 46K, 46Y","color":"#0059a9","mode":"bus","arr":["4W","5","7C","24C","32A","46K","46Y"],"angle":-26.8,"side":-1}},{"type":"Feature","geometry":{"type":"Point","coordinates":[36.816346,-1.287142]},"properties":{"lines":"4W, 5, 7C, 24C, 32A, 46K, 46Y","color":"#0059a9","mode":"bus","arr":["4W","5","7C","24C","32A","46K","46Y"],"angle":-26.6,"extra":1,"ei":0,"side":-1}},{"type":"Feature","geometry":{"type":"Point","coordinates":[36.812976,-1.288847]},"properties":{"lines":"4W, 5, 7C, 24C, 32A, 46K, 46Y","color":"#0059a9","mode":"bus","arr":["4W","5","7C","24C","32A","46K","46Y"],"angle":-25.4,"extra":1,"ei":1,"side":-1}},{"type":"Feature","geometry":{"type":"Point","coordinates":[36.82321,-1.283664]},"properties":{"lines":"24C","color":"#0059a9","mode":"bus","arr":["24C"],"angle":-29.3,"side":-1}},{"type":"Feature","geometry":{"type":"Point","coordinates":[36.823348,-1.284279]},"properties":{"lines":"4W, 5, 7C, 32A, 46Y","color":"#0059a9","mode":"bus","arr":["4W","5","7C","32A","46Y"],"angle":40.3,"mi":1}},{"type":"Feature","geometry":{"type":"Point","coordinates":[36.824078,-1.284861]},"properties":{"lines":"4W, 5, 7C, 24C, 32A, 046P, 46Y","color":"#0059a9","mode":"bus","arr":["4W","5","7C","24C","32A","046P","46Y"],"angle":33.1}},{"type":"Feature","geometry":{"type":"Point","coordinates":[36.82473,-1.284834]},"properties":{"lines":"4W, 5, 7C, 24C, 32A, 34J, 046P, 46Y","color":"#0059a9","mode":"bus","arr":["4W","5","7C","24C","32A","34J","046P","46Y"],"angle":-25.2}},{"type":"Feature","geometry":{"type":"Point","coordinates":[36.82537,-1.28495]},"properties":{"lines":"4W, 5, 7C, 23KG, 24C, 30, 32A, 33UTW, 34J, 46K, 046P, 46Y, 48A, 48B, 135","color":"#0059a9","mode":"bus","arr":["4W","5","7C","23KG","24C","30","32A","33UTW","34J","46K","046P","46Y","48A","48B","135"],"angle":57.9}},{"type":"Feature","geometry":{"type":"Point","coordinates":[36.825119,-1.285494]},"properties":{"lines":"4W, 5, 7C, 32A, 34B, 34J, 46K, 46Y","color":"#0059a9","mode":"bus","arr":["4W","5","7C","32A","34B","34J","46K","46Y"],"angle":-25.3}},{"type":"Feature","geometry":{"type":"Point","coordinates":[36.824448,-1.285855]},"properties":{"lines":"4W, 5, 7C, 32A, 34J, 46K, 46Y","color":"#0059a9","mode":"bus","arr":["4W","5","7C","32A","34J","46K","46Y"],"angle":-18,"mi":2}},{"type":"Feature","geometry":{"type":"Point","coordinates":[36.823996,-1.285677]},"properties":{"lines":"4W, 5, 7C, 32A, 34J, 46K, 46Y","color":"#0059a9","mode":"bus","arr":["4W","5","7C","32A","34J","46K","46Y"],"angle":66.3}},{"type":"Feature","geometry":{"type":"Point","coordinates":[36.823904,-1.285323]},"properties":{"lines":"4W, 5, 7C, 32A, 34J, 46K, 46Y","color":"#0059a9","mode":"bus","arr":["4W","5","7C","32A","34J","46K","46Y"],"angle":-72,"mi":1}},{"type":"Feature","geometry":{"type":"Point","coordinates":[36.824218,-1.285094]},"properties":{"lines":"4W, 32A, 34J","color":"#0059a9","mode":"bus","arr":["4W","32A","34J"],"angle":-27.6,"side":-1}},{"type":"Feature","geometry":{"type":"Point","coordinates":[36.821135,-1.284868]},"properties":{"lines":"24C, 46K","color":"#0059a9","mode":"bus","arr":["24C","46K"],"angle":-28.9,"side":-1}},{"type":"Feature","geometry":{"type":"Point","coordinates":[36.824022,-1.284894]},"properties":{"lines":"5, 7C, 46K, 46Y","color":"#0059a9","mode":"bus","arr":["5","7C","46K","46Y"],"angle":59.1,"side":-1}},{"type":"Feature","geometry":{"type":"Point","coordinates":[36.823468,-1.284452]},"properties":{"lines":"7C, 24C, 46K, 046P, 46Y","color":"#0059a9","mode":"bus","arr":["7C","24C","46K","046P","46Y"],"angle":39.6,"side":-1}},{"type":"Feature","geometry":{"type":"Point","coordinates":[36.823027,-1.284077]},"properties":{"lines":"7C, 24C, 046P, 46Y","color":"#0059a9","mode":"bus","arr":["7C","24C","046P","46Y"],"angle":40}},{"type":"Feature","geometry":{"type":"Point","coordinates":[36.814349,-1.29098]},"properties":{"lines":"4W, 7C, 24C, 32A, 56","color":"#0059a9","mode":"bus","arr":["4W","7C","24C","32A","56"],"angle":-75.3}},{"type":"Feature","geometry":{"type":"Point","coordinates":[36.812542,-1.289818]},"properties":{"lines":"4W, 7C, 24C, 32A, 56","color":"#0059a9","mode":"bus","arr":["4W","7C","24C","32A","56"],"angle":3.6,"extra":1,"ei":0}},{"type":"Feature","geometry":{"type":"Point","coordinates":[36.813319,-1.291659]},"properties":{"lines":"4W, 7C, 24C, 32A, 56","color":"#0059a9","mode":"bus","arr":["4W","7C","24C","32A","56"],"angle":-42.5,"extra":1,"ei":1}},{"type":"Feature","geometry":{"type":"Point","coordinates":[36.81226,-1.293215]},"properties":{"lines":"4W, 7C, 24C, 32A, 56","color":"#0059a9","mode":"bus","arr":["4W","7C","24C","32A","56"],"angle":-54.4,"extra":1,"ei":2}},{"type":"Feature","geometry":{"type":"Point","coordinates":[36.812024,-1.293664]},"properties":{"lines":"4W, 7C, 32A, 56","color":"#0059a9","mode":"bus","arr":["4W","7C","32A","56"],"angle":-83.1,"side":-1}},{"type":"Feature","geometry":{"type":"Point","coordinates":[36.812273,-1.295033]},"properties":{"lines":"4W, 7C, 111","color":"#0059a9","mode":"bus","arr":["4W","7C","111"],"angle":-88.7}},{"type":"Feature","geometry":{"type":"Point","coordinates":[36.7672,-1.302584]},"properties":{"lines":"5","color":"#0059a9","mode":"bus","arr":["5"],"angle":65.3,"mi":5}},{"type":"Feature","geometry":{"type":"Point","coordinates":[36.774318,-1.305458]},"properties":{"lines":"5","color":"#0059a9","mode":"bus","arr":["5"],"angle":-58.5,"mi":1}},{"type":"Feature","geometry":{"type":"Point","coordinates":[36.770669,-1.304244]},"properties":{"lines":"5","color":"#0059a9","mode":"bus","arr":["5"],"angle":25.5,"mi":2}},{"type":"Feature","geometry":{"type":"Point","coordinates":[36.768204,-1.303968]},"properties":{"lines":"5","color":"#0059a9","mode":"bus","arr":["5"],"angle":9.8,"extra":1,"ei":0}},{"type":"Feature","geometry":{"type":"Point","coordinates":[36.766351,-1.30079]},"properties":{"lines":"5","color":"#0059a9","mode":"bus","arr":["5"],"angle":67.4,"extra":1,"ei":1}},{"type":"Feature","geometry":{"type":"Point","coordinates":[36.811078,-1.289455]},"properties":{"lines":"5, 24C, 46K, 46Y, 56","color":"#0059a9","mode":"bus","arr":["5","24C","46K","46Y","56"],"angle":-9.8,"side":-1}},{"type":"Feature","geometry":{"type":"Point","coordinates":[36.809826,-1.289927]},"properties":{"lines":"5, 24C, 46K, 46Y, 56","color":"#0059a9","mode":"bus","arr":["5","24C","46K","46Y","56"],"angle":-28.4,"side":-1,"mi":1}},{"type":"Feature","geometry":{"type":"Point","coordinates":[36.802628,-1.296657]},"properties":{"lines":"24C","color":"#0059a9","mode":"bus","arr":["24C"],"angle":81.3}},{"type":"Feature","geometry":{"type":"Point","coordinates":[36.801374,-1.295282]},"properties":{"lines":"5, 46K, 46Y, 56","color":"#0059a9","mode":"bus","arr":["5","46K","46Y","56"],"angle":-1.5,"side":-1}},{"type":"Feature","geometry":{"type":"Point","coordinates":[36.799807,-1.295217]},"properties":{"lines":"5, 46K, 46Y, 56","color":"#0059a9","mode":"bus","arr":["5","46K","46Y","56"],"angle":8.2,"side":-1,"mi":1}},{"type":"Feature","geometry":{"type":"Point","coordinates":[36.787521,-1.294215]},"properties":{"lines":"5","color":"#0059a9","mode":"bus","arr":["5"],"angle":79.5,"mi":1}},{"type":"Feature","geometry":{"type":"Point","coordinates":[36.788115,-1.297916]},"properties":{"lines":"5","color":"#0059a9","mode":"bus","arr":["5"],"angle":82}},{"type":"Feature","geometry":{"type":"Point","coordinates":[36.772156,-1.304951]},"properties":{"lines":"5","color":"#0059a9","mode":"bus","arr":["5"],"angle":25.4}},{"type":"Feature","geometry":{"type":"Point","coordinates":[36.777335,-1.303874]},"properties":{"lines":"5","color":"#0059a9","mode":"bus","arr":["5"],"angle":-2.7,"mi":3}},{"type":"Feature","geometry":{"type":"Point","coordinates":[36.778711,-1.303802]},"properties":{"lines":"5","color":"#0059a9","mode":"bus","arr":["5"],"angle":-2.4,"extra":1,"ei":0}},{"type":"Feature","geometry":{"type":"Point","coordinates":[36.849642,-1.275605]},"properties":{"lines":"28, 41","color":"#0059a9","mode":"bus","arr":["28","41"],"angle":78.5,"mi":5}},{"type":"Feature","geometry":{"type":"Point","coordinates":[36.850092,-1.278128]},"properties":{"lines":"28, 41","color":"#0059a9","mode":"bus","arr":["28","41"],"angle":78,"extra":1,"ei":0,"side":-1}},{"type":"Feature","geometry":{"type":"Point","coordinates":[36.849315,-1.274431]},"properties":{"lines":"28, 41","color":"#0059a9","mode":"bus","arr":["28","41"],"angle":78.7,"extra":1,"ei":1,"side":-1}},{"type":"Feature","geometry":{"type":"Point","coordinates":[36.848943,-1.27258]},"properties":{"lines":"28, 41","color":"#0059a9","mode":"bus","arr":["28","41"],"angle":79.1,"extra":1,"ei":2,"side":-1}},{"type":"Feature","geometry":{"type":"Point","coordinates":[36.849897,-1.276801]},"properties":{"lines":"28, 41","color":"#0059a9","mode":"bus","arr":["28","41"],"angle":77.6,"extra":1,"ei":0}},{"type":"Feature","geometry":{"type":"Point","coordinates":[36.848339,-1.269526]},"properties":{"lines":"6, 28, 41","color":"#0059a9","mode":"bus","arr":["6","28","41"],"angle":78.5,"side":-1}},{"type":"Feature","geometry":{"type":"Point","coordinates":[36.848728,-1.271435]},"properties":{"lines":"6, 28, 41","color":"#0059a9","mode":"bus","arr":["6","28","41"],"angle":79,"extra":1,"ei":0,"side":-1}},{"type":"Feature","geometry":{"type":"Point","coordinates":[36.847954,-1.26774]},"properties":{"lines":"6, 28, 41","color":"#0059a9","mode":"bus","arr":["6","28","41"],"angle":79.5,"extra":1,"ei":1,"side":-1}},{"type":"Feature","geometry":{"type":"Point","coordinates":[36.840995,-1.269206]},"properties":{"lines":"6, 14, 16/62, 32D, 46B, 46H","color":"#0059a9","mode":"bus","arr":["6","14","16/62","32D","46B","46H"],"angle":-14}},{"type":"Feature","geometry":{"type":"Point","coordinates":[36.845785,-1.266884]},"properties":{"lines":"6, 14, 16/62, 32D, 46B, 46H","color":"#0059a9","mode":"bus","arr":["6","14","16/62","32D","46B","46H"],"angle":-12.5,"mi":2}},{"type":"Feature","geometry":{"type":"Point","coordinates":[36.837674,-1.270016]},"properties":{"lines":"6, 14, 16/62, 32D, 46B, 46H","color":"#0059a9","mode":"bus","arr":["6","14","16/62","32D","46B","46H"],"angle":2.1,"mi":1}},{"type":"Feature","geometry":{"type":"Point","coordinates":[36.842949,-1.26803]},"properties":{"lines":"6, 14, 16/62, 32D, 46B, 46H","color":"#0059a9","mode":"bus","arr":["6","14","16/62","32D","46B","46H"],"angle":-44.9,"extra":1,"ei":0}},{"type":"Feature","geometry":{"type":"Point","coordinates":[36.839602,-1.269554]},"properties":{"lines":"6, 14, 16/62, 32D, 46B, 46H","color":"#0059a9","mode":"bus","arr":["6","14","16/62","32D","46B","46H"],"angle":-14.1,"extra":1,"ei":1}},{"type":"Feature","geometry":{"type":"Point","coordinates":[36.836781,-1.270285]},"properties":{"lines":"6, 46B, 46H","color":"#0059a9","mode":"bus","arr":["6","46B","46H"],"angle":-9.5,"side":-1}},{"type":"Feature","geometry":{"type":"Point","coordinates":[36.836104,-1.270393]},"properties":{"lines":"6, 46B","color":"#0059a9","mode":"bus","arr":["6","46B"],"angle":2.8,"side":-1}},{"type":"Feature","geometry":{"type":"Point","coordinates":[36.834356,-1.269905]},"properties":{"lines":"6, 11C, 46B, 46H, 100, 100A","color":"#0059a9","mode":"bus","arr":["6","11C","46B","46H","100","100A"],"angle":16.2}},{"type":"Feature","geometry":{"type":"Point","coordinates":[36.831746,-1.273733]},"properties":{"lines":"6, 100, 100A, 120","color":"#0059a9","mode":"bus","arr":["6","100","100A","120"],"angle":-75.2,"side":-1}},{"type":"Feature","geometry":{"type":"Point","coordinates":[36.832573,-1.270583]},"properties":{"lines":"6, 100, 100A, 120","color":"#0059a9","mode":"bus","arr":["6","100","100A","120"],"angle":-76.6,"extra":1,"ei":0,"side":-1}},{"type":"Feature","geometry":{"type":"Point","coordinates":[36.832099,-1.272411]},"properties":{"lines":"6, 100, 100A, 120","color":"#0059a9","mode":"bus","arr":["6","100","100A","120"],"angle":-75,"extra":1,"ei":1,"side":-1}},{"type":"Feature","geometry":{"type":"Point","coordinates":[36.831119,-1.276059]},"properties":{"lines":"6, 100, 100A, 120","color":"#0059a9","mode":"bus","arr":["6","100","100A","120"],"angle":-75.6,"extra":1,"ei":2,"side":-1}},{"type":"Feature","geometry":{"type":"Point","coordinates":[36.823917,-1.275738]},"properties":{"lines":"6","color":"#0059a9","mode":"bus","arr":["6"],"angle":13.7}},{"type":"Feature","geometry":{"type":"Point","coordinates":[36.82138,-1.277697]},"properties":{"lines":"6, 11C, 25, 44G, 44Z, 45K, 46B, 46H, 49, 116, 145, 237","color":"#0059a9","mode":"bus","arr":["6","11C","25","44G","44Z","45K","46B","46H","49","116","145","237"],"angle":-63,"side":-1}},{"type":"Feature","geometry":{"type":"Point","coordinates":[36.822685,-1.276654]},"properties":{"lines":"6, 11C, 25, 44G, 44Z, 45K, 46B, 46H, 49, 116, 145, 237","color":"#0059a9","mode":"bus","arr":["6","11C","25","44G","44Z","45K","46B","46H","49","116","145","237"],"angle":-47.8,"extra":1,"ei":0,"side":-1}},{"type":"Feature","geometry":{"type":"Point","coordinates":[36.821261,-1.279761]},"properties":{"lines":"6, 11C, 25, 44G, 44Z, 45K, 46B, 46H, 49, 116, 145, 237","color":"#0059a9","mode":"bus","arr":["6","11C","25","44G","44Z","45K","46B","46H","49","116","145","237"],"angle":76.7,"extra":1,"ei":1}},{"type":"Feature","geometry":{"type":"Point","coordinates":[36.821862,-1.280634]},"properties":{"lines":"6, 11C, 25, 44G, 44Z, 45K, 46B, 46H, 49, 116, 145, 237","color":"#0059a9","mode":"bus","arr":["6","11C","25","44G","44Z","45K","46B","46H","49","116","145","237"],"angle":41.2,"mi":1}},{"type":"Feature","geometry":{"type":"Point","coordinates":[36.821759,-1.280639]},"properties":{"lines":"6, 11A, 11B, 11C, 23W, 25, 25A, 44G, 44Z, 45K, 49, 105, 106, 107, 116, 118, 119, 119A, 145, 237","color":"#0059a9","mode":"bus","arr":["6","11A","11B","11C","23W","25","25A","44G","44Z","45K","49","105","106","107","116","118","119","119A","145","237"],"angle":39.7,"side":-1,"mi":1}},{"type":"Feature","geometry":{"type":"Point","coordinates":[36.82121,-1.279884]},"properties":{"lines":"6, 11A, 11B, 11C, 23W, 25, 25A, 44G, 44Z, 45K, 49, 105, 106, 107, 116, 118, 119, 119A, 145, 237","color":"#0059a9","mode":"bus","arr":["6","11A","11B","11C","23W","25","25A","44G","44Z","45K","49","105","106","107","116","118","119","119A","145","237"],"angle":72.7,"side":-1}},{"type":"Feature","geometry":{"type":"Point","coordinates":[36.8213,-1.277674]},"properties":{"lines":"6, 11A, 11B, 11C, 23W, 25, 25A, 44G, 44Z, 45K, 49, 106, 107, 116, 119, 119A, 145, 237","color":"#0059a9","mode":"bus","arr":["6","11A","11B","11C","23W","25","25A","44G","44Z","45K","49","106","107","116","119","119A","145","237"],"angle":-65.8,"side":-1}},{"type":"Feature","geometry":{"type":"Point","coordinates":[36.822883,-1.276159]},"properties":{"lines":"6, 11A, 11B, 11C, 23W, 25, 25A, 44G, 44Z, 45K, 49, 106, 107, 114W, 116, 119, 119A, 145, 237","color":"#0059a9","mode":"bus","arr":["6","11A","11B","11C","23W","25","25A","44G","44Z","45K","49","106","107","114W","116","119","119A","145","237"],"angle":-65.4}},{"type":"Feature","geometry":{"type":"Point","coordinates":[36.823868,-1.274832]},"properties":{"lines":"6, 11C, 25, 25A, 44G, 44Z, 45K, 49, 145, 237","color":"#0059a9","mode":"bus","arr":["6","11C","25","25A","44G","44Z","45K","49","145","237"],"angle":-37.2}},{"type":"Feature","geometry":{"type":"Point","coordinates":[36.831342,-1.269696]},"properties":{"lines":"6, 11C, 25, 25A, 29/30, 44G, 44Z, 45K, 49, 116, 145, 237","color":"#0059a9","mode":"bus","arr":["6","11C","25","25A","29/30","44G","44Z","45K","49","116","145","237"],"angle":-31.6}},{"type":"Feature","geometry":{"type":"Point","coordinates":[36.826154,-1.273077]},"properties":{"lines":"6, 11C, 25, 25A, 29/30, 44G, 44Z, 45K, 49, 116, 145, 237","color":"#0059a9","mode":"bus","arr":["6","11C","25","25A","29/30","44G","44Z","45K","49","116","145","237"],"angle":-37,"mi":1}},{"type":"Feature","geometry":{"type":"Point","coordinates":[36.828924,-1.271197]},"properties":{"lines":"6, 11C, 25, 25A, 29/30, 44G, 44Z, 45K, 49, 116, 145, 237","color":"#0059a9","mode":"bus","arr":["6","11C","25","25A","29/30","44G","44Z","45K","49","116","145","237"],"angle":-32.3,"extra":1,"ei":0}},{"type":"Feature","geometry":{"type":"Point","coordinates":[36.833483,-1.2679]},"properties":{"lines":"6, 11C, 25, 25A, 29/30, 44G, 44Z, 45K, 49, 116, 145, 237","color":"#0059a9","mode":"bus","arr":["6","11C","25","25A","29/30","44G","44Z","45K","49","116","145","237"],"angle":-51,"extra":1,"ei":1}},{"type":"Feature","geometry":{"type":"Point","coordinates":[36.827937,-1.271816]},"properties":{"lines":"6, 11C, 25, 25A, 29/30, 44G, 44Z, 45K, 49, 116, 237","color":"#0059a9","mode":"bus","arr":["6","11C","25","25A","29/30","44G","44Z","45K","49","116","237"],"angle":-30.8}},{"type":"Feature","geometry":{"type":"Point","coordinates":[36.834311,-1.267006]},"properties":{"lines":"6, 116","color":"#0059a9","mode":"bus","arr":["6","116"],"angle":20}},{"type":"Feature","geometry":{"type":"Point","coordinates":[36.83354,-1.268155]},"properties":{"lines":"6, 0027, 116","color":"#0059a9","mode":"bus","arr":["6","0027","116"],"angle":-50.8,"side":-1}},{"type":"Feature","geometry":{"type":"Point","coordinates":[36.832707,-1.269398]},"properties":{"lines":"6, 100A, 120","color":"#0059a9","mode":"bus","arr":["6","100A","120"],"angle":45}},{"type":"Feature","geometry":{"type":"Point","coordinates":[36.83589,-1.270297]},"properties":{"lines":"6, 11C, 46H, 100, 100A","color":"#0059a9","mode":"bus","arr":["6","11C","46H","100","100A"],"angle":5.8}},{"type":"Feature","geometry":{"type":"Point","coordinates":[36.85188,-1.287942]},"properties":{"lines":"6E","color":"#0059a9","mode":"bus","arr":["6E"],"angle":84.1}},{"type":"Feature","geometry":{"type":"Point","coordinates":[36.851321,-1.283767]},"properties":{"lines":"6E","color":"#0059a9","mode":"bus","arr":["6E"],"angle":77.5,"extra":1,"ei":0}},{"type":"Feature","geometry":{"type":"Point","coordinates":[36.851663,-1.285623]},"properties":{"lines":"6E","color":"#0059a9","mode":"bus","arr":["6E"],"angle":83.5,"extra":1,"ei":1}},{"type":"Feature","geometry":{"type":"Point","coordinates":[36.852207,-1.289349]},"properties":{"lines":"6E","color":"#0059a9","mode":"bus","arr":["6E"],"angle":73,"extra":1,"ei":2}},{"type":"Feature","geometry":{"type":"Point","coordinates":[36.852612,-1.291184]},"properties":{"lines":"6E","color":"#0059a9","mode":"bus","arr":["6E"],"angle":-87,"extra":1,"ei":3,"side":-1}},{"type":"Feature","geometry":{"type":"Point","coordinates":[36.852226,-1.293588]},"properties":{"lines":"6E, 23KS","color":"#0059a9","mode":"bus","arr":["6E","23KS"],"angle":-79.9,"side":-1}},{"type":"Feature","geometry":{"type":"Point","coordinates":[36.852676,-1.294379]},"properties":{"lines":"6E, 10, 19Cdc, 33DP, 33GTB, 34B, 34J, 35/60, 36, 38/39, 39SK, 58, 70/71, 1960, 1961K","color":"#0059a9","mode":"bus","arr":["6E","10","19Cdc","33DP","33GTB","34B","34J","35/60","36","38/39","39SK","58","70/71","1960","1961K"],"angle":26.3}},{"type":"Feature","geometry":{"type":"Point","coordinates":[36.854472,-1.294826]},"properties":{"lines":"10, 19Cdc, 33DP, 33GTB, 34B, 34J, 35/60, 36, 38/39, 39SK, 58, 70/71, 1960, 1961K","color":"#0059a9","mode":"bus","arr":["10","19Cdc","33DP","33GTB","34B","34J","35/60","36","38/39","39SK","58","70/71","1960","1961K"],"angle":11.5}},{"type":"Feature","geometry":{"type":"Point","coordinates":[36.855721,-1.294977]},"properties":{"lines":"10, 19Cdc, 33DP, 33GTB, 34B, 34J, 35/60, 36, 38/39, 39SK, 58, 70/71, 1960, 1961K","color":"#0059a9","mode":"bus","arr":["10","19Cdc","33DP","33GTB","34B","34J","35/60","36","38/39","39SK","58","70/71","1960","1961K"],"angle":13.9,"extra":1,"ei":0}},{"type":"Feature","geometry":{"type":"Point","coordinates":[36.852008,-1.294414]},"properties":{"lines":"6E, 10, 19Cdc, 23KS, 33DP, 33GTB, 33TP, 34B, 34J, 35/60, 36, 38/39, 39SK, 58, 70/71, 1960, 1961K","color":"#0059a9","mode":"bus","arr":["6E","10","19Cdc","23KS","33DP","33GTB","33TP","34B","34J","35/60","36","38/39","39SK","58","70/71","1960","1961K"],"angle":11.6}},{"type":"Feature","geometry":{"type":"Point","coordinates":[36.831674,-1.282691]},"properties":{"lines":"7, 14, 16/62, 0027, 32D, 45G, 100, 120, 121","color":"#0059a9","mode":"bus","arr":["7","14","16/62","0027","32D","45G","100","120","121"],"angle":-71.6,"side":-1}},{"type":"Feature","geometry":{"type":"Point","coordinates":[36.831087,-1.284576]},"properties":{"lines":"7, 14, 16/62, 32D, 45G, 100, 120, 121","color":"#0059a9","mode":"bus","arr":["7","14","16/62","32D","45G","100","120","121"],"angle":-71.9}},{"type":"Feature","geometry":{"type":"Point","coordinates":[36.830688,-1.285907]},"properties":{"lines":"7, 11, 12C, 12D, 14, 16/62, 19Cdc, 33TP, 34B, 34J, 35/60, 39SK, 43, 45G, 58, 100, 120, 121, 135","color":"#0059a9","mode":"bus","arr":["7","11","12C","12D","14","16/62","19Cdc","33TP","34B","34J","35/60","39SK","43","45G","58","100","120","121","135"],"angle":-72.5}},{"type":"Feature","geometry":{"type":"Point","coordinates":[36.829944,-1.286472]},"properties":{"lines":"7, 11, 12C, 12D, 14, 14A, 14B, 15, 16, 16/62, 19Cdc, 33MKR, 33NG, 33TP, 34B, 34J, 35/60, 39SK, 43, 45G, 58, 135","color":"#0059a9","mode":"bus","arr":["7","11","12C","12D","14","14A","14B","15","16","16/62","19Cdc","33MKR","33NG","33TP","34B","34J","35/60","39SK","43","45G","58","135"],"angle":19.5,"side":-1}},{"type":"Feature","geometry":{"type":"Point","coordinates":[36.829127,-1.285943]},"properties":{"lines":"7, 14, 19Cdc, 33TP, 34B, 34J, 35/60, 39SK, 45G, 58, 135","color":"#0059a9","mode":"bus","arr":["7","14","19Cdc","33TP","34B","34J","35/60","39SK","45G","58","135"],"angle":65.2}},{"type":"Feature","geometry":{"type":"Point","coordinates":[36.828479,-1.28546]},"properties":{"lines":"7, 19Cdc, 34B, 34J, 35/60, 39SK, 58, 135","color":"#0059a9","mode":"bus","arr":["7","19Cdc","34B","34J","35/60","39SK","58","135"],"angle":-27.1,"side":-1}},{"type":"Feature","geometry":{"type":"Point","coordinates":[36.827847,-1.285764]},"properties":{"lines":"7, 19Cdc, 34B, 34J, 35/60, 39SK, 46B, 58, 135","color":"#0059a9","mode":"bus","arr":["7","19Cdc","34B","34J","35/60","39SK","46B","58","135"],"angle":-25.7,"side":-1}},{"type":"Feature","geometry":{"type":"Point","coordinates":[36.827199,-1.285267]},"properties":{"lines":"7","color":"#0059a9","mode":"bus","arr":["7"],"angle":62.1,"mi":1}},{"type":"Feature","geometry":{"type":"Point","coordinates":[36.827359,-1.284431]},"properties":{"lines":"7","color":"#0059a9","mode":"bus","arr":["7"],"angle":-26.6}},{"type":"Feature","geometry":{"type":"Point","coordinates":[36.828405,-1.283921]},"properties":{"lines":"7, 145, 237","color":"#0059a9","mode":"bus","arr":["7","145","237"],"angle":-27.7}},{"type":"Feature","geometry":{"type":"Point","coordinates":[36.829665,-1.284023]},"properties":{"lines":"7","color":"#0059a9","mode":"bus","arr":["7"],"angle":33.3,"mi":2}},{"type":"Feature","geometry":{"type":"Point","coordinates":[36.830737,-1.28428]},"properties":{"lines":"7, 14, 45G, 46B, 46H","color":"#0059a9","mode":"bus","arr":["7","14","45G","46B","46H"],"angle":-26.9}},{"type":"Feature","geometry":{"type":"Point","coordinates":[36.831664,-1.282481]},"properties":{"lines":"7, 14, 45G, 46B, 46H","color":"#0059a9","mode":"bus","arr":["7","14","45G","46B","46H"],"angle":-72.9,"mi":1}},{"type":"Feature","geometry":{"type":"Point","coordinates":[36.808736,-1.301563]},"properties":{"lines":"7C","color":"#0059a9","mode":"bus","arr":["7C"],"angle":89.8,"side":-1,"mi":7}},{"type":"Feature","geometry":{"type":"Point","coordinates":[36.808754,-1.300198]},"properties":{"lines":"7C","color":"#0059a9","mode":"bus","arr":["7C"],"angle":-89,"mi":6}},{"type":"Feature","geometry":{"type":"Point","coordinates":[36.810981,-1.298974]},"properties":{"lines":"7C","color":"#0059a9","mode":"bus","arr":["7C"],"angle":-15.5,"mi":4}},{"type":"Feature","geometry":{"type":"Point","coordinates":[36.813873,-1.298031]},"properties":{"lines":"7C","color":"#0059a9","mode":"bus","arr":["7C"],"angle":-18.3}},{"type":"Feature","geometry":{"type":"Point","coordinates":[36.809675,-1.299351]},"properties":{"lines":"7C","color":"#0059a9","mode":"bus","arr":["7C"],"angle":-15.4,"extra":1,"ei":0}},{"type":"Feature","geometry":{"type":"Point","coordinates":[36.810983,-1.297212]},"properties":{"lines":"7C","color":"#0059a9","mode":"bus","arr":["7C"],"angle":-88.4,"mi":5}},{"type":"Feature","geometry":{"type":"Point","coordinates":[36.809977,-1.295287]},"properties":{"lines":"7C, 32A","color":"#0059a9","mode":"bus","arr":["7C","32A"],"angle":87.1,"side":-1}},{"type":"Feature","geometry":{"type":"Point","coordinates":[36.811904,-1.293664]},"properties":{"lines":"7C, 24C, 32A","color":"#0059a9","mode":"bus","arr":["7C","24C","32A"],"angle":-50.5}},{"type":"Feature","geometry":{"type":"Point","coordinates":[36.814703,-1.297851]},"properties":{"lines":"7C","color":"#0059a9","mode":"bus","arr":["7C"],"angle":-17.3,"mi":2}},{"type":"Feature","geometry":{"type":"Point","coordinates":[36.819806,-1.301216]},"properties":{"lines":"7C","color":"#0059a9","mode":"bus","arr":["7C"],"angle":62.7,"mi":9}},{"type":"Feature","geometry":{"type":"Point","coordinates":[36.819727,-1.301304]},"properties":{"lines":"7C","color":"#0059a9","mode":"bus","arr":["7C"],"angle":61.9,"side":-1,"mi":8}},{"type":"Feature","geometry":{"type":"Point","coordinates":[36.815761,-1.299831]},"properties":{"lines":"7C","color":"#0059a9","mode":"bus","arr":["7C"],"angle":72.7,"mi":1}},{"type":"Feature","geometry":{"type":"Point","coordinates":[36.815385,-1.298631]},"properties":{"lines":"7C","color":"#0059a9","mode":"bus","arr":["7C"],"angle":72.7,"extra":1,"ei":0}},{"type":"Feature","geometry":{"type":"Point","coordinates":[36.815644,-1.302214]},"properties":{"lines":"7C","color":"#0059a9","mode":"bus","arr":["7C"],"angle":-18.7,"mi":3}},{"type":"Feature","geometry":{"type":"Point","coordinates":[36.817424,-1.301568]},"properties":{"lines":"7C","color":"#0059a9","mode":"bus","arr":["7C"],"angle":-17,"extra":1,"ei":0}},{"type":"Feature","geometry":{"type":"Point","coordinates":[36.819215,-1.300972]},"properties":{"lines":"7C","color":"#0059a9","mode":"bus","arr":["7C"],"angle":-22.2,"extra":1,"ei":1}},{"type":"Feature","geometry":{"type":"Point","coordinates":[36.813296,-1.303042]},"properties":{"lines":"7C","color":"#0059a9","mode":"bus","arr":["7C"],"angle":8.1,"extra":1,"ei":0}},{"type":"Feature","geometry":{"type":"Point","coordinates":[36.810198,-1.302959]},"properties":{"lines":"7C, 32A","color":"#0059a9","mode":"bus","arr":["7C","32A"],"angle":-10.5,"side":-1,"mi":1}},{"type":"Feature","geometry":{"type":"Point","coordinates":[36.781831,-1.30812]},"properties":{"lines":"8, 32A","color":"#0059a9","mode":"bus","arr":["8","32A"],"angle":-50.1,"mi":4}},{"type":"Feature","geometry":{"type":"Point","coordinates":[36.776636,-1.311338]},"properties":{"lines":"8, 32A","color":"#0059a9","mode":"bus","arr":["8","32A"],"angle":35.1,"extra":1,"ei":0}},{"type":"Feature","geometry":{"type":"Point","coordinates":[36.778301,-1.311495]},"properties":{"lines":"8, 32A","color":"#0059a9","mode":"bus","arr":["8","32A"],"angle":-38.3,"extra":1,"ei":1}},{"type":"Feature","geometry":{"type":"Point","coordinates":[36.779791,-1.310336]},"properties":{"lines":"8, 32A","color":"#0059a9","mode":"bus","arr":["8","32A"],"angle":-43.9,"extra":1,"ei":2}},{"type":"Feature","geometry":{"type":"Point","coordinates":[36.783761,-1.306362]},"properties":{"lines":"8, 32A","color":"#0059a9","mode":"bus","arr":["8","32A"],"angle":-31.4,"extra":1,"ei":3}},{"type":"Feature","geometry":{"type":"Point","coordinates":[36.785519,-1.305798]},"properties":{"lines":"8, 32A","color":"#0059a9","mode":"bus","arr":["8","32A"],"angle":9.9,"extra":1,"ei":4}},{"type":"Feature","geometry":{"type":"Point","coordinates":[36.787289,-1.306067]},"properties":{"lines":"8, 32A","color":"#0059a9","mode":"bus","arr":["8","32A"],"angle":-37.4,"extra":1,"ei":5}},{"type":"Feature","geometry":{"type":"Point","coordinates":[36.78811,-1.304728]},"properties":{"lines":"8, 32A","color":"#0059a9","mode":"bus","arr":["8","32A"],"angle":-40.6,"mi":1}},{"type":"Feature","geometry":{"type":"Point","coordinates":[36.788148,-1.303597]},"properties":{"lines":"8, 32A","color":"#0059a9","mode":"bus","arr":["8","32A"],"angle":90,"side":-1}},{"type":"Feature","geometry":{"type":"Point","coordinates":[36.788247,-1.301186]},"properties":{"lines":"8","color":"#0059a9","mode":"bus","arr":["8"],"angle":87.5}},{"type":"Feature","geometry":{"type":"Point","coordinates":[36.78815,-1.299871]},"properties":{"lines":"8","color":"#0059a9","mode":"bus","arr":["8"],"angle":85.6,"extra":1,"ei":0}},{"type":"Feature","geometry":{"type":"Point","coordinates":[36.8231,-1.291469]},"properties":{"lines":"8, 12C, 12D, 14A, 14B, 15, 16, 24, 33C, 33FED, 33IMR, 33NG, 56, 110, 110ATH, 125, 126","color":"#0059a9","mode":"bus","arr":["8","12C","12D","14A","14B","15","16","24","33C","33FED","33IMR","33NG","56","110","110ATH","125","126"],"angle":-27.1}},{"type":"Feature","geometry":{"type":"Point","coordinates":[36.791532,-1.301229]},"properties":{"lines":"8, 32A","color":"#0059a9","mode":"bus","arr":["8","32A"],"angle":-3,"mi":3}},{"type":"Feature","geometry":{"type":"Point","coordinates":[36.792798,-1.300425]},"properties":{"lines":"8, 32A","color":"#0059a9","mode":"bus","arr":["8","32A"],"angle":76.7,"extra":1,"ei":0}},{"type":"Feature","geometry":{"type":"Point","coordinates":[36.790012,-1.301916]},"properties":{"lines":"8, 32A","color":"#0059a9","mode":"bus","arr":["8","32A"],"angle":-39.9,"extra":1,"ei":1}},{"type":"Feature","geometry":{"type":"Point","coordinates":[36.78889,-1.302894]},"properties":{"lines":"8, 32A","color":"#0059a9","mode":"bus","arr":["8","32A"],"angle":-41,"mi":2}},{"type":"Feature","geometry":{"type":"Point","coordinates":[36.788463,-1.303258]},"properties":{"lines":"8","color":"#0059a9","mode":"bus","arr":["8"],"angle":-42.2,"side":-1,"mi":1}},{"type":"Feature","geometry":{"type":"Point","coordinates":[36.871085,-1.292007]},"properties":{"lines":"10, 26","color":"#0059a9","mode":"bus","arr":["10","26"],"angle":-25.4,"mi":2}},{"type":"Feature","geometry":{"type":"Point","coordinates":[36.872895,-1.291022]},"properties":{"lines":"10, 26","color":"#0059a9","mode":"bus","arr":["10","26"],"angle":-28,"extra":1,"ei":0}},{"type":"Feature","geometry":{"type":"Point","coordinates":[36.86941,-1.29225]},"properties":{"lines":"10, 26","color":"#0059a9","mode":"bus","arr":["10","26"],"angle":3.9,"extra":1,"ei":1}},{"type":"Feature","geometry":{"type":"Point","coordinates":[36.868084,-1.292643]},"properties":{"lines":"10, 26, 26S","color":"#0059a9","mode":"bus","arr":["10","26","26S"],"angle":-84.9,"mi":1}},{"type":"Feature","geometry":{"type":"Point","coordinates":[36.86758,-1.293099]},"properties":{"lines":"10, 26, 26S","color":"#0059a9","mode":"bus","arr":["10","26","26S"],"angle":2.8}},{"type":"Feature","geometry":{"type":"Point","coordinates":[36.864892,-1.293419]},"properties":{"lines":"10, 26","color":"#0059a9","mode":"bus","arr":["10","26"],"angle":-10.2}},{"type":"Feature","geometry":{"type":"Point","coordinates":[36.863518,-1.293354]},"properties":{"lines":"10, 26","color":"#0059a9","mode":"bus","arr":["10","26"],"angle":3.7,"extra":1,"ei":0}},{"type":"Feature","geometry":{"type":"Point","coordinates":[36.862355,-1.294774]},"properties":{"lines":"10, 26","color":"#0059a9","mode":"bus","arr":["10","26"],"angle":-78.7,"mi":1}},{"type":"Feature","geometry":{"type":"Point","coordinates":[36.862563,-1.293453]},"properties":{"lines":"10, 26","color":"#0059a9","mode":"bus","arr":["10","26"],"angle":-85.5,"extra":1,"ei":0}},{"type":"Feature","geometry":{"type":"Point","coordinates":[36.862557,-1.296461]},"properties":{"lines":"10, 19Cdc, 26, 33DP, 33GTB, 34B, 34J, 35/60, 36, 38/39, 39SK, 58, 1960, 1961K","color":"#0059a9","mode":"bus","arr":["10","19Cdc","26","33DP","33GTB","34B","34J","35/60","36","38/39","39SK","58","1960","1961K"],"angle":10.7}},{"type":"Feature","geometry":{"type":"Point","coordinates":[36.859477,-1.295992]},"properties":{"lines":"10, 19Cdc, 33DP, 33GTB, 33TP, 34B, 34J, 35/60, 36, 38/39, 39SK, 58, 1960, 1961K","color":"#0059a9","mode":"bus","arr":["10","19Cdc","33DP","33GTB","33TP","34B","34J","35/60","36","38/39","39SK","58","1960","1961K"],"angle":11.6,"side":-1}},{"type":"Feature","geometry":{"type":"Point","coordinates":[36.862118,-1.296531]},"properties":{"lines":"10, 19Cdc, 33DP, 33GTB, 33TP, 34B, 34J, 35/60, 36, 38/39, 39SK, 58, 1960, 1961K","color":"#0059a9","mode":"bus","arr":["10","19Cdc","33DP","33GTB","33TP","34B","34J","35/60","36","38/39","39SK","58","1960","1961K"],"angle":11.5,"extra":1,"ei":0,"side":-1}},{"type":"Feature","geometry":{"type":"Point","coordinates":[36.85657,-1.295375]},"properties":{"lines":"10, 19Cdc, 33DP, 33GTB, 33TP, 34B, 34J, 35/60, 36, 38/39, 39SK, 58, 1960, 1961K","color":"#0059a9","mode":"bus","arr":["10","19Cdc","33DP","33GTB","33TP","34B","34J","35/60","36","38/39","39SK","58","1960","1961K"],"angle":12.2,"extra":1,"ei":1,"side":-1}},{"type":"Feature","geometry":{"type":"Point","coordinates":[36.853866,-1.294823]},"properties":{"lines":"10, 19Cdc, 33DP, 33GTB, 33TP, 34B, 34J, 35/60, 36, 38/39, 39SK, 58, 70/71, 1960, 1961K","color":"#0059a9","mode":"bus","arr":["10","19Cdc","33DP","33GTB","33TP","34B","34J","35/60","36","38/39","39SK","58","70/71","1960","1961K"],"angle":11.9,"side":-1}},{"type":"Feature","geometry":{"type":"Point","coordinates":[36.852645,-1.294552]},"properties":{"lines":"10, 19Cdc, 33DP, 33GTB, 33TP, 34B, 34J, 35/60, 36, 38/39, 39SK, 58, 70/71, 1960, 1961K","color":"#0059a9","mode":"bus","arr":["10","19Cdc","33DP","33GTB","33TP","34B","34J","35/60","36","38/39","39SK","58","70/71","1960","1961K"],"angle":13.6,"extra":1,"ei":0,"side":-1}},{"type":"Feature","geometry":{"type":"Point","coordinates":[36.846484,-1.293191]},"properties":{"lines":"10, 19Cdc, 23KS, 33DP, 33GTB, 33TP, 34B, 34J, 35/60, 36, 38/39, 39SK, 58, 70/71, 1960, 1961K","color":"#0059a9","mode":"bus","arr":["10","19Cdc","23KS","33DP","33GTB","33TP","34B","34J","35/60","36","38/39","39SK","58","70/71","1960","1961K"],"angle":12.6,"side":-1}},{"type":"Feature","geometry":{"type":"Point","coordinates":[36.850777,-1.294131]},"properties":{"lines":"10, 19Cdc, 23KS, 33DP, 33GTB, 33TP, 34B, 34J, 35/60, 36, 38/39, 39SK, 58, 70/71, 1960, 1961K","color":"#0059a9","mode":"bus","arr":["10","19Cdc","23KS","33DP","33GTB","33TP","34B","34J","35/60","36","38/39","39SK","58","70/71","1960","1961K"],"angle":12,"extra":1,"ei":0,"side":-1}},{"type":"Feature","geometry":{"type":"Point","coordinates":[36.848931,-1.293731]},"properties":{"lines":"10, 19Cdc, 23KS, 33DP, 33GTB, 33TP, 34B, 34J, 35/60, 36, 38/39, 39SK, 58, 70/71, 1960, 1961K","color":"#0059a9","mode":"bus","arr":["10","19Cdc","23KS","33DP","33GTB","33TP","34B","34J","35/60","36","38/39","39SK","58","70/71","1960","1961K"],"angle":12.2,"extra":1,"ei":1,"side":-1}},{"type":"Feature","geometry":{"type":"Point","coordinates":[36.845242,-1.292916]},"properties":{"lines":"10, 19Cdc, 23KS, 33DP, 33GTB, 33TP, 34B, 34J, 35/60, 36, 38/39, 39SK, 58, 70/71, 1960, 1961K","color":"#0059a9","mode":"bus","arr":["10","19Cdc","23KS","33DP","33GTB","33TP","34B","34J","35/60","36","38/39","39SK","58","70/71","1960","1961K"],"angle":12.5,"extra":1,"ei":2,"side":-1}},{"type":"Feature","geometry":{"type":"Point","coordinates":[36.843398,-1.292508]},"properties":{"lines":"10, 19Cdc, 23KS, 33DP, 33GTB, 33TP, 34B, 34J, 35/60, 36, 38/39, 39SK, 58, 70/71, 1960, 1961K","color":"#0059a9","mode":"bus","arr":["10","19Cdc","23KS","33DP","33GTB","33TP","34B","34J","35/60","36","38/39","39SK","58","70/71","1960","1961K"],"angle":12.7,"extra":1,"ei":3,"side":-1}},{"type":"Feature","geometry":{"type":"Point","coordinates":[36.841553,-1.292105]},"properties":{"lines":"10, 19Cdc, 23KS, 33DP, 33GTB, 33TP, 34B, 34J, 35/60, 36, 38/39, 39SK, 58, 70/71, 1960, 1961K","color":"#0059a9","mode":"bus","arr":["10","19Cdc","23KS","33DP","33GTB","33TP","34B","34J","35/60","36","38/39","39SK","58","70/71","1960","1961K"],"angle":3.9,"extra":1,"ei":4,"side":-1}},{"type":"Feature","geometry":{"type":"Point","coordinates":[36.837384,-1.289736]},"properties":{"lines":"10, 33DP, 38/39, 69, 70/71","color":"#0059a9","mode":"bus","arr":["10","33DP","38/39","69","70/71"],"angle":42.1}},{"type":"Feature","geometry":{"type":"Point","coordinates":[36.834558,-1.288667]},"properties":{"lines":"10, 33DP, 38/39, 69, 70/71","color":"#0059a9","mode":"bus","arr":["10","33DP","38/39","69","70/71"],"angle":-2,"extra":1,"ei":0}},{"type":"Feature","geometry":{"type":"Point","coordinates":[36.836402,-1.289017]},"properties":{"lines":"10, 33DP, 38/39, 69, 70/71","color":"#0059a9","mode":"bus","arr":["10","33DP","38/39","69","70/71"],"angle":25,"extra":1,"ei":1}},{"type":"Feature","geometry":{"type":"Point","coordinates":[36.839356,-1.291354]},"properties":{"lines":"10, 33DP, 38/39, 69, 70/71","color":"#0059a9","mode":"bus","arr":["10","33DP","38/39","69","70/71"],"angle":30.5,"extra":1,"ei":2}},{"type":"Feature","geometry":{"type":"Point","coordinates":[36.846485,-1.29304]},"properties":{"lines":"10, 19Cdc, 23KS, 33DP, 33GTB, 34B, 34J, 35/60, 36, 38/39, 39SK, 58, 70/71, 1960, 1961K","color":"#0059a9","mode":"bus","arr":["10","19Cdc","23KS","33DP","33GTB","34B","34J","35/60","36","38/39","39SK","58","70/71","1960","1961K"],"angle":12.7}},{"type":"Feature","geometry":{"type":"Point","coordinates":[36.842206,-1.292092]},"properties":{"lines":"10, 19Cdc, 23KS, 33DP, 33GTB, 34B, 34J, 35/60, 36, 38/39, 39SK, 58, 70/71, 1960, 1961K","color":"#0059a9","mode":"bus","arr":["10","19Cdc","23KS","33DP","33GTB","34B","34J","35/60","36","38/39","39SK","58","70/71","1960","1961K"],"angle":12,"extra":1,"ei":0}},{"type":"Feature","geometry":{"type":"Point","coordinates":[36.844049,-1.292507]},"properties":{"lines":"10, 19Cdc, 23KS, 33DP, 33GTB, 34B, 34J, 35/60, 36, 38/39, 39SK, 58, 70/71, 1960, 1961K","color":"#0059a9","mode":"bus","arr":["10","19Cdc","23KS","33DP","33GTB","34B","34J","35/60","36","38/39","39SK","58","70/71","1960","1961K"],"angle":12.5,"extra":1,"ei":1}},{"type":"Feature","geometry":{"type":"Point","coordinates":[36.847741,-1.293311]},"properties":{"lines":"10, 19Cdc, 23KS, 33DP, 33GTB, 34B, 34J, 35/60, 36, 38/39, 39SK, 58, 70/71, 1960, 1961K","color":"#0059a9","mode":"bus","arr":["10","19Cdc","23KS","33DP","33GTB","34B","34J","35/60","36","38/39","39SK","58","70/71","1960","1961K"],"angle":12.1,"extra":1,"ei":2}},{"type":"Feature","geometry":{"type":"Point","coordinates":[36.849585,-1.29372]},"properties":{"lines":"10, 19Cdc, 23KS, 33DP, 33GTB, 34B, 34J, 35/60, 36, 38/39, 39SK, 58, 70/71, 1960, 1961K","color":"#0059a9","mode":"bus","arr":["10","19Cdc","23KS","33DP","33GTB","34B","34J","35/60","36","38/39","39SK","58","70/71","1960","1961K"],"angle":12.4,"extra":1,"ei":3}},{"type":"Feature","geometry":{"type":"Point","coordinates":[36.851435,-1.294094]},"properties":{"lines":"10, 19Cdc, 23KS, 33DP, 33GTB, 34B, 34J, 35/60, 36, 38/39, 39SK, 58, 70/71, 1960, 1961K","color":"#0059a9","mode":"bus","arr":["10","19Cdc","23KS","33DP","33GTB","34B","34J","35/60","36","38/39","39SK","58","70/71","1960","1961K"],"angle":3,"extra":1,"ei":4}},{"type":"Feature","geometry":{"type":"Point","coordinates":[36.859013,-1.295745]},"properties":{"lines":"10, 19Cdc, 33DP, 33GTB, 34B, 34J, 35/60, 36, 38/39, 39SK, 58, 1960, 1961K","color":"#0059a9","mode":"bus","arr":["10","19Cdc","33DP","33GTB","34B","34J","35/60","36","38/39","39SK","58","1960","1961K"],"angle":11.1}},{"type":"Feature","geometry":{"type":"Point","coordinates":[36.856923,-1.295322]},"properties":{"lines":"10, 19Cdc, 33DP, 33GTB, 34B, 34J, 35/60, 36, 38/39, 39SK, 58, 1960, 1961K","color":"#0059a9","mode":"bus","arr":["10","19Cdc","33DP","33GTB","34B","34J","35/60","36","38/39","39SK","58","1960","1961K"],"angle":11.3,"extra":1,"ei":0}},{"type":"Feature","geometry":{"type":"Point","coordinates":[36.860622,-1.296089]},"properties":{"lines":"10, 19Cdc, 33DP, 33GTB, 34B, 34J, 35/60, 36, 38/39, 39SK, 58, 1960, 1961K","color":"#0059a9","mode":"bus","arr":["10","19Cdc","33DP","33GTB","34B","34J","35/60","36","38/39","39SK","58","1960","1961K"],"angle":12.2,"extra":1,"ei":1}},{"type":"Feature","geometry":{"type":"Point","coordinates":[36.845554,-1.318352]},"properties":{"lines":"11","color":"#0059a9","mode":"bus","arr":["11"],"angle":-11.9,"mi":7}},{"type":"Feature","geometry":{"type":"Point","coordinates":[36.848309,-1.316581]},"properties":{"lines":"11","color":"#0059a9","mode":"bus","arr":["11"],"angle":-70.7,"extra":1,"ei":0}},{"type":"Feature","geometry":{"type":"Point","coordinates":[36.847063,-1.317948]},"properties":{"lines":"11","color":"#0059a9","mode":"bus","arr":["11"],"angle":-23.7,"extra":1,"ei":1}},{"type":"Feature","geometry":{"type":"Point","coordinates":[36.843524,-1.319104]},"properties":{"lines":"11","color":"#0059a9","mode":"bus","arr":["11"],"angle":-38.9,"extra":1,"ei":2}},{"type":"Feature","geometry":{"type":"Point","coordinates":[36.841778,-1.319777]},"properties":{"lines":"11","color":"#0059a9","mode":"bus","arr":["11"],"angle":-16.7,"extra":1,"ei":3}},{"type":"Feature","geometry":{"type":"Point","coordinates":[36.841206,-1.319295]},"properties":{"lines":"11","color":"#0059a9","mode":"bus","arr":["11"],"angle":62.8,"mi":6}},{"type":"Feature","geometry":{"type":"Point","coordinates":[36.838631,-1.318119]},"properties":{"lines":"11","color":"#0059a9","mode":"bus","arr":["11"],"angle":-81.3,"mi":3}},{"type":"Feature","geometry":{"type":"Point","coordinates":[36.839732,-1.318685]},"properties":{"lines":"11","color":"#0059a9","mode":"bus","arr":["11"],"angle":26.9,"mi":5}},{"type":"Feature","geometry":{"type":"Point","coordinates":[36.838268,-1.314021]},"properties":{"lines":"11","color":"#0059a9","mode":"bus","arr":["11"],"angle":-89.9,"mi":1}},{"type":"Feature","geometry":{"type":"Point","coordinates":[36.838596,-1.316978]},"properties":{"lines":"11","color":"#0059a9","mode":"bus","arr":["11"],"angle":76,"extra":1,"ei":0}},{"type":"Feature","geometry":{"type":"Point","coordinates":[36.838285,-1.311358]},"properties":{"lines":"11","color":"#0059a9","mode":"bus","arr":["11"],"angle":71.5,"extra":1,"ei":1}},{"type":"Feature","geometry":{"type":"Point","coordinates":[36.835631,-1.310718]},"properties":{"lines":"11","color":"#0059a9","mode":"bus","arr":["11"],"angle":-0.1}},{"type":"Feature","geometry":{"type":"Point","coordinates":[36.833633,-1.307919]},"properties":{"lines":"11","color":"#0059a9","mode":"bus","arr":["11"],"angle":73.9,"mi":2}},{"type":"Feature","geometry":{"type":"Point","coordinates":[36.83373,-1.309772]},"properties":{"lines":"11","color":"#0059a9","mode":"bus","arr":["11"],"angle":-89.9,"extra":1,"ei":0}},{"type":"Feature","geometry":{"type":"Point","coordinates":[36.83302,-1.306107]},"properties":{"lines":"11","color":"#0059a9","mode":"bus","arr":["11"],"angle":74.8,"extra":1,"ei":1}},{"type":"Feature","geometry":{"type":"Point","coordinates":[36.830225,-1.300182]},"properties":{"lines":"11","color":"#0059a9","mode":"bus","arr":["11"],"angle":63.2,"mi":8}},{"type":"Feature","geometry":{"type":"Point","coordinates":[36.832187,-1.304025]},"properties":{"lines":"11","color":"#0059a9","mode":"bus","arr":["11"],"angle":63.3,"mi":4}},{"type":"Feature","geometry":{"type":"Point","coordinates":[36.829601,-1.298916]},"properties":{"lines":"11","color":"#0059a9","mode":"bus","arr":["11"],"angle":65.2,"extra":1,"ei":0}},{"type":"Feature","geometry":{"type":"Point","coordinates":[36.83401,-1.301018]},"properties":{"lines":"11, 405","color":"#0059a9","mode":"bus","arr":["11","405"],"angle":-26}},{"type":"Feature","geometry":{"type":"Point","coordinates":[36.832256,-1.301881]},"properties":{"lines":"11, 405","color":"#0059a9","mode":"bus","arr":["11","405"],"angle":-26.5,"extra":1,"ei":0}},{"type":"Feature","geometry":{"type":"Point","coordinates":[36.835648,-1.300217]},"properties":{"lines":"11, 405","color":"#0059a9","mode":"bus","arr":["11","405"],"angle":-27.4,"extra":1,"ei":1}},{"type":"Feature","geometry":{"type":"Point","coordinates":[36.838625,-1.297228]},"properties":{"lines":"11, 69, 405","color":"#0059a9","mode":"bus","arr":["11","69","405"],"angle":-52.1,"mi":1}},{"type":"Feature","geometry":{"type":"Point","coordinates":[36.84063,-1.294038]},"properties":{"lines":"11, 69, 405","color":"#0059a9","mode":"bus","arr":["11","69","405"],"angle":-78.7}},{"type":"Feature","geometry":{"type":"Point","coordinates":[36.837477,-1.298698]},"properties":{"lines":"11, 69, 405","color":"#0059a9","mode":"bus","arr":["11","69","405"],"angle":-52.4,"extra":1,"ei":0}},{"type":"Feature","geometry":{"type":"Point","coordinates":[36.839798,-1.295717]},"properties":{"lines":"11, 69, 405","color":"#0059a9","mode":"bus","arr":["11","69","405"],"angle":-52.1,"extra":1,"ei":1}},{"type":"Feature","geometry":{"type":"Point","coordinates":[36.840829,-1.292751]},"properties":{"lines":"11, 69","color":"#0059a9","mode":"bus","arr":["11","69"],"angle":-82.5}},{"type":"Feature","geometry":{"type":"Point","coordinates":[36.840403,-1.289176]},"properties":{"lines":"11, 19Cdc, 23KS, 33GTB, 33TP, 34B, 34J, 35/60, 39SK, 58, 1960, 1961K","color":"#0059a9","mode":"bus","arr":["11","19Cdc","23KS","33GTB","33TP","34B","34J","35/60","39SK","58","1960","1961K"],"angle":25.5,"side":-1,"mi":2}},{"type":"Feature","geometry":{"type":"Point","coordinates":[36.841156,-1.290659]},"properties":{"lines":"11, 19Cdc, 23KS, 33GTB, 33TP, 34B, 34J, 35/60, 39SK, 58, 1960, 1961K","color":"#0059a9","mode":"bus","arr":["11","19Cdc","23KS","33GTB","33TP","34B","34J","35/60","39SK","58","1960","1961K"],"angle":-77.6,"extra":1,"ei":0}},{"type":"Feature","geometry":{"type":"Point","coordinates":[36.838735,-1.288352]},"properties":{"lines":"11, 19Cdc, 23KS, 33GTB, 33TP, 34B, 34J, 35/60, 39SK, 58, 1960, 1961K","color":"#0059a9","mode":"bus","arr":["11","19Cdc","23KS","33GTB","33TP","34B","34J","35/60","39SK","58","1960","1961K"],"angle":29.9,"extra":1,"ei":1,"side":-1}},{"type":"Feature","geometry":{"type":"Point","coordinates":[36.835766,-1.286853]},"properties":{"lines":"11, 19Cdc, 23KS, 33GTB, 33TP, 34B, 34J, 35/60, 39SK, 58, 1960, 1961K","color":"#0059a9","mode":"bus","arr":["11","19Cdc","23KS","33GTB","33TP","34B","34J","35/60","39SK","58","1960","1961K"],"angle":21.9,"side":-1}},{"type":"Feature","geometry":{"type":"Point","coordinates":[36.837045,-1.287397]},"properties":{"lines":"11, 19Cdc, 23KS, 33GTB, 33TP, 34B, 34J, 35/60, 39SK, 58, 1960, 1961K","color":"#0059a9","mode":"bus","arr":["11","19Cdc","23KS","33GTB","33TP","34B","34J","35/60","39SK","58","1960","1961K"],"angle":27.3,"extra":1,"ei":0,"side":-1}},{"type":"Feature","geometry":{"type":"Point","coordinates":[36.833101,-1.285909]},"properties":{"lines":"11, 19Cdc, 23KS, 33GTB, 33TP, 34B, 34J, 35/60, 39SK, 58, 1960, 1961K","color":"#0059a9","mode":"bus","arr":["11","19Cdc","23KS","33GTB","33TP","34B","34J","35/60","39SK","58","1960","1961K"],"angle":9.7,"mi":1}},{"type":"Feature","geometry":{"type":"Point","coordinates":[36.831569,-1.285433]},"properties":{"lines":"11, 19Cdc, 0027, 33TP, 34B, 34J, 35/60, 39SK, 43, 58","color":"#0059a9","mode":"bus","arr":["11","19Cdc","0027","33TP","34B","34J","35/60","39SK","43","58"],"angle":32.9,"side":-1}},{"type":"Feature","geometry":{"type":"Point","coordinates":[36.829551,-1.286568]},"properties":{"lines":"11, 12C, 12D, 14A, 14B, 15, 16, 33MKR, 43","color":"#0059a9","mode":"bus","arr":["11","12C","12D","14A","14B","15","16","33MKR","43"],"angle":-75}},{"type":"Feature","geometry":{"type":"Point","coordinates":[36.827986,-1.287642]},"properties":{"lines":"11, 12C","color":"#0059a9","mode":"bus","arr":["11","12C"],"angle":-25}},{"type":"Feature","geometry":{"type":"Point","coordinates":[36.827953,-1.288285]},"properties":{"lines":"11, 19Cdc, 33B, 33FED, 33GTB, 33IMR, 33TP, 34B, 35/60, 39SK, 58","color":"#0059a9","mode":"bus","arr":["11","19Cdc","33B","33FED","33GTB","33IMR","33TP","34B","35/60","39SK","58"],"angle":61.3}},{"type":"Feature","geometry":{"type":"Point","coordinates":[36.828562,-1.288605]},"properties":{"lines":"11, 12D, 14A, 14B, 15, 16, 19Cdc, 23KS, 33B, 33FED, 33GTB, 33IMR, 33MKR, 33NG, 33TP, 34B, 34J, 35/60, 39SK, 58, 110, 110ATH","color":"#0059a9","mode":"bus","arr":["11","12D","14A","14B","15","16","19Cdc","23KS","33B","33FED","33GTB","33IMR","33MKR","33NG","33TP","34B","34J","35/60","39SK","58","110","110ATH"],"angle":-27.7}},{"type":"Feature","geometry":{"type":"Point","coordinates":[36.829495,-1.288123]},"properties":{"lines":"11, 14A, 14B, 15, 16, 19Cdc, 23KS, 33B, 33FED, 33GTB, 33IMR, 33MKR, 33NG, 33TP, 34B, 34J, 35/60, 39SK, 43, 58, 110, 110ATH","color":"#0059a9","mode":"bus","arr":["11","14A","14B","15","16","19Cdc","23KS","33B","33FED","33GTB","33IMR","33MKR","33NG","33TP","34B","34J","35/60","39SK","43","58","110","110ATH"],"angle":-27.4}},{"type":"Feature","geometry":{"type":"Point","coordinates":[36.829553,-1.288202]},"properties":{"lines":"11, 12C, 12D, 14A, 14B, 15, 16, 23KS, 33B, 33FED, 33GTB, 33IMR, 33MKR, 33NG, 33TP, 110, 110ATH","color":"#0059a9","mode":"bus","arr":["11","12C","12D","14A","14B","15","16","23KS","33B","33FED","33GTB","33IMR","33MKR","33NG","33TP","110","110ATH"],"angle":-27.9,"side":-1}},{"type":"Feature","geometry":{"type":"Point","coordinates":[36.827937,-1.289047]},"properties":{"lines":"11, 12C, 12D, 14A, 14B, 15, 16, 23KS, 33B, 33FED, 33GTB, 33IMR, 33MKR, 33NG, 33TP, 110, 110ATH","color":"#0059a9","mode":"bus","arr":["11","12C","12D","14A","14B","15","16","23KS","33B","33FED","33GTB","33IMR","33MKR","33NG","33TP","110","110ATH"],"angle":-28.6,"side":-1,"mi":1}},{"type":"Feature","geometry":{"type":"Point","coordinates":[36.828388,-1.288806]},"properties":{"lines":"11, 12C, 12D, 14A, 14B, 15, 16, 23KS, 33B, 33FED, 33GTB, 33MKR, 33NG, 33TP","color":"#0059a9","mode":"bus","arr":["11","12C","12D","14A","14B","15","16","23KS","33B","33FED","33GTB","33MKR","33NG","33TP"],"angle":-28.3,"side":-1}},{"type":"Feature","geometry":{"type":"Point","coordinates":[36.82076,-1.292889]},"properties":{"lines":"11, 12C, 12D, 14A, 14B, 15, 16, 24, 33B, 33C, 33FED, 33IMR, 33MKR, 33TP, 33UTW, 125, 126","color":"#0059a9","mode":"bus","arr":["11","12C","12D","14A","14B","15","16","24","33B","33C","33FED","33IMR","33MKR","33TP","33UTW","125","126"],"angle":-70.5}},{"type":"Feature","geometry":{"type":"Point","coordinates":[36.822717,-1.296472]},"properties":{"lines":"11, 12C, 12D, 14A, 14B, 15, 16, 24, 33B, 33C, 33FED, 33IMR, 33MKR, 33TP, 33UTW, 110, 110ATH, 125, 126","color":"#0059a9","mode":"bus","arr":["11","12C","12D","14A","14B","15","16","24","33B","33C","33FED","33IMR","33MKR","33TP","33UTW","110","110ATH","125","126"],"angle":58.1}},{"type":"Feature","geometry":{"type":"Point","coordinates":[36.821391,-1.294265]},"properties":{"lines":"11, 12C, 12D, 14A, 14B, 15, 16, 24, 33B, 33C, 33FED, 33IMR, 33MKR, 33TP, 33UTW, 110, 110ATH, 125, 126","color":"#0059a9","mode":"bus","arr":["11","12C","12D","14A","14B","15","16","24","33B","33C","33FED","33IMR","33MKR","33TP","33UTW","110","110ATH","125","126"],"angle":61,"extra":1,"ei":0}},{"type":"Feature","geometry":{"type":"Point","coordinates":[36.823332,-1.297505]},"properties":{"lines":"11, 12C, 12D, 14A, 14B, 15, 16, 24, 33B, 33C, 33FED, 33IMR, 33MKR, 33TP, 33UTW, 110, 110ATH, 125, 126","color":"#0059a9","mode":"bus","arr":["11","12C","12D","14A","14B","15","16","24","33B","33C","33FED","33IMR","33MKR","33TP","33UTW","110","110ATH","125","126"],"angle":60.5,"extra":1,"ei":1}},{"type":"Feature","geometry":{"type":"Point","coordinates":[36.824112,-1.299218]},"properties":{"lines":"11, 12C, 12D, 14A, 14B, 15, 16, 24, 33B, 33C, 33FED, 33IMR, 33MKR, 33TP, 33UTW, 110, 110ATH, 125, 126","color":"#0059a9","mode":"bus","arr":["11","12C","12D","14A","14B","15","16","24","33B","33C","33FED","33IMR","33MKR","33TP","33UTW","110","110ATH","125","126"],"angle":73.6,"extra":1,"ei":2}},{"type":"Feature","geometry":{"type":"Point","coordinates":[36.826688,-1.299069]},"properties":{"lines":"11","color":"#0059a9","mode":"bus","arr":["11"],"angle":-16.7,"mi":9}},{"type":"Feature","geometry":{"type":"Point","coordinates":[36.825236,-1.299442]},"properties":{"lines":"11","color":"#0059a9","mode":"bus","arr":["11"],"angle":-12.7,"extra":1,"ei":0}},{"type":"Feature","geometry":{"type":"Point","coordinates":[36.828735,-1.298077]},"properties":{"lines":"11","color":"#0059a9","mode":"bus","arr":["11"],"angle":-31.9,"extra":1,"ei":1}},{"type":"Feature","geometry":{"type":"Point","coordinates":[36.817934,-1.259898]},"properties":{"lines":"11A","color":"#0059a9","mode":"bus","arr":["11A"],"angle":23.4}},{"type":"Feature","geometry":{"type":"Point","coordinates":[36.811635,-1.257222]},"properties":{"lines":"11A","color":"#0059a9","mode":"bus","arr":["11A"],"angle":23,"extra":1,"ei":0}},{"type":"Feature","geometry":{"type":"Point","coordinates":[36.813363,-1.257983]},"properties":{"lines":"11A","color":"#0059a9","mode":"bus","arr":["11A"],"angle":25.8,"extra":1,"ei":1}},{"type":"Feature","geometry":{"type":"Point","coordinates":[36.815103,-1.258716]},"properties":{"lines":"11A","color":"#0059a9","mode":"bus","arr":["11A"],"angle":21.6,"extra":1,"ei":2}},{"type":"Feature","geometry":{"type":"Point","coordinates":[36.816847,-1.25944]},"properties":{"lines":"11A","color":"#0059a9","mode":"bus","arr":["11A"],"angle":23.6,"extra":1,"ei":3}},{"type":"Feature","geometry":{"type":"Point","coordinates":[36.82032,-1.260926]},"properties":{"lines":"11A","color":"#0059a9","mode":"bus","arr":["11A"],"angle":23,"extra":1,"ei":4}},{"type":"Feature","geometry":{"type":"Point","coordinates":[36.822061,-1.261657]},"properties":{"lines":"11A","color":"#0059a9","mode":"bus","arr":["11A"],"angle":22.8,"extra":1,"ei":5}},{"type":"Feature","geometry":{"type":"Point","coordinates":[36.823798,-1.2624]},"properties":{"lines":"11A","color":"#0059a9","mode":"bus","arr":["11A"],"angle":22.9,"extra":1,"ei":6}},{"type":"Feature","geometry":{"type":"Point","coordinates":[36.817311,-1.259555]},"properties":{"lines":"11A","color":"#0059a9","mode":"bus","arr":["11A"],"angle":22.7,"mi":1}},{"type":"Feature","geometry":{"type":"Point","coordinates":[36.823174,-1.26652]},"properties":{"lines":"11A, 11B, 106, 107, 114R, 116","color":"#0059a9","mode":"bus","arr":["11A","11B","106","107","114R","116"],"angle":-54.6}},{"type":"Feature","geometry":{"type":"Point","coordinates":[36.824746,-1.263821]},"properties":{"lines":"11A, 11B, 106, 107, 114R, 116","color":"#0059a9","mode":"bus","arr":["11A","11B","106","107","114R","116"],"angle":-66.4,"extra":1,"ei":0}},{"type":"Feature","geometry":{"type":"Point","coordinates":[36.823882,-1.265492]},"properties":{"lines":"11A, 11B, 106, 107, 114R, 116","color":"#0059a9","mode":"bus","arr":["11A","11B","106","107","114R","116"],"angle":-54.5,"extra":1,"ei":1}},{"type":"Feature","geometry":{"type":"Point","coordinates":[36.821199,-1.268068]},"properties":{"lines":"11A, 11B, 106, 107, 114R, 116","color":"#0059a9","mode":"bus","arr":["11A","11B","106","107","114R","116"],"angle":-36.8,"extra":1,"ei":2}},{"type":"Feature","geometry":{"type":"Point","coordinates":[36.798337,-1.215878]},"properties":{"lines":"11B, 106, 107, 114R, 116","color":"#0059a9","mode":"bus","arr":["11B","106","107","114R","116"],"angle":25.1}},{"type":"Feature","geometry":{"type":"Point","coordinates":[36.816195,-1.24808]},"properties":{"lines":"11B, 106, 107, 114R, 116","color":"#0059a9","mode":"bus","arr":["11B","106","107","114R","116"],"angle":53.1,"mi":4}},{"type":"Feature","geometry":{"type":"Point","coordinates":[36.821892,-1.25353]},"properties":{"lines":"11B, 106, 107, 114R, 116","color":"#0059a9","mode":"bus","arr":["11B","106","107","114R","116"],"angle":34.5}},{"type":"Feature","geometry":{"type":"Point","coordinates":[36.82625,-1.260386]},"properties":{"lines":"11B, 106, 107, 114R, 116","color":"#0059a9","mode":"bus","arr":["11B","106","107","114R","116"],"angle":-65.9,"mi":3}},{"type":"Feature","geometry":{"type":"Point","coordinates":[36.812216,-1.239762]},"properties":{"lines":"11B, 106, 107, 114R, 116","color":"#0059a9","mode":"bus","arr":["11B","106","107","114R","116"],"angle":39,"mi":2}},{"type":"Feature","geometry":{"type":"Point","coordinates":[36.819024,-1.250837]},"properties":{"lines":"11B, 106, 107, 114R, 116","color":"#0059a9","mode":"bus","arr":["11B","106","107","114R","116"],"angle":-26.7,"mi":1}},{"type":"Feature","geometry":{"type":"Point","coordinates":[36.803206,-1.233388]},"properties":{"lines":"11B, 106, 107, 114R, 116","color":"#0059a9","mode":"bus","arr":["11B","106","107","114R","116"],"angle":75.3,"mi":3}},{"type":"Feature","geometry":{"type":"Point","coordinates":[36.826594,-1.257056]},"properties":{"lines":"11B, 106, 107, 114R, 116","color":"#0059a9","mode":"bus","arr":["11B","106","107","114R","116"],"angle":62.1,"mi":2}},{"type":"Feature","geometry":{"type":"Point","coordinates":[36.809663,-1.237849]},"properties":{"lines":"11B, 106, 107, 114R, 116","color":"#0059a9","mode":"bus","arr":["11B","106","107","114R","116"],"angle":29.5}},{"type":"Feature","geometry":{"type":"Point","coordinates":[36.825481,-1.262082]},"properties":{"lines":"11B, 106, 107, 114R, 116","color":"#0059a9","mode":"bus","arr":["11B","106","107","114R","116"],"angle":-65.9,"extra":1,"ei":0}},{"type":"Feature","geometry":{"type":"Point","coordinates":[36.827043,-1.258644]},"properties":{"lines":"11B, 106, 107, 114R, 116","color":"#0059a9","mode":"bus","arr":["11B","106","107","114R","116"],"angle":-70.8,"extra":1,"ei":1}},{"type":"Feature","geometry":{"type":"Point","coordinates":[36.825581,-1.255602]},"properties":{"lines":"11B, 106, 107, 114R, 116","color":"#0059a9","mode":"bus","arr":["11B","106","107","114R","116"],"angle":34.7,"extra":1,"ei":0}},{"type":"Feature","geometry":{"type":"Point","coordinates":[36.82385,-1.254888]},"properties":{"lines":"11B, 106, 107, 114R, 116","color":"#0059a9","mode":"bus","arr":["11B","106","107","114R","116"],"angle":23.8,"extra":1,"ei":1}},{"type":"Feature","geometry":{"type":"Point","coordinates":[36.820724,-1.252778]},"properties":{"lines":"11B, 106, 107, 114R, 116","color":"#0059a9","mode":"bus","arr":["11B","106","107","114R","116"],"angle":35,"extra":1,"ei":2}},{"type":"Feature","geometry":{"type":"Point","coordinates":[36.819072,-1.252043]},"properties":{"lines":"11B, 106, 107, 114R, 116","color":"#0059a9","mode":"bus","arr":["11B","106","107","114R","116"],"angle":-5.4,"extra":1,"ei":3}},{"type":"Feature","geometry":{"type":"Point","coordinates":[36.817495,-1.251637]},"properties":{"lines":"11B, 106, 107, 114R, 116","color":"#0059a9","mode":"bus","arr":["11B","106","107","114R","116"],"angle":-86.7,"extra":1,"ei":4}},{"type":"Feature","geometry":{"type":"Point","coordinates":[36.786738,-1.207721]},"properties":{"lines":"11B, 106, 107, 114R, 116","color":"#0059a9","mode":"bus","arr":["11B","106","107","114R","116"],"angle":38.9,"extra":1,"ei":0}},{"type":"Feature","geometry":{"type":"Point","coordinates":[36.788128,-1.209]},"properties":{"lines":"11B, 106, 107, 114R, 116","color":"#0059a9","mode":"bus","arr":["11B","106","107","114R","116"],"angle":44.3,"extra":1,"ei":1}},{"type":"Feature","geometry":{"type":"Point","coordinates":[36.789471,-1.210327]},"properties":{"lines":"11B, 106, 107, 114R, 116","color":"#0059a9","mode":"bus","arr":["11B","106","107","114R","116"],"angle":45.4,"extra":1,"ei":2}},{"type":"Feature","geometry":{"type":"Point","coordinates":[36.790844,-1.211623]},"properties":{"lines":"11B, 106, 107, 114R, 116","color":"#0059a9","mode":"bus","arr":["11B","106","107","114R","116"],"angle":42.2,"extra":1,"ei":3}},{"type":"Feature","geometry":{"type":"Point","coordinates":[36.792304,-1.212819]},"properties":{"lines":"11B, 106, 107, 114R, 116","color":"#0059a9","mode":"bus","arr":["11B","106","107","114R","116"],"angle":37.4,"extra":1,"ei":4}},{"type":"Feature","geometry":{"type":"Point","coordinates":[36.793861,-1.213887]},"properties":{"lines":"11B, 106, 107, 114R, 116","color":"#0059a9","mode":"bus","arr":["11B","106","107","114R","116"],"angle":29.9,"extra":1,"ei":5}},{"type":"Feature","geometry":{"type":"Point","coordinates":[36.795502,-1.214819]},"properties":{"lines":"11B, 106, 107, 114R, 116","color":"#0059a9","mode":"bus","arr":["11B","106","107","114R","116"],"angle":26.1,"extra":1,"ei":6}},{"type":"Feature","geometry":{"type":"Point","coordinates":[36.800585,-1.217217]},"properties":{"lines":"11B, 106, 107, 114R, 116","color":"#0059a9","mode":"bus","arr":["11B","106","107","114R","116"],"angle":34.4,"extra":1,"ei":7}},{"type":"Feature","geometry":{"type":"Point","coordinates":[36.80175,-1.218645]},"properties":{"lines":"11B, 106, 107, 114R, 116","color":"#0059a9","mode":"bus","arr":["11B","106","107","114R","116"],"angle":73,"extra":1,"ei":8}},{"type":"Feature","geometry":{"type":"Point","coordinates":[36.801519,-1.220477]},"properties":{"lines":"11B, 106, 107, 114R, 116","color":"#0059a9","mode":"bus","arr":["11B","106","107","114R","116"],"angle":-71.1,"extra":1,"ei":9}},{"type":"Feature","geometry":{"type":"Point","coordinates":[36.801592,-1.222287]},"properties":{"lines":"11B, 106, 107, 114R, 116","color":"#0059a9","mode":"bus","arr":["11B","106","107","114R","116"],"angle":59.1,"extra":1,"ei":10}},{"type":"Feature","geometry":{"type":"Point","coordinates":[36.803068,-1.223408]},"properties":{"lines":"11B, 106, 107, 114R, 116","color":"#0059a9","mode":"bus","arr":["11B","106","107","114R","116"],"angle":24.4,"extra":1,"ei":11}},{"type":"Feature","geometry":{"type":"Point","coordinates":[36.804388,-1.224665]},"properties":{"lines":"11B, 106, 107, 114R, 116","color":"#0059a9","mode":"bus","arr":["11B","106","107","114R","116"],"angle":68.1,"extra":1,"ei":12}},{"type":"Feature","geometry":{"type":"Point","coordinates":[36.805027,-1.226441]},"properties":{"lines":"11B, 106, 107, 114R, 116","color":"#0059a9","mode":"bus","arr":["11B","106","107","114R","116"],"angle":78.6,"extra":1,"ei":13}},{"type":"Feature","geometry":{"type":"Point","coordinates":[36.811249,-1.239006]},"properties":{"lines":"11B, 106, 107, 114R, 116","color":"#0059a9","mode":"bus","arr":["11B","106","107","114R","116"],"angle":37.6,"extra":1,"ei":0}},{"type":"Feature","geometry":{"type":"Point","coordinates":[36.814143,-1.243955]},"properties":{"lines":"11B, 106, 107, 114R, 116","color":"#0059a9","mode":"bus","arr":["11B","106","107","114R","116"],"angle":55.8,"extra":1,"ei":0}},{"type":"Feature","geometry":{"type":"Point","coordinates":[36.815148,-1.24553]},"properties":{"lines":"11B, 106, 107, 114R, 116","color":"#0059a9","mode":"bus","arr":["11B","106","107","114R","116"],"angle":70.4,"extra":1,"ei":1}},{"type":"Feature","geometry":{"type":"Point","coordinates":[36.81884,-1.24902]},"properties":{"lines":"11B, 106, 107, 114R, 116","color":"#0059a9","mode":"bus","arr":["11B","106","107","114R","116"],"angle":9.8,"extra":1,"ei":2}},{"type":"Feature","geometry":{"type":"Point","coordinates":[36.820671,-1.249472]},"properties":{"lines":"11B, 106, 107, 114R, 116","color":"#0059a9","mode":"bus","arr":["11B","106","107","114R","116"],"angle":17.3,"extra":1,"ei":3}},{"type":"Feature","geometry":{"type":"Point","coordinates":[36.822573,-1.267264]},"properties":{"lines":"11A, 106, 107, 116","color":"#0059a9","mode":"bus","arr":["11A","106","107","116"],"angle":-36.9,"side":-1}},{"type":"Feature","geometry":{"type":"Point","coordinates":[36.821842,-1.271379]},"properties":{"lines":"11A, 11B, 29/30, 106, 107, 114R, 116","color":"#0059a9","mode":"bus","arr":["11A","11B","29/30","106","107","114R","116"],"angle":45.7}},{"type":"Feature","geometry":{"type":"Point","coordinates":[36.820558,-1.27025]},"properties":{"lines":"11A, 11B, 29/30, 106, 107, 114R, 116","color":"#0059a9","mode":"bus","arr":["11A","11B","29/30","106","107","114R","116"],"angle":72.9,"extra":1,"ei":0}},{"type":"Feature","geometry":{"type":"Point","coordinates":[36.822957,-1.273085]},"properties":{"lines":"11A, 11B, 29/30, 106, 107, 114R, 116","color":"#0059a9","mode":"bus","arr":["11A","11B","29/30","106","107","114R","116"],"angle":57.2,"extra":1,"ei":1}},{"type":"Feature","geometry":{"type":"Point","coordinates":[36.823522,-1.273713]},"properties":{"lines":"11A, 106, 116","color":"#0059a9","mode":"bus","arr":["11A","106","116"],"angle":34.5}},{"type":"Feature","geometry":{"type":"Point","coordinates":[36.698784,-1.132688]},"properties":{"lines":"116","color":"#0059a9","mode":"bus","arr":["116"],"angle":-3.8}},{"type":"Feature","geometry":{"type":"Point","coordinates":[36.824006,-1.274028]},"properties":{"lines":"116","color":"#0059a9","mode":"bus","arr":["116"],"angle":32.5}},{"type":"Feature","geometry":{"type":"Point","coordinates":[36.646469,-1.123954]},"properties":{"lines":"116","color":"#0059a9","mode":"bus","arr":["116"],"angle":-7.5,"extra":1,"ei":0}},{"type":"Feature","geometry":{"type":"Point","coordinates":[36.648344,-1.12373]},"properties":{"lines":"116","color":"#0059a9","mode":"bus","arr":["116"],"angle":-6.1,"extra":1,"ei":1}},{"type":"Feature","geometry":{"type":"Point","coordinates":[36.650214,-1.123461]},"properties":{"lines":"116","color":"#0059a9","mode":"bus","arr":["116"],"angle":-8.2,"extra":1,"ei":2}},{"type":"Feature","geometry":{"type":"Point","coordinates":[36.65208,-1.123516]},"properties":{"lines":"116","color":"#0059a9","mode":"bus","arr":["116"],"angle":17.5,"extra":1,"ei":3}},{"type":"Feature","geometry":{"type":"Point","coordinates":[36.653875,-1.124103]},"properties":{"lines":"116","color":"#0059a9","mode":"bus","arr":["116"],"angle":17.9,"extra":1,"ei":4}},{"type":"Feature","geometry":{"type":"Point","coordinates":[36.655666,-1.124703]},"properties":{"lines":"116","color":"#0059a9","mode":"bus","arr":["116"],"angle":18.3,"extra":1,"ei":5}},{"type":"Feature","geometry":{"type":"Point","coordinates":[36.657461,-1.125292]},"properties":{"lines":"116","color":"#0059a9","mode":"bus","arr":["116"],"angle":18,"extra":1,"ei":6}},{"type":"Feature","geometry":{"type":"Point","coordinates":[36.659264,-1.125857]},"properties":{"lines":"116","color":"#0059a9","mode":"bus","arr":["116"],"angle":16.3,"extra":1,"ei":7}},{"type":"Feature","geometry":{"type":"Point","coordinates":[36.661085,-1.126356]},"properties":{"lines":"116","color":"#0059a9","mode":"bus","arr":["116"],"angle":14.9,"extra":1,"ei":8}},{"type":"Feature","geometry":{"type":"Point","coordinates":[36.662917,-1.126816]},"properties":{"lines":"116","color":"#0059a9","mode":"bus","arr":["116"],"angle":12,"extra":1,"ei":9}},{"type":"Feature","geometry":{"type":"Point","coordinates":[36.664784,-1.127093]},"properties":{"lines":"116","color":"#0059a9","mode":"bus","arr":["116"],"angle":6.5,"extra":1,"ei":10}},{"type":"Feature","geometry":{"type":"Point","coordinates":[36.666662,-1.127301]},"properties":{"lines":"116","color":"#0059a9","mode":"bus","arr":["116"],"angle":6.7,"extra":1,"ei":11}},{"type":"Feature","geometry":{"type":"Point","coordinates":[36.668539,-1.12751]},"properties":{"lines":"116","color":"#0059a9","mode":"bus","arr":["116"],"angle":6.6,"extra":1,"ei":12}},{"type":"Feature","geometry":{"type":"Point","coordinates":[36.670371,-1.127121]},"properties":{"lines":"116","color":"#0059a9","mode":"bus","arr":["116"],"angle":-17.6,"extra":1,"ei":13}},{"type":"Feature","geometry":{"type":"Point","coordinates":[36.672167,-1.126538]},"properties":{"lines":"116","color":"#0059a9","mode":"bus","arr":["116"],"angle":-20.1,"extra":1,"ei":14}},{"type":"Feature","geometry":{"type":"Point","coordinates":[36.673947,-1.125907]},"properties":{"lines":"116","color":"#0059a9","mode":"bus","arr":["116"],"angle":-19.2,"extra":1,"ei":15}},{"type":"Feature","geometry":{"type":"Point","coordinates":[36.675738,-1.125305]},"properties":{"lines":"116","color":"#0059a9","mode":"bus","arr":["116"],"angle":-17.1,"extra":1,"ei":16}},{"type":"Feature","geometry":{"type":"Point","coordinates":[36.677564,-1.124828]},"properties":{"lines":"116","color":"#0059a9","mode":"bus","arr":["116"],"angle":-21.9,"extra":1,"ei":17}},{"type":"Feature","geometry":{"type":"Point","coordinates":[36.679082,-1.124001]},"properties":{"lines":"116","color":"#0059a9","mode":"bus","arr":["116"],"angle":29.9,"extra":1,"ei":18}},{"type":"Feature","geometry":{"type":"Point","coordinates":[36.680468,-1.125279]},"properties":{"lines":"116","color":"#0059a9","mode":"bus","arr":["116"],"angle":38.5,"extra":1,"ei":19}},{"type":"Feature","geometry":{"type":"Point","coordinates":[36.682124,-1.126156]},"properties":{"lines":"116","color":"#0059a9","mode":"bus","arr":["116"],"angle":20,"extra":1,"ei":20}},{"type":"Feature","geometry":{"type":"Point","coordinates":[36.683892,-1.126822]},"properties":{"lines":"116","color":"#0059a9","mode":"bus","arr":["116"],"angle":20.7,"extra":1,"ei":21}},{"type":"Feature","geometry":{"type":"Point","coordinates":[36.685659,-1.12749]},"properties":{"lines":"116","color":"#0059a9","mode":"bus","arr":["116"],"angle":20.4,"extra":1,"ei":22}},{"type":"Feature","geometry":{"type":"Point","coordinates":[36.687431,-1.128144]},"properties":{"lines":"116","color":"#0059a9","mode":"bus","arr":["116"],"angle":20.4,"extra":1,"ei":23}},{"type":"Feature","geometry":{"type":"Point","coordinates":[36.6892,-1.128807]},"properties":{"lines":"116","color":"#0059a9","mode":"bus","arr":["116"],"angle":21.4,"extra":1,"ei":24}},{"type":"Feature","geometry":{"type":"Point","coordinates":[36.690954,-1.129508]},"properties":{"lines":"116","color":"#0059a9","mode":"bus","arr":["116"],"angle":21.7,"extra":1,"ei":25}},{"type":"Feature","geometry":{"type":"Point","coordinates":[36.692798,-1.129662]},"properties":{"lines":"116","color":"#0059a9","mode":"bus","arr":["116"],"angle":0.4,"extra":1,"ei":26}},{"type":"Feature","geometry":{"type":"Point","coordinates":[36.694239,-1.130703]},"properties":{"lines":"116","color":"#0059a9","mode":"bus","arr":["116"],"angle":61.1,"extra":1,"ei":27}},{"type":"Feature","geometry":{"type":"Point","coordinates":[36.695238,-1.132288]},"properties":{"lines":"116","color":"#0059a9","mode":"bus","arr":["116"],"angle":38.7,"extra":1,"ei":28}},{"type":"Feature","geometry":{"type":"Point","coordinates":[36.697059,-1.132627]},"properties":{"lines":"116","color":"#0059a9","mode":"bus","arr":["116"],"angle":2.3,"extra":1,"ei":29}},{"type":"Feature","geometry":{"type":"Point","coordinates":[36.700795,-1.132776]},"properties":{"lines":"116","color":"#0059a9","mode":"bus","arr":["116"],"angle":22.8,"extra":1,"ei":30}},{"type":"Feature","geometry":{"type":"Point","coordinates":[36.702412,-1.13375]},"properties":{"lines":"116","color":"#0059a9","mode":"bus","arr":["116"],"angle":32.3,"extra":1,"ei":31}},{"type":"Feature","geometry":{"type":"Point","coordinates":[36.703997,-1.134776]},"properties":{"lines":"116","color":"#0059a9","mode":"bus","arr":["116"],"angle":33.6,"extra":1,"ei":32}},{"type":"Feature","geometry":{"type":"Point","coordinates":[36.705584,-1.135799]},"properties":{"lines":"116","color":"#0059a9","mode":"bus","arr":["116"],"angle":33.1,"extra":1,"ei":33}},{"type":"Feature","geometry":{"type":"Point","coordinates":[36.707127,-1.136883]},"properties":{"lines":"116","color":"#0059a9","mode":"bus","arr":["116"],"angle":44.1,"extra":1,"ei":34}},{"type":"Feature","geometry":{"type":"Point","coordinates":[36.70825,-1.138396]},"properties":{"lines":"116","color":"#0059a9","mode":"bus","arr":["116"],"angle":57.7,"extra":1,"ei":35}},{"type":"Feature","geometry":{"type":"Point","coordinates":[36.709261,-1.139991]},"properties":{"lines":"116","color":"#0059a9","mode":"bus","arr":["116"],"angle":56.1,"extra":1,"ei":36}},{"type":"Feature","geometry":{"type":"Point","coordinates":[36.710422,-1.141471]},"properties":{"lines":"116","color":"#0059a9","mode":"bus","arr":["116"],"angle":43.1,"extra":1,"ei":37}},{"type":"Feature","geometry":{"type":"Point","coordinates":[36.711954,-1.142571]},"properties":{"lines":"116","color":"#0059a9","mode":"bus","arr":["116"],"angle":33,"extra":1,"ei":38}},{"type":"Feature","geometry":{"type":"Point","coordinates":[36.712994,-1.144038]},"properties":{"lines":"116","color":"#0059a9","mode":"bus","arr":["116"],"angle":78.9,"extra":1,"ei":39}},{"type":"Feature","geometry":{"type":"Point","coordinates":[36.713464,-1.145848]},"properties":{"lines":"116","color":"#0059a9","mode":"bus","arr":["116"],"angle":51.5,"extra":1,"ei":40}},{"type":"Feature","geometry":{"type":"Point","coordinates":[36.715171,-1.146572]},"properties":{"lines":"116","color":"#0059a9","mode":"bus","arr":["116"],"angle":13.7,"extra":1,"ei":41}},{"type":"Feature","geometry":{"type":"Point","coordinates":[36.717022,-1.146454]},"properties":{"lines":"116","color":"#0059a9","mode":"bus","arr":["116"],"angle":-15.6,"extra":1,"ei":42}},{"type":"Feature","geometry":{"type":"Point","coordinates":[36.718818,-1.145873]},"properties":{"lines":"116","color":"#0059a9","mode":"bus","arr":["116"],"angle":-15.8,"extra":1,"ei":43}},{"type":"Feature","geometry":{"type":"Point","coordinates":[36.720648,-1.145996]},"properties":{"lines":"116","color":"#0059a9","mode":"bus","arr":["116"],"angle":27.9,"extra":1,"ei":44}},{"type":"Feature","geometry":{"type":"Point","coordinates":[36.722238,-1.147012]},"properties":{"lines":"116","color":"#0059a9","mode":"bus","arr":["116"],"angle":29.3,"extra":1,"ei":45}},{"type":"Feature","geometry":{"type":"Point","coordinates":[36.723889,-1.147909]},"properties":{"lines":"116","color":"#0059a9","mode":"bus","arr":["116"],"angle":41.6,"extra":1,"ei":46}},{"type":"Feature","geometry":{"type":"Point","coordinates":[36.725196,-1.149256]},"properties":{"lines":"116","color":"#0059a9","mode":"bus","arr":["116"],"angle":64.4,"extra":1,"ei":47}},{"type":"Feature","geometry":{"type":"Point","coordinates":[36.726201,-1.150784]},"properties":{"lines":"116","color":"#0059a9","mode":"bus","arr":["116"],"angle":28.6,"extra":1,"ei":48}},{"type":"Feature","geometry":{"type":"Point","coordinates":[36.728018,-1.151213]},"properties":{"lines":"116","color":"#0059a9","mode":"bus","arr":["116"],"angle":-4.9,"extra":1,"ei":49}},{"type":"Feature","geometry":{"type":"Point","coordinates":[36.729879,-1.150909]},"properties":{"lines":"116","color":"#0059a9","mode":"bus","arr":["116"],"angle":1.3,"extra":1,"ei":50}},{"type":"Feature","geometry":{"type":"Point","coordinates":[36.731563,-1.151708]},"properties":{"lines":"116","color":"#0059a9","mode":"bus","arr":["116"],"angle":25.5,"extra":1,"ei":51}},{"type":"Feature","geometry":{"type":"Point","coordinates":[36.733355,-1.152295]},"properties":{"lines":"116","color":"#0059a9","mode":"bus","arr":["116"],"angle":11.4,"extra":1,"ei":52}},{"type":"Feature","geometry":{"type":"Point","coordinates":[36.735182,-1.151942]},"properties":{"lines":"116","color":"#0059a9","mode":"bus","arr":["116"],"angle":-10.9,"extra":1,"ei":53}},{"type":"Feature","geometry":{"type":"Point","coordinates":[36.736816,-1.152673]},"properties":{"lines":"116","color":"#0059a9","mode":"bus","arr":["116"],"angle":56.5,"extra":1,"ei":54}},{"type":"Feature","geometry":{"type":"Point","coordinates":[36.737237,-1.154491]},"properties":{"lines":"116","color":"#0059a9","mode":"bus","arr":["116"],"angle":76.5,"extra":1,"ei":55}},{"type":"Feature","geometry":{"type":"Point","coordinates":[36.738305,-1.155995]},"properties":{"lines":"116","color":"#0059a9","mode":"bus","arr":["116"],"angle":33.9,"extra":1,"ei":56}},{"type":"Feature","geometry":{"type":"Point","coordinates":[36.739902,-1.157003]},"properties":{"lines":"116","color":"#0059a9","mode":"bus","arr":["116"],"angle":33.4,"extra":1,"ei":57}},{"type":"Feature","geometry":{"type":"Point","coordinates":[36.741481,-1.15804]},"properties":{"lines":"116","color":"#0059a9","mode":"bus","arr":["116"],"angle":32.9,"extra":1,"ei":58}},{"type":"Feature","geometry":{"type":"Point","coordinates":[36.743067,-1.159065]},"properties":{"lines":"116","color":"#0059a9","mode":"bus","arr":["116"],"angle":33.4,"extra":1,"ei":59}},{"type":"Feature","geometry":{"type":"Point","coordinates":[36.821838,-1.271538]},"properties":{"lines":"11A, 11B, 106, 107, 114R, 114W, 116, 119A","color":"#0059a9","mode":"bus","arr":["11A","11B","106","107","114R","114W","116","119A"],"angle":49.6,"side":-1}},{"type":"Feature","geometry":{"type":"Point","coordinates":[36.82288,-1.273158]},"properties":{"lines":"11A, 11B, 106, 107, 114R, 114W, 116, 119A","color":"#0059a9","mode":"bus","arr":["11A","11B","106","107","114R","114W","116","119A"],"angle":59,"extra":1,"ei":0,"side":-1}},{"type":"Feature","geometry":{"type":"Point","coordinates":[36.820453,-1.270338]},"properties":{"lines":"11A, 11B, 106, 107, 114R, 114W, 116, 119A","color":"#0059a9","mode":"bus","arr":["11A","11B","106","107","114R","114W","116","119A"],"angle":69.3,"extra":1,"ei":1,"side":-1}},{"type":"Feature","geometry":{"type":"Point","coordinates":[36.822055,-1.273357]},"properties":{"lines":"11A, 11B, 106, 107","color":"#0059a9","mode":"bus","arr":["11A","11B","106","107"],"angle":37,"mi":1}},{"type":"Feature","geometry":{"type":"Point","coordinates":[36.820362,-1.273432]},"properties":{"lines":"11A, 11B, 106, 107","color":"#0059a9","mode":"bus","arr":["11A","11B","106","107"],"angle":-52.9}},{"type":"Feature","geometry":{"type":"Point","coordinates":[36.819349,-1.274131]},"properties":{"lines":"11A, 11B, 23W, 106, 107, 119","color":"#0059a9","mode":"bus","arr":["11A","11B","23W","106","107","119"],"angle":32.2}},{"type":"Feature","geometry":{"type":"Point","coordinates":[36.818632,-1.274466]},"properties":{"lines":"11A, 11B, 106, 107","color":"#0059a9","mode":"bus","arr":["11A","11B","106","107"],"angle":-51.9,"mi":2}},{"type":"Feature","geometry":{"type":"Point","coordinates":[36.819858,-1.276596]},"properties":{"lines":"11A, 11B, 23W, 106, 107, 118, 119, 119A","color":"#0059a9","mode":"bus","arr":["11A","11B","23W","106","107","118","119","119A"],"angle":44.1}},{"type":"Feature","geometry":{"type":"Point","coordinates":[36.818902,-1.275653]},"properties":{"lines":"11A, 11B, 23W, 106, 107, 118, 119, 119A","color":"#0059a9","mode":"bus","arr":["11A","11B","23W","106","107","118","119","119A"],"angle":44.7,"extra":1,"ei":0}},{"type":"Feature","geometry":{"type":"Point","coordinates":[36.821608,-1.280325]},"properties":{"lines":"11A, 11B, 23KG, 23W, 25A, 30, 48A, 48B, 48C, 48O, 105, 106, 107, 115, 118, 119, 119A","color":"#0059a9","mode":"bus","arr":["11A","11B","23KG","23W","25A","30","48A","48B","48C","48O","105","106","107","115","118","119","119A"],"angle":51.3}},{"type":"Feature","geometry":{"type":"Point","coordinates":[36.822913,-1.281519]},"properties":{"lines":"11A, 11B, 11C, 23KG, 23W, 25, 25A, 44G, 44Z, 45K, 46B, 46H, 48A, 48B, 48C, 49, 107, 145, 237","color":"#0059a9","mode":"bus","arr":["11A","11B","11C","23KG","23W","25","25A","44G","44Z","45K","46B","46H","48A","48B","48C","49","107","145","237"],"angle":-61.5}},{"type":"Feature","geometry":{"type":"Point","coordinates":[36.823153,-1.282012]},"properties":{"lines":"11A, 11B, 11C, 23KG, 25, 25A, 44G, 44Z, 45K, 46B, 46H, 48A, 48B, 107","color":"#0059a9","mode":"bus","arr":["11A","11B","11C","23KG","25","25A","44G","44Z","45K","46B","46H","48A","48B","107"],"angle":40.8}},{"type":"Feature","geometry":{"type":"Point","coordinates":[36.82385,-1.282585]},"properties":{"lines":"11A, 11B, 11C, 23KG, 25, 44G, 46B, 46H, 48A, 48B, 107","color":"#0059a9","mode":"bus","arr":["11A","11B","11C","23KG","25","44G","46B","46H","48A","48B","107"],"angle":38.2}},{"type":"Feature","geometry":{"type":"Point","coordinates":[36.824334,-1.283062]},"properties":{"lines":"11A, 48O, 105","color":"#0059a9","mode":"bus","arr":["11A","48O","105"],"angle":37.8}},{"type":"Feature","geometry":{"type":"Point","coordinates":[36.823315,-1.282249]},"properties":{"lines":"11A, 105","color":"#0059a9","mode":"bus","arr":["11A","105"],"angle":39.3,"side":-1}},{"type":"Feature","geometry":{"type":"Point","coordinates":[36.823256,-1.274723]},"properties":{"lines":"11A, 11B, 106, 107, 114W, 116, 119A","color":"#0059a9","mode":"bus","arr":["11A","11B","106","107","114W","116","119A"],"angle":-82.5}},{"type":"Feature","geometry":{"type":"Point","coordinates":[36.803943,-1.229995]},"properties":{"lines":"11B, 107, 114R, 116","color":"#0059a9","mode":"bus","arr":["11B","107","114R","116"],"angle":-68.8}},{"type":"Feature","geometry":{"type":"Point","coordinates":[36.81901,-1.250813]},"properties":{"lines":"11B, 107, 114R, 116","color":"#0059a9","mode":"bus","arr":["11B","107","114R","116"],"angle":-26.3}},{"type":"Feature","geometry":{"type":"Point","coordinates":[36.804482,-1.228629]},"properties":{"lines":"11B, 107, 114R, 116","color":"#0059a9","mode":"bus","arr":["11B","107","114R","116"],"angle":-67.7,"extra":1,"ei":0}},{"type":"Feature","geometry":{"type":"Point","coordinates":[36.803172,-1.232163]},"properties":{"lines":"11B, 107, 114R, 116","color":"#0059a9","mode":"bus","arr":["11B","107","114R","116"],"angle":-80.4,"extra":1,"ei":1}},{"type":"Feature","geometry":{"type":"Point","coordinates":[36.820223,-1.250328]},"properties":{"lines":"11B, 107, 114R, 116","color":"#0059a9","mode":"bus","arr":["11B","107","114R","116"],"angle":-15.9,"extra":1,"ei":0}},{"type":"Feature","geometry":{"type":"Point","coordinates":[36.806332,-1.23614]},"properties":{"lines":"11B, 106, 107, 108, 114R, 116","color":"#0059a9","mode":"bus","arr":["11B","106","107","108","114R","116"],"angle":26.7,"mi":1}},{"type":"Feature","geometry":{"type":"Point","coordinates":[36.810199,-1.238289]},"properties":{"lines":"11B, 106, 107, 108, 114R, 116","color":"#0059a9","mode":"bus","arr":["11B","106","107","108","114R","116"],"angle":39,"side":-1}},{"type":"Feature","geometry":{"type":"Point","coordinates":[36.804291,-1.235095]},"properties":{"lines":"11B, 106, 107, 108, 114R, 116","color":"#0059a9","mode":"bus","arr":["11B","106","107","108","114R","116"],"angle":31.5,"extra":1,"ei":0}},{"type":"Feature","geometry":{"type":"Point","coordinates":[36.807654,-1.236816]},"properties":{"lines":"11B, 106, 107, 108, 114R, 116","color":"#0059a9","mode":"bus","arr":["11B","106","107","108","114R","116"],"angle":27.4,"extra":1,"ei":1}},{"type":"Feature","geometry":{"type":"Point","coordinates":[36.810334,-1.238247]},"properties":{"lines":"11B, 106, 107, 114R, 116","color":"#0059a9","mode":"bus","arr":["11B","106","107","114R","116"],"angle":35.9,"mi":1}},{"type":"Feature","geometry":{"type":"Point","coordinates":[36.813693,-1.242247]},"properties":{"lines":"11B, 114R","color":"#0059a9","mode":"bus","arr":["11B","114R"],"angle":79.4}},{"type":"Feature","geometry":{"type":"Point","coordinates":[36.801766,-1.219142]},"properties":{"lines":"11B, 114R","color":"#0059a9","mode":"bus","arr":["11B","114R"],"angle":87.4,"side":-1}},{"type":"Feature","geometry":{"type":"Point","coordinates":[36.820872,-1.250327]},"properties":{"lines":"11B, 114R, 116","color":"#0059a9","mode":"bus","arr":["11B","114R","116"],"angle":-13,"side":-1}},{"type":"Feature","geometry":{"type":"Point","coordinates":[36.826301,-1.260515]},"properties":{"lines":"107","color":"#0059a9","mode":"bus","arr":["107"],"angle":-66.6,"side":-1}},{"type":"Feature","geometry":{"type":"Point","coordinates":[36.827058,-1.258835]},"properties":{"lines":"107","color":"#0059a9","mode":"bus","arr":["107"],"angle":-66.9,"extra":1,"ei":0,"side":-1}},{"type":"Feature","geometry":{"type":"Point","coordinates":[36.825509,-1.262279]},"properties":{"lines":"107","color":"#0059a9","mode":"bus","arr":["107"],"angle":-66.2,"extra":1,"ei":1,"side":-1}},{"type":"Feature","geometry":{"type":"Point","coordinates":[36.825181,-1.282482]},"properties":{"lines":"11B, 11C, 30, 44Z, 45K, 48C, 49, 107","color":"#0059a9","mode":"bus","arr":["11B","11C","30","44Z","45K","48C","49","107"],"angle":-53.6}},{"type":"Feature","geometry":{"type":"Point","coordinates":[36.825601,-1.28188]},"properties":{"lines":"11B, 11C, 44Z, 45K, 48C, 49, 107","color":"#0059a9","mode":"bus","arr":["11B","11C","44Z","45K","48C","49","107"],"angle":-56}},{"type":"Feature","geometry":{"type":"Point","coordinates":[36.824417,-1.281359]},"properties":{"lines":"11B, 11C, 30, 44Z, 45K, 48C, 48O, 49, 105, 107, 145, 237","color":"#0059a9","mode":"bus","arr":["11B","11C","30","44Z","45K","48C","48O","49","105","107","145","237"],"angle":0.9}},{"type":"Feature","geometry":{"type":"Point","coordinates":[36.825753,-1.281441]},"properties":{"lines":"11B, 11C, 30, 44Z, 45K, 48C, 48O, 49, 105, 107, 145, 237","color":"#0059a9","mode":"bus","arr":["11B","11C","30","44Z","45K","48C","48O","49","105","107","145","237"],"angle":22,"extra":1,"ei":0}},{"type":"Feature","geometry":{"type":"Point","coordinates":[36.811936,-1.239631]},"properties":{"lines":"11B, 107, 114R","color":"#0059a9","mode":"bus","arr":["11B","107","114R"],"angle":38,"side":-1}},{"type":"Feature","geometry":{"type":"Point","coordinates":[36.810958,-1.238866]},"properties":{"lines":"11B, 107, 114R","color":"#0059a9","mode":"bus","arr":["11B","107","114R"],"angle":37.8,"extra":1,"ei":0,"side":-1}},{"type":"Feature","geometry":{"type":"Point","coordinates":[36.8096,-1.237869]},"properties":{"lines":"11B, 108, 114R","color":"#0059a9","mode":"bus","arr":["11B","108","114R"],"angle":31.3,"side":-1}},{"type":"Feature","geometry":{"type":"Point","coordinates":[36.803839,-1.230514]},"properties":{"lines":"11B, 106, 107, 114R","color":"#0059a9","mode":"bus","arr":["11B","106","107","114R"],"angle":-70.9,"side":-1}},{"type":"Feature","geometry":{"type":"Point","coordinates":[36.804707,-1.228266]},"properties":{"lines":"106, 107","color":"#0059a9","mode":"bus","arr":["106","107"],"angle":-69.2,"side":-1}},{"type":"Feature","geometry":{"type":"Point","coordinates":[36.792449,-1.213001]},"properties":{"lines":"11B","color":"#0059a9","mode":"bus","arr":["11B"],"angle":36.2,"side":-1,"mi":1}},{"type":"Feature","geometry":{"type":"Point","coordinates":[36.800314,-1.217109]},"properties":{"lines":"11B","color":"#0059a9","mode":"bus","arr":["11B"],"angle":31.3,"side":-1}},{"type":"Feature","geometry":{"type":"Point","coordinates":[36.794009,-1.214037]},"properties":{"lines":"11B","color":"#0059a9","mode":"bus","arr":["11B"],"angle":29.8,"extra":1,"ei":0,"side":-1}},{"type":"Feature","geometry":{"type":"Point","coordinates":[36.790957,-1.211819]},"properties":{"lines":"11B","color":"#0059a9","mode":"bus","arr":["11B"],"angle":41.7,"extra":1,"ei":1,"side":-1}},{"type":"Feature","geometry":{"type":"Point","coordinates":[36.837142,-1.26617]},"properties":{"lines":"11C","color":"#0059a9","mode":"bus","arr":["11C"],"angle":-38,"mi":1}},{"type":"Feature","geometry":{"type":"Point","coordinates":[36.835811,-1.267844]},"properties":{"lines":"11C","color":"#0059a9","mode":"bus","arr":["11C"],"angle":-34.9,"mi":2}},{"type":"Feature","geometry":{"type":"Point","coordinates":[36.836173,-1.269109]},"properties":{"lines":"11C, 17B, 43, 45G, 121","color":"#0059a9","mode":"bus","arr":["11C","17B","43","45G","121"],"angle":55.1}},{"type":"Feature","geometry":{"type":"Point","coordinates":[36.832605,-1.26939]},"properties":{"lines":"11C, 46B, 46H, 100","color":"#0059a9","mode":"bus","arr":["11C","46B","46H","100"],"angle":40.5,"side":-1}},{"type":"Feature","geometry":{"type":"Point","coordinates":[36.829989,-1.270758]},"properties":{"lines":"11C, 25, 0027, 46B, 46H, 116, 145","color":"#0059a9","mode":"bus","arr":["11C","25","0027","46B","46H","116","145"],"angle":-32,"side":-1}},{"type":"Feature","geometry":{"type":"Point","coordinates":[36.83156,-1.269777]},"properties":{"lines":"11C, 25, 0027, 46B, 46H, 116, 145","color":"#0059a9","mode":"bus","arr":["11C","25","0027","46B","46H","116","145"],"angle":-31.3,"extra":1,"ei":0,"side":-1}},{"type":"Feature","geometry":{"type":"Point","coordinates":[36.828356,-1.271779]},"properties":{"lines":"11C, 25, 0027, 46B, 46H, 116, 145","color":"#0059a9","mode":"bus","arr":["11C","25","0027","46B","46H","116","145"],"angle":-32,"extra":1,"ei":1,"side":-1}},{"type":"Feature","geometry":{"type":"Point","coordinates":[36.826354,-1.273204]},"properties":{"lines":"11C, 25, 46B, 46H, 116, 145","color":"#0059a9","mode":"bus","arr":["11C","25","46B","46H","116","145"],"angle":-36.7,"side":-1}},{"type":"Feature","geometry":{"type":"Point","coordinates":[36.825355,-1.273945]},"properties":{"lines":"11C, 25, 46B, 46H, 116, 145","color":"#0059a9","mode":"bus","arr":["11C","25","46B","46H","116","145"],"angle":-30.9,"extra":1,"ei":0,"side":-1}},{"type":"Feature","geometry":{"type":"Point","coordinates":[36.824082,-1.274807]},"properties":{"lines":"11C, 25, 25A, 44G, 44Z, 45K, 46B, 46H, 49, 116, 145, 237","color":"#0059a9","mode":"bus","arr":["11C","25","25A","44G","44Z","45K","46B","46H","49","116","145","237"],"angle":-38.5,"side":-1}},{"type":"Feature","geometry":{"type":"Point","coordinates":[36.834474,-1.266563]},"properties":{"lines":"11C, 25, 25A, 29/30, 44G, 44Z, 45K, 49, 145, 237","color":"#0059a9","mode":"bus","arr":["11C","25","25A","29/30","44G","44Z","45K","49","145","237"],"angle":-52.7}},{"type":"Feature","geometry":{"type":"Point","coordinates":[36.835853,-1.265134]},"properties":{"lines":"11C, 17B, 25, 25A, 0027, 29/30, 43, 44G, 44Z, 45G, 45K, 49, 100, 100A, 120, 121, 145, 237","color":"#0059a9","mode":"bus","arr":["11C","17B","25","25A","0027","29/30","43","44G","44Z","45G","45K","49","100","100A","120","121","145","237"],"angle":-42.4}},{"type":"Feature","geometry":{"type":"Point","coordinates":[36.838408,-1.263662]},"properties":{"lines":"11C, 17B, 25, 25A, 0027, 29/30, 43, 44G, 44Z, 45G, 45K, 49, 100, 100A, 120, 121, 145, 237","color":"#0059a9","mode":"bus","arr":["11C","17B","25","25A","0027","29/30","43","44G","44Z","45G","45K","49","100","100A","120","121","145","237"],"angle":-30.1,"side":-1,"mi":1}},{"type":"Feature","geometry":{"type":"Point","coordinates":[36.838441,-1.263242]},"properties":{"lines":"11C, 17B, 25, 25A, 29/30, 43, 44G, 44Z, 45G, 45K, 49, 100, 100A, 120, 121, 237","color":"#0059a9","mode":"bus","arr":["11C","17B","25","25A","29/30","43","44G","44Z","45G","45K","49","100","100A","120","121","237"],"angle":-30.5}},{"type":"Feature","geometry":{"type":"Point","coordinates":[36.840312,-1.262271]},"properties":{"lines":"11C","color":"#0059a9","mode":"bus","arr":["11C"],"angle":54.1,"side":-1,"mi":3}},{"type":"Feature","geometry":{"type":"Point","coordinates":[36.839912,-1.262903]},"properties":{"lines":"11C, 17B, 25, 25A, 0027, 29/30, 43, 44G, 44Z, 45G, 45K, 49, 145, 237","color":"#0059a9","mode":"bus","arr":["11C","17B","25","25A","0027","29/30","43","44G","44Z","45G","45K","49","145","237"],"angle":-16.6}},{"type":"Feature","geometry":{"type":"Point","coordinates":[36.837852,-1.264784]},"properties":{"lines":"11C","color":"#0059a9","mode":"bus","arr":["11C"],"angle":23.1}},{"type":"Feature","geometry":{"type":"Point","coordinates":[36.829469,-1.319042]},"properties":{"lines":"12C, 12D","color":"#0059a9","mode":"bus","arr":["12C","12D"],"angle":-77.9,"mi":2}},{"type":"Feature","geometry":{"type":"Point","coordinates":[36.829161,-1.320568]},"properties":{"lines":"12C, 12D","color":"#0059a9","mode":"bus","arr":["12C","12D"],"angle":-79,"extra":1,"ei":0}},{"type":"Feature","geometry":{"type":"Point","coordinates":[36.829875,-1.316859]},"properties":{"lines":"12C, 12D","color":"#0059a9","mode":"bus","arr":["12C","12D"],"angle":-80.4,"extra":1,"ei":1}},{"type":"Feature","geometry":{"type":"Point","coordinates":[36.829094,-1.311258]},"properties":{"lines":"12C, 12D","color":"#0059a9","mode":"bus","arr":["12C","12D"],"angle":-83,"mi":6}},{"type":"Feature","geometry":{"type":"Point","coordinates":[36.830361,-1.286195]},"properties":{"lines":"12C, 12D","color":"#0059a9","mode":"bus","arr":["12C","12D"],"angle":18.3}},{"type":"Feature","geometry":{"type":"Point","coordinates":[36.825228,-1.315685]},"properties":{"lines":"12C, 12D","color":"#0059a9","mode":"bus","arr":["12C","12D"],"angle":10.9,"mi":7}},{"type":"Feature","geometry":{"type":"Point","coordinates":[36.82899,-1.316418]},"properties":{"lines":"12C, 12D","color":"#0059a9","mode":"bus","arr":["12C","12D"],"angle":11.3,"extra":1,"ei":0}},{"type":"Feature","geometry":{"type":"Point","coordinates":[36.827136,-1.316058]},"properties":{"lines":"12C, 12D","color":"#0059a9","mode":"bus","arr":["12C","12D"],"angle":11.1,"extra":1,"ei":1}},{"type":"Feature","geometry":{"type":"Point","coordinates":[36.823445,-1.315262]},"properties":{"lines":"12C, 12D","color":"#0059a9","mode":"bus","arr":["12C","12D"],"angle":24.6,"extra":1,"ei":2}},{"type":"Feature","geometry":{"type":"Point","coordinates":[36.823499,-1.313566]},"properties":{"lines":"12C, 12D","color":"#0059a9","mode":"bus","arr":["12C","12D"],"angle":-72.2,"extra":1,"ei":3}},{"type":"Feature","geometry":{"type":"Point","coordinates":[36.825788,-1.313025]},"properties":{"lines":"12C, 12D, 33SB","color":"#0059a9","mode":"bus","arr":["12C","12D","33SB"],"angle":11.1}},{"type":"Feature","geometry":{"type":"Point","coordinates":[36.827895,-1.312849]},"properties":{"lines":"12C, 12D, 33SB","color":"#0059a9","mode":"bus","arr":["12C","12D","33SB"],"angle":-77.6,"mi":1}},{"type":"Feature","geometry":{"type":"Point","coordinates":[36.828374,-1.312114]},"properties":{"lines":"12C, 33SB","color":"#0059a9","mode":"bus","arr":["12C","33SB"],"angle":-30.8,"side":-1}},{"type":"Feature","geometry":{"type":"Point","coordinates":[36.827734,-1.307842]},"properties":{"lines":"12C, 12D, 33B, 33C, 33FED, 33IMR, 33MKR, 33UTW, 110, 110ATH","color":"#0059a9","mode":"bus","arr":["12C","12D","33B","33C","33FED","33IMR","33MKR","33UTW","110","110ATH"],"angle":64.6,"side":-1}},{"type":"Feature","geometry":{"type":"Point","coordinates":[36.8286,-1.309672]},"properties":{"lines":"12C, 12D, 33B, 33C, 33FED, 33IMR, 33MKR, 33UTW, 110, 110ATH","color":"#0059a9","mode":"bus","arr":["12C","12D","33B","33C","33FED","33IMR","33MKR","33UTW","110","110ATH"],"angle":65,"extra":1,"ei":0,"side":-1}},{"type":"Feature","geometry":{"type":"Point","coordinates":[36.826994,-1.306253]},"properties":{"lines":"12C, 12D, 33B, 33C, 33FED, 33IMR, 33MKR, 33UTW, 110, 110ATH","color":"#0059a9","mode":"bus","arr":["12C","12D","33B","33C","33FED","33IMR","33MKR","33UTW","110","110ATH"],"angle":64.8,"extra":1,"ei":1,"side":-1}},{"type":"Feature","geometry":{"type":"Point","coordinates":[36.825078,-1.305541]},"properties":{"lines":"14A, 14B, 15, 16, 24, 125, 126","color":"#0059a9","mode":"bus","arr":["14A","14B","15","16","24","125","126"],"angle":-7.7,"side":-1}},{"type":"Feature","geometry":{"type":"Point","coordinates":[36.82239,-1.296225]},"properties":{"lines":"12C, 12D, 14A, 14B, 15, 33B, 33C, 33FED, 33IMR, 33MKR, 33UTW, 110, 110ATH, 125, 126","color":"#0059a9","mode":"bus","arr":["12C","12D","14A","14B","15","33B","33C","33FED","33IMR","33MKR","33UTW","110","110ATH","125","126"],"angle":59.8,"side":-1}},{"type":"Feature","geometry":{"type":"Point","coordinates":[36.825206,-1.30244]},"properties":{"lines":"12C, 12D, 14A, 14B, 15, 33B, 33C, 33FED, 33IMR, 33MKR, 33UTW, 110, 110ATH, 125, 126","color":"#0059a9","mode":"bus","arr":["12C","12D","14A","14B","15","33B","33C","33FED","33IMR","33MKR","33UTW","110","110ATH","125","126"],"angle":64.9,"side":-1,"mi":1}},{"type":"Feature","geometry":{"type":"Point","coordinates":[36.825905,-1.303904]},"properties":{"lines":"12C, 12D, 14A, 14B, 15, 33B, 33C, 33FED, 33IMR, 33MKR, 33UTW, 110, 110ATH, 125, 126","color":"#0059a9","mode":"bus","arr":["12C","12D","14A","14B","15","33B","33C","33FED","33IMR","33MKR","33UTW","110","110ATH","125","126"],"angle":64.3,"extra":1,"ei":0,"side":-1}},{"type":"Feature","geometry":{"type":"Point","coordinates":[36.824293,-1.300488]},"properties":{"lines":"12C, 12D, 14A, 14B, 15, 33B, 33C, 33FED, 33IMR, 33MKR, 33UTW, 110, 110ATH, 125, 126","color":"#0059a9","mode":"bus","arr":["12C","12D","14A","14B","15","33B","33C","33FED","33IMR","33MKR","33UTW","110","110ATH","125","126"],"angle":61.2,"extra":1,"ei":1,"side":-1}},{"type":"Feature","geometry":{"type":"Point","coordinates":[36.82382,-1.298789]},"properties":{"lines":"12C, 12D, 14A, 14B, 15, 33B, 33C, 33FED, 33IMR, 33MKR, 33UTW, 110, 110ATH, 125, 126","color":"#0059a9","mode":"bus","arr":["12C","12D","14A","14B","15","33B","33C","33FED","33IMR","33MKR","33UTW","110","110ATH","125","126"],"angle":72.9,"extra":1,"ei":0,"side":-1}},{"type":"Feature","geometry":{"type":"Point","coordinates":[36.821018,-1.29387]},"properties":{"lines":"12C, 12D, 14A, 14B, 15, 33B, 33C, 33FED, 33IMR, 33MKR, 33UTW, 110, 110ATH, 125, 126","color":"#0059a9","mode":"bus","arr":["12C","12D","14A","14B","15","33B","33C","33FED","33IMR","33MKR","33UTW","110","110ATH","125","126"],"angle":57.6,"extra":1,"ei":1,"side":-1}},{"type":"Feature","geometry":{"type":"Point","coordinates":[36.827833,-1.288339]},"properties":{"lines":"12C, 23KS, 33B, 33C, 33FED, 33GTB, 33IMR","color":"#0059a9","mode":"bus","arr":["12C","23KS","33B","33C","33FED","33GTB","33IMR"],"angle":61.9,"side":-1}},{"type":"Feature","geometry":{"type":"Point","coordinates":[36.83015,-1.286091]},"properties":{"lines":"12C, 12D, 16/62","color":"#0059a9","mode":"bus","arr":["12C","12D","16/62"],"angle":-53.6,"mi":1}},{"type":"Feature","geometry":{"type":"Point","coordinates":[36.830298,-1.285436]},"properties":{"lines":"12C, 12D, 16/62","color":"#0059a9","mode":"bus","arr":["12C","12D","16/62"],"angle":-27.6}},{"type":"Feature","geometry":{"type":"Point","coordinates":[36.830348,-1.287091]},"properties":{"lines":"12C, 12D, 100, 120, 121","color":"#0059a9","mode":"bus","arr":["12C","12D","100","120","121"],"angle":-73.1,"side":-1}},{"type":"Feature","geometry":{"type":"Point","coordinates":[36.825415,-1.302349]},"properties":{"lines":"12C, 12D, 14A, 14B, 15, 16, 24, 33B, 33C, 33FED, 33IMR, 33MKR, 33TP, 33UTW, 110, 110ATH, 125, 126","color":"#0059a9","mode":"bus","arr":["12C","12D","14A","14B","15","16","24","33B","33C","33FED","33IMR","33MKR","33TP","33UTW","110","110ATH","125","126"],"angle":64.9}},{"type":"Feature","geometry":{"type":"Point","coordinates":[36.824733,-1.300875]},"properties":{"lines":"12C, 12D, 14A, 14B, 15, 16, 24, 33B, 33C, 33FED, 33IMR, 33MKR, 33TP, 33UTW, 110, 110ATH, 125, 126","color":"#0059a9","mode":"bus","arr":["12C","12D","14A","14B","15","16","24","33B","33C","33FED","33IMR","33MKR","33TP","33UTW","110","110ATH","125","126"],"angle":67.1,"extra":1,"ei":0}},{"type":"Feature","geometry":{"type":"Point","coordinates":[36.826334,-1.304296]},"properties":{"lines":"12C, 12D, 14A, 14B, 15, 16, 24, 33B, 33C, 33FED, 33IMR, 33MKR, 33TP, 33UTW, 110, 110ATH, 125, 126","color":"#0059a9","mode":"bus","arr":["12C","12D","14A","14B","15","16","24","33B","33C","33FED","33IMR","33MKR","33TP","33UTW","110","110ATH","125","126"],"angle":65.5,"extra":1,"ei":1}},{"type":"Feature","geometry":{"type":"Point","coordinates":[36.828276,-1.308406]},"properties":{"lines":"12C, 12D, 33B, 33C, 33FED, 33IMR, 33MKR, 33TP, 33UTW, 110, 110ATH","color":"#0059a9","mode":"bus","arr":["12C","12D","33B","33C","33FED","33IMR","33MKR","33TP","33UTW","110","110ATH"],"angle":64.4}},{"type":"Feature","geometry":{"type":"Point","coordinates":[36.827104,-1.305919]},"properties":{"lines":"12C, 12D, 33B, 33C, 33FED, 33IMR, 33MKR, 33TP, 33UTW, 110, 110ATH","color":"#0059a9","mode":"bus","arr":["12C","12D","33B","33C","33FED","33IMR","33MKR","33TP","33UTW","110","110ATH"],"angle":65.1,"extra":1,"ei":0}},{"type":"Feature","geometry":{"type":"Point","coordinates":[36.829491,-1.311057]},"properties":{"lines":"12C, 12D, 33B, 33C, 33FED, 33IMR, 33MKR, 33TP, 33UTW, 110, 110ATH","color":"#0059a9","mode":"bus","arr":["12C","12D","33B","33C","33FED","33IMR","33MKR","33TP","33UTW","110","110ATH"],"angle":63.8,"extra":1,"ei":1}},{"type":"Feature","geometry":{"type":"Point","coordinates":[36.837463,-1.31893]},"properties":{"lines":"33B, 33C, 33FED, 33IMR, 33MKR, 33TP, 33UTW, 110, 110ATH","color":"#0059a9","mode":"bus","arr":["33B","33C","33FED","33IMR","33MKR","33TP","33UTW","110","110ATH"],"angle":30.8}},{"type":"Feature","geometry":{"type":"Point","coordinates":[36.849053,-1.325627]},"properties":{"lines":"33B, 33C, 33FED, 33IMR, 33MKR, 33TP, 33UTW, 110, 110ATH","color":"#0059a9","mode":"bus","arr":["33B","33C","33FED","33IMR","33MKR","33TP","33UTW","110","110ATH"],"angle":27.6}},{"type":"Feature","geometry":{"type":"Point","coordinates":[36.830211,-1.312618]},"properties":{"lines":"33B, 33C, 33FED, 33IMR, 33MKR, 33TP, 33UTW, 110, 110ATH","color":"#0059a9","mode":"bus","arr":["33B","33C","33FED","33IMR","33MKR","33TP","33UTW","110","110ATH"],"angle":64.7,"extra":1,"ei":0}},{"type":"Feature","geometry":{"type":"Point","coordinates":[36.831107,-1.314276]},"properties":{"lines":"33B, 33C, 33FED, 33IMR, 33MKR, 33TP, 33UTW, 110, 110ATH","color":"#0059a9","mode":"bus","arr":["33B","33C","33FED","33IMR","33MKR","33TP","33UTW","110","110ATH"],"angle":55.6,"extra":1,"ei":1}},{"type":"Feature","geometry":{"type":"Point","coordinates":[36.83232,-1.315719]},"properties":{"lines":"33B, 33C, 33FED, 33IMR, 33MKR, 33TP, 33UTW, 110, 110ATH","color":"#0059a9","mode":"bus","arr":["33B","33C","33FED","33IMR","33MKR","33TP","33UTW","110","110ATH"],"angle":43,"extra":1,"ei":2}},{"type":"Feature","geometry":{"type":"Point","coordinates":[36.833854,-1.316806]},"properties":{"lines":"33B, 33C, 33FED, 33IMR, 33MKR, 33TP, 33UTW, 110, 110ATH","color":"#0059a9","mode":"bus","arr":["33B","33C","33FED","33IMR","33MKR","33TP","33UTW","110","110ATH"],"angle":28.7,"extra":1,"ei":3}},{"type":"Feature","geometry":{"type":"Point","coordinates":[36.835487,-1.317753]},"properties":{"lines":"33B, 33C, 33FED, 33IMR, 33MKR, 33TP, 33UTW, 110, 110ATH","color":"#0059a9","mode":"bus","arr":["33B","33C","33FED","33IMR","33MKR","33TP","33UTW","110","110ATH"],"angle":30.8,"extra":1,"ei":4}},{"type":"Feature","geometry":{"type":"Point","coordinates":[36.838741,-1.319674]},"properties":{"lines":"33B, 33C, 33FED, 33IMR, 33MKR, 33TP, 33UTW, 110, 110ATH","color":"#0059a9","mode":"bus","arr":["33B","33C","33FED","33IMR","33MKR","33TP","33UTW","110","110ATH"],"angle":29.3,"extra":1,"ei":5}},{"type":"Feature","geometry":{"type":"Point","coordinates":[36.840364,-1.320638]},"properties":{"lines":"33B, 33C, 33FED, 33IMR, 33MKR, 33TP, 33UTW, 110, 110ATH","color":"#0059a9","mode":"bus","arr":["33B","33C","33FED","33IMR","33MKR","33TP","33UTW","110","110ATH"],"angle":29.7,"extra":1,"ei":6}},{"type":"Feature","geometry":{"type":"Point","coordinates":[36.842018,-1.321551]},"properties":{"lines":"33B, 33C, 33FED, 33IMR, 33MKR, 33TP, 33UTW, 110, 110ATH","color":"#0059a9","mode":"bus","arr":["33B","33C","33FED","33IMR","33MKR","33TP","33UTW","110","110ATH"],"angle":27.4,"extra":1,"ei":7}},{"type":"Feature","geometry":{"type":"Point","coordinates":[36.843707,-1.322392]},"properties":{"lines":"33B, 33C, 33FED, 33IMR, 33MKR, 33TP, 33UTW, 110, 110ATH","color":"#0059a9","mode":"bus","arr":["33B","33C","33FED","33IMR","33MKR","33TP","33UTW","110","110ATH"],"angle":29.7,"extra":1,"ei":8}},{"type":"Feature","geometry":{"type":"Point","coordinates":[36.845275,-1.323436]},"properties":{"lines":"33B, 33C, 33FED, 33IMR, 33MKR, 33TP, 33UTW, 110, 110ATH","color":"#0059a9","mode":"bus","arr":["33B","33C","33FED","33IMR","33MKR","33TP","33UTW","110","110ATH"],"angle":40.4,"extra":1,"ei":9}},{"type":"Feature","geometry":{"type":"Point","coordinates":[36.831939,-1.315001]},"properties":{"lines":"12C, 12D","color":"#0059a9","mode":"bus","arr":["12C","12D"],"angle":52.2,"mi":1}},{"type":"Feature","geometry":{"type":"Point","coordinates":[36.830289,-1.312581]},"properties":{"lines":"12C, 12D","color":"#0059a9","mode":"bus","arr":["12C","12D"],"angle":62.4,"extra":1,"ei":0}},{"type":"Feature","geometry":{"type":"Point","coordinates":[36.833888,-1.31689]},"properties":{"lines":"12C, 12D","color":"#0059a9","mode":"bus","arr":["12C","12D"],"angle":32.4,"extra":1,"ei":1}},{"type":"Feature","geometry":{"type":"Point","coordinates":[36.837992,-1.319374]},"properties":{"lines":"12C, 12D","color":"#0059a9","mode":"bus","arr":["12C","12D"],"angle":30.6,"mi":3}},{"type":"Feature","geometry":{"type":"Point","coordinates":[36.83566,-1.318001]},"properties":{"lines":"12C, 12D","color":"#0059a9","mode":"bus","arr":["12C","12D"],"angle":30.8,"extra":1,"ei":0}},{"type":"Feature","geometry":{"type":"Point","coordinates":[36.840548,-1.320868]},"properties":{"lines":"12C, 12D","color":"#0059a9","mode":"bus","arr":["12C","12D"],"angle":30.1,"extra":1,"ei":1}},{"type":"Feature","geometry":{"type":"Point","coordinates":[36.841791,-1.321536]},"properties":{"lines":"12C, 12D","color":"#0059a9","mode":"bus","arr":["12C","12D"],"angle":28.2,"mi":5}},{"type":"Feature","geometry":{"type":"Point","coordinates":[36.830236,-1.313246]},"properties":{"lines":"33B, 33C, 33FED, 33IMR, 33MKR, 33UTW, 110, 110ATH","color":"#0059a9","mode":"bus","arr":["33B","33C","33FED","33IMR","33MKR","33UTW","110","110ATH"],"angle":63.4,"side":-1}},{"type":"Feature","geometry":{"type":"Point","coordinates":[36.849184,-1.326269]},"properties":{"lines":"33B, 33C, 33FED, 33IMR, 33MKR, 33UTW, 110, 110ATH","color":"#0059a9","mode":"bus","arr":["33B","33C","33FED","33IMR","33MKR","33UTW","110","110ATH"],"angle":30,"mi":2}},{"type":"Feature","geometry":{"type":"Point","coordinates":[36.845496,-1.324084]},"properties":{"lines":"33B, 33C, 33FED, 33IMR, 33MKR, 33UTW, 110, 110ATH","color":"#0059a9","mode":"bus","arr":["33B","33C","33FED","33IMR","33MKR","33UTW","110","110ATH"],"angle":28.2,"mi":1}},{"type":"Feature","geometry":{"type":"Point","coordinates":[36.850384,-1.326939]},"properties":{"lines":"33B, 33C, 33FED, 33IMR, 33MKR, 33UTW, 110, 110ATH","color":"#0059a9","mode":"bus","arr":["33B","33C","33FED","33IMR","33MKR","33UTW","110","110ATH"],"angle":29,"extra":1,"ei":0}},{"type":"Feature","geometry":{"type":"Point","coordinates":[36.831289,-1.314991]},"properties":{"lines":"33B, 33C, 33FED, 33IMR, 33MKR, 33UTW, 110, 110ATH","color":"#0059a9","mode":"bus","arr":["33B","33C","33FED","33IMR","33MKR","33UTW","110","110ATH"],"angle":51.8,"extra":1,"ei":0,"side":-1}},{"type":"Feature","geometry":{"type":"Point","coordinates":[36.829518,-1.311667]},"properties":{"lines":"33B, 33C, 33FED, 33IMR, 33MKR, 33UTW, 110, 110ATH","color":"#0059a9","mode":"bus","arr":["33B","33C","33FED","33IMR","33MKR","33UTW","110","110ATH"],"angle":66,"extra":1,"ei":1}},{"type":"Feature","geometry":{"type":"Point","coordinates":[36.834949,-1.317747]},"properties":{"lines":"33B, 33C, 33IMR, 33MKR, 33UTW, 110, 110ATH","color":"#0059a9","mode":"bus","arr":["33B","33C","33IMR","33MKR","33UTW","110","110ATH"],"angle":30.7,"side":-1}},{"type":"Feature","geometry":{"type":"Point","coordinates":[36.843271,-1.322927]},"properties":{"lines":"33B, 33C, 33IMR, 33MKR, 33UTW, 110, 110ATH","color":"#0059a9","mode":"bus","arr":["33B","33C","33IMR","33MKR","33UTW","110","110ATH"],"angle":31.8,"side":-1}},{"type":"Feature","geometry":{"type":"Point","coordinates":[36.837287,-1.319141]},"properties":{"lines":"33B, 33C, 33IMR, 33MKR, 33UTW, 110, 110ATH","color":"#0059a9","mode":"bus","arr":["33B","33C","33IMR","33MKR","33UTW","110","110ATH"],"angle":30.6,"extra":1,"ei":0,"side":-1}},{"type":"Feature","geometry":{"type":"Point","coordinates":[36.832481,-1.316149]},"properties":{"lines":"33B, 33C, 33IMR, 33MKR, 33UTW, 110, 110ATH","color":"#0059a9","mode":"bus","arr":["33B","33C","33IMR","33MKR","33UTW","110","110ATH"],"angle":41.4,"extra":1,"ei":1}},{"type":"Feature","geometry":{"type":"Point","coordinates":[36.840155,-1.32086]},"properties":{"lines":"12C, 12D, 33B, 33C, 33IMR, 33MKR, 33UTW, 110, 110ATH","color":"#0059a9","mode":"bus","arr":["12C","12D","33B","33C","33IMR","33MKR","33UTW","110","110ATH"],"angle":31.7,"side":-1}},{"type":"Feature","geometry":{"type":"Point","coordinates":[36.841375,-1.321652]},"properties":{"lines":"12C, 12D, 33B, 33C, 33IMR, 33MKR, 33UTW, 110, 110ATH","color":"#0059a9","mode":"bus","arr":["12C","12D","33B","33C","33IMR","33MKR","33UTW","110","110ATH"],"angle":32.1,"extra":1,"ei":0,"side":-1}},{"type":"Feature","geometry":{"type":"Point","coordinates":[36.838168,-1.319657]},"properties":{"lines":"12C, 12D, 33B, 33C, 33IMR, 33MKR, 33UTW, 110, 110ATH","color":"#0059a9","mode":"bus","arr":["12C","12D","33B","33C","33IMR","33MKR","33UTW","110","110ATH"],"angle":31.2,"extra":1,"ei":1,"side":-1}},{"type":"Feature","geometry":{"type":"Point","coordinates":[36.836222,-1.321561]},"properties":{"lines":"12C, 12D","color":"#0059a9","mode":"bus","arr":["12C","12D"],"angle":-29.3}},{"type":"Feature","geometry":{"type":"Point","coordinates":[36.829832,-1.322538]},"properties":{"lines":"12C, 12D","color":"#0059a9","mode":"bus","arr":["12C","12D"],"angle":9.9,"mi":4}},{"type":"Feature","geometry":{"type":"Point","coordinates":[36.837508,-1.320232]},"properties":{"lines":"12C, 12D","color":"#0059a9","mode":"bus","arr":["12C","12D"],"angle":-60.5,"extra":1,"ei":0}},{"type":"Feature","geometry":{"type":"Point","coordinates":[36.834397,-1.322039]},"properties":{"lines":"12C, 12D","color":"#0059a9","mode":"bus","arr":["12C","12D"],"angle":-6.9,"extra":1,"ei":1}},{"type":"Feature","geometry":{"type":"Point","coordinates":[36.831961,-1.322397]},"properties":{"lines":"12C","color":"#0059a9","mode":"bus","arr":["12C"],"angle":-8.9,"mi":1}},{"type":"Feature","geometry":{"type":"Point","coordinates":[36.829054,-1.322397]},"properties":{"lines":"12C","color":"#0059a9","mode":"bus","arr":["12C"],"angle":10.8,"side":-1}},{"type":"Feature","geometry":{"type":"Point","coordinates":[36.833233,-1.322202]},"properties":{"lines":"12C","color":"#0059a9","mode":"bus","arr":["12C"],"angle":-8.7,"extra":1,"ei":0}},{"type":"Feature","geometry":{"type":"Point","coordinates":[36.839189,-1.326876]},"properties":{"lines":"12D","color":"#0059a9","mode":"bus","arr":["12D"],"angle":-75.8,"mi":4}},{"type":"Feature","geometry":{"type":"Point","coordinates":[36.842011,-1.326078]},"properties":{"lines":"12D","color":"#0059a9","mode":"bus","arr":["12D"],"angle":67.5,"extra":1,"ei":0}},{"type":"Feature","geometry":{"type":"Point","coordinates":[36.840874,-1.325581]},"properties":{"lines":"12D","color":"#0059a9","mode":"bus","arr":["12D"],"angle":-32,"extra":1,"ei":1}},{"type":"Feature","geometry":{"type":"Point","coordinates":[36.838385,-1.327984]},"properties":{"lines":"12D","color":"#0059a9","mode":"bus","arr":["12D"],"angle":-7.6,"extra":1,"ei":2}},{"type":"Feature","geometry":{"type":"Point","coordinates":[36.837521,-1.326565]},"properties":{"lines":"12D","color":"#0059a9","mode":"bus","arr":["12D"],"angle":59.9,"extra":1,"ei":3}},{"type":"Feature","geometry":{"type":"Point","coordinates":[36.82888,-1.322036]},"properties":{"lines":"12D","color":"#0059a9","mode":"bus","arr":["12D"],"angle":80.7,"mi":3}},{"type":"Feature","geometry":{"type":"Point","coordinates":[36.833867,-1.325693]},"properties":{"lines":"12D","color":"#0059a9","mode":"bus","arr":["12D"],"angle":-8.5,"mi":1}},{"type":"Feature","geometry":{"type":"Point","coordinates":[36.835904,-1.325457]},"properties":{"lines":"12D","color":"#0059a9","mode":"bus","arr":["12D"],"angle":-8.7,"extra":1,"ei":0}},{"type":"Feature","geometry":{"type":"Point","coordinates":[36.832174,-1.325989]},"properties":{"lines":"12D","color":"#0059a9","mode":"bus","arr":["12D"],"angle":-8.5,"extra":1,"ei":1}},{"type":"Feature","geometry":{"type":"Point","coordinates":[36.830683,-1.324381]},"properties":{"lines":"12D","color":"#0059a9","mode":"bus","arr":["12D"],"angle":82.1,"mi":2}},{"type":"Feature","geometry":{"type":"Point","coordinates":[36.82833,-1.312083]},"properties":{"lines":"12D","color":"#0059a9","mode":"bus","arr":["12D"],"angle":-41.6}},{"type":"Feature","geometry":{"type":"Point","coordinates":[36.828655,-1.287993]},"properties":{"lines":"12D, 14A, 14B, 15, 16, 33MKR, 43","color":"#0059a9","mode":"bus","arr":["12D","14A","14B","15","16","33MKR","43"],"angle":62.5}},{"type":"Feature","geometry":{"type":"Point","coordinates":[36.833754,-1.323911]},"properties":{"lines":"12D","color":"#0059a9","mode":"bus","arr":["12D"],"angle":80.1}},{"type":"Feature","geometry":{"type":"Point","coordinates":[36.876477,-1.256471]},"properties":{"lines":"14, 28","color":"#0059a9","mode":"bus","arr":["14","28"],"angle":-29.5,"mi":1}},{"type":"Feature","geometry":{"type":"Point","coordinates":[36.877752,-1.255745]},"properties":{"lines":"14, 28","color":"#0059a9","mode":"bus","arr":["14","28"],"angle":-28.2,"extra":1,"ei":0}},{"type":"Feature","geometry":{"type":"Point","coordinates":[36.874461,-1.2576]},"properties":{"lines":"14, 28","color":"#0059a9","mode":"bus","arr":["14","28"],"angle":-28.9,"extra":1,"ei":1}},{"type":"Feature","geometry":{"type":"Point","coordinates":[36.874152,-1.259829]},"properties":{"lines":"14, 28","color":"#0059a9","mode":"bus","arr":["14","28"],"angle":-86}},{"type":"Feature","geometry":{"type":"Point","coordinates":[36.874217,-1.258557]},"properties":{"lines":"14, 28","color":"#0059a9","mode":"bus","arr":["14","28"],"angle":-86.5,"extra":1,"ei":0}},{"type":"Feature","geometry":{"type":"Point","coordinates":[36.866404,-1.262325]},"properties":{"lines":"14, 16/62, 17Aky, 18C, 28, 32D, 41, 46B, 46H","color":"#0059a9","mode":"bus","arr":["14","16/62","17Aky","18C","28","32D","41","46B","46H"],"angle":-16.4}},{"type":"Feature","geometry":{"type":"Point","coordinates":[36.853887,-1.265909]},"properties":{"lines":"14, 16/62, 17Aky, 18C, 28, 32D, 41, 46B, 46H","color":"#0059a9","mode":"bus","arr":["14","16/62","17Aky","18C","28","32D","41","46B","46H"],"angle":-0.5}},{"type":"Feature","geometry":{"type":"Point","coordinates":[36.873077,-1.261902]},"properties":{"lines":"14, 16/62, 17Aky, 18C, 28, 32D, 41, 46B, 46H","color":"#0059a9","mode":"bus","arr":["14","16/62","17Aky","18C","28","32D","41","46B","46H"],"angle":8.9,"extra":1,"ei":0}},{"type":"Feature","geometry":{"type":"Point","coordinates":[36.871209,-1.261618]},"properties":{"lines":"14, 16/62, 17Aky, 18C, 28, 32D, 41, 46B, 46H","color":"#0059a9","mode":"bus","arr":["14","16/62","17Aky","18C","28","32D","41","46B","46H"],"angle":8.3,"extra":1,"ei":1}},{"type":"Feature","geometry":{"type":"Point","coordinates":[36.869342,-1.261484]},"properties":{"lines":"14, 16/62, 17Aky, 18C, 28, 32D, 41, 46B, 46H","color":"#0059a9","mode":"bus","arr":["14","16/62","17Aky","18C","28","32D","41","46B","46H"],"angle":-13.7,"extra":1,"ei":2}},{"type":"Feature","geometry":{"type":"Point","coordinates":[36.863889,-1.263024]},"properties":{"lines":"14, 16/62, 17Aky, 18C, 28, 32D, 41, 46B, 46H","color":"#0059a9","mode":"bus","arr":["14","16/62","17Aky","18C","28","32D","41","46B","46H"],"angle":-15.9,"extra":1,"ei":3}},{"type":"Feature","geometry":{"type":"Point","coordinates":[36.862072,-1.263543]},"properties":{"lines":"14, 16/62, 17Aky, 18C, 28, 32D, 41, 46B, 46H","color":"#0059a9","mode":"bus","arr":["14","16/62","17Aky","18C","28","32D","41","46B","46H"],"angle":-14.8,"extra":1,"ei":4}},{"type":"Feature","geometry":{"type":"Point","coordinates":[36.860289,-1.264149]},"properties":{"lines":"14, 16/62, 17Aky, 18C, 28, 32D, 41, 46B, 46H","color":"#0059a9","mode":"bus","arr":["14","16/62","17Aky","18C","28","32D","41","46B","46H"],"angle":-30.2,"extra":1,"ei":5}},{"type":"Feature","geometry":{"type":"Point","coordinates":[36.857656,-1.265879]},"properties":{"lines":"14, 16/62, 17Aky, 18C, 28, 32D, 41, 46B, 46H","color":"#0059a9","mode":"bus","arr":["14","16/62","17Aky","18C","28","32D","41","46B","46H"],"angle":1.6,"extra":1,"ei":0}},{"type":"Feature","geometry":{"type":"Point","coordinates":[36.855768,-1.265894]},"properties":{"lines":"14, 16/62, 17Aky, 18C, 28, 32D, 41, 46B, 46H","color":"#0059a9","mode":"bus","arr":["14","16/62","17Aky","18C","28","32D","41","46B","46H"],"angle":0.4,"extra":1,"ei":1}},{"type":"Feature","geometry":{"type":"Point","coordinates":[36.85199,-1.265924]},"properties":{"lines":"14, 16/62, 17Aky, 18C, 28, 32D, 41, 46B, 46H","color":"#0059a9","mode":"bus","arr":["14","16/62","17Aky","18C","28","32D","41","46B","46H"],"angle":-0.4,"extra":1,"ei":2}},{"type":"Feature","geometry":{"type":"Point","coordinates":[36.850105,-1.265983]},"properties":{"lines":"14, 16/62, 17Aky, 18C, 28, 32D, 41, 46B, 46H","color":"#0059a9","mode":"bus","arr":["14","16/62","17Aky","18C","28","32D","41","46B","46H"],"angle":-9.4,"extra":1,"ei":3}},{"type":"Feature","geometry":{"type":"Point","coordinates":[36.859056,-1.265586]},"properties":{"lines":"14, 17Aky, 18C, 28, 32D, 41, 46B, 46H","color":"#0059a9","mode":"bus","arr":["14","17Aky","18C","28","32D","41","46B","46H"],"angle":-45.8,"side":-1}},{"type":"Feature","geometry":{"type":"Point","coordinates":[36.848494,-1.266319]},"properties":{"lines":"14, 16/62, 28, 32D, 41, 46B, 46H","color":"#0059a9","mode":"bus","arr":["14","16/62","28","32D","41","46B","46H"],"angle":-12.9}},{"type":"Feature","geometry":{"type":"Point","coordinates":[36.836807,-1.270514]},"properties":{"lines":"14, 16/62, 32D","color":"#0059a9","mode":"bus","arr":["14","16/62","32D"],"angle":-60.2,"side":-1}},{"type":"Feature","geometry":{"type":"Point","coordinates":[36.835526,-1.273816]},"properties":{"lines":"14, 16/62, 17B, 32D, 43, 45G, 121","color":"#0059a9","mode":"bus","arr":["14","16/62","17B","32D","43","45G","121"],"angle":-69,"side":-1}},{"type":"Feature","geometry":{"type":"Point","coordinates":[36.836336,-1.271681]},"properties":{"lines":"14, 16/62, 17B, 32D, 43, 45G, 121","color":"#0059a9","mode":"bus","arr":["14","16/62","17B","32D","43","45G","121"],"angle":-69.4,"extra":1,"ei":0,"side":-1}},{"type":"Feature","geometry":{"type":"Point","coordinates":[36.834994,-1.275211]},"properties":{"lines":"14, 16/62, 17B, 32D, 43, 45G, 121","color":"#0059a9","mode":"bus","arr":["14","16/62","17B","32D","43","45G","121"],"angle":-69.2,"extra":1,"ei":1,"side":-1}},{"type":"Feature","geometry":{"type":"Point","coordinates":[36.829587,-1.284849]},"properties":{"lines":"14, 45G, 46B, 46H, 135","color":"#0059a9","mode":"bus","arr":["14","45G","46B","46H","135"],"angle":-28}},{"type":"Feature","geometry":{"type":"Point","coordinates":[36.835375,-1.273873]},"properties":{"lines":"14, 16/62, 17B, 0027, 32D, 43, 45G, 46B, 46H, 120, 121","color":"#0059a9","mode":"bus","arr":["14","16/62","17B","0027","32D","43","45G","46B","46H","120","121"],"angle":-69.3}},{"type":"Feature","geometry":{"type":"Point","coordinates":[36.83434,-1.276582]},"properties":{"lines":"14, 16/62, 17B, 0027, 32D, 43, 45G, 46B, 46H, 120, 121","color":"#0059a9","mode":"bus","arr":["14","16/62","17B","0027","32D","43","45G","46B","46H","120","121"],"angle":-69.1,"extra":1,"ei":0}},{"type":"Feature","geometry":{"type":"Point","coordinates":[36.836373,-1.271294]},"properties":{"lines":"14, 16/62, 17B, 0027, 32D, 43, 45G, 46B, 46H, 120, 121","color":"#0059a9","mode":"bus","arr":["14","16/62","17B","0027","32D","43","45G","46B","46H","120","121"],"angle":-67.8,"extra":1,"ei":1}},{"type":"Feature","geometry":{"type":"Point","coordinates":[36.85901,-1.265533]},"properties":{"lines":"14, 16/62, 17Aky, 28, 32D, 46H","color":"#0059a9","mode":"bus","arr":["14","16/62","17Aky","28","32D","46H"],"angle":-45.6}},{"type":"Feature","geometry":{"type":"Point","coordinates":[36.815761,-1.306984]},"properties":{"lines":"14A","color":"#0059a9","mode":"bus","arr":["14A"],"angle":-15}},{"type":"Feature","geometry":{"type":"Point","coordinates":[36.818574,-1.306792]},"properties":{"lines":"14A","color":"#0059a9","mode":"bus","arr":["14A"],"angle":4.3,"extra":1,"ei":0}},{"type":"Feature","geometry":{"type":"Point","coordinates":[36.813211,-1.308197]},"properties":{"lines":"14A","color":"#0059a9","mode":"bus","arr":["14A"],"angle":-28.3,"extra":1,"ei":1}},{"type":"Feature","geometry":{"type":"Point","coordinates":[36.822895,-1.305655]},"properties":{"lines":"14A, 14B, 15, 125, 126","color":"#0059a9","mode":"bus","arr":["14A","14B","15","125","126"],"angle":-10}},{"type":"Feature","geometry":{"type":"Point","coordinates":[36.820422,-1.306373]},"properties":{"lines":"14A, 14B, 15, 125, 126","color":"#0059a9","mode":"bus","arr":["14A","14B","15","125","126"],"angle":-27.4,"extra":1,"ei":0}},{"type":"Feature","geometry":{"type":"Point","coordinates":[36.82408,-1.305479]},"properties":{"lines":"14A, 14B, 15, 125, 126","color":"#0059a9","mode":"bus","arr":["14A","14B","15","125","126"],"angle":-8.2,"extra":1,"ei":1}},{"type":"Feature","geometry":{"type":"Point","coordinates":[36.825918,-1.305112]},"properties":{"lines":"14A, 14B, 15, 125, 126","color":"#0059a9","mode":"bus","arr":["14A","14B","15","125","126"],"angle":-33.6,"extra":1,"ei":2}},{"type":"Feature","geometry":{"type":"Point","coordinates":[36.8302,-1.287397]},"properties":{"lines":"14A, 14B, 15, 16, 16/62, 17B, 33MKR, 33NG","color":"#0059a9","mode":"bus","arr":["14A","14B","15","16","16/62","17B","33MKR","33NG"],"angle":-73.6}},{"type":"Feature","geometry":{"type":"Point","coordinates":[36.823678,-1.306442]},"properties":{"lines":"14A, 14B","color":"#0059a9","mode":"bus","arr":["14A","14B"],"angle":81.9,"mi":1}},{"type":"Feature","geometry":{"type":"Point","coordinates":[36.823015,-1.307347]},"properties":{"lines":"14A, 14B","color":"#0059a9","mode":"bus","arr":["14A","14B"],"angle":-8.2}},{"type":"Feature","geometry":{"type":"Point","coordinates":[36.820954,-1.30764]},"properties":{"lines":"14A, 33SB","color":"#0059a9","mode":"bus","arr":["14A","33SB"],"angle":-7.3}},{"type":"Feature","geometry":{"type":"Point","coordinates":[36.819115,-1.312616]},"properties":{"lines":"14B","color":"#0059a9","mode":"bus","arr":["14B"],"angle":-79.7}},{"type":"Feature","geometry":{"type":"Point","coordinates":[36.821369,-1.310991]},"properties":{"lines":"14B","color":"#0059a9","mode":"bus","arr":["14B"],"angle":-28,"extra":1,"ei":0}},{"type":"Feature","geometry":{"type":"Point","coordinates":[36.817606,-1.313717]},"properties":{"lines":"14B","color":"#0059a9","mode":"bus","arr":["14B"],"angle":41.5,"extra":1,"ei":1}},{"type":"Feature","geometry":{"type":"Point","coordinates":[36.816255,-1.312754]},"properties":{"lines":"14B","color":"#0059a9","mode":"bus","arr":["14B"],"angle":5.3,"mi":1}},{"type":"Feature","geometry":{"type":"Point","coordinates":[36.803863,-1.322758]},"properties":{"lines":"15, 24C, 34L, 125, 126","color":"#0059a9","mode":"bus","arr":["15","24C","34L","125","126"],"angle":-4.6}},{"type":"Feature","geometry":{"type":"Point","coordinates":[36.815264,-1.313752]},"properties":{"lines":"15, 24C, 34L, 125, 126","color":"#0059a9","mode":"bus","arr":["15","24C","34L","125","126"],"angle":-65.8,"extra":1,"ei":0}},{"type":"Feature","geometry":{"type":"Point","coordinates":[36.814408,-1.315431]},"properties":{"lines":"15, 24C, 34L, 125, 126","color":"#0059a9","mode":"bus","arr":["15","24C","34L","125","126"],"angle":-55.3,"extra":1,"ei":1}},{"type":"Feature","geometry":{"type":"Point","coordinates":[36.813088,-1.316776]},"properties":{"lines":"15, 24C, 34L, 125, 126","color":"#0059a9","mode":"bus","arr":["15","24C","34L","125","126"],"angle":-43.6,"extra":1,"ei":2}},{"type":"Feature","geometry":{"type":"Point","coordinates":[36.811747,-1.318106]},"properties":{"lines":"15, 24C, 34L, 125, 126","color":"#0059a9","mode":"bus","arr":["15","24C","34L","125","126"],"angle":-44.7,"extra":1,"ei":3}},{"type":"Feature","geometry":{"type":"Point","coordinates":[36.810416,-1.319446]},"properties":{"lines":"15, 24C, 34L, 125, 126","color":"#0059a9","mode":"bus","arr":["15","24C","34L","125","126"],"angle":-45.1,"extra":1,"ei":4}},{"type":"Feature","geometry":{"type":"Point","coordinates":[36.809092,-1.320792]},"properties":{"lines":"15, 24C, 34L, 125, 126","color":"#0059a9","mode":"bus","arr":["15","24C","34L","125","126"],"angle":-44.8,"extra":1,"ei":5}},{"type":"Feature","geometry":{"type":"Point","coordinates":[36.807674,-1.322029]},"properties":{"lines":"15, 24C, 34L, 125, 126","color":"#0059a9","mode":"bus","arr":["15","24C","34L","125","126"],"angle":-27.4,"extra":1,"ei":6}},{"type":"Feature","geometry":{"type":"Point","coordinates":[36.805852,-1.322504]},"properties":{"lines":"15, 24C, 34L, 125, 126","color":"#0059a9","mode":"bus","arr":["15","24C","34L","125","126"],"angle":-12,"extra":1,"ei":7}},{"type":"Feature","geometry":{"type":"Point","coordinates":[36.802117,-1.323032]},"properties":{"lines":"15, 24C, 34L, 125, 126","color":"#0059a9","mode":"bus","arr":["15","24C","34L","125","126"],"angle":-8.4,"extra":1,"ei":8}},{"type":"Feature","geometry":{"type":"Point","coordinates":[36.80026,-1.323376]},"properties":{"lines":"15, 24C, 34L, 125, 126","color":"#0059a9","mode":"bus","arr":["15","24C","34L","125","126"],"angle":-11.4,"extra":1,"ei":9}},{"type":"Feature","geometry":{"type":"Point","coordinates":[36.798407,-1.323745]},"properties":{"lines":"15, 24C, 34L, 125, 126","color":"#0059a9","mode":"bus","arr":["15","24C","34L","125","126"],"angle":-11.4,"extra":1,"ei":10}},{"type":"Feature","geometry":{"type":"Point","coordinates":[36.79662,-1.32432]},"properties":{"lines":"15, 24C, 34L, 125, 126","color":"#0059a9","mode":"bus","arr":["15","24C","34L","125","126"],"angle":-28.8,"extra":1,"ei":11}},{"type":"Feature","geometry":{"type":"Point","coordinates":[36.794987,-1.325269]},"properties":{"lines":"15, 24C, 34L, 125, 126","color":"#0059a9","mode":"bus","arr":["15","24C","34L","125","126"],"angle":-29.3,"extra":1,"ei":12}},{"type":"Feature","geometry":{"type":"Point","coordinates":[36.793345,-1.326201]},"properties":{"lines":"15, 24C, 34L, 125, 126","color":"#0059a9","mode":"bus","arr":["15","24C","34L","125","126"],"angle":-28.3,"extra":1,"ei":13}},{"type":"Feature","geometry":{"type":"Point","coordinates":[36.791701,-1.327131]},"properties":{"lines":"15, 24C, 34L, 125, 126","color":"#0059a9","mode":"bus","arr":["15","24C","34L","125","126"],"angle":-29.9,"extra":1,"ei":14}},{"type":"Feature","geometry":{"type":"Point","coordinates":[36.790026,-1.327999]},"properties":{"lines":"15, 24C, 34L, 125, 126","color":"#0059a9","mode":"bus","arr":["15","24C","34L","125","126"],"angle":-22.4,"extra":1,"ei":15}},{"type":"Feature","geometry":{"type":"Point","coordinates":[36.807811,-1.314235]},"properties":{"lines":"33SB, 34L","color":"#0059a9","mode":"bus","arr":["33SB","34L"],"angle":42.3}},{"type":"Feature","geometry":{"type":"Point","coordinates":[36.814609,-1.312899]},"properties":{"lines":"33SB, 34L","color":"#0059a9","mode":"bus","arr":["33SB","34L"],"angle":-20.5,"extra":1,"ei":0}},{"type":"Feature","geometry":{"type":"Point","coordinates":[36.812842,-1.313568]},"properties":{"lines":"33SB, 34L","color":"#0059a9","mode":"bus","arr":["33SB","34L"],"angle":-21.1,"extra":1,"ei":1}},{"type":"Feature","geometry":{"type":"Point","coordinates":[36.811079,-1.314246]},"properties":{"lines":"33SB, 34L","color":"#0059a9","mode":"bus","arr":["33SB","34L"],"angle":-20.9,"extra":1,"ei":2}},{"type":"Feature","geometry":{"type":"Point","coordinates":[36.809256,-1.314694]},"properties":{"lines":"33SB, 34L","color":"#0059a9","mode":"bus","arr":["33SB","34L"],"angle":-2.2,"extra":1,"ei":3}},{"type":"Feature","geometry":{"type":"Point","coordinates":[36.80651,-1.312468]},"properties":{"lines":"33SB, 34L","color":"#0059a9","mode":"bus","arr":["33SB","34L"],"angle":62.7,"extra":1,"ei":4}},{"type":"Feature","geometry":{"type":"Point","coordinates":[36.80564,-1.310792]},"properties":{"lines":"33SB, 34L","color":"#0059a9","mode":"bus","arr":["33SB","34L"],"angle":61.7,"extra":1,"ei":5}},{"type":"Feature","geometry":{"type":"Point","coordinates":[36.804794,-1.309104]},"properties":{"lines":"33SB, 34L","color":"#0059a9","mode":"bus","arr":["33SB","34L"],"angle":63.4,"extra":1,"ei":6}},{"type":"Feature","geometry":{"type":"Point","coordinates":[36.803961,-1.307409]},"properties":{"lines":"33SB, 34L","color":"#0059a9","mode":"bus","arr":["33SB","34L"],"angle":64.3,"extra":1,"ei":7}},{"type":"Feature","geometry":{"type":"Point","coordinates":[36.818449,-1.309353]},"properties":{"lines":"14B, 15, 33SB, 125, 126","color":"#0059a9","mode":"bus","arr":["14B","15","33SB","125","126"],"angle":-52.8}},{"type":"Feature","geometry":{"type":"Point","coordinates":[36.816316,-1.311949]},"properties":{"lines":"14B, 15, 33SB, 125, 126","color":"#0059a9","mode":"bus","arr":["14B","15","33SB","125","126"],"angle":-53.5,"mi":1}},{"type":"Feature","geometry":{"type":"Point","coordinates":[36.81753,-1.310508]},"properties":{"lines":"14B, 15, 33SB, 125, 126","color":"#0059a9","mode":"bus","arr":["14B","15","33SB","125","126"],"angle":-51.8,"extra":1,"ei":0}},{"type":"Feature","geometry":{"type":"Point","coordinates":[36.819447,-1.307289]},"properties":{"lines":"14B, 15, 33SB, 125, 126","color":"#0059a9","mode":"bus","arr":["14B","15","33SB","125","126"],"angle":-67.9,"extra":1,"ei":1}},{"type":"Feature","geometry":{"type":"Point","coordinates":[36.822232,-1.309015]},"properties":{"lines":"14B, 33SB","color":"#0059a9","mode":"bus","arr":["14B","33SB"],"angle":-89.5}},{"type":"Feature","geometry":{"type":"Point","coordinates":[36.822217,-1.310293]},"properties":{"lines":"14B, 33SB","color":"#0059a9","mode":"bus","arr":["14B","33SB"],"angle":89.8,"extra":1,"ei":0}},{"type":"Feature","geometry":{"type":"Point","coordinates":[36.776052,-1.321981]},"properties":{"lines":"15","color":"#0059a9","mode":"bus","arr":["15"],"angle":64.8,"mi":6}},{"type":"Feature","geometry":{"type":"Point","coordinates":[36.777729,-1.32323]},"properties":{"lines":"15","color":"#0059a9","mode":"bus","arr":["15"],"angle":-0.9,"mi":4}},{"type":"Feature","geometry":{"type":"Point","coordinates":[36.77897,-1.323438]},"properties":{"lines":"15","color":"#0059a9","mode":"bus","arr":["15"],"angle":1.5,"mi":3}},{"type":"Feature","geometry":{"type":"Point","coordinates":[36.779902,-1.323455]},"properties":{"lines":"15","color":"#0059a9","mode":"bus","arr":["15"],"angle":34,"mi":2}},{"type":"Feature","geometry":{"type":"Point","coordinates":[36.789141,-1.327881]},"properties":{"lines":"15","color":"#0059a9","mode":"bus","arr":["15"],"angle":61.6,"mi":7}},{"type":"Feature","geometry":{"type":"Point","coordinates":[36.780017,-1.328691]},"properties":{"lines":"15","color":"#0059a9","mode":"bus","arr":["15"],"angle":87,"mi":5}},{"type":"Feature","geometry":{"type":"Point","coordinates":[36.779981,-1.324963]},"properties":{"lines":"15","color":"#0059a9","mode":"bus","arr":["15"],"angle":89.4}},{"type":"Feature","geometry":{"type":"Point","coordinates":[36.780336,-1.326573]},"properties":{"lines":"15","color":"#0059a9","mode":"bus","arr":["15"],"angle":-73.2,"mi":1}},{"type":"Feature","geometry":{"type":"Point","coordinates":[36.786126,-1.323876]},"properties":{"lines":"15, 34L","color":"#0059a9","mode":"bus","arr":["15","34L"],"angle":-50.6}},{"type":"Feature","geometry":{"type":"Point","coordinates":[36.789812,-1.32667]},"properties":{"lines":"15, 34L","color":"#0059a9","mode":"bus","arr":["15","34L"],"angle":-42.6,"extra":1,"ei":0}},{"type":"Feature","geometry":{"type":"Point","coordinates":[36.790493,-1.32504]},"properties":{"lines":"15, 34L","color":"#0059a9","mode":"bus","arr":["15","34L"],"angle":82.4,"extra":1,"ei":1}},{"type":"Feature","geometry":{"type":"Point","coordinates":[36.789657,-1.323377]},"properties":{"lines":"15, 34L","color":"#0059a9","mode":"bus","arr":["15","34L"],"angle":43.1,"extra":1,"ei":2}},{"type":"Feature","geometry":{"type":"Point","coordinates":[36.788201,-1.322175]},"properties":{"lines":"15, 34L","color":"#0059a9","mode":"bus","arr":["15","34L"],"angle":25.7,"extra":1,"ei":3}},{"type":"Feature","geometry":{"type":"Point","coordinates":[36.78532,-1.326522]},"properties":{"lines":"15, 34L","color":"#0059a9","mode":"bus","arr":["15","34L"],"angle":-87,"extra":1,"ei":4}},{"type":"Feature","geometry":{"type":"Point","coordinates":[36.784624,-1.328216]},"properties":{"lines":"15, 34L","color":"#0059a9","mode":"bus","arr":["15","34L"],"angle":-41.7,"extra":1,"ei":5}},{"type":"Feature","geometry":{"type":"Point","coordinates":[36.783045,-1.329246]},"properties":{"lines":"15, 34L","color":"#0059a9","mode":"bus","arr":["15","34L"],"angle":-29.8,"extra":1,"ei":6}},{"type":"Feature","geometry":{"type":"Point","coordinates":[36.781373,-1.330124]},"properties":{"lines":"15, 34L","color":"#0059a9","mode":"bus","arr":["15","34L"],"angle":-25.9,"extra":1,"ei":7}},{"type":"Feature","geometry":{"type":"Point","coordinates":[36.821707,-1.306129]},"properties":{"lines":"15, 16, 24, 125, 126","color":"#0059a9","mode":"bus","arr":["15","16","24","125","126"],"angle":-16.1,"side":-1}},{"type":"Feature","geometry":{"type":"Point","coordinates":[36.818036,-1.310021]},"properties":{"lines":"15, 16, 24, 33SB, 125, 126","color":"#0059a9","mode":"bus","arr":["15","16","24","33SB","125","126"],"angle":-51.7,"side":-1}},{"type":"Feature","geometry":{"type":"Point","coordinates":[36.819254,-1.308063]},"properties":{"lines":"15, 16, 24, 33SB, 125, 126","color":"#0059a9","mode":"bus","arr":["15","16","24","33SB","125","126"],"angle":-66.8,"extra":1,"ei":0,"side":-1}},{"type":"Feature","geometry":{"type":"Point","coordinates":[36.817131,-1.311163]},"properties":{"lines":"15, 16, 24, 33SB, 125, 126","color":"#0059a9","mode":"bus","arr":["15","16","24","33SB","125","126"],"angle":-52.4,"extra":1,"ei":1,"side":-1}},{"type":"Feature","geometry":{"type":"Point","coordinates":[36.804066,-1.322878]},"properties":{"lines":"15, 24, 34L, 125, 126","color":"#0059a9","mode":"bus","arr":["15","24","34L","125","126"],"angle":-7.1,"side":-1}},{"type":"Feature","geometry":{"type":"Point","coordinates":[36.815524,-1.31371]},"properties":{"lines":"15, 24, 34L, 125, 126","color":"#0059a9","mode":"bus","arr":["15","24","34L","125","126"],"angle":-63.4,"extra":1,"ei":0,"side":-1}},{"type":"Feature","geometry":{"type":"Point","coordinates":[36.814635,-1.315375]},"properties":{"lines":"15, 24, 34L, 125, 126","color":"#0059a9","mode":"bus","arr":["15","24","34L","125","126"],"angle":-54.1,"extra":1,"ei":1,"side":-1}},{"type":"Feature","geometry":{"type":"Point","coordinates":[36.813335,-1.316742]},"properties":{"lines":"15, 24, 34L, 125, 126","color":"#0059a9","mode":"bus","arr":["15","24","34L","125","126"],"angle":-45.5,"extra":1,"ei":2,"side":-1}},{"type":"Feature","geometry":{"type":"Point","coordinates":[36.81197,-1.318046]},"properties":{"lines":"15, 24, 34L, 125, 126","color":"#0059a9","mode":"bus","arr":["15","24","34L","125","126"],"angle":-43.3,"extra":1,"ei":3,"side":-1}},{"type":"Feature","geometry":{"type":"Point","coordinates":[36.810652,-1.319398]},"properties":{"lines":"15, 24, 34L, 125, 126","color":"#0059a9","mode":"bus","arr":["15","24","34L","125","126"],"angle":-46.7,"extra":1,"ei":4,"side":-1}},{"type":"Feature","geometry":{"type":"Point","coordinates":[36.809341,-1.320758]},"properties":{"lines":"15, 24, 34L, 125, 126","color":"#0059a9","mode":"bus","arr":["15","24","34L","125","126"],"angle":-45.1,"extra":1,"ei":5,"side":-1}},{"type":"Feature","geometry":{"type":"Point","coordinates":[36.807944,-1.32202]},"properties":{"lines":"15, 24, 34L, 125, 126","color":"#0059a9","mode":"bus","arr":["15","24","34L","125","126"],"angle":-30.5,"extra":1,"ei":6,"side":-1}},{"type":"Feature","geometry":{"type":"Point","coordinates":[36.806141,-1.322548]},"properties":{"lines":"15, 24, 34L, 125, 126","color":"#0059a9","mode":"bus","arr":["15","24","34L","125","126"],"angle":-11.7,"extra":1,"ei":7,"side":-1}},{"type":"Feature","geometry":{"type":"Point","coordinates":[36.802413,-1.323154]},"properties":{"lines":"15, 24, 34L, 125, 126","color":"#0059a9","mode":"bus","arr":["15","24","34L","125","126"],"angle":-9.7,"extra":1,"ei":8,"side":-1}},{"type":"Feature","geometry":{"type":"Point","coordinates":[36.800565,-1.323542]},"properties":{"lines":"15, 24, 34L, 125, 126","color":"#0059a9","mode":"bus","arr":["15","24","34L","125","126"],"angle":-10.7,"extra":1,"ei":9,"side":-1}},{"type":"Feature","geometry":{"type":"Point","coordinates":[36.798708,-1.323888]},"properties":{"lines":"15, 24, 34L, 125, 126","color":"#0059a9","mode":"bus","arr":["15","24","34L","125","126"],"angle":-11.3,"extra":1,"ei":10,"side":-1}},{"type":"Feature","geometry":{"type":"Point","coordinates":[36.796884,-1.324357]},"properties":{"lines":"15, 24, 34L, 125, 126","color":"#0059a9","mode":"bus","arr":["15","24","34L","125","126"],"angle":-25.4,"extra":1,"ei":11,"side":-1}},{"type":"Feature","geometry":{"type":"Point","coordinates":[36.795234,-1.325275]},"properties":{"lines":"15, 24, 34L, 125, 126","color":"#0059a9","mode":"bus","arr":["15","24","34L","125","126"],"angle":-29.1,"extra":1,"ei":12,"side":-1}},{"type":"Feature","geometry":{"type":"Point","coordinates":[36.793601,-1.326224]},"properties":{"lines":"15, 24, 34L, 125, 126","color":"#0059a9","mode":"bus","arr":["15","24","34L","125","126"],"angle":-30,"extra":1,"ei":13,"side":-1}},{"type":"Feature","geometry":{"type":"Point","coordinates":[36.791958,-1.327157]},"properties":{"lines":"15, 24, 34L, 125, 126","color":"#0059a9","mode":"bus","arr":["15","24","34L","125","126"],"angle":-30.3,"extra":1,"ei":14,"side":-1}},{"type":"Feature","geometry":{"type":"Point","coordinates":[36.790332,-1.328117]},"properties":{"lines":"15, 24, 34L, 125, 126","color":"#0059a9","mode":"bus","arr":["15","24","34L","125","126"],"angle":-32.3,"extra":1,"ei":15,"side":-1}},{"type":"Feature","geometry":{"type":"Point","coordinates":[36.81196,-1.314091]},"properties":{"lines":"16, 24C, 33SB, 34L","color":"#0059a9","mode":"bus","arr":["16","24C","33SB","34L"],"angle":-18.5,"side":-1,"mi":3}},{"type":"Feature","geometry":{"type":"Point","coordinates":[36.804834,-1.309392]},"properties":{"lines":"16, 24C, 33SB, 34L","color":"#0059a9","mode":"bus","arr":["16","24C","33SB","34L"],"angle":64.4,"side":-1,"mi":2}},{"type":"Feature","geometry":{"type":"Point","coordinates":[36.806827,-1.31329]},"properties":{"lines":"16, 24C, 33SB, 34L","color":"#0059a9","mode":"bus","arr":["16","24C","33SB","34L"],"angle":59.6,"side":-1}},{"type":"Feature","geometry":{"type":"Point","coordinates":[36.806265,-1.312215]},"properties":{"lines":"16, 24C, 33SB, 34L","color":"#0059a9","mode":"bus","arr":["16","24C","33SB","34L"],"angle":64.3,"extra":1,"ei":0,"side":-1}},{"type":"Feature","geometry":{"type":"Point","coordinates":[36.80545,-1.310659]},"properties":{"lines":"16, 24C, 33SB, 34L","color":"#0059a9","mode":"bus","arr":["16","24C","33SB","34L"],"angle":62.9,"extra":1,"ei":0,"side":-1}},{"type":"Feature","geometry":{"type":"Point","coordinates":[36.814724,-1.312991]},"properties":{"lines":"16, 24C, 33SB, 34L","color":"#0059a9","mode":"bus","arr":["16","24C","33SB","34L"],"angle":-21.1,"extra":1,"ei":0,"side":-1}},{"type":"Feature","geometry":{"type":"Point","coordinates":[36.809381,-1.314829]},"properties":{"lines":"16, 24C, 33SB, 34L","color":"#0059a9","mode":"bus","arr":["16","24C","33SB","34L"],"angle":-3.1,"extra":1,"ei":1,"side":-1}},{"type":"Feature","geometry":{"type":"Point","coordinates":[36.805994,-1.31167]},"properties":{"lines":"16, 24C, 33SB, 34L","color":"#0059a9","mode":"bus","arr":["16","24C","33SB","34L"],"angle":61.7,"side":-1,"mi":1}},{"type":"Feature","geometry":{"type":"Point","coordinates":[36.8032,-1.305964]},"properties":{"lines":"16, 24C, 33NG, 33SB, 34L","color":"#0059a9","mode":"bus","arr":["16","24C","33NG","33SB","34L"],"angle":73.5,"side":-1}},{"type":"Feature","geometry":{"type":"Point","coordinates":[36.802875,-1.304619]},"properties":{"lines":"16, 24C, 33NG, 33SB, 34L","color":"#0059a9","mode":"bus","arr":["16","24C","33NG","33SB","34L"],"angle":77.3,"extra":1,"ei":0,"side":-1}},{"type":"Feature","geometry":{"type":"Point","coordinates":[36.8023,-1.301352]},"properties":{"lines":"16, 24C, 33NG, 34L","color":"#0059a9","mode":"bus","arr":["16","24C","33NG","34L"],"angle":-70.5}},{"type":"Feature","geometry":{"type":"Point","coordinates":[36.802652,-1.303635]},"properties":{"lines":"16, 24C, 33NG, 34L","color":"#0059a9","mode":"bus","arr":["16","24C","33NG","34L"],"angle":77.2,"extra":1,"ei":0,"side":-1}},{"type":"Feature","geometry":{"type":"Point","coordinates":[36.802973,-1.300082]},"properties":{"lines":"16, 24C, 33NG, 34L","color":"#0059a9","mode":"bus","arr":["16","24C","33NG","34L"],"angle":-73.2,"extra":1,"ei":1}},{"type":"Feature","geometry":{"type":"Point","coordinates":[36.815861,-1.29363]},"properties":{"lines":"16, 24, 33NG, 56, 102, 111","color":"#0059a9","mode":"bus","arr":["16","24","33NG","56","102","111"],"angle":7.7}},{"type":"Feature","geometry":{"type":"Point","coordinates":[36.914828,-1.267735]},"properties":{"lines":"16/62, 17A, 17Aky, 18C, 19C2, 19Cdc, 1960","color":"#0059a9","mode":"bus","arr":["16/62","17A","17Aky","18C","19C2","19Cdc","1960"],"angle":-42}},{"type":"Feature","geometry":{"type":"Point","coordinates":[36.918296,-1.267482]},"properties":{"lines":"16/62, 18C, 20, 1961K","color":"#0059a9","mode":"bus","arr":["16/62","18C","20","1961K"],"angle":22.7}},{"type":"Feature","geometry":{"type":"Point","coordinates":[36.919684,-1.268162]},"properties":{"lines":"16/62, 18C, 20, 1961K","color":"#0059a9","mode":"bus","arr":["16/62","18C","20","1961K"],"angle":29.3,"extra":1,"ei":0}},{"type":"Feature","geometry":{"type":"Point","coordinates":[36.916279,-1.266559]},"properties":{"lines":"16/62, 18C, 20, 1961K","color":"#0059a9","mode":"bus","arr":["16/62","18C","20","1961K"],"angle":38.7,"extra":1,"ei":1}},{"type":"Feature","geometry":{"type":"Point","coordinates":[36.920266,-1.269217]},"properties":{"lines":"16/62, 17A, 17Aky, 18C, 20, 1960, 1961K","color":"#0059a9","mode":"bus","arr":["16/62","17A","17Aky","18C","20","1960","1961K"],"angle":-65.9}},{"type":"Feature","geometry":{"type":"Point","coordinates":[36.918003,-1.273669]},"properties":{"lines":"16/62, 17A, 17Aky, 18C, 20, 1960, 1961K, 1961Kd","color":"#0059a9","mode":"bus","arr":["16/62","17A","17Aky","18C","20","1960","1961K","1961Kd"],"angle":-73.8}},{"type":"Feature","geometry":{"type":"Point","coordinates":[36.916436,-1.276665]},"properties":{"lines":"16/62, 17A, 17Aky, 18C, 20, 1960, 1961K, 1961Kd","color":"#0059a9","mode":"bus","arr":["16/62","17A","17Aky","18C","20","1960","1961K","1961Kd"],"angle":-47.1,"extra":1,"ei":0}},{"type":"Feature","geometry":{"type":"Point","coordinates":[36.917521,-1.275134]},"properties":{"lines":"16/62, 17A, 17Aky, 18C, 20, 1960, 1961K, 1961Kd","color":"#0059a9","mode":"bus","arr":["16/62","17A","17Aky","18C","20","1960","1961K","1961Kd"],"angle":-66,"extra":1,"ei":1}},{"type":"Feature","geometry":{"type":"Point","coordinates":[36.91888,-1.271629]},"properties":{"lines":"16/62, 17A, 17Aky, 18C, 20, 1960, 1961K, 1961Kd","color":"#0059a9","mode":"bus","arr":["16/62","17A","17Aky","18C","20","1960","1961K","1961Kd"],"angle":-54.6,"extra":1,"ei":2}},{"type":"Feature","geometry":{"type":"Point","coordinates":[36.919907,-1.270058]},"properties":{"lines":"16/62, 17A, 17Aky, 18C, 20, 1960, 1961K, 1961Kd","color":"#0059a9","mode":"bus","arr":["16/62","17A","17Aky","18C","20","1960","1961K","1961Kd"],"angle":-65.6,"extra":1,"ei":3}},{"type":"Feature","geometry":{"type":"Point","coordinates":[36.913135,-1.276039]},"properties":{"lines":"16/62, 18C, 1961K, 1961Kd","color":"#0059a9","mode":"bus","arr":["16/62","18C","1961K","1961Kd"],"angle":21.7}},{"type":"Feature","geometry":{"type":"Point","coordinates":[36.911279,-1.275147]},"properties":{"lines":"16/62, 18C, 1961K, 1961Kd","color":"#0059a9","mode":"bus","arr":["16/62","18C","1961K","1961Kd"],"angle":34.6,"extra":1,"ei":0}},{"type":"Feature","geometry":{"type":"Point","coordinates":[36.914691,-1.27671]},"properties":{"lines":"16/62, 18C, 1961K, 1961Kd","color":"#0059a9","mode":"bus","arr":["16/62","18C","1961K","1961Kd"],"angle":32.2,"extra":1,"ei":1}},{"type":"Feature","geometry":{"type":"Point","coordinates":[36.912036,-1.271827]},"properties":{"lines":"16/62, 17A, 17Aky, 18C, 19Cdc, 1960","color":"#0059a9","mode":"bus","arr":["16/62","17A","17Aky","18C","19Cdc","1960"],"angle":-47.3}},{"type":"Feature","geometry":{"type":"Point","coordinates":[36.910819,-1.273715]},"properties":{"lines":"16/62, 17A, 17Aky, 18C, 19Cdc, 1960","color":"#0059a9","mode":"bus","arr":["16/62","17A","17Aky","18C","19Cdc","1960"],"angle":-72.3,"extra":1,"ei":0}},{"type":"Feature","geometry":{"type":"Point","coordinates":[36.913035,-1.270729]},"properties":{"lines":"16/62, 17A, 17Aky, 18C, 19Cdc, 1960","color":"#0059a9","mode":"bus","arr":["16/62","17A","17Aky","18C","19Cdc","1960"],"angle":-55.4,"extra":1,"ei":1}},{"type":"Feature","geometry":{"type":"Point","coordinates":[36.911089,-1.266714]},"properties":{"lines":"16/62, 18C, 19C2","color":"#0059a9","mode":"bus","arr":["16/62","18C","19C2"],"angle":48,"mi":1}},{"type":"Feature","geometry":{"type":"Point","coordinates":[36.909135,-1.26505]},"properties":{"lines":"16/62, 18C, 19C2","color":"#0059a9","mode":"bus","arr":["16/62","18C","19C2"],"angle":45.5,"extra":1,"ei":0}},{"type":"Feature","geometry":{"type":"Point","coordinates":[36.911751,-1.267686]},"properties":{"lines":"16/62, 18C, 19C2","color":"#0059a9","mode":"bus","arr":["16/62","18C","19C2"],"angle":48,"extra":1,"ei":1}},{"type":"Feature","geometry":{"type":"Point","coordinates":[36.91318,-1.268891]},"properties":{"lines":"16/62, 18C, 19C2","color":"#0059a9","mode":"bus","arr":["16/62","18C","19C2"],"angle":24.9,"extra":1,"ei":2}},{"type":"Feature","geometry":{"type":"Point","coordinates":[36.907272,-1.265623]},"properties":{"lines":"16/62, 18C, 19C2, 19Cdc","color":"#0059a9","mode":"bus","arr":["16/62","18C","19C2","19Cdc"],"angle":-49.8}},{"type":"Feature","geometry":{"type":"Point","coordinates":[36.906503,-1.266563]},"properties":{"lines":"16/62, 18C, 19C2, 19Cdc","color":"#0059a9","mode":"bus","arr":["16/62","18C","19C2","19Cdc"],"angle":-50.1,"extra":1,"ei":0}},{"type":"Feature","geometry":{"type":"Point","coordinates":[36.905383,-1.266161]},"properties":{"lines":"16/62, 18C, 19C2","color":"#0059a9","mode":"bus","arr":["16/62","18C","19C2"],"angle":40.5}},{"type":"Feature","geometry":{"type":"Point","coordinates":[36.907988,-1.261922]},"properties":{"lines":"16/62, 18C, 38/39, 39SK","color":"#0059a9","mode":"bus","arr":["16/62","18C","38/39","39SK"],"angle":-36.1}},{"type":"Feature","geometry":{"type":"Point","coordinates":[36.9051,-1.264741]},"properties":{"lines":"16/62, 18C, 38/39, 39SK","color":"#0059a9","mode":"bus","arr":["16/62","18C","38/39","39SK"],"angle":-50.2,"extra":1,"ei":0}},{"type":"Feature","geometry":{"type":"Point","coordinates":[36.906359,-1.263337]},"properties":{"lines":"16/62, 18C, 38/39, 39SK","color":"#0059a9","mode":"bus","arr":["16/62","18C","38/39","39SK"],"angle":-43.7,"extra":1,"ei":1}},{"type":"Feature","geometry":{"type":"Point","coordinates":[36.909331,-1.261026]},"properties":{"lines":"16/62, 18C, 38/39, 39SK","color":"#0059a9","mode":"bus","arr":["16/62","18C","38/39","39SK"],"angle":-30.7,"extra":1,"ei":2}},{"type":"Feature","geometry":{"type":"Point","coordinates":[36.910995,-1.260134]},"properties":{"lines":"16/62, 18C, 38/39, 39SK","color":"#0059a9","mode":"bus","arr":["16/62","18C","38/39","39SK"],"angle":-25.3,"extra":1,"ei":3}},{"type":"Feature","geometry":{"type":"Point","coordinates":[36.907453,-1.25676]},"properties":{"lines":"16/62, 18C, 3738","color":"#0059a9","mode":"bus","arr":["16/62","18C","3738"],"angle":4.8}},{"type":"Feature","geometry":{"type":"Point","coordinates":[36.912144,-1.258636]},"properties":{"lines":"16/62, 18C, 3738","color":"#0059a9","mode":"bus","arr":["16/62","18C","3738"],"angle":76.9,"extra":1,"ei":0}},{"type":"Feature","geometry":{"type":"Point","coordinates":[36.911803,-1.256784]},"properties":{"lines":"16/62, 18C, 3738","color":"#0059a9","mode":"bus","arr":["16/62","18C","3738"],"angle":82.2,"extra":1,"ei":1}},{"type":"Feature","geometry":{"type":"Point","coordinates":[36.91153,-1.254916]},"properties":{"lines":"16/62, 18C, 3738","color":"#0059a9","mode":"bus","arr":["16/62","18C","3738"],"angle":81.2,"extra":1,"ei":2}},{"type":"Feature","geometry":{"type":"Point","coordinates":[36.910131,-1.254706]},"properties":{"lines":"16/62, 18C, 3738","color":"#0059a9","mode":"bus","arr":["16/62","18C","3738"],"angle":-38.6,"extra":1,"ei":3}},{"type":"Feature","geometry":{"type":"Point","coordinates":[36.908828,-1.256071]},"properties":{"lines":"16/62, 18C, 3738","color":"#0059a9","mode":"bus","arr":["16/62","18C","3738"],"angle":-45.1,"extra":1,"ei":4}},{"type":"Feature","geometry":{"type":"Point","coordinates":[36.905298,-1.256744]},"properties":{"lines":"16/62, 18C, 3738","color":"#0059a9","mode":"bus","arr":["16/62","18C","3738"],"angle":-18.9,"extra":1,"ei":5}},{"type":"Feature","geometry":{"type":"Point","coordinates":[36.903529,-1.257405]},"properties":{"lines":"16/62, 18C, 3738","color":"#0059a9","mode":"bus","arr":["16/62","18C","3738"],"angle":-21.2,"extra":1,"ei":6}},{"type":"Feature","geometry":{"type":"Point","coordinates":[36.901789,-1.257204]},"properties":{"lines":"16/62, 18C, 3738","color":"#0059a9","mode":"bus","arr":["16/62","18C","3738"],"angle":28.5,"extra":1,"ei":7}},{"type":"Feature","geometry":{"type":"Point","coordinates":[36.900033,-1.256528]},"properties":{"lines":"16/62, 18C, 3738","color":"#0059a9","mode":"bus","arr":["16/62","18C","3738"],"angle":16.6,"extra":1,"ei":8}},{"type":"Feature","geometry":{"type":"Point","coordinates":[36.89818,-1.25658]},"properties":{"lines":"16/62, 18C, 3738","color":"#0059a9","mode":"bus","arr":["16/62","18C","3738"],"angle":-13.8,"extra":1,"ei":9}},{"type":"Feature","geometry":{"type":"Point","coordinates":[36.895617,-1.257434]},"properties":{"lines":"16/62, 18C, 41, 42, 3738","color":"#0059a9","mode":"bus","arr":["16/62","18C","41","42","3738"],"angle":-19.4}},{"type":"Feature","geometry":{"type":"Point","coordinates":[36.896928,-1.256975]},"properties":{"lines":"16/62, 18C, 41, 42, 3738","color":"#0059a9","mode":"bus","arr":["16/62","18C","41","42","3738"],"angle":-19.9,"extra":1,"ei":0}},{"type":"Feature","geometry":{"type":"Point","coordinates":[36.890161,-1.260343]},"properties":{"lines":"16/62, 18C, 32D, 36, 41, 42, 3738","color":"#0059a9","mode":"bus","arr":["16/62","18C","32D","36","41","42","3738"],"angle":-20.3}},{"type":"Feature","geometry":{"type":"Point","coordinates":[36.892617,-1.258684]},"properties":{"lines":"16/62, 18C, 32D, 36, 41, 42, 3738","color":"#0059a9","mode":"bus","arr":["16/62","18C","32D","36","41","42","3738"],"angle":-37.5,"extra":1,"ei":0}},{"type":"Feature","geometry":{"type":"Point","coordinates":[36.887597,-1.261122]},"properties":{"lines":"16/62, 18C, 32D, 36, 41, 42, 3738","color":"#0059a9","mode":"bus","arr":["16/62","18C","32D","36","41","42","3738"],"angle":-13.4,"extra":1,"ei":1}},{"type":"Feature","geometry":{"type":"Point","coordinates":[36.882877,-1.261987]},"properties":{"lines":"16/62, 18C, 32D, 41, 42, 3738","color":"#0059a9","mode":"bus","arr":["16/62","18C","32D","41","42","3738"],"angle":-7.1}},{"type":"Feature","geometry":{"type":"Point","coordinates":[36.885463,-1.261609]},"properties":{"lines":"16/62, 18C, 32D, 41, 42, 3738","color":"#0059a9","mode":"bus","arr":["16/62","18C","32D","41","42","3738"],"angle":-12.7,"extra":1,"ei":0}},{"type":"Feature","geometry":{"type":"Point","coordinates":[36.879842,-1.262306]},"properties":{"lines":"16/62, 18C, 32D, 41, 42, 3738","color":"#0059a9","mode":"bus","arr":["16/62","18C","32D","41","42","3738"],"angle":1.5,"extra":1,"ei":1}},{"type":"Feature","geometry":{"type":"Point","coordinates":[36.878616,-1.262557]},"properties":{"lines":"16/62, 18C, 32D, 41","color":"#0059a9","mode":"bus","arr":["16/62","18C","32D","41"],"angle":18.4,"side":-1}},{"type":"Feature","geometry":{"type":"Point","coordinates":[36.876283,-1.26243]},"properties":{"lines":"16/62, 17Aky, 18C, 32D, 41, 46B","color":"#0059a9","mode":"bus","arr":["16/62","17Aky","18C","32D","41","46B"],"angle":8.4}},{"type":"Feature","geometry":{"type":"Point","coordinates":[36.874943,-1.262198]},"properties":{"lines":"16/62, 17Aky, 18C, 32D, 41, 46B","color":"#0059a9","mode":"bus","arr":["16/62","17Aky","18C","32D","41","46B"],"angle":9.9,"extra":1,"ei":0}},{"type":"Feature","geometry":{"type":"Point","coordinates":[36.831423,-1.286988]},"properties":{"lines":"16/62, 17B, 19Cdc, 23KS, 33GTB, 34B, 34J, 35/60, 39SK, 43, 58, 100, 120, 121","color":"#0059a9","mode":"bus","arr":["16/62","17B","19Cdc","23KS","33GTB","34B","34J","35/60","39SK","43","58","100","120","121"],"angle":-54.7}},{"type":"Feature","geometry":{"type":"Point","coordinates":[36.833275,-1.2832]},"properties":{"lines":"16/62, 17B, 0027, 32D, 43, 100, 120, 121, 1960, 1961K","color":"#0059a9","mode":"bus","arr":["16/62","17B","0027","32D","43","100","120","121","1960","1961K"],"angle":-83.5}},{"type":"Feature","geometry":{"type":"Point","coordinates":[36.83267,-1.284651]},"properties":{"lines":"16/62, 17B, 0027, 32D, 43, 100, 120, 121, 1960, 1961K","color":"#0059a9","mode":"bus","arr":["16/62","17B","0027","32D","43","100","120","121","1960","1961K"],"angle":-61.3,"extra":1,"ei":0}},{"type":"Feature","geometry":{"type":"Point","coordinates":[36.832563,-1.281247]},"properties":{"lines":"16/62, 17B, 0027, 32D, 43, 100, 120, 121, 1960, 1961K","color":"#0059a9","mode":"bus","arr":["16/62","17B","0027","32D","43","100","120","121","1960","1961K"],"angle":41.3,"extra":1,"ei":1,"side":-1}},{"type":"Feature","geometry":{"type":"Point","coordinates":[36.879247,-1.264383]},"properties":{"lines":"17Aky, 23KS, 26, 26S, 36","color":"#0059a9","mode":"bus","arr":["17Aky","23KS","26","26S","36"],"angle":77,"side":-1}},{"type":"Feature","geometry":{"type":"Point","coordinates":[36.879011,-1.263096]},"properties":{"lines":"17Aky, 23KS, 26, 26S, 36","color":"#0059a9","mode":"bus","arr":["17Aky","23KS","26","26S","36"],"angle":81.4,"extra":1,"ei":0,"side":-1}},{"type":"Feature","geometry":{"type":"Point","coordinates":[36.880273,-1.268627]},"properties":{"lines":"17A, 17Aky, 23KS, 26, 26S, 36","color":"#0059a9","mode":"bus","arr":["17A","17Aky","23KS","26","26S","36"],"angle":76.4,"mi":2}},{"type":"Feature","geometry":{"type":"Point","coordinates":[36.879867,-1.265655]},"properties":{"lines":"17A, 17Aky, 23KS, 26, 26S, 36","color":"#0059a9","mode":"bus","arr":["17A","17Aky","23KS","26","26S","36"],"angle":75.9}},{"type":"Feature","geometry":{"type":"Point","coordinates":[36.881114,-1.270665]},"properties":{"lines":"17A, 17Aky, 23KS, 26, 26S, 36","color":"#0059a9","mode":"bus","arr":["17A","17Aky","23KS","26","26S","36"],"angle":75.4,"mi":5}},{"type":"Feature","geometry":{"type":"Point","coordinates":[36.879404,-1.263603]},"properties":{"lines":"17A, 17Aky, 23KS, 26, 26S, 36","color":"#0059a9","mode":"bus","arr":["17A","17Aky","23KS","26","26S","36"],"angle":80,"mi":4}},{"type":"Feature","geometry":{"type":"Point","coordinates":[36.879564,-1.264337]},"properties":{"lines":"17A, 17Aky, 23KS, 26, 26S, 36","color":"#0059a9","mode":"bus","arr":["17A","17Aky","23KS","26","26S","36"],"angle":75.8,"mi":3}},{"type":"Feature","geometry":{"type":"Point","coordinates":[36.880451,-1.268037]},"properties":{"lines":"17A, 17Aky, 23KS, 26, 26S, 36","color":"#0059a9","mode":"bus","arr":["17A","17Aky","23KS","26","26S","36"],"angle":76.5,"mi":1}},{"type":"Feature","geometry":{"type":"Point","coordinates":[36.882041,-1.273976]},"properties":{"lines":"17A, 17Aky","color":"#0059a9","mode":"bus","arr":["17A","17Aky"],"angle":76.1,"mi":2}},{"type":"Feature","geometry":{"type":"Point","coordinates":[36.881702,-1.272753]},"properties":{"lines":"17A, 17Aky","color":"#0059a9","mode":"bus","arr":["17A","17Aky"],"angle":75.1,"extra":1,"ei":0}},{"type":"Feature","geometry":{"type":"Point","coordinates":[36.881779,-1.274968]},"properties":{"lines":"17A, 17Aky","color":"#0059a9","mode":"bus","arr":["17A","17Aky"],"angle":80.2,"mi":1}},{"type":"Feature","geometry":{"type":"Point","coordinates":[36.882517,-1.277164]},"properties":{"lines":"17A, 17Aky","color":"#0059a9","mode":"bus","arr":["17A","17Aky"],"angle":81.8}},{"type":"Feature","geometry":{"type":"Point","coordinates":[36.881514,-1.273605]},"properties":{"lines":"17A, 17Aky","color":"#0059a9","mode":"bus","arr":["17A","17Aky"],"angle":77.7,"extra":1,"ei":0}},{"type":"Feature","geometry":{"type":"Point","coordinates":[36.881053,-1.271774]},"properties":{"lines":"17A, 17Aky","color":"#0059a9","mode":"bus","arr":["17A","17Aky"],"angle":77.5,"extra":1,"ei":1}},{"type":"Feature","geometry":{"type":"Point","coordinates":[36.883287,-1.278323]},"properties":{"lines":"17A, 17Aky, 19C2, 38/39, 39SK","color":"#0059a9","mode":"bus","arr":["17A","17Aky","19C2","38/39","39SK"],"angle":11.4}},{"type":"Feature","geometry":{"type":"Point","coordinates":[36.885125,-1.277268]},"properties":{"lines":"17A, 17Aky, 19C2, 38/39, 39SK","color":"#0059a9","mode":"bus","arr":["17A","17Aky","19C2","38/39","39SK"],"angle":-48.3,"mi":1}},{"type":"Feature","geometry":{"type":"Point","coordinates":[36.886377,-1.276199]},"properties":{"lines":"17A, 17Aky, 19C2, 38/39, 39SK","color":"#0059a9","mode":"bus","arr":["17A","17Aky","19C2","38/39","39SK"],"angle":-28.4,"extra":1,"ei":0}},{"type":"Feature","geometry":{"type":"Point","coordinates":[36.88343,-1.27844]},"properties":{"lines":"17A, 17Aky, 19C2, 38/39, 39SK","color":"#0059a9","mode":"bus","arr":["17A","17Aky","19C2","38/39","39SK"],"angle":-15.5,"extra":1,"ei":1,"side":-1}},{"type":"Feature","geometry":{"type":"Point","coordinates":[36.888193,-1.277258]},"properties":{"lines":"17A, 17Aky","color":"#0059a9","mode":"bus","arr":["17A","17Aky"],"angle":45.9,"mi":3}},{"type":"Feature","geometry":{"type":"Point","coordinates":[36.893403,-1.277531]},"properties":{"lines":"17A, 17Aky, 35/60, 3560","color":"#0059a9","mode":"bus","arr":["17A","17Aky","35/60","3560"],"angle":-12.1}},{"type":"Feature","geometry":{"type":"Point","coordinates":[36.890087,-1.278391]},"properties":{"lines":"17A, 17Aky, 35/60, 3560","color":"#0059a9","mode":"bus","arr":["17A","17Aky","35/60","3560"],"angle":-14.3,"extra":1,"ei":0}},{"type":"Feature","geometry":{"type":"Point","coordinates":[36.891919,-1.277929]},"properties":{"lines":"17A, 17Aky, 35/60, 3560","color":"#0059a9","mode":"bus","arr":["17A","17Aky","35/60","3560"],"angle":-13.7,"extra":1,"ei":1}},{"type":"Feature","geometry":{"type":"Point","coordinates":[36.895496,-1.278191]},"properties":{"lines":"17A, 17Aky, 35/60, 3560","color":"#0059a9","mode":"bus","arr":["17A","17Aky","35/60","3560"],"angle":43.6,"extra":1,"ei":2}},{"type":"Feature","geometry":{"type":"Point","coordinates":[36.896067,-1.279972]},"properties":{"lines":"17A, 17Aky, 35/60, 3560","color":"#0059a9","mode":"bus","arr":["17A","17Aky","35/60","3560"],"angle":76,"extra":1,"ei":3}},{"type":"Feature","geometry":{"type":"Point","coordinates":[36.916459,-1.265015]},"properties":{"lines":"17A","color":"#0059a9","mode":"bus","arr":["17A"],"angle":86.7,"side":-1}},{"type":"Feature","geometry":{"type":"Point","coordinates":[36.897125,-1.279797]},"properties":{"lines":"17A, 17Aky, 3560","color":"#0059a9","mode":"bus","arr":["17A","17Aky","3560"],"angle":-27.4}},{"type":"Feature","geometry":{"type":"Point","coordinates":[36.899128,-1.278751]},"properties":{"lines":"17A, 17Aky","color":"#0059a9","mode":"bus","arr":["17A","17Aky"],"angle":-27.8}},{"type":"Feature","geometry":{"type":"Point","coordinates":[36.90129,-1.280387]},"properties":{"lines":"17A, 17Aky, 20","color":"#0059a9","mode":"bus","arr":["17A","17Aky","20"],"angle":62.8}},{"type":"Feature","geometry":{"type":"Point","coordinates":[36.901975,-1.281737]},"properties":{"lines":"17A, 17Aky, 20","color":"#0059a9","mode":"bus","arr":["17A","17Aky","20"],"angle":63.2,"extra":1,"ei":0}},{"type":"Feature","geometry":{"type":"Point","coordinates":[36.900261,-1.278371]},"properties":{"lines":"17A, 17Aky, 20","color":"#0059a9","mode":"bus","arr":["17A","17Aky","20"],"angle":62.4,"extra":1,"ei":1}},{"type":"Feature","geometry":{"type":"Point","coordinates":[36.902916,-1.28275]},"properties":{"lines":"17A, 17Aky, 19Cdc, 20, 1960, 1961K, 1961Kd","color":"#0059a9","mode":"bus","arr":["17A","17Aky","19Cdc","20","1960","1961K","1961Kd"],"angle":63.8,"mi":1}},{"type":"Feature","geometry":{"type":"Point","coordinates":[36.905682,-1.28072]},"properties":{"lines":"17A, 17Aky, 19Cdc, 20, 1960, 1961K, 1961Kd","color":"#0059a9","mode":"bus","arr":["17A","17Aky","19Cdc","20","1960","1961K","1961Kd"],"angle":-63.8}},{"type":"Feature","geometry":{"type":"Point","coordinates":[36.903752,-1.282292]},"properties":{"lines":"17A, 17Aky, 19Cdc, 20, 1960, 1961K, 1961Kd","color":"#0059a9","mode":"bus","arr":["17A","17Aky","19Cdc","20","1960","1961K","1961Kd"],"angle":-28.6,"extra":1,"ei":0}},{"type":"Feature","geometry":{"type":"Point","coordinates":[36.906274,-1.279677]},"properties":{"lines":"17A, 17Aky, 19Cdc, 20, 1960, 1961K, 1961Kd","color":"#0059a9","mode":"bus","arr":["17A","17Aky","19Cdc","20","1960","1961K","1961Kd"],"angle":-44.6,"extra":1,"ei":1}},{"type":"Feature","geometry":{"type":"Point","coordinates":[36.907677,-1.278418]},"properties":{"lines":"17A, 17Aky, 19Cdc, 20, 1960, 1961K, 1961Kd","color":"#0059a9","mode":"bus","arr":["17A","17Aky","19Cdc","20","1960","1961K","1961Kd"],"angle":-47.6,"extra":1,"ei":2}},{"type":"Feature","geometry":{"type":"Point","coordinates":[36.913157,-1.280815]},"properties":{"lines":"17A, 17Aky, 20, 1960","color":"#0059a9","mode":"bus","arr":["17A","17Aky","20","1960"],"angle":21.4}},{"type":"Feature","geometry":{"type":"Point","coordinates":[36.908823,-1.278505]},"properties":{"lines":"17A, 17Aky, 20, 1960","color":"#0059a9","mode":"bus","arr":["17A","17Aky","20","1960"],"angle":24.4,"extra":1,"ei":0}},{"type":"Feature","geometry":{"type":"Point","coordinates":[36.910384,-1.279546]},"properties":{"lines":"17A, 17Aky, 20, 1960","color":"#0059a9","mode":"bus","arr":["17A","17Aky","20","1960"],"angle":42,"extra":1,"ei":1}},{"type":"Feature","geometry":{"type":"Point","coordinates":[36.91201,-1.280459]},"properties":{"lines":"17A, 17Aky, 20, 1960","color":"#0059a9","mode":"bus","arr":["17A","17Aky","20","1960"],"angle":15.6,"extra":1,"ei":2}},{"type":"Feature","geometry":{"type":"Point","coordinates":[36.915054,-1.280618]},"properties":{"lines":"17A, 17Aky, 20, 1960","color":"#0059a9","mode":"bus","arr":["17A","17Aky","20","1960"],"angle":-70.5,"extra":1,"ei":3}},{"type":"Feature","geometry":{"type":"Point","coordinates":[36.915437,-1.278775]},"properties":{"lines":"17A, 17Aky, 20, 1960","color":"#0059a9","mode":"bus","arr":["17A","17Aky","20","1960"],"angle":-84.4,"extra":1,"ei":4}},{"type":"Feature","geometry":{"type":"Point","coordinates":[36.923371,-1.265125]},"properties":{"lines":"17A, 17Aky, 1960","color":"#0059a9","mode":"bus","arr":["17A","17Aky","1960"],"angle":-63.7}},{"type":"Feature","geometry":{"type":"Point","coordinates":[36.92139,-1.268956]},"properties":{"lines":"17A, 17Aky, 1960","color":"#0059a9","mode":"bus","arr":["17A","17Aky","1960"],"angle":19.9,"extra":1,"ei":0}},{"type":"Feature","geometry":{"type":"Point","coordinates":[36.922292,-1.267566]},"properties":{"lines":"17A, 17Aky, 1960","color":"#0059a9","mode":"bus","arr":["17A","17Aky","1960"],"angle":-75.5,"extra":1,"ei":1}},{"type":"Feature","geometry":{"type":"Point","coordinates":[36.921733,-1.263312]},"properties":{"lines":"17A, 17Aky, 1960","color":"#0059a9","mode":"bus","arr":["17A","17Aky","1960"],"angle":12.8,"extra":1,"ei":2}},{"type":"Feature","geometry":{"type":"Point","coordinates":[36.920127,-1.262377]},"properties":{"lines":"17A, 17Aky, 1960","color":"#0059a9","mode":"bus","arr":["17A","17Aky","1960"],"angle":37.9,"extra":1,"ei":3}},{"type":"Feature","geometry":{"type":"Point","coordinates":[36.918157,-1.263617]},"properties":{"lines":"17A, 17Aky, 20, 1960, 1961K","color":"#0059a9","mode":"bus","arr":["17A","17Aky","20","1960","1961K"],"angle":-39.1}},{"type":"Feature","geometry":{"type":"Point","coordinates":[36.914609,-1.264093]},"properties":{"lines":"19C2, 19Cdc","color":"#0059a9","mode":"bus","arr":["19C2","19Cdc"],"angle":29.5,"mi":1}},{"type":"Feature","geometry":{"type":"Point","coordinates":[36.916474,-1.264997]},"properties":{"lines":"19C2","color":"#0059a9","mode":"bus","arr":["19C2"],"angle":86.7,"side":-1}},{"type":"Feature","geometry":{"type":"Point","coordinates":[36.916425,-1.265483]},"properties":{"lines":"17A, 17Aky, 19C2, 19Cdc, 20, 1960, 1961K","color":"#0059a9","mode":"bus","arr":["17A","17Aky","19C2","19Cdc","20","1960","1961K"],"angle":-71}},{"type":"Feature","geometry":{"type":"Point","coordinates":[36.91656,-1.265091]},"properties":{"lines":"17Aky, 19Cdc, 20, 1960, 1961K","color":"#0059a9","mode":"bus","arr":["17Aky","19Cdc","20","1960","1961K"],"angle":-72.1,"side":-1}},{"type":"Feature","geometry":{"type":"Point","coordinates":[36.916226,-1.26574]},"properties":{"lines":"17A, 17Aky, 19C2","color":"#0059a9","mode":"bus","arr":["17A","17Aky","19C2"],"angle":-58.3}},{"type":"Feature","geometry":{"type":"Point","coordinates":[36.916062,-1.266037]},"properties":{"lines":"17Aky, 19C2","color":"#0059a9","mode":"bus","arr":["17Aky","19C2"],"angle":-85.4}},{"type":"Feature","geometry":{"type":"Point","coordinates":[36.908874,-1.276106]},"properties":{"lines":"17A, 17Aky, 19Cdc, 1960, 1961K, 1961Kd","color":"#0059a9","mode":"bus","arr":["17A","17Aky","19Cdc","1960","1961K","1961Kd"],"angle":-46.2}},{"type":"Feature","geometry":{"type":"Point","coordinates":[36.909826,-1.275261]},"properties":{"lines":"17A, 17Aky, 19Cdc, 1960, 1961K, 1961Kd","color":"#0059a9","mode":"bus","arr":["17A","17Aky","19Cdc","1960","1961K","1961Kd"],"angle":-42.4,"extra":1,"ei":0}},{"type":"Feature","geometry":{"type":"Point","coordinates":[36.87936,-1.26445]},"properties":{"lines":"17A","color":"#0059a9","mode":"bus","arr":["17A"],"angle":77}},{"type":"Feature","geometry":{"type":"Point","coordinates":[36.879067,-1.263075]},"properties":{"lines":"17A","color":"#0059a9","mode":"bus","arr":["17A"],"angle":79.4,"extra":1,"ei":0,"side":-1}},{"type":"Feature","geometry":{"type":"Point","coordinates":[36.878562,-1.262706]},"properties":{"lines":"17Aky","color":"#0059a9","mode":"bus","arr":["17Aky"],"angle":16.7,"side":-1}},{"type":"Feature","geometry":{"type":"Point","coordinates":[36.849814,-1.269223]},"properties":{"lines":"17Aky, 18C","color":"#0059a9","mode":"bus","arr":["17Aky","18C"],"angle":79.6}},{"type":"Feature","geometry":{"type":"Point","coordinates":[36.849362,-1.267104]},"properties":{"lines":"17Aky, 18C","color":"#0059a9","mode":"bus","arr":["17Aky","18C"],"angle":79.4,"extra":1,"ei":0}},{"type":"Feature","geometry":{"type":"Point","coordinates":[36.850129,-1.270801]},"properties":{"lines":"17Aky, 18C","color":"#0059a9","mode":"bus","arr":["17Aky","18C"],"angle":77.9,"extra":1,"ei":1}},{"type":"Feature","geometry":{"type":"Point","coordinates":[36.925738,-1.231779]},"properties":{"lines":"17B","color":"#0059a9","mode":"bus","arr":["17B"],"angle":22.7}},{"type":"Feature","geometry":{"type":"Point","coordinates":[36.929777,-1.23361]},"properties":{"lines":"17B","color":"#0059a9","mode":"bus","arr":["17B"],"angle":25.1,"extra":1,"ei":0}},{"type":"Feature","geometry":{"type":"Point","coordinates":[36.928059,-1.232826]},"properties":{"lines":"17B","color":"#0059a9","mode":"bus","arr":["17B"],"angle":23.4,"extra":1,"ei":1}},{"type":"Feature","geometry":{"type":"Point","coordinates":[36.924624,-1.231261]},"properties":{"lines":"17B","color":"#0059a9","mode":"bus","arr":["17B"],"angle":25.3,"extra":1,"ei":2}},{"type":"Feature","geometry":{"type":"Point","coordinates":[36.922893,-1.230507]},"properties":{"lines":"17B","color":"#0059a9","mode":"bus","arr":["17B"],"angle":23.1,"extra":1,"ei":3}},{"type":"Feature","geometry":{"type":"Point","coordinates":[36.921186,-1.229702]},"properties":{"lines":"17B","color":"#0059a9","mode":"bus","arr":["17B"],"angle":24.5,"extra":1,"ei":4}},{"type":"Feature","geometry":{"type":"Point","coordinates":[36.906543,-1.222288]},"properties":{"lines":"17B, 49","color":"#0059a9","mode":"bus","arr":["17B","49"],"angle":45.1}},{"type":"Feature","geometry":{"type":"Point","coordinates":[36.891813,-1.22015]},"properties":{"lines":"17B, 49","color":"#0059a9","mode":"bus","arr":["17B","49"],"angle":10.4}},{"type":"Feature","geometry":{"type":"Point","coordinates":[36.920072,-1.229001]},"properties":{"lines":"17B, 49","color":"#0059a9","mode":"bus","arr":["17B","49"],"angle":34.7,"extra":1,"ei":0}},{"type":"Feature","geometry":{"type":"Point","coordinates":[36.918529,-1.227916]},"properties":{"lines":"17B, 49","color":"#0059a9","mode":"bus","arr":["17B","49"],"angle":37.8,"extra":1,"ei":1}},{"type":"Feature","geometry":{"type":"Point","coordinates":[36.916999,-1.226808]},"properties":{"lines":"17B, 49","color":"#0059a9","mode":"bus","arr":["17B","49"],"angle":35.6,"extra":1,"ei":2}},{"type":"Feature","geometry":{"type":"Point","coordinates":[36.915491,-1.225672]},"properties":{"lines":"17B, 49","color":"#0059a9","mode":"bus","arr":["17B","49"],"angle":36.5,"extra":1,"ei":3}},{"type":"Feature","geometry":{"type":"Point","coordinates":[36.913981,-1.224537]},"properties":{"lines":"17B, 49","color":"#0059a9","mode":"bus","arr":["17B","49"],"angle":37,"extra":1,"ei":4}},{"type":"Feature","geometry":{"type":"Point","coordinates":[36.912451,-1.223429]},"properties":{"lines":"17B, 49","color":"#0059a9","mode":"bus","arr":["17B","49"],"angle":35.8,"extra":1,"ei":5}},{"type":"Feature","geometry":{"type":"Point","coordinates":[36.910722,-1.223305]},"properties":{"lines":"17B, 49","color":"#0059a9","mode":"bus","arr":["17B","49"],"angle":-17,"extra":1,"ei":6}},{"type":"Feature","geometry":{"type":"Point","coordinates":[36.908913,-1.223849]},"properties":{"lines":"17B, 49","color":"#0059a9","mode":"bus","arr":["17B","49"],"angle":-15.7,"extra":1,"ei":7}},{"type":"Feature","geometry":{"type":"Point","coordinates":[36.907384,-1.22312]},"properties":{"lines":"17B, 49","color":"#0059a9","mode":"bus","arr":["17B","49"],"angle":44.3,"extra":1,"ei":8}},{"type":"Feature","geometry":{"type":"Point","coordinates":[36.904761,-1.220411]},"properties":{"lines":"17B, 49","color":"#0059a9","mode":"bus","arr":["17B","49"],"angle":40.6,"extra":1,"ei":9}},{"type":"Feature","geometry":{"type":"Point","coordinates":[36.903388,-1.219116]},"properties":{"lines":"17B, 49","color":"#0059a9","mode":"bus","arr":["17B","49"],"angle":40.4,"extra":1,"ei":10}},{"type":"Feature","geometry":{"type":"Point","coordinates":[36.901628,-1.218487]},"properties":{"lines":"17B, 49","color":"#0059a9","mode":"bus","arr":["17B","49"],"angle":15.3,"extra":1,"ei":11}},{"type":"Feature","geometry":{"type":"Point","coordinates":[36.899804,-1.217996]},"properties":{"lines":"17B, 49","color":"#0059a9","mode":"bus","arr":["17B","49"],"angle":15.4,"extra":1,"ei":12}},{"type":"Feature","geometry":{"type":"Point","coordinates":[36.897985,-1.2175]},"properties":{"lines":"17B, 49","color":"#0059a9","mode":"bus","arr":["17B","49"],"angle":13.6,"extra":1,"ei":13}},{"type":"Feature","geometry":{"type":"Point","coordinates":[36.896327,-1.218189]},"properties":{"lines":"17B, 49","color":"#0059a9","mode":"bus","arr":["17B","49"],"angle":-38.2,"extra":1,"ei":14}},{"type":"Feature","geometry":{"type":"Point","coordinates":[36.894857,-1.219373]},"properties":{"lines":"17B, 49","color":"#0059a9","mode":"bus","arr":["17B","49"],"angle":-37.9,"extra":1,"ei":15}},{"type":"Feature","geometry":{"type":"Point","coordinates":[36.893381,-1.220546]},"properties":{"lines":"17B, 49","color":"#0059a9","mode":"bus","arr":["17B","49"],"angle":-32.6,"extra":1,"ei":16}},{"type":"Feature","geometry":{"type":"Point","coordinates":[36.882438,-1.227789]},"properties":{"lines":"17B, 44G, 44Z, 45G, 45K, 49, 145, 237","color":"#0059a9","mode":"bus","arr":["17B","44G","44Z","45G","45K","49","145","237"],"angle":-34.9,"mi":1}},{"type":"Feature","geometry":{"type":"Point","coordinates":[36.879633,-1.229283]},"properties":{"lines":"17B, 44G, 44Z, 45G, 45K, 49, 145, 237","color":"#0059a9","mode":"bus","arr":["17B","44G","44Z","45G","45K","49","145","237"],"angle":-38.3}},{"type":"Feature","geometry":{"type":"Point","coordinates":[36.890668,-1.220162]},"properties":{"lines":"17B, 44G, 44Z, 45G, 45K, 49, 145, 237","color":"#0059a9","mode":"bus","arr":["17B","44G","44Z","45G","45K","49","145","237"],"angle":-45.2}},{"type":"Feature","geometry":{"type":"Point","coordinates":[36.873321,-1.234981]},"properties":{"lines":"17B, 44G, 44Z, 45G, 45K, 49, 145, 237","color":"#0059a9","mode":"bus","arr":["17B","44G","44Z","45G","45K","49","145","237"],"angle":-11,"mi":2}},{"type":"Feature","geometry":{"type":"Point","coordinates":[36.888974,-1.222603]},"properties":{"lines":"17B, 44G, 44Z, 45G, 45K, 49, 145, 237","color":"#0059a9","mode":"bus","arr":["17B","44G","44Z","45G","45K","49","145","237"],"angle":-47.3,"extra":1,"ei":0}},{"type":"Feature","geometry":{"type":"Point","coordinates":[36.887616,-1.223914]},"properties":{"lines":"17B, 44G, 44Z, 45G, 45K, 49, 145, 237","color":"#0059a9","mode":"bus","arr":["17B","44G","44Z","45G","45K","49","145","237"],"angle":-40.6,"extra":1,"ei":1}},{"type":"Feature","geometry":{"type":"Point","coordinates":[36.886145,-1.225097]},"properties":{"lines":"17B, 44G, 44Z, 45G, 45K, 49, 145, 237","color":"#0059a9","mode":"bus","arr":["17B","44G","44Z","45G","45K","49","145","237"],"angle":-37.1,"extra":1,"ei":2}},{"type":"Feature","geometry":{"type":"Point","coordinates":[36.884632,-1.226228]},"properties":{"lines":"17B, 44G, 44Z, 45G, 45K, 49, 145, 237","color":"#0059a9","mode":"bus","arr":["17B","44G","44Z","45G","45K","49","145","237"],"angle":-36,"extra":1,"ei":3}},{"type":"Feature","geometry":{"type":"Point","coordinates":[36.878545,-1.2307]},"properties":{"lines":"17B, 44G, 44Z, 45G, 45K, 49, 145, 237","color":"#0059a9","mode":"bus","arr":["17B","44G","44Z","45G","45K","49","145","237"],"angle":-39.2,"extra":1,"ei":4}},{"type":"Feature","geometry":{"type":"Point","coordinates":[36.877072,-1.231882]},"properties":{"lines":"17B, 44G, 44Z, 45G, 45K, 49, 145, 237","color":"#0059a9","mode":"bus","arr":["17B","44G","44Z","45G","45K","49","145","237"],"angle":-39.1,"extra":1,"ei":5}},{"type":"Feature","geometry":{"type":"Point","coordinates":[36.8756,-1.233065]},"properties":{"lines":"17B, 44G, 44Z, 45G, 45K, 49, 145, 237","color":"#0059a9","mode":"bus","arr":["17B","44G","44Z","45G","45K","49","145","237"],"angle":-38.8,"extra":1,"ei":6}},{"type":"Feature","geometry":{"type":"Point","coordinates":[36.889312,-1.221478]},"properties":{"lines":"17B, 44G, 44Z, 45G, 45K, 49, 145, 237","color":"#0059a9","mode":"bus","arr":["17B","44G","44Z","45G","45K","49","145","237"],"angle":-56.6,"extra":1,"ei":0}},{"type":"Feature","geometry":{"type":"Point","coordinates":[36.870382,-1.23937]},"properties":{"lines":"17B, 43, 44G, 44Z, 45G, 45K, 49, 145, 237","color":"#0059a9","mode":"bus","arr":["17B","43","44G","44Z","45G","45K","49","145","237"],"angle":-65.9}},{"type":"Feature","geometry":{"type":"Point","coordinates":[36.87133,-1.236347]},"properties":{"lines":"17B, 43, 44G, 44Z, 45G, 45K, 49, 145, 237","color":"#0059a9","mode":"bus","arr":["17B","43","44G","44Z","45G","45K","49","145","237"],"angle":-57.3,"mi":1}},{"type":"Feature","geometry":{"type":"Point","coordinates":[36.86832,-1.242816]},"properties":{"lines":"17B, 43, 44G, 44Z, 45G, 45K, 49, 145, 237","color":"#0059a9","mode":"bus","arr":["17B","43","44G","44Z","45G","45K","49","145","237"],"angle":-60.2,"mi":2}},{"type":"Feature","geometry":{"type":"Point","coordinates":[36.869754,-1.240782]},"properties":{"lines":"17B, 43, 44G, 44Z, 45G, 45K, 49, 145, 237","color":"#0059a9","mode":"bus","arr":["17B","43","44G","44Z","45G","45K","49","145","237"],"angle":-66.1,"extra":1,"ei":0}},{"type":"Feature","geometry":{"type":"Point","coordinates":[36.872394,-1.235084]},"properties":{"lines":"17B, 43, 44G, 44Z, 45G, 45K, 49, 145, 237","color":"#0059a9","mode":"bus","arr":["17B","43","44G","44Z","45G","45K","49","145","237"],"angle":-42.9,"extra":1,"ei":0}},{"type":"Feature","geometry":{"type":"Point","coordinates":[36.868004,-1.244057]},"properties":{"lines":"17B, 43, 44Z, 237","color":"#0059a9","mode":"bus","arr":["17B","43","44Z","237"],"angle":-47.3}},{"type":"Feature","geometry":{"type":"Point","coordinates":[36.867167,-1.245009]},"properties":{"lines":"43","color":"#0059a9","mode":"bus","arr":["43"],"angle":-44.9}},{"type":"Feature","geometry":{"type":"Point","coordinates":[36.873545,-1.23437]},"properties":{"lines":"43","color":"#0059a9","mode":"bus","arr":["43"],"angle":53.1,"mi":1}},{"type":"Feature","geometry":{"type":"Point","coordinates":[36.868469,-1.243769]},"properties":{"lines":"17B, 44G, 44Z, 45G, 45K, 49, 145, 237","color":"#0059a9","mode":"bus","arr":["17B","44G","44Z","45G","45K","49","145","237"],"angle":-62.6,"side":-1}},{"type":"Feature","geometry":{"type":"Point","coordinates":[36.867881,-1.244622]},"properties":{"lines":"17B, 25, 25A, 29/30, 44G, 44Z, 45G, 45K, 49, 145, 237, 2030","color":"#0059a9","mode":"bus","arr":["17B","25","25A","29/30","44G","44Z","45G","45K","49","145","237","2030"],"angle":-53.8}},{"type":"Feature","geometry":{"type":"Point","coordinates":[36.868001,-1.244722]},"properties":{"lines":"17B, 25, 25A, 29/30, 44G, 44Z, 45G, 45K, 49, 145, 237, 2030","color":"#0059a9","mode":"bus","arr":["17B","25","25A","29/30","44G","44Z","45G","45K","49","145","237","2030"],"angle":-66.9,"side":-1,"mi":1}},{"type":"Feature","geometry":{"type":"Point","coordinates":[36.867849,-1.245354]},"properties":{"lines":"17B, 25, 25A, 0027, 29/30, 42, 44G, 44Z, 45G, 45K, 49, 145, 237, 2030","color":"#0059a9","mode":"bus","arr":["17B","25","25A","0027","29/30","42","44G","44Z","45G","45K","49","145","237","2030"],"angle":82.7}},{"type":"Feature","geometry":{"type":"Point","coordinates":[36.866905,-1.245626]},"properties":{"lines":"17B, 25, 25A, 0027, 29/30, 44G, 44Z, 45G, 45K, 49, 145, 237","color":"#0059a9","mode":"bus","arr":["17B","25","25A","0027","29/30","44G","44Z","45G","45K","49","145","237"],"angle":-6.6}},{"type":"Feature","geometry":{"type":"Point","coordinates":[36.855508,-1.255949]},"properties":{"lines":"17B, 25, 25A, 0027, 29/30, 43, 44G, 44Z, 45G, 45K, 49, 145, 237","color":"#0059a9","mode":"bus","arr":["17B","25","25A","0027","29/30","43","44G","44Z","45G","45K","49","145","237"],"angle":-37.9}},{"type":"Feature","geometry":{"type":"Point","coordinates":[36.859108,-1.253228]},"properties":{"lines":"17B, 25, 25A, 0027, 29/30, 43, 44G, 44Z, 45G, 45K, 49, 145, 237","color":"#0059a9","mode":"bus","arr":["17B","25","25A","0027","29/30","43","44G","44Z","45G","45K","49","145","237"],"angle":-46.1,"mi":1}},{"type":"Feature","geometry":{"type":"Point","coordinates":[36.841172,-1.261938]},"properties":{"lines":"17B, 25, 25A, 0027, 29/30, 43, 44G, 44Z, 45G, 45K, 49, 145, 237","color":"#0059a9","mode":"bus","arr":["17B","25","25A","0027","29/30","43","44G","44Z","45G","45K","49","145","237"],"angle":-50.4}},{"type":"Feature","geometry":{"type":"Point","coordinates":[36.865731,-1.246385]},"properties":{"lines":"17B, 25, 25A, 0027, 29/30, 43, 44G, 44Z, 45G, 45K, 49, 145, 237","color":"#0059a9","mode":"bus","arr":["17B","25","25A","0027","29/30","43","44G","44Z","45G","45K","49","145","237"],"angle":-46.1,"extra":1,"ei":0}},{"type":"Feature","geometry":{"type":"Point","coordinates":[36.864421,-1.247745]},"properties":{"lines":"17B, 25, 25A, 0027, 29/30, 43, 44G, 44Z, 45G, 45K, 49, 145, 237","color":"#0059a9","mode":"bus","arr":["17B","25","25A","0027","29/30","43","44G","44Z","45G","45K","49","145","237"],"angle":-45.8,"extra":1,"ei":1}},{"type":"Feature","geometry":{"type":"Point","coordinates":[36.863103,-1.249098]},"properties":{"lines":"17B, 25, 25A, 0027, 29/30, 43, 44G, 44Z, 45G, 45K, 49, 145, 237","color":"#0059a9","mode":"bus","arr":["17B","25","25A","0027","29/30","43","44G","44Z","45G","45K","49","145","237"],"angle":-45.5,"extra":1,"ei":2}},{"type":"Feature","geometry":{"type":"Point","coordinates":[36.86179,-1.250456]},"properties":{"lines":"17B, 25, 25A, 0027, 29/30, 43, 44G, 44Z, 45G, 45K, 49, 145, 237","color":"#0059a9","mode":"bus","arr":["17B","25","25A","0027","29/30","43","44G","44Z","45G","45K","49","145","237"],"angle":-45.7,"extra":1,"ei":3}},{"type":"Feature","geometry":{"type":"Point","coordinates":[36.860468,-1.251805]},"properties":{"lines":"17B, 25, 25A, 0027, 29/30, 43, 44G, 44Z, 45G, 45K, 49, 145, 237","color":"#0059a9","mode":"bus","arr":["17B","25","25A","0027","29/30","43","44G","44Z","45G","45K","49","145","237"],"angle":-45.5,"extra":1,"ei":4}},{"type":"Feature","geometry":{"type":"Point","coordinates":[36.857824,-1.254502]},"properties":{"lines":"17B, 25, 25A, 0027, 29/30, 43, 44G, 44Z, 45G, 45K, 49, 145, 237","color":"#0059a9","mode":"bus","arr":["17B","25","25A","0027","29/30","43","44G","44Z","45G","45K","49","145","237"],"angle":-44,"extra":1,"ei":5}},{"type":"Feature","geometry":{"type":"Point","coordinates":[36.853366,-1.257958]},"properties":{"lines":"17B, 25, 25A, 0027, 29/30, 43, 44G, 44Z, 45G, 45K, 49, 145, 237","color":"#0059a9","mode":"bus","arr":["17B","25","25A","0027","29/30","43","44G","44Z","45G","45K","49","145","237"],"angle":-21.8,"extra":1,"ei":6}},{"type":"Feature","geometry":{"type":"Point","coordinates":[36.851519,-1.258308]},"properties":{"lines":"17B, 25, 25A, 0027, 29/30, 43, 44G, 44Z, 45G, 45K, 49, 145, 237","color":"#0059a9","mode":"bus","arr":["17B","25","25A","0027","29/30","43","44G","44Z","45G","45K","49","145","237"],"angle":-2.4,"extra":1,"ei":7}},{"type":"Feature","geometry":{"type":"Point","coordinates":[36.849632,-1.258372]},"properties":{"lines":"17B, 25, 25A, 0027, 29/30, 43, 44G, 44Z, 45G, 45K, 49, 145, 237","color":"#0059a9","mode":"bus","arr":["17B","25","25A","0027","29/30","43","44G","44Z","45G","45K","49","145","237"],"angle":-0.1,"extra":1,"ei":8}},{"type":"Feature","geometry":{"type":"Point","coordinates":[36.84775,-1.258492]},"properties":{"lines":"17B, 25, 25A, 0027, 29/30, 43, 44G, 44Z, 45G, 45K, 49, 145, 237","color":"#0059a9","mode":"bus","arr":["17B","25","25A","0027","29/30","43","44G","44Z","45G","45K","49","145","237"],"angle":-10.7,"extra":1,"ei":9}},{"type":"Feature","geometry":{"type":"Point","coordinates":[36.845996,-1.259174]},"properties":{"lines":"17B, 25, 25A, 0027, 29/30, 43, 44G, 44Z, 45G, 45K, 49, 145, 237","color":"#0059a9","mode":"bus","arr":["17B","25","25A","0027","29/30","43","44G","44Z","45G","45K","49","145","237"],"angle":-25.8,"extra":1,"ei":10}},{"type":"Feature","geometry":{"type":"Point","coordinates":[36.8443,-1.260005]},"properties":{"lines":"17B, 25, 25A, 0027, 29/30, 43, 44G, 44Z, 45G, 45K, 49, 145, 237","color":"#0059a9","mode":"bus","arr":["17B","25","25A","0027","29/30","43","44G","44Z","45G","45K","49","145","237"],"angle":-24.8,"extra":1,"ei":11}},{"type":"Feature","geometry":{"type":"Point","coordinates":[36.842592,-1.260812]},"properties":{"lines":"17B, 25, 25A, 0027, 29/30, 43, 44G, 44Z, 45G, 45K, 49, 145, 237","color":"#0059a9","mode":"bus","arr":["17B","25","25A","0027","29/30","43","44G","44Z","45G","45K","49","145","237"],"angle":-29.2,"extra":1,"ei":12}},{"type":"Feature","geometry":{"type":"Point","coordinates":[36.836977,-1.264565]},"properties":{"lines":"17B, 0027, 43, 45G, 49, 121","color":"#0059a9","mode":"bus","arr":["17B","0027","43","45G","49","121"],"angle":-32,"side":-1}},{"type":"Feature","geometry":{"type":"Point","coordinates":[36.835515,-1.265743]},"properties":{"lines":"17B, 0027, 43, 45G, 121","color":"#0059a9","mode":"bus","arr":["17B","0027","43","45G","121"],"angle":-46.8,"side":-1}},{"type":"Feature","geometry":{"type":"Point","coordinates":[36.834687,-1.266789]},"properties":{"lines":"17B, 0027, 43, 45G, 121","color":"#0059a9","mode":"bus","arr":["17B","0027","43","45G","121"],"angle":-71.3,"extra":1,"ei":0,"side":-1}},{"type":"Feature","geometry":{"type":"Point","coordinates":[36.835136,-1.267643]},"properties":{"lines":"17B, 43, 45G, 121","color":"#0059a9","mode":"bus","arr":["17B","43","45G","121"],"angle":54.7}},{"type":"Feature","geometry":{"type":"Point","coordinates":[36.836684,-1.270546]},"properties":{"lines":"17B, 43, 45G, 121","color":"#0059a9","mode":"bus","arr":["17B","43","45G","121"],"angle":-85.3,"mi":1}},{"type":"Feature","geometry":{"type":"Point","coordinates":[36.835042,-1.277526]},"properties":{"lines":"17B","color":"#0059a9","mode":"bus","arr":["17B"],"angle":-65.3}},{"type":"Feature","geometry":{"type":"Point","coordinates":[36.833392,-1.28299]},"properties":{"lines":"17B, 43, 1960, 1961K","color":"#0059a9","mode":"bus","arr":["17B","43","1960","1961K"],"angle":-87.8,"side":-1}},{"type":"Feature","geometry":{"type":"Point","coordinates":[36.833021,-1.28158]},"properties":{"lines":"17B, 43, 1960, 1961K","color":"#0059a9","mode":"bus","arr":["17B","43","1960","1961K"],"angle":52.7,"extra":1,"ei":0}},{"type":"Feature","geometry":{"type":"Point","coordinates":[36.832597,-1.285098]},"properties":{"lines":"17B, 43, 1960, 1961K","color":"#0059a9","mode":"bus","arr":["17B","43","1960","1961K"],"angle":-63.6,"extra":1,"ei":1,"side":-1}},{"type":"Feature","geometry":{"type":"Point","coordinates":[36.831498,-1.287033]},"properties":{"lines":"17B, 23KS, 33GTB","color":"#0059a9","mode":"bus","arr":["17B","23KS","33GTB"],"angle":-51.7,"side":-1}},{"type":"Feature","geometry":{"type":"Point","coordinates":[36.836525,-1.26998]},"properties":{"lines":"17B, 0027, 43, 45G, 120, 121","color":"#0059a9","mode":"bus","arr":["17B","0027","43","45G","120","121"],"angle":74}},{"type":"Feature","geometry":{"type":"Point","coordinates":[36.835547,-1.268491]},"properties":{"lines":"17B, 0027, 43, 45G, 100, 100A, 120, 121","color":"#0059a9","mode":"bus","arr":["17B","0027","43","45G","100","100A","120","121"],"angle":53.9,"side":-1}},{"type":"Feature","geometry":{"type":"Point","coordinates":[36.834779,-1.267425]},"properties":{"lines":"17B, 0027, 43, 45G, 100, 100A, 120, 121","color":"#0059a9","mode":"bus","arr":["17B","0027","43","45G","100","100A","120","121"],"angle":51.6,"extra":1,"ei":0,"side":-1}},{"type":"Feature","geometry":{"type":"Point","coordinates":[36.834551,-1.266624]},"properties":{"lines":"17B, 0027, 43, 45G, 100, 100A, 120, 121","color":"#0059a9","mode":"bus","arr":["17B","0027","43","45G","100","100A","120","121"],"angle":-67,"mi":1}},{"type":"Feature","geometry":{"type":"Point","coordinates":[36.840308,-1.261697]},"properties":{"lines":"17B, 25, 25A, 29/30, 43, 44G, 44Z, 45G, 45K, 49, 100, 100A, 120, 121, 237","color":"#0059a9","mode":"bus","arr":["17B","25","25A","29/30","43","44G","44Z","45G","45K","49","100","100A","120","121","237"],"angle":-27.6}},{"type":"Feature","geometry":{"type":"Point","coordinates":[36.841031,-1.261315]},"properties":{"lines":"17B, 25, 25A, 29/30, 43, 44G, 44Z, 45G, 45K, 49, 237","color":"#0059a9","mode":"bus","arr":["17B","25","25A","29/30","43","44G","44Z","45G","45K","49","237"],"angle":-25.7}},{"type":"Feature","geometry":{"type":"Point","coordinates":[36.866501,-1.244855]},"properties":{"lines":"17B, 25, 25A, 0027, 43, 44G, 44Z, 45G, 45K, 49, 145, 237","color":"#0059a9","mode":"bus","arr":["17B","25","25A","0027","43","44G","44Z","45G","45K","49","145","237"],"angle":-50.5,"side":-1}},{"type":"Feature","geometry":{"type":"Point","coordinates":[36.866912,-1.244391]},"properties":{"lines":"17B, 29/30, 43, 44G, 44Z, 45G, 45K, 49, 145, 237","color":"#0059a9","mode":"bus","arr":["17B","29/30","43","44G","44Z","45G","45K","49","145","237"],"angle":-43.4,"side":-1}},{"type":"Feature","geometry":{"type":"Point","coordinates":[36.869574,-1.240097]},"properties":{"lines":"17B, 43, 44G, 44Z, 45G, 45K, 237","color":"#0059a9","mode":"bus","arr":["17B","43","44G","44Z","45G","45K","237"],"angle":-70,"side":-1}},{"type":"Feature","geometry":{"type":"Point","coordinates":[36.89724,-1.272924]},"properties":{"lines":"19C2, 38/39, 39SK","color":"#0059a9","mode":"bus","arr":["19C2","38/39","39SK"],"angle":-30.9}},{"type":"Feature","geometry":{"type":"Point","coordinates":[36.903948,-1.266236]},"properties":{"lines":"19C2, 38/39, 39SK","color":"#0059a9","mode":"bus","arr":["19C2","38/39","39SK"],"angle":-55,"extra":1,"ei":0}},{"type":"Feature","geometry":{"type":"Point","coordinates":[36.902864,-1.267782]},"properties":{"lines":"19C2, 38/39, 39SK","color":"#0059a9","mode":"bus","arr":["19C2","38/39","39SK"],"angle":-53.2,"extra":1,"ei":1}},{"type":"Feature","geometry":{"type":"Point","coordinates":[36.901667,-1.269243]},"properties":{"lines":"19C2, 38/39, 39SK","color":"#0059a9","mode":"bus","arr":["19C2","38/39","39SK"],"angle":-49.3,"extra":1,"ei":2}},{"type":"Feature","geometry":{"type":"Point","coordinates":[36.900334,-1.270579]},"properties":{"lines":"19C2, 38/39, 39SK","color":"#0059a9","mode":"bus","arr":["19C2","38/39","39SK"],"angle":-42.1,"extra":1,"ei":3}},{"type":"Feature","geometry":{"type":"Point","coordinates":[36.898891,-1.271795]},"properties":{"lines":"19C2, 38/39, 39SK","color":"#0059a9","mode":"bus","arr":["19C2","38/39","39SK"],"angle":-38.3,"extra":1,"ei":4}},{"type":"Feature","geometry":{"type":"Point","coordinates":[36.89568,-1.273765]},"properties":{"lines":"19C2, 38/39, 39SK","color":"#0059a9","mode":"bus","arr":["19C2","38/39","39SK"],"angle":-26.3,"extra":1,"ei":5}},{"type":"Feature","geometry":{"type":"Point","coordinates":[36.893939,-1.274494]},"properties":{"lines":"19C2, 38/39, 39SK","color":"#0059a9","mode":"bus","arr":["19C2","38/39","39SK"],"angle":-20.2,"extra":1,"ei":6}},{"type":"Feature","geometry":{"type":"Point","coordinates":[36.892141,-1.275069]},"properties":{"lines":"19C2, 38/39, 39SK","color":"#0059a9","mode":"bus","arr":["19C2","38/39","39SK"],"angle":-14.1,"extra":1,"ei":7}},{"type":"Feature","geometry":{"type":"Point","coordinates":[36.890294,-1.275462]},"properties":{"lines":"19C2, 38/39, 39SK","color":"#0059a9","mode":"bus","arr":["19C2","38/39","39SK"],"angle":-9.7,"extra":1,"ei":8}},{"type":"Feature","geometry":{"type":"Point","coordinates":[36.88842,-1.275697]},"properties":{"lines":"19C2, 38/39, 39SK","color":"#0059a9","mode":"bus","arr":["19C2","38/39","39SK"],"angle":-7.3,"extra":1,"ei":9}},{"type":"Feature","geometry":{"type":"Point","coordinates":[36.883271,-1.281874]},"properties":{"lines":"19C2, 38/39, 39SK","color":"#0059a9","mode":"bus","arr":["19C2","38/39","39SK"],"angle":76.4}},{"type":"Feature","geometry":{"type":"Point","coordinates":[36.882872,-1.279702]},"properties":{"lines":"19C2, 38/39, 39SK","color":"#0059a9","mode":"bus","arr":["19C2","38/39","39SK"],"angle":81.7,"extra":1,"ei":0}},{"type":"Feature","geometry":{"type":"Point","coordinates":[36.883651,-1.283395]},"properties":{"lines":"19C2, 38/39, 39SK","color":"#0059a9","mode":"bus","arr":["19C2","38/39","39SK"],"angle":76.1,"extra":1,"ei":1}},{"type":"Feature","geometry":{"type":"Point","coordinates":[36.884614,-1.287276]},"properties":{"lines":"19C2, 35/60, 38/39, 39SK, 3560","color":"#0059a9","mode":"bus","arr":["19C2","35/60","38/39","39SK","3560"],"angle":76.1,"mi":1}},{"type":"Feature","geometry":{"type":"Point","coordinates":[36.884261,-1.28585]},"properties":{"lines":"19C2, 35/60, 38/39, 39SK, 3560","color":"#0059a9","mode":"bus","arr":["19C2","35/60","38/39","39SK","3560"],"angle":76.1,"extra":1,"ei":0}},{"type":"Feature","geometry":{"type":"Point","coordinates":[36.885168,-1.289517]},"properties":{"lines":"19C2, 35/60, 38/39, 39SK, 3560","color":"#0059a9","mode":"bus","arr":["19C2","35/60","38/39","39SK","3560"],"angle":76.1,"extra":1,"ei":1}},{"type":"Feature","geometry":{"type":"Point","coordinates":[36.885699,-1.29166]},"properties":{"lines":"19C2, 35/60, 38/39, 39SK, 3560","color":"#0059a9","mode":"bus","arr":["19C2","35/60","38/39","39SK","3560"],"angle":78}},{"type":"Feature","geometry":{"type":"Point","coordinates":[36.886721,-1.294142]},"properties":{"lines":"19C2, 35/60, 39SK","color":"#0059a9","mode":"bus","arr":["19C2","35/60","39SK"],"angle":10.4}},{"type":"Feature","geometry":{"type":"Point","coordinates":[36.886584,-1.295242]},"properties":{"lines":"19C2, 19Cdc, 35/60, 38/39, 39SK, 1960","color":"#0059a9","mode":"bus","arr":["19C2","19Cdc","35/60","38/39","39SK","1960"],"angle":-29.2,"side":-1}},{"type":"Feature","geometry":{"type":"Point","coordinates":[36.88592,-1.294502]},"properties":{"lines":"19C2","color":"#0059a9","mode":"bus","arr":["19C2"],"angle":78.8}},{"type":"Feature","geometry":{"type":"Point","coordinates":[36.8855,-1.296245]},"properties":{"lines":"19C2","color":"#0059a9","mode":"bus","arr":["19C2"],"angle":81.7,"mi":1}},{"type":"Feature","geometry":{"type":"Point","coordinates":[36.886198,-1.295861]},"properties":{"lines":"19C2, 3560","color":"#0059a9","mode":"bus","arr":["19C2","3560"],"angle":81.3}},{"type":"Feature","geometry":{"type":"Point","coordinates":[36.884105,-1.286318]},"properties":{"lines":"19C2, 38/39, 39SK","color":"#0059a9","mode":"bus","arr":["19C2","38/39","39SK"],"angle":76.2,"side":-1,"mi":1}},{"type":"Feature","geometry":{"type":"Point","coordinates":[36.885657,-1.292877]},"properties":{"lines":"19C2, 38/39, 39SK","color":"#0059a9","mode":"bus","arr":["19C2","38/39","39SK"],"angle":85.3,"extra":1,"ei":0,"side":-1}},{"type":"Feature","geometry":{"type":"Point","coordinates":[36.885314,-1.291024]},"properties":{"lines":"19C2, 38/39, 39SK","color":"#0059a9","mode":"bus","arr":["19C2","38/39","39SK"],"angle":75.3,"extra":1,"ei":1,"side":-1}},{"type":"Feature","geometry":{"type":"Point","coordinates":[36.884842,-1.289196]},"properties":{"lines":"19C2, 38/39, 39SK","color":"#0059a9","mode":"bus","arr":["19C2","38/39","39SK"],"angle":75.9,"extra":1,"ei":2,"side":-1}},{"type":"Feature","geometry":{"type":"Point","coordinates":[36.883468,-1.283699]},"properties":{"lines":"19C2, 38/39, 39SK","color":"#0059a9","mode":"bus","arr":["19C2","38/39","39SK"],"angle":76.4,"extra":1,"ei":3,"side":-1}},{"type":"Feature","geometry":{"type":"Point","coordinates":[36.883018,-1.281865]},"properties":{"lines":"19C2, 38/39, 39SK","color":"#0059a9","mode":"bus","arr":["19C2","38/39","39SK"],"angle":71.1,"extra":1,"ei":4,"side":-1}},{"type":"Feature","geometry":{"type":"Point","coordinates":[36.882606,-1.280031]},"properties":{"lines":"19C2, 38/39, 39SK","color":"#0059a9","mode":"bus","arr":["19C2","38/39","39SK"],"angle":80.6,"extra":1,"ei":5}},{"type":"Feature","geometry":{"type":"Point","coordinates":[36.910714,-1.262193]},"properties":{"lines":"19C2, 19Cdc","color":"#0059a9","mode":"bus","arr":["19C2","19Cdc"],"angle":-38.6}},{"type":"Feature","geometry":{"type":"Point","coordinates":[36.912633,-1.262164]},"properties":{"lines":"19C2, 19Cdc","color":"#0059a9","mode":"bus","arr":["19C2","19Cdc"],"angle":41.7,"extra":1,"ei":0}},{"type":"Feature","geometry":{"type":"Point","coordinates":[36.909445,-1.263253]},"properties":{"lines":"19C2, 19Cdc","color":"#0059a9","mode":"bus","arr":["19C2","19Cdc"],"angle":-43.8,"extra":1,"ei":1}},{"type":"Feature","geometry":{"type":"Point","coordinates":[36.90708,-1.279197]},"properties":{"lines":"19Cdc","color":"#0059a9","mode":"bus","arr":["19Cdc"],"angle":-41.1,"side":-1}},{"type":"Feature","geometry":{"type":"Point","coordinates":[36.896983,-1.287496]},"properties":{"lines":"19Cdc, 1960","color":"#0059a9","mode":"bus","arr":["19Cdc","1960"],"angle":-37.3}},{"type":"Feature","geometry":{"type":"Point","coordinates":[36.901447,-1.2837]},"properties":{"lines":"19Cdc, 1960","color":"#0059a9","mode":"bus","arr":["19Cdc","1960"],"angle":-35.9,"extra":1,"ei":0}},{"type":"Feature","geometry":{"type":"Point","coordinates":[36.899917,-1.284808]},"properties":{"lines":"19Cdc, 1960","color":"#0059a9","mode":"bus","arr":["19Cdc","1960"],"angle":-35.6,"extra":1,"ei":1}},{"type":"Feature","geometry":{"type":"Point","coordinates":[36.898398,-1.28593]},"properties":{"lines":"19Cdc, 1960","color":"#0059a9","mode":"bus","arr":["19Cdc","1960"],"angle":-36.7,"extra":1,"ei":2}},{"type":"Feature","geometry":{"type":"Point","coordinates":[36.89578,-1.288425]},"properties":{"lines":"19Cdc, 1960","color":"#0059a9","mode":"bus","arr":["19Cdc","1960"],"angle":-37.9,"extra":1,"ei":3}},{"type":"Feature","geometry":{"type":"Point","coordinates":[36.89429,-1.289586]},"properties":{"lines":"19Cdc, 1960","color":"#0059a9","mode":"bus","arr":["19Cdc","1960"],"angle":-37.9,"extra":1,"ei":4}},{"type":"Feature","geometry":{"type":"Point","coordinates":[36.892786,-1.29073]},"properties":{"lines":"19Cdc, 1960","color":"#0059a9","mode":"bus","arr":["19Cdc","1960"],"angle":-37.4,"extra":1,"ei":5}},{"type":"Feature","geometry":{"type":"Point","coordinates":[36.890011,-1.292845]},"properties":{"lines":"19Cdc, 35/60, 1960, 3560","color":"#0059a9","mode":"bus","arr":["19Cdc","35/60","1960","3560"],"angle":-36.9}},{"type":"Feature","geometry":{"type":"Point","coordinates":[36.888099,-1.294449]},"properties":{"lines":"19Cdc, 35/60, 1960","color":"#0059a9","mode":"bus","arr":["19Cdc","35/60","1960"],"angle":-35.3,"side":-1}},{"type":"Feature","geometry":{"type":"Point","coordinates":[36.884796,-1.296353]},"properties":{"lines":"19Cdc, 35/60, 38/39, 39SK, 1960","color":"#0059a9","mode":"bus","arr":["19Cdc","35/60","38/39","39SK","1960"],"angle":-27.8,"side":-1}},{"type":"Feature","geometry":{"type":"Point","coordinates":[36.880264,-1.296463]},"properties":{"lines":"19Cdc, 33DP, 33GTB, 33TP, 34B, 34J, 35/60, 38/39, 39SK, 1960, 1961K","color":"#0059a9","mode":"bus","arr":["19Cdc","33DP","33GTB","33TP","34B","34J","35/60","38/39","39SK","1960","1961K"],"angle":-7.4,"side":-1}},{"type":"Feature","geometry":{"type":"Point","coordinates":[36.882852,-1.296169]},"properties":{"lines":"19Cdc, 33DP, 33GTB, 33TP, 34B, 34J, 35/60, 38/39, 39SK, 1960, 1961K","color":"#0059a9","mode":"bus","arr":["19Cdc","33DP","33GTB","33TP","34B","34J","35/60","38/39","39SK","1960","1961K"],"angle":10.3,"extra":1,"ei":0,"side":-1}},{"type":"Feature","geometry":{"type":"Point","coordinates":[36.877242,-1.296905]},"properties":{"lines":"19Cdc, 33DP, 33GTB, 33TP, 34B, 34J, 35/60, 38/39, 39SK, 1960, 1961K","color":"#0059a9","mode":"bus","arr":["19Cdc","33DP","33GTB","33TP","34B","34J","35/60","38/39","39SK","1960","1961K"],"angle":-7.8,"extra":1,"ei":1,"side":-1}},{"type":"Feature","geometry":{"type":"Point","coordinates":[36.869862,-1.297891]},"properties":{"lines":"19Cdc, 33DP, 33GTB, 33TP, 34B, 34J, 35/60, 36, 38/39, 39SK, 58, 1960, 1961K","color":"#0059a9","mode":"bus","arr":["19Cdc","33DP","33GTB","33TP","34B","34J","35/60","36","38/39","39SK","58","1960","1961K"],"angle":-8.2,"side":-1}},{"type":"Feature","geometry":{"type":"Point","coordinates":[36.875809,-1.297111]},"properties":{"lines":"19Cdc, 33DP, 33GTB, 33TP, 34B, 34J, 35/60, 36, 38/39, 39SK, 58, 1960, 1961K","color":"#0059a9","mode":"bus","arr":["19Cdc","33DP","33GTB","33TP","34B","34J","35/60","36","38/39","39SK","58","1960","1961K"],"angle":-8.6,"extra":1,"ei":0,"side":-1}},{"type":"Feature","geometry":{"type":"Point","coordinates":[36.873936,-1.297357]},"properties":{"lines":"19Cdc, 33DP, 33GTB, 33TP, 34B, 34J, 35/60, 36, 38/39, 39SK, 58, 1960, 1961K","color":"#0059a9","mode":"bus","arr":["19Cdc","33DP","33GTB","33TP","34B","34J","35/60","36","38/39","39SK","58","1960","1961K"],"angle":-5.9,"extra":1,"ei":1,"side":-1}},{"type":"Feature","geometry":{"type":"Point","coordinates":[36.872063,-1.297595]},"properties":{"lines":"19Cdc, 33DP, 33GTB, 33TP, 34B, 34J, 35/60, 36, 38/39, 39SK, 58, 1960, 1961K","color":"#0059a9","mode":"bus","arr":["19Cdc","33DP","33GTB","33TP","34B","34J","35/60","36","38/39","39SK","58","1960","1961K"],"angle":-7.7,"extra":1,"ei":2,"side":-1}},{"type":"Feature","geometry":{"type":"Point","coordinates":[36.868323,-1.297785]},"properties":{"lines":"19Cdc, 33DP, 33GTB, 33TP, 34B, 34J, 35/60, 36, 38/39, 39SK, 58, 1960, 1961K","color":"#0059a9","mode":"bus","arr":["19Cdc","33DP","33GTB","33TP","34B","34J","35/60","36","38/39","39SK","58","1960","1961K"],"angle":11.7,"extra":1,"ei":3,"side":-1}},{"type":"Feature","geometry":{"type":"Point","coordinates":[36.86647,-1.297414]},"properties":{"lines":"19Cdc, 33DP, 33GTB, 33TP, 34B, 34J, 35/60, 36, 38/39, 39SK, 58, 1960, 1961K","color":"#0059a9","mode":"bus","arr":["19Cdc","33DP","33GTB","33TP","34B","34J","35/60","36","38/39","39SK","58","1960","1961K"],"angle":11.6,"extra":1,"ei":4,"side":-1}},{"type":"Feature","geometry":{"type":"Point","coordinates":[36.86462,-1.297035]},"properties":{"lines":"19Cdc, 33DP, 33GTB, 33TP, 34B, 34J, 35/60, 36, 38/39, 39SK, 58, 1960, 1961K","color":"#0059a9","mode":"bus","arr":["19Cdc","33DP","33GTB","33TP","34B","34J","35/60","36","38/39","39SK","58","1960","1961K"],"angle":11.3,"extra":1,"ei":5,"side":-1}},{"type":"Feature","geometry":{"type":"Point","coordinates":[36.827225,-1.286084]},"properties":{"lines":"19Cdc, 34B, 34J, 35/60, 39SK, 46B, 135","color":"#0059a9","mode":"bus","arr":["19Cdc","34B","34J","35/60","39SK","46B","135"],"angle":-26.6,"side":-1}},{"type":"Feature","geometry":{"type":"Point","coordinates":[36.827279,-1.287007]},"properties":{"lines":"19Cdc, 33B, 33FED, 33GTB, 33IMR, 33TP, 34B, 35/60, 39SK, 58","color":"#0059a9","mode":"bus","arr":["19Cdc","33B","33FED","33GTB","33IMR","33TP","34B","35/60","39SK","58"],"angle":65}},{"type":"Feature","geometry":{"type":"Point","coordinates":[36.837858,-1.287663]},"properties":{"lines":"19Cdc, 23KS, 33GTB, 34B, 34J, 35/60, 39SK, 58, 1960, 1961K","color":"#0059a9","mode":"bus","arr":["19Cdc","23KS","33GTB","34B","34J","35/60","39SK","58","1960","1961K"],"angle":25.9}},{"type":"Feature","geometry":{"type":"Point","coordinates":[36.833696,-1.285438]},"properties":{"lines":"19Cdc, 23KS, 33GTB, 34B, 34J, 35/60, 39SK, 58, 1960, 1961K","color":"#0059a9","mode":"bus","arr":["19Cdc","23KS","33GTB","34B","34J","35/60","39SK","58","1960","1961K"],"angle":12.1,"extra":1,"ei":0}},{"type":"Feature","geometry":{"type":"Point","coordinates":[36.835044,-1.286481]},"properties":{"lines":"19Cdc, 23KS, 33GTB, 34B, 34J, 35/60, 39SK, 58, 1960, 1961K","color":"#0059a9","mode":"bus","arr":["19Cdc","23KS","33GTB","34B","34J","35/60","39SK","58","1960","1961K"],"angle":19.8,"extra":1,"ei":1}},{"type":"Feature","geometry":{"type":"Point","coordinates":[36.840136,-1.288941]},"properties":{"lines":"19Cdc, 23KS, 33GTB, 34B, 34J, 35/60, 39SK, 58, 1960, 1961K","color":"#0059a9","mode":"bus","arr":["19Cdc","23KS","33GTB","34B","34J","35/60","39SK","58","1960","1961K"],"angle":25.2,"extra":1,"ei":2}},{"type":"Feature","geometry":{"type":"Point","coordinates":[36.841366,-1.29017]},"properties":{"lines":"19Cdc, 23KS, 33GTB, 34B, 34J, 35/60, 39SK, 58, 1960, 1961K","color":"#0059a9","mode":"bus","arr":["19Cdc","23KS","33GTB","34B","34J","35/60","39SK","58","1960","1961K"],"angle":-86.8,"extra":1,"ei":3,"side":-1}},{"type":"Feature","geometry":{"type":"Point","coordinates":[36.865199,-1.296991]},"properties":{"lines":"19Cdc, 26, 33DP, 33GTB, 34B, 34J, 35/60, 36, 38/39, 39SK, 58, 1960, 1961K","color":"#0059a9","mode":"bus","arr":["19Cdc","26","33DP","33GTB","34B","34J","35/60","36","38/39","39SK","58","1960","1961K"],"angle":11.2}},{"type":"Feature","geometry":{"type":"Point","coordinates":[36.86401,-1.296751]},"properties":{"lines":"19Cdc, 26, 33DP, 33GTB, 34B, 34J, 35/60, 36, 38/39, 39SK, 58, 1960, 1961K","color":"#0059a9","mode":"bus","arr":["19Cdc","26","33DP","33GTB","34B","34J","35/60","36","38/39","39SK","58","1960","1961K"],"angle":11.5,"extra":1,"ei":0}},{"type":"Feature","geometry":{"type":"Point","coordinates":[36.868384,-1.29765]},"properties":{"lines":"19Cdc, 33DP, 33GTB, 34B, 34J, 35/60, 36, 38/39, 39SK, 58, 1960, 1961K","color":"#0059a9","mode":"bus","arr":["19Cdc","33DP","33GTB","34B","34J","35/60","36","38/39","39SK","58","1960","1961K"],"angle":12.8}},{"type":"Feature","geometry":{"type":"Point","coordinates":[36.871862,-1.29752]},"properties":{"lines":"33GTB, 34B, 34J, 35/60, 58, 1960, 1961K","color":"#0059a9","mode":"bus","arr":["33GTB","34B","34J","35/60","58","1960","1961K"],"angle":-7.3}},{"type":"Feature","geometry":{"type":"Point","coordinates":[36.870402,-1.297727]},"properties":{"lines":"33GTB, 34B, 34J, 35/60, 58, 1960, 1961K","color":"#0059a9","mode":"bus","arr":["33GTB","34B","34J","35/60","58","1960","1961K"],"angle":-8.1,"extra":1,"ei":0}},{"type":"Feature","geometry":{"type":"Point","coordinates":[36.874145,-1.297213]},"properties":{"lines":"33GTB, 34B, 34J, 35/60, 58, 1960, 1961K","color":"#0059a9","mode":"bus","arr":["33GTB","34B","34J","35/60","58","1960","1961K"],"angle":-7.5,"extra":1,"ei":1}},{"type":"Feature","geometry":{"type":"Point","coordinates":[36.875335,-1.297055]},"properties":{"lines":"19Cdc, 33GTB, 34B, 34J, 35/60, 36, 38/39, 39SK, 58, 1960, 1961K","color":"#0059a9","mode":"bus","arr":["19Cdc","33GTB","34B","34J","35/60","36","38/39","39SK","58","1960","1961K"],"angle":-7.7}},{"type":"Feature","geometry":{"type":"Point","coordinates":[36.88023,-1.29638]},"properties":{"lines":"19Cdc, 33DP, 33GTB, 34B, 34J, 38/39, 39SK, 1960, 1961K","color":"#0059a9","mode":"bus","arr":["19Cdc","33DP","33GTB","34B","34J","38/39","39SK","1960","1961K"],"angle":-8.1}},{"type":"Feature","geometry":{"type":"Point","coordinates":[36.877667,-1.296743]},"properties":{"lines":"19Cdc, 33DP, 33GTB, 34B, 34J, 38/39, 39SK, 1960, 1961K","color":"#0059a9","mode":"bus","arr":["19Cdc","33DP","33GTB","34B","34J","38/39","39SK","1960","1961K"],"angle":-7.5,"extra":1,"ei":0}},{"type":"Feature","geometry":{"type":"Point","coordinates":[36.881406,-1.296203]},"properties":{"lines":"19Cdc, 33DP, 33GTB, 34B, 34J, 38/39, 39SK, 1960, 1961K","color":"#0059a9","mode":"bus","arr":["19Cdc","33DP","33GTB","34B","34J","38/39","39SK","1960","1961K"],"angle":-8.8,"extra":1,"ei":1}},{"type":"Feature","geometry":{"type":"Point","coordinates":[36.883267,-1.296193]},"properties":{"lines":"19Cdc, 33DP, 33GTB, 34B, 34J, 38/39, 39SK, 1960, 1961K","color":"#0059a9","mode":"bus","arr":["19Cdc","33DP","33GTB","34B","34J","38/39","39SK","1960","1961K"],"angle":19.4,"extra":1,"ei":2}},{"type":"Feature","geometry":{"type":"Point","coordinates":[36.884918,-1.296178]},"properties":{"lines":"19Cdc, 33DP, 33GTB, 34B, 34J, 1960, 1961K","color":"#0059a9","mode":"bus","arr":["19Cdc","33DP","33GTB","34B","34J","1960","1961K"],"angle":-31.4}},{"type":"Feature","geometry":{"type":"Point","coordinates":[36.886555,-1.295148]},"properties":{"lines":"19Cdc, 33DP, 33GTB, 34B, 34J, 1960, 1961K, 3560","color":"#0059a9","mode":"bus","arr":["19Cdc","33DP","33GTB","34B","34J","1960","1961K","3560"],"angle":-29.4}},{"type":"Feature","geometry":{"type":"Point","coordinates":[36.887217,-1.294519]},"properties":{"lines":"19Cdc, 35/60, 38/39, 1960, 3560","color":"#0059a9","mode":"bus","arr":["19Cdc","35/60","38/39","1960","3560"],"angle":-37.8,"side":-1}},{"type":"Feature","geometry":{"type":"Point","coordinates":[36.888085,-1.294325]},"properties":{"lines":"19Cdc, 1960, 3560","color":"#0059a9","mode":"bus","arr":["19Cdc","1960","3560"],"angle":-29.6}},{"type":"Feature","geometry":{"type":"Point","coordinates":[36.908596,-1.27028]},"properties":{"lines":"19Cdc","color":"#0059a9","mode":"bus","arr":["19Cdc"],"angle":51.1}},{"type":"Feature","geometry":{"type":"Point","coordinates":[36.910332,-1.272366]},"properties":{"lines":"19Cdc","color":"#0059a9","mode":"bus","arr":["19Cdc"],"angle":46.6,"extra":1,"ei":0}},{"type":"Feature","geometry":{"type":"Point","coordinates":[36.90629,-1.268593]},"properties":{"lines":"19Cdc","color":"#0059a9","mode":"bus","arr":["19Cdc"],"angle":21.5,"extra":1,"ei":1}},{"type":"Feature","geometry":{"type":"Point","coordinates":[36.905934,-1.267608]},"properties":{"lines":"19Cdc","color":"#0059a9","mode":"bus","arr":["19Cdc"],"angle":-67.2,"mi":1}},{"type":"Feature","geometry":{"type":"Point","coordinates":[36.935992,-1.236397]},"properties":{"lines":"20","color":"#0059a9","mode":"bus","arr":["20"],"angle":24.1,"mi":2}},{"type":"Feature","geometry":{"type":"Point","coordinates":[36.940776,-1.247054]},"properties":{"lines":"20","color":"#0059a9","mode":"bus","arr":["20"],"angle":79.6,"mi":3}},{"type":"Feature","geometry":{"type":"Point","coordinates":[36.939796,-1.237065]},"properties":{"lines":"20","color":"#0059a9","mode":"bus","arr":["20"],"angle":7.9,"mi":1}},{"type":"Feature","geometry":{"type":"Point","coordinates":[36.938025,-1.236794]},"properties":{"lines":"20","color":"#0059a9","mode":"bus","arr":["20"],"angle":10,"extra":1,"ei":0}},{"type":"Feature","geometry":{"type":"Point","coordinates":[36.941614,-1.237781]},"properties":{"lines":"20","color":"#0059a9","mode":"bus","arr":["20"],"angle":36.8,"extra":1,"ei":1}},{"type":"Feature","geometry":{"type":"Point","coordinates":[36.940362,-1.244139]},"properties":{"lines":"20","color":"#0059a9","mode":"bus","arr":["20"],"angle":-83.6,"extra":1,"ei":0}},{"type":"Feature","geometry":{"type":"Point","coordinates":[36.940133,-1.249506]},"properties":{"lines":"20","color":"#0059a9","mode":"bus","arr":["20"],"angle":-48,"extra":1,"ei":1}},{"type":"Feature","geometry":{"type":"Point","coordinates":[36.941432,-1.240785]},"properties":{"lines":"20","color":"#0059a9","mode":"bus","arr":["20"],"angle":-71.7}},{"type":"Feature","geometry":{"type":"Point","coordinates":[36.941877,-1.239213]},"properties":{"lines":"20","color":"#0059a9","mode":"bus","arr":["20"],"angle":-72.5,"extra":1,"ei":0}},{"type":"Feature","geometry":{"type":"Point","coordinates":[36.940724,-1.242803]},"properties":{"lines":"20","color":"#0059a9","mode":"bus","arr":["20"],"angle":-73.9,"extra":1,"ei":1}},{"type":"Feature","geometry":{"type":"Point","coordinates":[36.931482,-1.254416]},"properties":{"lines":"20, 38/39, 3738","color":"#0059a9","mode":"bus","arr":["20","38/39","3738"],"angle":-24.4}},{"type":"Feature","geometry":{"type":"Point","coordinates":[36.938991,-1.250925]},"properties":{"lines":"20, 38/39, 3738","color":"#0059a9","mode":"bus","arr":["20","38/39","3738"],"angle":-25.8,"extra":1,"ei":0}},{"type":"Feature","geometry":{"type":"Point","coordinates":[36.937266,-1.251695]},"properties":{"lines":"20, 38/39, 3738","color":"#0059a9","mode":"bus","arr":["20","38/39","3738"],"angle":-24.6,"extra":1,"ei":1}},{"type":"Feature","geometry":{"type":"Point","coordinates":[36.935558,-1.252501]},"properties":{"lines":"20, 38/39, 3738","color":"#0059a9","mode":"bus","arr":["20","38/39","3738"],"angle":-25.7,"extra":1,"ei":2}},{"type":"Feature","geometry":{"type":"Point","coordinates":[36.933856,-1.253319]},"properties":{"lines":"20, 38/39, 3738","color":"#0059a9","mode":"bus","arr":["20","38/39","3738"],"angle":-24.2,"extra":1,"ei":3}},{"type":"Feature","geometry":{"type":"Point","coordinates":[36.928653,-1.255552]},"properties":{"lines":"20, 38/39, 3738","color":"#0059a9","mode":"bus","arr":["20","38/39","3738"],"angle":-20,"extra":1,"ei":4}},{"type":"Feature","geometry":{"type":"Point","coordinates":[36.926871,-1.256178]},"properties":{"lines":"20, 38/39, 3738","color":"#0059a9","mode":"bus","arr":["20","38/39","3738"],"angle":-18.2,"extra":1,"ei":5}},{"type":"Feature","geometry":{"type":"Point","coordinates":[36.925067,-1.256738]},"properties":{"lines":"20, 38/39, 3738","color":"#0059a9","mode":"bus","arr":["20","38/39","3738"],"angle":-16.7,"extra":1,"ei":6}},{"type":"Feature","geometry":{"type":"Point","coordinates":[36.923244,-1.257233]},"properties":{"lines":"20, 38/39, 3738","color":"#0059a9","mode":"bus","arr":["20","38/39","3738"],"angle":-13.4,"extra":1,"ei":7}},{"type":"Feature","geometry":{"type":"Point","coordinates":[36.923028,-1.258327]},"properties":{"lines":"20","color":"#0059a9","mode":"bus","arr":["20"],"angle":75.7,"mi":1}},{"type":"Feature","geometry":{"type":"Point","coordinates":[36.921104,-1.260238]},"properties":{"lines":"20","color":"#0059a9","mode":"bus","arr":["20"],"angle":-24.2}},{"type":"Feature","geometry":{"type":"Point","coordinates":[36.899354,-1.276614]},"properties":{"lines":"20","color":"#0059a9","mode":"bus","arr":["20"],"angle":63.1}},{"type":"Feature","geometry":{"type":"Point","coordinates":[36.920084,-1.261143]},"properties":{"lines":"20","color":"#0059a9","mode":"bus","arr":["20"],"angle":-56.1,"extra":1,"ei":0}},{"type":"Feature","geometry":{"type":"Point","coordinates":[36.749458,-1.26464]},"properties":{"lines":"23KG","color":"#0059a9","mode":"bus","arr":["23KG"],"angle":86.8,"side":-1,"mi":1}},{"type":"Feature","geometry":{"type":"Point","coordinates":[36.749437,-1.264127]},"properties":{"lines":"23KG","color":"#0059a9","mode":"bus","arr":["23KG"],"angle":88}},{"type":"Feature","geometry":{"type":"Point","coordinates":[36.74915,-1.263351]},"properties":{"lines":"23KG","color":"#0059a9","mode":"bus","arr":["23KG"],"angle":21.2,"mi":3}},{"type":"Feature","geometry":{"type":"Point","coordinates":[36.748756,-1.263959]},"properties":{"lines":"23KG","color":"#0059a9","mode":"bus","arr":["23KG"],"angle":34.5,"mi":2}},{"type":"Feature","geometry":{"type":"Point","coordinates":[36.760931,-1.263386]},"properties":{"lines":"23KG, 30, 105, 114W, 115, 135","color":"#0059a9","mode":"bus","arr":["23KG","30","105","114W","115","135"],"angle":-8.5}},{"type":"Feature","geometry":{"type":"Point","coordinates":[36.796528,-1.260892]},"properties":{"lines":"23KG, 30, 105, 114W, 115, 135","color":"#0059a9","mode":"bus","arr":["23KG","30","105","114W","115","135"],"angle":6.1}},{"type":"Feature","geometry":{"type":"Point","coordinates":[36.750254,-1.264022]},"properties":{"lines":"23KG, 30, 105, 114W, 115, 135","color":"#0059a9","mode":"bus","arr":["23KG","30","105","114W","115","135"],"angle":-1.8,"extra":1,"ei":0}},{"type":"Feature","geometry":{"type":"Point","coordinates":[36.752142,-1.264051]},"properties":{"lines":"23KG, 30, 105, 114W, 115, 135","color":"#0059a9","mode":"bus","arr":["23KG","30","105","114W","115","135"],"angle":1.4,"extra":1,"ei":1}},{"type":"Feature","geometry":{"type":"Point","coordinates":[36.754031,-1.264015]},"properties":{"lines":"23KG, 30, 105, 114W, 115, 135","color":"#0059a9","mode":"bus","arr":["23KG","30","105","114W","115","135"],"angle":-1.5,"extra":1,"ei":2}},{"type":"Feature","geometry":{"type":"Point","coordinates":[36.755916,-1.2639]},"properties":{"lines":"23KG, 30, 105, 114W, 115, 135","color":"#0059a9","mode":"bus","arr":["23KG","30","105","114W","115","135"],"angle":-6,"extra":1,"ei":3}},{"type":"Feature","geometry":{"type":"Point","coordinates":[36.757794,-1.2637]},"properties":{"lines":"23KG, 30, 105, 114W, 115, 135","color":"#0059a9","mode":"bus","arr":["23KG","30","105","114W","115","135"],"angle":-5,"extra":1,"ei":4}},{"type":"Feature","geometry":{"type":"Point","coordinates":[36.759676,-1.263542]},"properties":{"lines":"23KG, 30, 105, 114W, 115, 135","color":"#0059a9","mode":"bus","arr":["23KG","30","105","114W","115","135"],"angle":-3.9,"extra":1,"ei":5}},{"type":"Feature","geometry":{"type":"Point","coordinates":[36.763412,-1.262994]},"properties":{"lines":"23KG, 30, 105, 114W, 115, 135","color":"#0059a9","mode":"bus","arr":["23KG","30","105","114W","115","135"],"angle":-9.6,"extra":1,"ei":6}},{"type":"Feature","geometry":{"type":"Point","coordinates":[36.765209,-1.262453]},"properties":{"lines":"23KG, 30, 105, 114W, 115, 135","color":"#0059a9","mode":"bus","arr":["23KG","30","105","114W","115","135"],"angle":-31.9,"extra":1,"ei":7}},{"type":"Feature","geometry":{"type":"Point","coordinates":[36.766804,-1.261445]},"properties":{"lines":"23KG, 30, 105, 114W, 115, 135","color":"#0059a9","mode":"bus","arr":["23KG","30","105","114W","115","135"],"angle":-31.5,"extra":1,"ei":8}},{"type":"Feature","geometry":{"type":"Point","coordinates":[36.768497,-1.260619]},"properties":{"lines":"23KG, 30, 105, 114W, 115, 135","color":"#0059a9","mode":"bus","arr":["23KG","30","105","114W","115","135"],"angle":-18,"extra":1,"ei":9}},{"type":"Feature","geometry":{"type":"Point","coordinates":[36.770335,-1.26019]},"properties":{"lines":"23KG, 30, 105, 114W, 115, 135","color":"#0059a9","mode":"bus","arr":["23KG","30","105","114W","115","135"],"angle":-10.5,"extra":1,"ei":10}},{"type":"Feature","geometry":{"type":"Point","coordinates":[36.791184,-1.260184]},"properties":{"lines":"23KG, 30, 105, 114W, 115, 135","color":"#0059a9","mode":"bus","arr":["23KG","30","105","114W","115","135"],"angle":10.8,"extra":1,"ei":0}},{"type":"Feature","geometry":{"type":"Point","coordinates":[36.793048,-1.260485]},"properties":{"lines":"23KG, 30, 105, 114W, 115, 135","color":"#0059a9","mode":"bus","arr":["23KG","30","105","114W","115","135"],"angle":6.9,"extra":1,"ei":1}},{"type":"Feature","geometry":{"type":"Point","coordinates":[36.794923,-1.260714]},"properties":{"lines":"23KG, 30, 105, 114W, 115, 135","color":"#0059a9","mode":"bus","arr":["23KG","30","105","114W","115","135"],"angle":6.6,"extra":1,"ei":2}},{"type":"Feature","geometry":{"type":"Point","coordinates":[36.798617,-1.261428]},"properties":{"lines":"23KG, 30, 105, 114W, 115, 135","color":"#0059a9","mode":"bus","arr":["23KG","30","105","114W","115","135"],"angle":20,"extra":1,"ei":3}},{"type":"Feature","geometry":{"type":"Point","coordinates":[36.800285,-1.26228]},"properties":{"lines":"23KG, 30, 105, 114W, 115, 135","color":"#0059a9","mode":"bus","arr":["23KG","30","105","114W","115","135"],"angle":42.6,"extra":1,"ei":4}},{"type":"Feature","geometry":{"type":"Point","coordinates":[36.801491,-1.263728]},"properties":{"lines":"23KG, 30, 105, 114W, 115, 135","color":"#0059a9","mode":"bus","arr":["23KG","30","105","114W","115","135"],"angle":59.9,"extra":1,"ei":5}},{"type":"Feature","geometry":{"type":"Point","coordinates":[36.64323,-1.10908]},"properties":{"lines":"135","color":"#0059a9","mode":"bus","arr":["135"],"angle":-79.4}},{"type":"Feature","geometry":{"type":"Point","coordinates":[36.740093,-1.264719]},"properties":{"lines":"135","color":"#0059a9","mode":"bus","arr":["135"],"angle":-0.2,"side":-1}},{"type":"Feature","geometry":{"type":"Point","coordinates":[36.63009,-1.109225]},"properties":{"lines":"135","color":"#0059a9","mode":"bus","arr":["135"],"angle":-10.1,"side":-1}},{"type":"Feature","geometry":{"type":"Point","coordinates":[36.773293,-1.259647]},"properties":{"lines":"23KG, 30, 115","color":"#0059a9","mode":"bus","arr":["23KG","30","115"],"angle":-12.1}},{"type":"Feature","geometry":{"type":"Point","coordinates":[36.774646,-1.25937]},"properties":{"lines":"23KG, 30, 115","color":"#0059a9","mode":"bus","arr":["23KG","30","115"],"angle":-10.9,"extra":1,"ei":0}},{"type":"Feature","geometry":{"type":"Point","coordinates":[36.778325,-1.258763]},"properties":{"lines":"23KG, 30, 48K, 115","color":"#0059a9","mode":"bus","arr":["23KG","30","48K","115"],"angle":-4.9,"mi":1}},{"type":"Feature","geometry":{"type":"Point","coordinates":[36.775003,-1.25924]},"properties":{"lines":"23KG, 30, 48K, 115","color":"#0059a9","mode":"bus","arr":["23KG","30","48K","115"],"angle":-22.1}},{"type":"Feature","geometry":{"type":"Point","coordinates":[36.776886,-1.258954]},"properties":{"lines":"23KG, 30, 48K, 115","color":"#0059a9","mode":"bus","arr":["23KG","30","48K","115"],"angle":-8.4,"extra":1,"ei":0}},{"type":"Feature","geometry":{"type":"Point","coordinates":[36.780633,-1.25888]},"properties":{"lines":"23KG, 30, 48K, 115","color":"#0059a9","mode":"bus","arr":["23KG","30","48K","115"],"angle":16.5,"extra":1,"ei":1}},{"type":"Feature","geometry":{"type":"Point","coordinates":[36.775081,-1.259279]},"properties":{"lines":"48K","color":"#0059a9","mode":"bus","arr":["48K"],"angle":20.8,"mi":1}},{"type":"Feature","geometry":{"type":"Point","coordinates":[36.785476,-1.259463]},"properties":{"lines":"23KG, 30, 48K, 105, 114W, 115, 135","color":"#0059a9","mode":"bus","arr":["23KG","30","48K","105","114W","115","135"],"angle":7.2}},{"type":"Feature","geometry":{"type":"Point","coordinates":[36.781638,-1.258994]},"properties":{"lines":"23KG, 30, 48K, 105, 114W, 115, 135","color":"#0059a9","mode":"bus","arr":["23KG","30","48K","105","114W","115","135"],"angle":6.5,"extra":1,"ei":0}},{"type":"Feature","geometry":{"type":"Point","coordinates":[36.783513,-1.259225]},"properties":{"lines":"23KG, 30, 48K, 105, 114W, 115, 135","color":"#0059a9","mode":"bus","arr":["23KG","30","48K","105","114W","115","135"],"angle":6.6,"extra":1,"ei":1}},{"type":"Feature","geometry":{"type":"Point","coordinates":[36.787264,-1.259676]},"properties":{"lines":"23KG, 30, 48K, 105, 114W, 115, 135","color":"#0059a9","mode":"bus","arr":["23KG","30","48K","105","114W","115","135"],"angle":4.9,"extra":1,"ei":2}},{"type":"Feature","geometry":{"type":"Point","coordinates":[36.789141,-1.259877]},"properties":{"lines":"23KG, 30, 48K, 105, 114W, 115, 135","color":"#0059a9","mode":"bus","arr":["23KG","30","48K","105","114W","115","135"],"angle":8.9,"extra":1,"ei":3}},{"type":"Feature","geometry":{"type":"Point","coordinates":[36.802121,-1.264473]},"properties":{"lines":"23KG, 30, 48C, 105, 114W, 115, 135","color":"#0059a9","mode":"bus","arr":["23KG","30","48C","105","114W","115","135"],"angle":52.3,"mi":1}},{"type":"Feature","geometry":{"type":"Point","coordinates":[36.804036,-1.266764]},"properties":{"lines":"23KG, 30, 48C, 105, 114W, 115, 135","color":"#0059a9","mode":"bus","arr":["23KG","30","48C","105","114W","115","135"],"angle":38.7}},{"type":"Feature","geometry":{"type":"Point","coordinates":[36.802834,-1.265555]},"properties":{"lines":"23KG, 30, 48C, 105, 114W, 115, 135","color":"#0059a9","mode":"bus","arr":["23KG","30","48C","105","114W","115","135"],"angle":48.9,"extra":1,"ei":0}},{"type":"Feature","geometry":{"type":"Point","coordinates":[36.805462,-1.268255]},"properties":{"lines":"23KG, 30, 48C, 105, 114W, 115, 135","color":"#0059a9","mode":"bus","arr":["23KG","30","48C","105","114W","115","135"],"angle":48.1,"extra":1,"ei":1}},{"type":"Feature","geometry":{"type":"Point","coordinates":[36.808746,-1.27191]},"properties":{"lines":"23KG, 30, 48A, 48B, 48C, 48O, 105, 114W, 115, 135","color":"#0059a9","mode":"bus","arr":["23KG","30","48A","48B","48C","48O","105","114W","115","135"],"angle":44.5,"mi":3}},{"type":"Feature","geometry":{"type":"Point","coordinates":[36.806459,-1.269413]},"properties":{"lines":"23KG, 30, 48A, 48B, 48C, 48O, 105, 114W, 115, 135","color":"#0059a9","mode":"bus","arr":["23KG","30","48A","48B","48C","48O","105","114W","115","135"],"angle":49.2,"extra":1,"ei":0}},{"type":"Feature","geometry":{"type":"Point","coordinates":[36.807689,-1.270847]},"properties":{"lines":"23KG, 30, 48A, 48B, 48C, 48O, 105, 114W, 115, 135","color":"#0059a9","mode":"bus","arr":["23KG","30","48A","48B","48C","48O","105","114W","115","135"],"angle":48.9,"extra":1,"ei":1}},{"type":"Feature","geometry":{"type":"Point","coordinates":[36.810458,-1.273372]},"properties":{"lines":"23KG, 30, 48A, 48B, 48C, 48O, 105, 114W, 115, 135","color":"#0059a9","mode":"bus","arr":["23KG","30","48A","48B","48C","48O","105","114W","115","135"],"angle":28.9,"extra":1,"ei":2}},{"type":"Feature","geometry":{"type":"Point","coordinates":[36.81202,-1.274416]},"properties":{"lines":"23KG, 30, 48A, 48B, 48C, 48O, 105, 114W, 115, 135","color":"#0059a9","mode":"bus","arr":["23KG","30","48A","48B","48C","48O","105","114W","115","135"],"angle":38.3,"extra":1,"ei":3}},{"type":"Feature","geometry":{"type":"Point","coordinates":[36.813986,-1.277853]},"properties":{"lines":"23KG, 30, 48A, 48B, 48C, 48O, 105, 114W, 115, 135","color":"#0059a9","mode":"bus","arr":["23KG","30","48A","48B","48C","48O","105","114W","115","135"],"angle":78.1}},{"type":"Feature","geometry":{"type":"Point","coordinates":[36.812768,-1.275227]},"properties":{"lines":"23KG, 30, 48A, 48B, 48C, 48O, 105, 114W, 115, 135","color":"#0059a9","mode":"bus","arr":["23KG","30","48A","48B","48C","48O","105","114W","115","135"],"angle":53.1,"extra":1,"ei":0}},{"type":"Feature","geometry":{"type":"Point","coordinates":[36.814578,-1.280526]},"properties":{"lines":"23KG, 30, 48A, 48B, 48C, 48O, 105, 114W, 115, 135","color":"#0059a9","mode":"bus","arr":["23KG","30","48A","48B","48C","48O","105","114W","115","135"],"angle":68.8,"extra":1,"ei":1}},{"type":"Feature","geometry":{"type":"Point","coordinates":[36.817231,-1.280564]},"properties":{"lines":"23KG, 30, 48A, 48B, 48C, 48O, 105, 114W, 115, 135","color":"#0059a9","mode":"bus","arr":["23KG","30","48A","48B","48C","48O","105","114W","115","135"],"angle":-26.8,"mi":1}},{"type":"Feature","geometry":{"type":"Point","coordinates":[36.815992,-1.281178]},"properties":{"lines":"23KG, 30, 48A, 48B, 48C, 48O, 105, 114W, 115, 135","color":"#0059a9","mode":"bus","arr":["23KG","30","48A","48B","48C","48O","105","114W","115","135"],"angle":-26.6,"extra":1,"ei":0}},{"type":"Feature","geometry":{"type":"Point","coordinates":[36.820038,-1.279539]},"properties":{"lines":"23KG, 30, 48A, 48B, 48C, 48O, 105, 114W, 115, 135","color":"#0059a9","mode":"bus","arr":["23KG","30","48A","48B","48C","48O","105","114W","115","135"],"angle":-30.1,"mi":2}},{"type":"Feature","geometry":{"type":"Point","coordinates":[36.825384,-1.283831]},"properties":{"lines":"23KG, 46B, 46H, 48B","color":"#0059a9","mode":"bus","arr":["23KG","46B","46H","48B"],"angle":39.1}},{"type":"Feature","geometry":{"type":"Point","coordinates":[36.826427,-1.285329]},"properties":{"lines":"23KG, 30, 33B, 33C, 33FED, 33GTB, 33TP, 46B, 46H, 48A, 48B, 58","color":"#0059a9","mode":"bus","arr":["23KG","30","33B","33C","33FED","33GTB","33TP","46B","46H","48A","48B","58"],"angle":63.5}},{"type":"Feature","geometry":{"type":"Point","coordinates":[36.826544,-1.286415]},"properties":{"lines":"23KG, 23KS, 30, 33C, 34B, 34J, 48A, 48B, 135","color":"#0059a9","mode":"bus","arr":["23KG","23KS","30","33C","34B","34J","48A","48B","135"],"angle":-26.3,"side":-1}},{"type":"Feature","geometry":{"type":"Point","coordinates":[36.826114,-1.286423]},"properties":{"lines":"23KG, 24, 30, 33UTW, 34B, 34J, 48A, 48B, 135","color":"#0059a9","mode":"bus","arr":["23KG","24","30","33UTW","34B","34J","48A","48B","135"],"angle":62.4}},{"type":"Feature","geometry":{"type":"Point","coordinates":[36.825813,-1.285842]},"properties":{"lines":"23KG, 24C, 30, 33UTW, 34B, 34J, 48A, 48B, 135","color":"#0059a9","mode":"bus","arr":["23KG","24C","30","33UTW","34B","34J","48A","48B","135"],"angle":62.8}},{"type":"Feature","geometry":{"type":"Point","coordinates":[36.824397,-1.284039]},"properties":{"lines":"23KG, 33UTW, 46K, 48A, 48B, 135","color":"#0059a9","mode":"bus","arr":["23KG","33UTW","46K","48A","48B","135"],"angle":39.3}},{"type":"Feature","geometry":{"type":"Point","coordinates":[36.821597,-1.28189]},"properties":{"lines":"23KG, 25A, 30, 046P, 48A, 48B, 48O, 135","color":"#0059a9","mode":"bus","arr":["23KG","25A","30","046P","48A","48B","48O","135"],"angle":37.8,"side":-1}},{"type":"Feature","geometry":{"type":"Point","coordinates":[36.822863,-1.282882]},"properties":{"lines":"23KG, 25A, 30, 046P, 48A, 48B, 48O, 135","color":"#0059a9","mode":"bus","arr":["23KG","25A","30","046P","48A","48B","48O","135"],"angle":38.5,"extra":1,"ei":0}},{"type":"Feature","geometry":{"type":"Point","coordinates":[36.819887,-1.280557]},"properties":{"lines":"23KG, 25A, 30, 046P, 48A, 48B, 48O, 135","color":"#0059a9","mode":"bus","arr":["23KG","25A","30","046P","48A","48B","48O","135"],"angle":36.2,"extra":1,"ei":1,"side":-1}},{"type":"Feature","geometry":{"type":"Point","coordinates":[36.819388,-1.280189]},"properties":{"lines":"23KG, 30, 046P, 48A, 48B, 48O, 135","color":"#0059a9","mode":"bus","arr":["23KG","30","046P","48A","48B","48O","135"],"angle":34,"side":-1}},{"type":"Feature","geometry":{"type":"Point","coordinates":[36.817165,-1.280764]},"properties":{"lines":"23KG, 30, 046P, 48A, 48B, 48C, 48O, 105, 115, 135","color":"#0059a9","mode":"bus","arr":["23KG","30","046P","48A","48B","48C","48O","105","115","135"],"angle":-26.8,"side":-1,"mi":1}},{"type":"Feature","geometry":{"type":"Point","coordinates":[36.818295,-1.280184]},"properties":{"lines":"23KG, 30, 046P, 48A, 48B, 48C, 48O, 105, 115, 135","color":"#0059a9","mode":"bus","arr":["23KG","30","046P","48A","48B","48C","48O","105","115","135"],"angle":-27,"extra":1,"ei":0,"side":-1}},{"type":"Feature","geometry":{"type":"Point","coordinates":[36.813816,-1.278504]},"properties":{"lines":"23KG, 30, 046P, 48A, 48B, 48C, 48O, 105, 115, 135","color":"#0059a9","mode":"bus","arr":["23KG","30","046P","48A","48B","48C","48O","105","115","135"],"angle":82.8,"side":-1}},{"type":"Feature","geometry":{"type":"Point","coordinates":[36.814467,-1.280772]},"properties":{"lines":"23KG, 30, 046P, 48A, 48B, 48C, 48O, 105, 115, 135","color":"#0059a9","mode":"bus","arr":["23KG","30","046P","48A","48B","48C","48O","105","115","135"],"angle":67.2,"extra":1,"ei":0,"side":-1}},{"type":"Feature","geometry":{"type":"Point","coordinates":[36.813536,-1.277131]},"properties":{"lines":"23KG, 30, 046P, 48A, 48B, 48C, 48O, 105, 115, 135","color":"#0059a9","mode":"bus","arr":["23KG","30","046P","48A","48B","48C","48O","105","115","135"],"angle":72.6,"extra":1,"ei":1,"side":-1}},{"type":"Feature","geometry":{"type":"Point","coordinates":[36.812754,-1.275424]},"properties":{"lines":"23KG, 30, 046P, 48A, 48B, 48C, 48O, 105, 115, 135","color":"#0059a9","mode":"bus","arr":["23KG","30","046P","48A","48B","48C","48O","105","115","135"],"angle":57.8,"extra":1,"ei":2,"side":-1}},{"type":"Feature","geometry":{"type":"Point","coordinates":[36.811267,-1.273946]},"properties":{"lines":"23KG, 30, 046P, 48A, 48B, 48C, 48O, 105, 115, 135","color":"#0059a9","mode":"bus","arr":["23KG","30","046P","48A","48B","48C","48O","105","115","135"],"angle":31.3,"side":-1,"mi":2}},{"type":"Feature","geometry":{"type":"Point","coordinates":[36.808336,-1.272021]},"properties":{"lines":"23KG, 30, 046P, 48A, 48B, 48C, 48O, 105, 114W, 115, 135","color":"#0059a9","mode":"bus","arr":["23KG","30","046P","48A","48B","48C","48O","105","114W","115","135"],"angle":46.3,"mi":1}},{"type":"Feature","geometry":{"type":"Point","coordinates":[36.80638,-1.269826]},"properties":{"lines":"23KG, 30, 046P, 48A, 48B, 48C, 48O, 105, 114W, 115, 135","color":"#0059a9","mode":"bus","arr":["23KG","30","046P","48A","48B","48C","48O","105","114W","115","135"],"angle":48.6}},{"type":"Feature","geometry":{"type":"Point","coordinates":[36.807394,-1.271002]},"properties":{"lines":"23KG, 30, 046P, 48A, 48B, 48C, 48O, 105, 114W, 115, 135","color":"#0059a9","mode":"bus","arr":["23KG","30","046P","48A","48B","48C","48O","105","114W","115","135"],"angle":45.2,"extra":1,"ei":0}},{"type":"Feature","geometry":{"type":"Point","coordinates":[36.804495,-1.267639]},"properties":{"lines":"23KG, 30, 046P, 48C, 105, 114W, 115, 135","color":"#0059a9","mode":"bus","arr":["23KG","30","046P","48C","105","114W","115","135"],"angle":48.6,"mi":2}},{"type":"Feature","geometry":{"type":"Point","coordinates":[36.80254,-1.265411]},"properties":{"lines":"23KG, 30, 046P, 48C, 105, 114W, 115, 135","color":"#0059a9","mode":"bus","arr":["23KG","30","046P","48C","105","114W","115","135"],"angle":49.5}},{"type":"Feature","geometry":{"type":"Point","coordinates":[36.80369,-1.266731]},"properties":{"lines":"23KG, 30, 046P, 48C, 105, 114W, 115, 135","color":"#0059a9","mode":"bus","arr":["23KG","30","046P","48C","105","114W","115","135"],"angle":49.3,"extra":1,"ei":0,"side":-1}},{"type":"Feature","geometry":{"type":"Point","coordinates":[36.801905,-1.264877]},"properties":{"lines":"23KG, 30, 046P, 48C, 105, 114W, 115, 135","color":"#0059a9","mode":"bus","arr":["23KG","30","046P","48C","105","114W","115","135"],"angle":31.3,"mi":1}},{"type":"Feature","geometry":{"type":"Point","coordinates":[36.801609,-1.264305]},"properties":{"lines":"23KG, 30, 046P, 48C, 48K, 105, 114W, 115, 135","color":"#0059a9","mode":"bus","arr":["23KG","30","046P","48C","48K","105","114W","115","135"],"angle":71.9,"side":-1}},{"type":"Feature","geometry":{"type":"Point","coordinates":[36.778432,-1.259031]},"properties":{"lines":"23KG, 30, 046P, 48K, 105, 114W, 115, 135","color":"#0059a9","mode":"bus","arr":["23KG","30","046P","48K","105","114W","115","135"],"angle":-6.3,"side":-1}},{"type":"Feature","geometry":{"type":"Point","coordinates":[36.80102,-1.263441]},"properties":{"lines":"23KG, 30, 046P, 48K, 105, 114W, 115, 135","color":"#0059a9","mode":"bus","arr":["23KG","30","046P","48K","105","114W","115","135"],"angle":50.4,"side":-1}},{"type":"Feature","geometry":{"type":"Point","coordinates":[36.779978,-1.259015]},"properties":{"lines":"23KG, 30, 046P, 48K, 105, 114W, 115, 135","color":"#0059a9","mode":"bus","arr":["23KG","30","046P","48K","105","114W","115","135"],"angle":3.9,"extra":1,"ei":0,"side":-1}},{"type":"Feature","geometry":{"type":"Point","coordinates":[36.776229,-1.259361]},"properties":{"lines":"23KG, 30, 046P, 48K, 105, 114W, 115, 135","color":"#0059a9","mode":"bus","arr":["23KG","30","046P","48K","105","114W","115","135"],"angle":-12.5,"extra":1,"ei":1,"side":-1}},{"type":"Feature","geometry":{"type":"Point","coordinates":[36.771154,-1.260301]},"properties":{"lines":"23KG, 30, 046P, 105, 114W, 115, 135","color":"#0059a9","mode":"bus","arr":["23KG","30","046P","105","114W","115","135"],"angle":-11.7,"side":-1}},{"type":"Feature","geometry":{"type":"Point","coordinates":[36.753305,-1.264215]},"properties":{"lines":"23KG, 30, 046P, 105, 114W, 115, 135","color":"#0059a9","mode":"bus","arr":["23KG","30","046P","105","114W","115","135"],"angle":-0.4,"side":-1,"mi":2}},{"type":"Feature","geometry":{"type":"Point","coordinates":[36.774196,-1.259736]},"properties":{"lines":"23KG, 30, 046P, 105, 114W, 115, 135","color":"#0059a9","mode":"bus","arr":["23KG","30","046P","105","114W","115","135"],"angle":-12.2,"extra":1,"ei":0,"side":-1}},{"type":"Feature","geometry":{"type":"Point","coordinates":[36.772342,-1.260099]},"properties":{"lines":"23KG, 30, 046P, 105, 114W, 115, 135","color":"#0059a9","mode":"bus","arr":["23KG","30","046P","105","114W","115","135"],"angle":-8.2,"extra":1,"ei":1,"side":-1}},{"type":"Feature","geometry":{"type":"Point","coordinates":[36.768635,-1.260814]},"properties":{"lines":"23KG, 30, 046P, 105, 114W, 115, 135","color":"#0059a9","mode":"bus","arr":["23KG","30","046P","105","114W","115","135"],"angle":-13.5,"extra":1,"ei":2,"side":-1}},{"type":"Feature","geometry":{"type":"Point","coordinates":[36.795459,-1.261116]},"properties":{"lines":"23KG, 48K, 105, 114W","color":"#0059a9","mode":"bus","arr":["23KG","48K","105","114W"],"angle":6.1}},{"type":"Feature","geometry":{"type":"Point","coordinates":[36.799627,-1.262057]},"properties":{"lines":"23KG, 48K, 105, 114W","color":"#0059a9","mode":"bus","arr":["23KG","48K","105","114W"],"angle":31.4,"extra":1,"ei":0}},{"type":"Feature","geometry":{"type":"Point","coordinates":[36.797863,-1.261409]},"properties":{"lines":"23KG, 48K, 105, 114W","color":"#0059a9","mode":"bus","arr":["23KG","48K","105","114W"],"angle":10.4,"extra":1,"ei":1}},{"type":"Feature","geometry":{"type":"Point","coordinates":[36.79411,-1.26113]},"properties":{"lines":"23KG, 48K, 105, 114W","color":"#0059a9","mode":"bus","arr":["23KG","48K","105","114W"],"angle":-0.1,"extra":1,"ei":2}},{"type":"Feature","geometry":{"type":"Point","coordinates":[36.792283,-1.260709]},"properties":{"lines":"23KG, 48K, 105, 114W","color":"#0059a9","mode":"bus","arr":["23KG","48K","105","114W"],"angle":16.3,"extra":1,"ei":3,"side":-1}},{"type":"Feature","geometry":{"type":"Point","coordinates":[36.790452,-1.260249]},"properties":{"lines":"23KG, 48K, 105, 114W","color":"#0059a9","mode":"bus","arr":["23KG","48K","105","114W"],"angle":16.4,"extra":1,"ei":4,"side":-1}},{"type":"Feature","geometry":{"type":"Point","coordinates":[36.783647,-1.259399]},"properties":{"lines":"23KG, 30, 046P, 48K, 105, 114W, 115, 135","color":"#0059a9","mode":"bus","arr":["23KG","30","046P","48K","105","114W","115","135"],"angle":7.3,"side":-1,"mi":1}},{"type":"Feature","geometry":{"type":"Point","coordinates":[36.785443,-1.259635]},"properties":{"lines":"23KG, 30, 046P, 48K, 105, 114W, 115, 135","color":"#0059a9","mode":"bus","arr":["23KG","30","046P","48K","105","114W","115","135"],"angle":7.4,"extra":1,"ei":0,"side":-1}},{"type":"Feature","geometry":{"type":"Point","coordinates":[36.781698,-1.259137]},"properties":{"lines":"23KG, 30, 046P, 48K, 105, 114W, 115, 135","color":"#0059a9","mode":"bus","arr":["23KG","30","046P","48K","105","114W","115","135"],"angle":7.9,"extra":1,"ei":1,"side":-1}},{"type":"Feature","geometry":{"type":"Point","coordinates":[36.765905,-1.262337]},"properties":{"lines":"23KG, 046P, 105, 114W, 115","color":"#0059a9","mode":"bus","arr":["23KG","046P","105","114W","115"],"angle":-31.7}},{"type":"Feature","geometry":{"type":"Point","coordinates":[36.75454,-1.264181]},"properties":{"lines":"105","color":"#0059a9","mode":"bus","arr":["105"],"angle":-4}},{"type":"Feature","geometry":{"type":"Point","coordinates":[36.766057,-1.262425]},"properties":{"lines":"30, 135","color":"#0059a9","mode":"bus","arr":["30","135"],"angle":-32.3,"side":-1}},{"type":"Feature","geometry":{"type":"Point","coordinates":[36.767115,-1.261677]},"properties":{"lines":"30, 135","color":"#0059a9","mode":"bus","arr":["30","135"],"angle":-29.2,"extra":1,"ei":0,"side":-1}},{"type":"Feature","geometry":{"type":"Point","coordinates":[36.761483,-1.263682]},"properties":{"lines":"23KG, 30, 046P, 105, 114W, 115, 135","color":"#0059a9","mode":"bus","arr":["23KG","30","046P","105","114W","115","135"],"angle":-10.1,"mi":3}},{"type":"Feature","geometry":{"type":"Point","coordinates":[36.763465,-1.263337]},"properties":{"lines":"23KG, 30, 046P, 105, 114W, 115, 135","color":"#0059a9","mode":"bus","arr":["23KG","30","046P","105","114W","115","135"],"angle":-10.7,"extra":1,"ei":0}},{"type":"Feature","geometry":{"type":"Point","coordinates":[36.759735,-1.263878]},"properties":{"lines":"23KG, 30, 046P, 105, 114W, 115, 135","color":"#0059a9","mode":"bus","arr":["23KG","30","046P","105","114W","115","135"],"angle":-5.2,"extra":1,"ei":1,"side":-1}},{"type":"Feature","geometry":{"type":"Point","coordinates":[36.755712,-1.264181]},"properties":{"lines":"23KG, 30, 046P, 105, 114W, 115, 135","color":"#0059a9","mode":"bus","arr":["23KG","30","046P","105","114W","115","135"],"angle":-3.3,"side":-1,"mi":1}},{"type":"Feature","geometry":{"type":"Point","coordinates":[36.757525,-1.264102]},"properties":{"lines":"23KG, 30, 046P, 105, 114W, 115, 135","color":"#0059a9","mode":"bus","arr":["23KG","30","046P","105","114W","115","135"],"angle":-6}},{"type":"Feature","geometry":{"type":"Point","coordinates":[36.754511,-1.264251]},"properties":{"lines":"23KG, 30, 046P, 114W, 115, 135","color":"#0059a9","mode":"bus","arr":["23KG","30","046P","114W","115","135"],"angle":-4.9,"side":-1}},{"type":"Feature","geometry":{"type":"Point","coordinates":[36.75098,-1.264362]},"properties":{"lines":"23KG","color":"#0059a9","mode":"bus","arr":["23KG"],"angle":-2.5,"side":-1,"mi":4}},{"type":"Feature","geometry":{"type":"Point","coordinates":[36.885442,-1.267194]},"properties":{"lines":"23KS, 36","color":"#0059a9","mode":"bus","arr":["23KS","36"],"angle":-78.4,"mi":1}},{"type":"Feature","geometry":{"type":"Point","coordinates":[36.887406,-1.263453]},"properties":{"lines":"23KS, 36","color":"#0059a9","mode":"bus","arr":["23KS","36"],"angle":63.5,"extra":1,"ei":0}},{"type":"Feature","geometry":{"type":"Point","coordinates":[36.887009,-1.264819]},"properties":{"lines":"23KS, 36","color":"#0059a9","mode":"bus","arr":["23KS","36"],"angle":-26.3,"extra":1,"ei":1}},{"type":"Feature","geometry":{"type":"Point","coordinates":[36.885691,-1.265996]},"properties":{"lines":"23KS, 36","color":"#0059a9","mode":"bus","arr":["23KS","36"],"angle":-77.9,"extra":1,"ei":2}},{"type":"Feature","geometry":{"type":"Point","coordinates":[36.884228,-1.269323]},"properties":{"lines":"23KS, 36","color":"#0059a9","mode":"bus","arr":["23KS","36"],"angle":-41.3,"extra":1,"ei":3}},{"type":"Feature","geometry":{"type":"Point","coordinates":[36.882462,-1.269445]},"properties":{"lines":"23KS, 36","color":"#0059a9","mode":"bus","arr":["23KS","36"],"angle":10.3,"extra":1,"ei":4}},{"type":"Feature","geometry":{"type":"Point","coordinates":[36.881255,-1.269492]},"properties":{"lines":"23KS, 36","color":"#0059a9","mode":"bus","arr":["23KS","36"],"angle":-11.1,"side":-1}},{"type":"Feature","geometry":{"type":"Point","coordinates":[36.880748,-1.271647]},"properties":{"lines":"23KS, 26, 26S","color":"#0059a9","mode":"bus","arr":["23KS","26","26S"],"angle":-1.9,"side":-1}},{"type":"Feature","geometry":{"type":"Point","coordinates":[36.877495,-1.272754]},"properties":{"lines":"23KS, 26, 26S, 36","color":"#0059a9","mode":"bus","arr":["23KS","26","26S","36"],"angle":89.5}},{"type":"Feature","geometry":{"type":"Point","coordinates":[36.877508,-1.276323]},"properties":{"lines":"23KS, 26, 26S, 36","color":"#0059a9","mode":"bus","arr":["23KS","26","26S","36"],"angle":-87.9,"extra":1,"ei":0}},{"type":"Feature","geometry":{"type":"Point","coordinates":[36.877487,-1.274435]},"properties":{"lines":"23KS, 26, 26S, 36","color":"#0059a9","mode":"bus","arr":["23KS","26","26S","36"],"angle":90,"extra":1,"ei":1}},{"type":"Feature","geometry":{"type":"Point","coordinates":[36.878604,-1.271708]},"properties":{"lines":"23KS, 26, 26S, 36","color":"#0059a9","mode":"bus","arr":["23KS","26","26S","36"],"angle":0.9,"extra":1,"ei":2}},{"type":"Feature","geometry":{"type":"Point","coordinates":[36.880457,-1.271532]},"properties":{"lines":"23KS, 26, 26S, 36","color":"#0059a9","mode":"bus","arr":["23KS","26","26S","36"],"angle":-19.3,"extra":1,"ei":3}},{"type":"Feature","geometry":{"type":"Point","coordinates":[36.877235,-1.277435]},"properties":{"lines":"23KS, 26S","color":"#0059a9","mode":"bus","arr":["23KS","26S"],"angle":0.2,"side":-1}},{"type":"Feature","geometry":{"type":"Point","coordinates":[36.873018,-1.278357]},"properties":{"lines":"23KS, 26, 26S","color":"#0059a9","mode":"bus","arr":["23KS","26","26S"],"angle":-28.2}},{"type":"Feature","geometry":{"type":"Point","coordinates":[36.870981,-1.281074]},"properties":{"lines":"23KS, 26, 26S","color":"#0059a9","mode":"bus","arr":["23KS","26","26S"],"angle":80.7,"extra":1,"ei":0}},{"type":"Feature","geometry":{"type":"Point","coordinates":[36.871702,-1.279372]},"properties":{"lines":"23KS, 26, 26S","color":"#0059a9","mode":"bus","arr":["23KS","26","26S"],"angle":-47.3,"extra":1,"ei":1}},{"type":"Feature","geometry":{"type":"Point","coordinates":[36.87504,-1.277797]},"properties":{"lines":"23KS, 26, 26S","color":"#0059a9","mode":"bus","arr":["23KS","26","26S"],"angle":-10.7,"extra":1,"ei":2}},{"type":"Feature","geometry":{"type":"Point","coordinates":[36.876893,-1.277431]},"properties":{"lines":"23KS, 26, 26S","color":"#0059a9","mode":"bus","arr":["23KS","26","26S"],"angle":-13.6,"extra":1,"ei":3}},{"type":"Feature","geometry":{"type":"Point","coordinates":[36.868977,-1.284071]},"properties":{"lines":"23KS, 26S","color":"#0059a9","mode":"bus","arr":["23KS","26S"],"angle":-41.6,"mi":1}},{"type":"Feature","geometry":{"type":"Point","coordinates":[36.867471,-1.285817]},"properties":{"lines":"23KS, 26S","color":"#0059a9","mode":"bus","arr":["23KS","26S"],"angle":-37.8,"extra":1,"ei":0}},{"type":"Feature","geometry":{"type":"Point","coordinates":[36.870065,-1.2831]},"properties":{"lines":"23KS, 26S","color":"#0059a9","mode":"bus","arr":["23KS","26S"],"angle":-41.8,"extra":1,"ei":1}},{"type":"Feature","geometry":{"type":"Point","coordinates":[36.864798,-1.288096]},"properties":{"lines":"23KS, 26S","color":"#0059a9","mode":"bus","arr":["23KS","26S"],"angle":-50.8}},{"type":"Feature","geometry":{"type":"Point","coordinates":[36.863138,-1.288621]},"properties":{"lines":"23KS, 26S","color":"#0059a9","mode":"bus","arr":["23KS","26S"],"angle":5,"extra":1,"ei":0}},{"type":"Feature","geometry":{"type":"Point","coordinates":[36.865684,-1.286438]},"properties":{"lines":"23KS, 26S","color":"#0059a9","mode":"bus","arr":["23KS","26S"],"angle":-38.1,"extra":1,"ei":1}},{"type":"Feature","geometry":{"type":"Point","coordinates":[36.857287,-1.291035]},"properties":{"lines":"23KS","color":"#0059a9","mode":"bus","arr":["23KS"],"angle":-23.6}},{"type":"Feature","geometry":{"type":"Point","coordinates":[36.861384,-1.289237]},"properties":{"lines":"23KS","color":"#0059a9","mode":"bus","arr":["23KS"],"angle":-23.7,"extra":1,"ei":0}},{"type":"Feature","geometry":{"type":"Point","coordinates":[36.85965,-1.289988]},"properties":{"lines":"23KS","color":"#0059a9","mode":"bus","arr":["23KS"],"angle":-24.3,"extra":1,"ei":1}},{"type":"Feature","geometry":{"type":"Point","coordinates":[36.856193,-1.291511]},"properties":{"lines":"23KS","color":"#0059a9","mode":"bus","arr":["23KS"],"angle":-23.7,"extra":1,"ei":2}},{"type":"Feature","geometry":{"type":"Point","coordinates":[36.854462,-1.292267]},"properties":{"lines":"23KS","color":"#0059a9","mode":"bus","arr":["23KS"],"angle":-23.6,"extra":1,"ei":3}},{"type":"Feature","geometry":{"type":"Point","coordinates":[36.852696,-1.292924]},"properties":{"lines":"23KS","color":"#0059a9","mode":"bus","arr":["23KS"],"angle":-11.7,"extra":1,"ei":4}},{"type":"Feature","geometry":{"type":"Point","coordinates":[36.827194,-1.287054]},"properties":{"lines":"23KS, 33B, 33C, 33FED, 33GTB, 33IMR","color":"#0059a9","mode":"bus","arr":["23KS","33B","33C","33FED","33GTB","33IMR"],"angle":64.1,"side":-1}},{"type":"Feature","geometry":{"type":"Point","coordinates":[36.826851,-1.287868]},"properties":{"lines":"24, 33C, 33UTW, 34J","color":"#0059a9","mode":"bus","arr":["24","33C","33UTW","34J"],"angle":63.3,"side":-1}},{"type":"Feature","geometry":{"type":"Point","coordinates":[36.826963,-1.28777]},"properties":{"lines":"23KS","color":"#0059a9","mode":"bus","arr":["23KS"],"angle":61.9}},{"type":"Feature","geometry":{"type":"Point","coordinates":[36.804047,-1.262186]},"properties":{"lines":"23W, 118, 119, 119A","color":"#0059a9","mode":"bus","arr":["23W","118","119","119A"],"angle":44.4}},{"type":"Feature","geometry":{"type":"Point","coordinates":[36.808949,-1.267908]},"properties":{"lines":"23W","color":"#0059a9","mode":"bus","arr":["23W"],"angle":47.7,"mi":3}},{"type":"Feature","geometry":{"type":"Point","coordinates":[36.805145,-1.26335]},"properties":{"lines":"23W","color":"#0059a9","mode":"bus","arr":["23W"],"angle":50.1,"mi":6}},{"type":"Feature","geometry":{"type":"Point","coordinates":[36.805148,-1.26455]},"properties":{"lines":"23W","color":"#0059a9","mode":"bus","arr":["23W"],"angle":-41.5,"mi":4}},{"type":"Feature","geometry":{"type":"Point","coordinates":[36.8068,-1.267573]},"properties":{"lines":"23W","color":"#0059a9","mode":"bus","arr":["23W"],"angle":47.5,"mi":2}},{"type":"Feature","geometry":{"type":"Point","coordinates":[36.805183,-1.265781]},"properties":{"lines":"23W","color":"#0059a9","mode":"bus","arr":["23W"],"angle":48.3,"extra":1,"ei":0}},{"type":"Feature","geometry":{"type":"Point","coordinates":[36.807808,-1.268489]},"properties":{"lines":"23W","color":"#0059a9","mode":"bus","arr":["23W"],"angle":41.5,"extra":1,"ei":1}},{"type":"Feature","geometry":{"type":"Point","coordinates":[36.809118,-1.269848]},"properties":{"lines":"23W","color":"#0059a9","mode":"bus","arr":["23W"],"angle":47.4,"extra":1,"ei":2,"side":-1}},{"type":"Feature","geometry":{"type":"Point","coordinates":[36.810613,-1.268679]},"properties":{"lines":"23W","color":"#0059a9","mode":"bus","arr":["23W"],"angle":-43.3,"mi":5}},{"type":"Feature","geometry":{"type":"Point","coordinates":[36.812598,-1.269688]},"properties":{"lines":"23W, 118, 119, 119A","color":"#0059a9","mode":"bus","arr":["23W","118","119","119A"],"angle":53.6,"mi":1}},{"type":"Feature","geometry":{"type":"Point","coordinates":[36.81217,-1.268383]},"properties":{"lines":"23W, 118, 119, 119A","color":"#0059a9","mode":"bus","arr":["23W","118","119","119A"],"angle":83,"extra":1,"ei":0}},{"type":"Feature","geometry":{"type":"Point","coordinates":[36.814456,-1.271889]},"properties":{"lines":"23W, 118, 119, 119A","color":"#0059a9","mode":"bus","arr":["23W","118","119","119A"],"angle":34.2}},{"type":"Feature","geometry":{"type":"Point","coordinates":[36.816905,-1.273849]},"properties":{"lines":"23W, 118, 119, 119A","color":"#0059a9","mode":"bus","arr":["23W","118","119","119A"],"angle":44.2,"mi":2}},{"type":"Feature","geometry":{"type":"Point","coordinates":[36.821249,-1.27506]},"properties":{"lines":"23W, 119","color":"#0059a9","mode":"bus","arr":["23W","119"],"angle":23.5,"mi":1}},{"type":"Feature","geometry":{"type":"Point","coordinates":[36.817592,-1.273062]},"properties":{"lines":"23W, 119","color":"#0059a9","mode":"bus","arr":["23W","119"],"angle":21.1}},{"type":"Feature","geometry":{"type":"Point","coordinates":[36.815297,-1.272721]},"properties":{"lines":"23W, 118, 119","color":"#0059a9","mode":"bus","arr":["23W","118","119"],"angle":24.1,"side":-1}},{"type":"Feature","geometry":{"type":"Point","coordinates":[36.807511,-1.266949]},"properties":{"lines":"23W","color":"#0059a9","mode":"bus","arr":["23W"],"angle":-42.1}},{"type":"Feature","geometry":{"type":"Point","coordinates":[36.807013,-1.267406]},"properties":{"lines":"23W","color":"#0059a9","mode":"bus","arr":["23W"],"angle":-41.3,"mi":1}},{"type":"Feature","geometry":{"type":"Point","coordinates":[36.785414,-1.330829]},"properties":{"lines":"24, 34L, 125, 126","color":"#0059a9","mode":"bus","arr":["24","34L","125","126"],"angle":-28.7,"side":-1}},{"type":"Feature","geometry":{"type":"Point","coordinates":[36.7883,-1.329217]},"properties":{"lines":"24, 34L, 125, 126","color":"#0059a9","mode":"bus","arr":["24","34L","125","126"],"angle":-29.8,"extra":1,"ei":0,"side":-1}},{"type":"Feature","geometry":{"type":"Point","coordinates":[36.786656,-1.330147]},"properties":{"lines":"24, 34L, 125, 126","color":"#0059a9","mode":"bus","arr":["24","34L","125","126"],"angle":-29,"extra":1,"ei":1,"side":-1}},{"type":"Feature","geometry":{"type":"Point","coordinates":[36.783352,-1.33198]},"properties":{"lines":"24, 34L, 125, 126","color":"#0059a9","mode":"bus","arr":["24","34L","125","126"],"angle":-28.1,"extra":1,"ei":2,"side":-1}},{"type":"Feature","geometry":{"type":"Point","coordinates":[36.781431,-1.333137]},"properties":{"lines":"24, 125, 126","color":"#0059a9","mode":"bus","arr":["24","125","126"],"angle":-29.5,"side":-1,"mi":1}},{"type":"Feature","geometry":{"type":"Point","coordinates":[36.775243,-1.336824]},"properties":{"lines":"24, 125, 126","color":"#0059a9","mode":"bus","arr":["24","125","126"],"angle":-38,"side":-1}},{"type":"Feature","geometry":{"type":"Point","coordinates":[36.780384,-1.333702]},"properties":{"lines":"24, 125, 126","color":"#0059a9","mode":"bus","arr":["24","125","126"],"angle":-31.1,"extra":1,"ei":0,"side":-1}},{"type":"Feature","geometry":{"type":"Point","coordinates":[36.778747,-1.334642]},"properties":{"lines":"24, 125, 126","color":"#0059a9","mode":"bus","arr":["24","125","126"],"angle":-28,"extra":1,"ei":1,"side":-1}},{"type":"Feature","geometry":{"type":"Point","coordinates":[36.777095,-1.335558]},"properties":{"lines":"24, 125, 126","color":"#0059a9","mode":"bus","arr":["24","125","126"],"angle":-29.2,"extra":1,"ei":2,"side":-1}},{"type":"Feature","geometry":{"type":"Point","coordinates":[36.774037,-1.337767]},"properties":{"lines":"24, 125, 126","color":"#0059a9","mode":"bus","arr":["24","125","126"],"angle":-38.6,"extra":1,"ei":3,"side":-1}},{"type":"Feature","geometry":{"type":"Point","coordinates":[36.772546,-1.338927]},"properties":{"lines":"24, 125, 126","color":"#0059a9","mode":"bus","arr":["24","125","126"],"angle":-37.4,"extra":1,"ei":4,"side":-1}},{"type":"Feature","geometry":{"type":"Point","coordinates":[36.771054,-1.340085]},"properties":{"lines":"24, 125, 126","color":"#0059a9","mode":"bus","arr":["24","125","126"],"angle":-38.3,"extra":1,"ei":5,"side":-1}},{"type":"Feature","geometry":{"type":"Point","coordinates":[36.767214,-1.342483]},"properties":{"lines":"24","color":"#0059a9","mode":"bus","arr":["24"],"angle":-16.4,"side":-1}},{"type":"Feature","geometry":{"type":"Point","coordinates":[36.768975,-1.341651]},"properties":{"lines":"24","color":"#0059a9","mode":"bus","arr":["24"],"angle":-36.6,"extra":1,"ei":0}},{"type":"Feature","geometry":{"type":"Point","coordinates":[36.765414,-1.342546]},"properties":{"lines":"24","color":"#0059a9","mode":"bus","arr":["24"],"angle":8,"extra":1,"ei":1,"side":-1}},{"type":"Feature","geometry":{"type":"Point","coordinates":[36.761883,-1.342124]},"properties":{"lines":"24, 24BK","color":"#0059a9","mode":"bus","arr":["24","24BK"],"angle":7.5,"side":-1}},{"type":"Feature","geometry":{"type":"Point","coordinates":[36.709032,-1.324462]},"properties":{"lines":"24, 24BK","color":"#0059a9","mode":"bus","arr":["24","24BK"],"angle":49.8}},{"type":"Feature","geometry":{"type":"Point","coordinates":[36.750478,-1.340459]},"properties":{"lines":"24, 24BK","color":"#0059a9","mode":"bus","arr":["24","24BK"],"angle":7.9}},{"type":"Feature","geometry":{"type":"Point","coordinates":[36.763401,-1.342317]},"properties":{"lines":"24, 24BK","color":"#0059a9","mode":"bus","arr":["24","24BK"],"angle":6.7,"extra":1,"ei":0,"side":-1}},{"type":"Feature","geometry":{"type":"Point","coordinates":[36.75966,-1.341799]},"properties":{"lines":"24, 24BK","color":"#0059a9","mode":"bus","arr":["24","24BK"],"angle":13.1,"extra":1,"ei":1,"side":-1}},{"type":"Feature","geometry":{"type":"Point","coordinates":[36.755049,-1.34111]},"properties":{"lines":"24, 24BK, 24C","color":"#0059a9","mode":"bus","arr":["24","24BK","24C"],"angle":8}},{"type":"Feature","geometry":{"type":"Point","coordinates":[36.71181,-1.327725]},"properties":{"lines":"24, 24BK, 24C","color":"#0059a9","mode":"bus","arr":["24","24BK","24C"],"angle":50.3,"mi":1}},{"type":"Feature","geometry":{"type":"Point","coordinates":[36.714997,-1.331763]},"properties":{"lines":"24, 24BK, 24C","color":"#0059a9","mode":"bus","arr":["24","24BK","24C"],"angle":53.9,"side":-1}},{"type":"Feature","geometry":{"type":"Point","coordinates":[36.751594,-1.340611]},"properties":{"lines":"24, 24BK, 24C","color":"#0059a9","mode":"bus","arr":["24","24BK","24C"],"angle":8,"extra":1,"ei":0}},{"type":"Feature","geometry":{"type":"Point","coordinates":[36.753462,-1.340882]},"properties":{"lines":"24, 24BK, 24C","color":"#0059a9","mode":"bus","arr":["24","24BK","24C"],"angle":8.2,"extra":1,"ei":1}},{"type":"Feature","geometry":{"type":"Point","coordinates":[36.757201,-1.341423]},"properties":{"lines":"24, 24BK, 24C","color":"#0059a9","mode":"bus","arr":["24","24BK","24C"],"angle":8.5,"extra":1,"ei":2}},{"type":"Feature","geometry":{"type":"Point","coordinates":[36.759071,-1.341687]},"properties":{"lines":"24, 24BK, 24C","color":"#0059a9","mode":"bus","arr":["24","24BK","24C"],"angle":7.9,"extra":1,"ei":3}},{"type":"Feature","geometry":{"type":"Point","coordinates":[36.710376,-1.326]},"properties":{"lines":"24, 24BK, 24C","color":"#0059a9","mode":"bus","arr":["24","24BK","24C"],"angle":50.5,"extra":1,"ei":0}},{"type":"Feature","geometry":{"type":"Point","coordinates":[36.712814,-1.328884]},"properties":{"lines":"24, 24BK, 24C","color":"#0059a9","mode":"bus","arr":["24","24BK","24C"],"angle":50,"extra":1,"ei":1}},{"type":"Feature","geometry":{"type":"Point","coordinates":[36.733874,-1.338127]},"properties":{"lines":"24BK","color":"#0059a9","mode":"bus","arr":["24BK"],"angle":7.6}},{"type":"Feature","geometry":{"type":"Point","coordinates":[36.716706,-1.33354]},"properties":{"lines":"24BK","color":"#0059a9","mode":"bus","arr":["24BK"],"angle":50.8}},{"type":"Feature","geometry":{"type":"Point","coordinates":[36.749362,-1.340302]},"properties":{"lines":"24BK","color":"#0059a9","mode":"bus","arr":["24BK"],"angle":8,"extra":1,"ei":0}},{"type":"Feature","geometry":{"type":"Point","coordinates":[36.747491,-1.340038]},"properties":{"lines":"24BK","color":"#0059a9","mode":"bus","arr":["24BK"],"angle":8.4,"extra":1,"ei":1}},{"type":"Feature","geometry":{"type":"Point","coordinates":[36.745622,-1.339767]},"properties":{"lines":"24BK","color":"#0059a9","mode":"bus","arr":["24BK"],"angle":9,"extra":1,"ei":2}},{"type":"Feature","geometry":{"type":"Point","coordinates":[36.743754,-1.339488]},"properties":{"lines":"24BK","color":"#0059a9","mode":"bus","arr":["24BK"],"angle":7.4,"extra":1,"ei":3}},{"type":"Feature","geometry":{"type":"Point","coordinates":[36.741881,-1.339244]},"properties":{"lines":"24BK","color":"#0059a9","mode":"bus","arr":["24BK"],"angle":8,"extra":1,"ei":4}},{"type":"Feature","geometry":{"type":"Point","coordinates":[36.74001,-1.33898]},"properties":{"lines":"24BK","color":"#0059a9","mode":"bus","arr":["24BK"],"angle":8.2,"extra":1,"ei":5}},{"type":"Feature","geometry":{"type":"Point","coordinates":[36.73814,-1.33871]},"properties":{"lines":"24BK","color":"#0059a9","mode":"bus","arr":["24BK"],"angle":8.3,"extra":1,"ei":6}},{"type":"Feature","geometry":{"type":"Point","coordinates":[36.736271,-1.338442]},"properties":{"lines":"24BK","color":"#0059a9","mode":"bus","arr":["24BK"],"angle":7.7,"extra":1,"ei":7}},{"type":"Feature","geometry":{"type":"Point","coordinates":[36.732526,-1.337943]},"properties":{"lines":"24BK","color":"#0059a9","mode":"bus","arr":["24BK"],"angle":8.3,"extra":1,"ei":8}},{"type":"Feature","geometry":{"type":"Point","coordinates":[36.730659,-1.337652]},"properties":{"lines":"24BK","color":"#0059a9","mode":"bus","arr":["24BK"],"angle":8.5,"extra":1,"ei":9}},{"type":"Feature","geometry":{"type":"Point","coordinates":[36.728789,-1.337383]},"properties":{"lines":"24BK","color":"#0059a9","mode":"bus","arr":["24BK"],"angle":8.3,"extra":1,"ei":10}},{"type":"Feature","geometry":{"type":"Point","coordinates":[36.726918,-1.337124]},"properties":{"lines":"24BK","color":"#0059a9","mode":"bus","arr":["24BK"],"angle":8.2,"extra":1,"ei":11}},{"type":"Feature","geometry":{"type":"Point","coordinates":[36.725048,-1.336858]},"properties":{"lines":"24BK","color":"#0059a9","mode":"bus","arr":["24BK"],"angle":8,"extra":1,"ei":12}},{"type":"Feature","geometry":{"type":"Point","coordinates":[36.723178,-1.336589]},"properties":{"lines":"24BK","color":"#0059a9","mode":"bus","arr":["24BK"],"angle":7.9,"extra":1,"ei":13}},{"type":"Feature","geometry":{"type":"Point","coordinates":[36.721298,-1.336423]},"properties":{"lines":"24BK","color":"#0059a9","mode":"bus","arr":["24BK"],"angle":3.7,"extra":1,"ei":14}},{"type":"Feature","geometry":{"type":"Point","coordinates":[36.719415,-1.336281]},"properties":{"lines":"24BK","color":"#0059a9","mode":"bus","arr":["24BK"],"angle":10.9,"extra":1,"ei":15}},{"type":"Feature","geometry":{"type":"Point","coordinates":[36.717927,-1.335206]},"properties":{"lines":"24BK","color":"#0059a9","mode":"bus","arr":["24BK"],"angle":49,"extra":1,"ei":16}},{"type":"Feature","geometry":{"type":"Point","coordinates":[36.714483,-1.330874]},"properties":{"lines":"24BK","color":"#0059a9","mode":"bus","arr":["24BK"],"angle":51.6,"extra":1,"ei":0}},{"type":"Feature","geometry":{"type":"Point","coordinates":[36.715697,-1.332321]},"properties":{"lines":"24BK","color":"#0059a9","mode":"bus","arr":["24BK"],"angle":51.5,"extra":1,"ei":1}},{"type":"Feature","geometry":{"type":"Point","coordinates":[36.747924,-1.352137]},"properties":{"lines":"24, 24C","color":"#0059a9","mode":"bus","arr":["24","24C"],"angle":-77.3}},{"type":"Feature","geometry":{"type":"Point","coordinates":[36.74741,-1.362737]},"properties":{"lines":"24, 24C","color":"#0059a9","mode":"bus","arr":["24","24C"],"angle":82.4,"extra":1,"ei":0}},{"type":"Feature","geometry":{"type":"Point","coordinates":[36.747168,-1.360864]},"properties":{"lines":"24, 24C","color":"#0059a9","mode":"bus","arr":["24","24C"],"angle":84.2,"extra":1,"ei":1}},{"type":"Feature","geometry":{"type":"Point","coordinates":[36.746941,-1.358989]},"properties":{"lines":"24, 24C","color":"#0059a9","mode":"bus","arr":["24","24C"],"angle":83.2,"extra":1,"ei":2}},{"type":"Feature","geometry":{"type":"Point","coordinates":[36.746729,-1.357113]},"properties":{"lines":"24, 24C","color":"#0059a9","mode":"bus","arr":["24","24C"],"angle":82.7,"extra":1,"ei":3}},{"type":"Feature","geometry":{"type":"Point","coordinates":[36.746524,-1.355236]},"properties":{"lines":"24, 24C","color":"#0059a9","mode":"bus","arr":["24","24C"],"angle":-89.4,"extra":1,"ei":4}},{"type":"Feature","geometry":{"type":"Point","coordinates":[36.747249,-1.353542]},"properties":{"lines":"24, 24C","color":"#0059a9","mode":"bus","arr":["24","24C"],"angle":-53.1,"extra":1,"ei":5}},{"type":"Feature","geometry":{"type":"Point","coordinates":[36.748432,-1.350004]},"properties":{"lines":"24, 24C","color":"#0059a9","mode":"bus","arr":["24","24C"],"angle":-77.1,"extra":1,"ei":6}},{"type":"Feature","geometry":{"type":"Point","coordinates":[36.748846,-1.348162]},"properties":{"lines":"24, 24C","color":"#0059a9","mode":"bus","arr":["24","24C"],"angle":-76.2,"extra":1,"ei":7}},{"type":"Feature","geometry":{"type":"Point","coordinates":[36.749282,-1.346324]},"properties":{"lines":"24, 24C","color":"#0059a9","mode":"bus","arr":["24","24C"],"angle":-76.6,"extra":1,"ei":8}},{"type":"Feature","geometry":{"type":"Point","coordinates":[36.749728,-1.344489]},"properties":{"lines":"24, 24C","color":"#0059a9","mode":"bus","arr":["24","24C"],"angle":-76.7,"extra":1,"ei":9}},{"type":"Feature","geometry":{"type":"Point","coordinates":[36.750135,-1.342645]},"properties":{"lines":"24, 24C","color":"#0059a9","mode":"bus","arr":["24","24C"],"angle":-76.4,"extra":1,"ei":10}},{"type":"Feature","geometry":{"type":"Point","coordinates":[36.750579,-1.34081]},"properties":{"lines":"24, 24C","color":"#0059a9","mode":"bus","arr":["24","24C"],"angle":-76.4,"extra":1,"ei":11}},{"type":"Feature","geometry":{"type":"Point","coordinates":[36.739091,-1.365183]},"properties":{"lines":"24, 24C","color":"#0059a9","mode":"bus","arr":["24","24C"],"angle":-7.1,"mi":3}},{"type":"Feature","geometry":{"type":"Point","coordinates":[36.745571,-1.364427]},"properties":{"lines":"24, 24C","color":"#0059a9","mode":"bus","arr":["24","24C"],"angle":-6.4,"mi":5}},{"type":"Feature","geometry":{"type":"Point","coordinates":[36.736806,-1.365452]},"properties":{"lines":"24, 24C","color":"#0059a9","mode":"bus","arr":["24","24C"],"angle":-5.8,"extra":1,"ei":0}},{"type":"Feature","geometry":{"type":"Point","coordinates":[36.740557,-1.364994]},"properties":{"lines":"24, 24C","color":"#0059a9","mode":"bus","arr":["24","24C"],"angle":-6.9,"extra":1,"ei":1}},{"type":"Feature","geometry":{"type":"Point","coordinates":[36.742923,-1.364722]},"properties":{"lines":"24","color":"#0059a9","mode":"bus","arr":["24"],"angle":-7.5}},{"type":"Feature","geometry":{"type":"Point","coordinates":[36.733378,-1.362858]},"properties":{"lines":"24, 24C","color":"#0059a9","mode":"bus","arr":["24","24C"],"angle":30}},{"type":"Feature","geometry":{"type":"Point","coordinates":[36.72631,-1.360925]},"properties":{"lines":"24, 24C","color":"#0059a9","mode":"bus","arr":["24","24C"],"angle":-0.2,"mi":1}},{"type":"Feature","geometry":{"type":"Point","coordinates":[36.730942,-1.361446]},"properties":{"lines":"24, 24C","color":"#0059a9","mode":"bus","arr":["24","24C"],"angle":30.1,"extra":1,"ei":0}},{"type":"Feature","geometry":{"type":"Point","coordinates":[36.735391,-1.364766]},"properties":{"lines":"24, 24C","color":"#0059a9","mode":"bus","arr":["24","24C"],"angle":58.5,"extra":1,"ei":1}},{"type":"Feature","geometry":{"type":"Point","coordinates":[36.72355,-1.360965]},"properties":{"lines":"24, 24C","color":"#0059a9","mode":"bus","arr":["24","24C"],"angle":-1.2,"extra":1,"ei":0}},{"type":"Feature","geometry":{"type":"Point","coordinates":[36.729216,-1.360886]},"properties":{"lines":"24, 24C","color":"#0059a9","mode":"bus","arr":["24","24C"],"angle":-0.9,"extra":1,"ei":1}},{"type":"Feature","geometry":{"type":"Point","coordinates":[36.722889,-1.358091]},"properties":{"lines":"24, 24C","color":"#0059a9","mode":"bus","arr":["24","24C"],"angle":-83.2,"mi":2}},{"type":"Feature","geometry":{"type":"Point","coordinates":[36.722676,-1.360026]},"properties":{"lines":"24, 24C","color":"#0059a9","mode":"bus","arr":["24","24C"],"angle":-83.8,"extra":1,"ei":0}},{"type":"Feature","geometry":{"type":"Point","coordinates":[36.723085,-1.356272]},"properties":{"lines":"24, 24C","color":"#0059a9","mode":"bus","arr":["24","24C"],"angle":-85.1,"extra":1,"ei":1}},{"type":"Feature","geometry":{"type":"Point","coordinates":[36.718144,-1.354662]},"properties":{"lines":"24, 24C","color":"#0059a9","mode":"bus","arr":["24","24C"],"angle":6.8,"mi":4}},{"type":"Feature","geometry":{"type":"Point","coordinates":[36.714062,-1.354199]},"properties":{"lines":"24, 24C","color":"#0059a9","mode":"bus","arr":["24","24C"],"angle":6.1,"extra":1,"ei":0}},{"type":"Feature","geometry":{"type":"Point","coordinates":[36.715937,-1.354429]},"properties":{"lines":"24, 24C","color":"#0059a9","mode":"bus","arr":["24","24C"],"angle":6.6,"extra":1,"ei":1}},{"type":"Feature","geometry":{"type":"Point","coordinates":[36.719691,-1.354846]},"properties":{"lines":"24, 24C","color":"#0059a9","mode":"bus","arr":["24","24C"],"angle":6.6,"extra":1,"ei":2}},{"type":"Feature","geometry":{"type":"Point","coordinates":[36.72157,-1.355045]},"properties":{"lines":"24, 24C","color":"#0059a9","mode":"bus","arr":["24","24C"],"angle":5.8,"extra":1,"ei":3}},{"type":"Feature","geometry":{"type":"Point","coordinates":[36.714725,-1.343416]},"properties":{"lines":"24, 24C","color":"#0059a9","mode":"bus","arr":["24","24C"],"angle":-83}},{"type":"Feature","geometry":{"type":"Point","coordinates":[36.716098,-1.334213]},"properties":{"lines":"24, 24C","color":"#0059a9","mode":"bus","arr":["24","24C"],"angle":-82.2,"extra":1,"ei":0}},{"type":"Feature","geometry":{"type":"Point","coordinates":[36.715796,-1.336077]},"properties":{"lines":"24, 24C","color":"#0059a9","mode":"bus","arr":["24","24C"],"angle":-79.7,"extra":1,"ei":1}},{"type":"Feature","geometry":{"type":"Point","coordinates":[36.715568,-1.33795]},"properties":{"lines":"24, 24C","color":"#0059a9","mode":"bus","arr":["24","24C"],"angle":-82.7,"extra":1,"ei":2}},{"type":"Feature","geometry":{"type":"Point","coordinates":[36.714693,-1.339559]},"properties":{"lines":"24, 24C","color":"#0059a9","mode":"bus","arr":["24","24C"],"angle":-48.3,"extra":1,"ei":3}},{"type":"Feature","geometry":{"type":"Point","coordinates":[36.714064,-1.341256]},"properties":{"lines":"24, 24C","color":"#0059a9","mode":"bus","arr":["24","24C"],"angle":79.9,"extra":1,"ei":4}},{"type":"Feature","geometry":{"type":"Point","coordinates":[36.714509,-1.344886]},"properties":{"lines":"24, 24C","color":"#0059a9","mode":"bus","arr":["24","24C"],"angle":-81.7,"extra":1,"ei":5}},{"type":"Feature","geometry":{"type":"Point","coordinates":[36.714215,-1.346751]},"properties":{"lines":"24, 24C","color":"#0059a9","mode":"bus","arr":["24","24C"],"angle":-80.5,"extra":1,"ei":6}},{"type":"Feature","geometry":{"type":"Point","coordinates":[36.713919,-1.348616]},"properties":{"lines":"24, 24C","color":"#0059a9","mode":"bus","arr":["24","24C"],"angle":-81,"extra":1,"ei":7}},{"type":"Feature","geometry":{"type":"Point","coordinates":[36.71364,-1.350484]},"properties":{"lines":"24, 24C","color":"#0059a9","mode":"bus","arr":["24","24C"],"angle":-81.6,"extra":1,"ei":8}},{"type":"Feature","geometry":{"type":"Point","coordinates":[36.713358,-1.352352]},"properties":{"lines":"24, 24C","color":"#0059a9","mode":"bus","arr":["24","24C"],"angle":-80.8,"extra":1,"ei":9}},{"type":"Feature","geometry":{"type":"Point","coordinates":[36.709046,-1.321549]},"properties":{"lines":"24","color":"#0059a9","mode":"bus","arr":["24"],"angle":-17.4}},{"type":"Feature","geometry":{"type":"Point","coordinates":[36.710305,-1.321138]},"properties":{"lines":"24","color":"#0059a9","mode":"bus","arr":["24"],"angle":-17.3,"extra":1,"ei":0}},{"type":"Feature","geometry":{"type":"Point","coordinates":[36.717537,-1.317063]},"properties":{"lines":"24, 24C, 111","color":"#0059a9","mode":"bus","arr":["24","24C","111"],"angle":-41.8,"mi":1}},{"type":"Feature","geometry":{"type":"Point","coordinates":[36.712601,-1.320428]},"properties":{"lines":"24, 24C, 111","color":"#0059a9","mode":"bus","arr":["24","24C","111"],"angle":-18}},{"type":"Feature","geometry":{"type":"Point","coordinates":[36.757629,-1.300317]},"properties":{"lines":"24, 24C, 111","color":"#0059a9","mode":"bus","arr":["24","24C","111"],"angle":-18.7}},{"type":"Feature","geometry":{"type":"Point","coordinates":[36.754266,-1.301646]},"properties":{"lines":"24, 24C, 111","color":"#0059a9","mode":"bus","arr":["24","24C","111"],"angle":-21.2,"side":-1,"mi":1}},{"type":"Feature","geometry":{"type":"Point","coordinates":[36.711374,-1.320778]},"properties":{"lines":"24, 24C, 111","color":"#0059a9","mode":"bus","arr":["24","24C","111"],"angle":-17.6,"extra":1,"ei":0}},{"type":"Feature","geometry":{"type":"Point","coordinates":[36.719286,-1.315495]},"properties":{"lines":"24, 24C, 111","color":"#0059a9","mode":"bus","arr":["24","24C","111"],"angle":-40.1,"extra":1,"ei":0}},{"type":"Feature","geometry":{"type":"Point","coordinates":[36.716466,-1.318004]},"properties":{"lines":"24, 24C, 111","color":"#0059a9","mode":"bus","arr":["24","24C","111"],"angle":-40.3,"extra":1,"ei":1}},{"type":"Feature","geometry":{"type":"Point","coordinates":[36.759642,-1.299623]},"properties":{"lines":"24C","color":"#0059a9","mode":"bus","arr":["24C"],"angle":-22.9,"side":-1}},{"type":"Feature","geometry":{"type":"Point","coordinates":[36.736949,-1.307126]},"properties":{"lines":"24C","color":"#0059a9","mode":"bus","arr":["24C"],"angle":-16.6,"side":-1}},{"type":"Feature","geometry":{"type":"Point","coordinates":[36.71471,-1.319257]},"properties":{"lines":"24C","color":"#0059a9","mode":"bus","arr":["24C"],"angle":-41.6}},{"type":"Feature","geometry":{"type":"Point","coordinates":[36.675382,-1.332031]},"properties":{"lines":"111","color":"#0059a9","mode":"bus","arr":["111"],"angle":-40.4}},{"type":"Feature","geometry":{"type":"Point","coordinates":[36.721837,-1.313279]},"properties":{"lines":"111","color":"#0059a9","mode":"bus","arr":["111"],"angle":-38.2}},{"type":"Feature","geometry":{"type":"Point","coordinates":[36.71193,-1.320774]},"properties":{"lines":"111","color":"#0059a9","mode":"bus","arr":["111"],"angle":-17,"side":-1}},{"type":"Feature","geometry":{"type":"Point","coordinates":[36.755049,-1.301197]},"properties":{"lines":"111","color":"#0059a9","mode":"bus","arr":["111"],"angle":-19.5}},{"type":"Feature","geometry":{"type":"Point","coordinates":[36.720617,-1.314192]},"properties":{"lines":"111","color":"#0059a9","mode":"bus","arr":["111"],"angle":-35.6,"extra":1,"ei":0}},{"type":"Feature","geometry":{"type":"Point","coordinates":[36.723513,-1.311778]},"properties":{"lines":"111","color":"#0059a9","mode":"bus","arr":["111"],"angle":-42.1,"extra":1,"ei":1}},{"type":"Feature","geometry":{"type":"Point","coordinates":[36.710628,-1.32115]},"properties":{"lines":"111","color":"#0059a9","mode":"bus","arr":["111"],"angle":-14.1,"extra":1,"ei":0,"side":-1}},{"type":"Feature","geometry":{"type":"Point","coordinates":[36.756319,-1.300698]},"properties":{"lines":"111","color":"#0059a9","mode":"bus","arr":["111"],"angle":-22.2,"extra":1,"ei":0}},{"type":"Feature","geometry":{"type":"Point","coordinates":[36.656246,-1.359507]},"properties":{"lines":"111","color":"#0059a9","mode":"bus","arr":["111"],"angle":-73.9,"extra":1,"ei":0}},{"type":"Feature","geometry":{"type":"Point","coordinates":[36.656746,-1.357686]},"properties":{"lines":"111","color":"#0059a9","mode":"bus","arr":["111"],"angle":-75.4,"extra":1,"ei":1}},{"type":"Feature","geometry":{"type":"Point","coordinates":[36.657253,-1.355867]},"properties":{"lines":"111","color":"#0059a9","mode":"bus","arr":["111"],"angle":-76.2,"extra":1,"ei":2}},{"type":"Feature","geometry":{"type":"Point","coordinates":[36.657709,-1.354035]},"properties":{"lines":"111","color":"#0059a9","mode":"bus","arr":["111"],"angle":-72.4,"extra":1,"ei":3}},{"type":"Feature","geometry":{"type":"Point","coordinates":[36.658439,-1.352296]},"properties":{"lines":"111","color":"#0059a9","mode":"bus","arr":["111"],"angle":-64.2,"extra":1,"ei":4}},{"type":"Feature","geometry":{"type":"Point","coordinates":[36.6594,-1.350674]},"properties":{"lines":"111","color":"#0059a9","mode":"bus","arr":["111"],"angle":-55.1,"extra":1,"ei":5}},{"type":"Feature","geometry":{"type":"Point","coordinates":[36.660617,-1.349233]},"properties":{"lines":"111","color":"#0059a9","mode":"bus","arr":["111"],"angle":-45,"extra":1,"ei":6}},{"type":"Feature","geometry":{"type":"Point","coordinates":[36.662054,-1.348008]},"properties":{"lines":"111","color":"#0059a9","mode":"bus","arr":["111"],"angle":-39,"extra":1,"ei":7}},{"type":"Feature","geometry":{"type":"Point","coordinates":[36.663526,-1.346825]},"properties":{"lines":"111","color":"#0059a9","mode":"bus","arr":["111"],"angle":-38.5,"extra":1,"ei":8}},{"type":"Feature","geometry":{"type":"Point","coordinates":[36.66499,-1.345631]},"properties":{"lines":"111","color":"#0059a9","mode":"bus","arr":["111"],"angle":-39.8,"extra":1,"ei":9}},{"type":"Feature","geometry":{"type":"Point","coordinates":[36.666024,-1.344089]},"properties":{"lines":"111","color":"#0059a9","mode":"bus","arr":["111"],"angle":-72.4,"extra":1,"ei":10}},{"type":"Feature","geometry":{"type":"Point","coordinates":[36.66647,-1.342254]},"properties":{"lines":"111","color":"#0059a9","mode":"bus","arr":["111"],"angle":-75.8,"extra":1,"ei":11}},{"type":"Feature","geometry":{"type":"Point","coordinates":[36.667003,-1.340444]},"properties":{"lines":"111","color":"#0059a9","mode":"bus","arr":["111"],"angle":-67.2,"extra":1,"ei":12}},{"type":"Feature","geometry":{"type":"Point","coordinates":[36.668151,-1.338963]},"properties":{"lines":"111","color":"#0059a9","mode":"bus","arr":["111"],"angle":-42.5,"extra":1,"ei":13}},{"type":"Feature","geometry":{"type":"Point","coordinates":[36.669557,-1.337702]},"properties":{"lines":"111","color":"#0059a9","mode":"bus","arr":["111"],"angle":-41.5,"extra":1,"ei":14}},{"type":"Feature","geometry":{"type":"Point","coordinates":[36.670974,-1.336453]},"properties":{"lines":"111","color":"#0059a9","mode":"bus","arr":["111"],"angle":-41.5,"extra":1,"ei":15}},{"type":"Feature","geometry":{"type":"Point","coordinates":[36.67239,-1.335203]},"properties":{"lines":"111","color":"#0059a9","mode":"bus","arr":["111"],"angle":-42,"extra":1,"ei":16}},{"type":"Feature","geometry":{"type":"Point","coordinates":[36.67366,-1.333809]},"properties":{"lines":"111","color":"#0059a9","mode":"bus","arr":["111"],"angle":-49.1,"extra":1,"ei":17}},{"type":"Feature","geometry":{"type":"Point","coordinates":[36.676449,-1.331301]},"properties":{"lines":"111","color":"#0059a9","mode":"bus","arr":["111"],"angle":-28.7,"extra":1,"ei":18}},{"type":"Feature","geometry":{"type":"Point","coordinates":[36.678164,-1.330513]},"properties":{"lines":"111","color":"#0059a9","mode":"bus","arr":["111"],"angle":-23.9,"extra":1,"ei":19}},{"type":"Feature","geometry":{"type":"Point","coordinates":[36.679889,-1.329742]},"properties":{"lines":"111","color":"#0059a9","mode":"bus","arr":["111"],"angle":-24,"extra":1,"ei":20}},{"type":"Feature","geometry":{"type":"Point","coordinates":[36.681621,-1.328988]},"properties":{"lines":"111","color":"#0059a9","mode":"bus","arr":["111"],"angle":-23.4,"extra":1,"ei":21}},{"type":"Feature","geometry":{"type":"Point","coordinates":[36.683355,-1.328239]},"properties":{"lines":"111","color":"#0059a9","mode":"bus","arr":["111"],"angle":-23,"extra":1,"ei":22}},{"type":"Feature","geometry":{"type":"Point","coordinates":[36.685043,-1.328498]},"properties":{"lines":"111","color":"#0059a9","mode":"bus","arr":["111"],"angle":50,"extra":1,"ei":23}},{"type":"Feature","geometry":{"type":"Point","coordinates":[36.686439,-1.329622]},"properties":{"lines":"111","color":"#0059a9","mode":"bus","arr":["111"],"angle":0.2,"extra":1,"ei":24}},{"type":"Feature","geometry":{"type":"Point","coordinates":[36.688302,-1.329369]},"properties":{"lines":"111","color":"#0059a9","mode":"bus","arr":["111"],"angle":-19.8,"extra":1,"ei":25}},{"type":"Feature","geometry":{"type":"Point","coordinates":[36.689725,-1.328163]},"properties":{"lines":"111","color":"#0059a9","mode":"bus","arr":["111"],"angle":-45.1,"extra":1,"ei":26}},{"type":"Feature","geometry":{"type":"Point","coordinates":[36.691452,-1.327561]},"properties":{"lines":"111","color":"#0059a9","mode":"bus","arr":["111"],"angle":-17.8,"extra":1,"ei":27}},{"type":"Feature","geometry":{"type":"Point","coordinates":[36.692492,-1.326078]},"properties":{"lines":"111","color":"#0059a9","mode":"bus","arr":["111"],"angle":-55.2,"extra":1,"ei":28}},{"type":"Feature","geometry":{"type":"Point","coordinates":[36.694175,-1.325739]},"properties":{"lines":"111","color":"#0059a9","mode":"bus","arr":["111"],"angle":5,"extra":1,"ei":29}},{"type":"Feature","geometry":{"type":"Point","coordinates":[36.696044,-1.325503]},"properties":{"lines":"111","color":"#0059a9","mode":"bus","arr":["111"],"angle":-10.4,"extra":1,"ei":30}},{"type":"Feature","geometry":{"type":"Point","coordinates":[36.697907,-1.325194]},"properties":{"lines":"111","color":"#0059a9","mode":"bus","arr":["111"],"angle":-8.8,"extra":1,"ei":31}},{"type":"Feature","geometry":{"type":"Point","coordinates":[36.699765,-1.324857]},"properties":{"lines":"111","color":"#0059a9","mode":"bus","arr":["111"],"angle":-10.9,"extra":1,"ei":32}},{"type":"Feature","geometry":{"type":"Point","coordinates":[36.701581,-1.324364]},"properties":{"lines":"111","color":"#0059a9","mode":"bus","arr":["111"],"angle":-22,"extra":1,"ei":33}},{"type":"Feature","geometry":{"type":"Point","coordinates":[36.703329,-1.323647]},"properties":{"lines":"111","color":"#0059a9","mode":"bus","arr":["111"],"angle":-22.1,"extra":1,"ei":34}},{"type":"Feature","geometry":{"type":"Point","coordinates":[36.705093,-1.322988]},"properties":{"lines":"111","color":"#0059a9","mode":"bus","arr":["111"],"angle":-16.1,"extra":1,"ei":35}},{"type":"Feature","geometry":{"type":"Point","coordinates":[36.706859,-1.322319]},"properties":{"lines":"111","color":"#0059a9","mode":"bus","arr":["111"],"angle":-18.1,"extra":1,"ei":36}},{"type":"Feature","geometry":{"type":"Point","coordinates":[36.721917,-1.313343]},"properties":{"lines":"24, 24C","color":"#0059a9","mode":"bus","arr":["24","24C"],"angle":-37.6,"side":-1}},{"type":"Feature","geometry":{"type":"Point","coordinates":[36.755622,-1.301172]},"properties":{"lines":"24, 24C","color":"#0059a9","mode":"bus","arr":["24","24C"],"angle":-23.8,"side":-1}},{"type":"Feature","geometry":{"type":"Point","coordinates":[36.720728,-1.314274]},"properties":{"lines":"24, 24C","color":"#0059a9","mode":"bus","arr":["24","24C"],"angle":-39.9,"extra":1,"ei":0,"side":-1}},{"type":"Feature","geometry":{"type":"Point","coordinates":[36.723611,-1.311841]},"properties":{"lines":"24, 24C","color":"#0059a9","mode":"bus","arr":["24","24C"],"angle":-43.4,"extra":1,"ei":1,"side":-1}},{"type":"Feature","geometry":{"type":"Point","coordinates":[36.760537,-1.298577]},"properties":{"lines":"24, 102, 111","color":"#0059a9","mode":"bus","arr":["24","102","111"],"angle":10.9}},{"type":"Feature","geometry":{"type":"Point","coordinates":[36.707505,-1.322121]},"properties":{"lines":"24BK, 24C, 111","color":"#0059a9","mode":"bus","arr":["24BK","24C","111"],"angle":-15,"side":-1}},{"type":"Feature","geometry":{"type":"Point","coordinates":[36.707363,-1.32236]},"properties":{"lines":"24BK, 24C","color":"#0059a9","mode":"bus","arr":["24BK","24C"],"angle":64.1}},{"type":"Feature","geometry":{"type":"Point","coordinates":[36.762067,-1.342007]},"properties":{"lines":"24BK, 24C","color":"#0059a9","mode":"bus","arr":["24BK","24C"],"angle":6.8}},{"type":"Feature","geometry":{"type":"Point","coordinates":[36.70777,-1.322952]},"properties":{"lines":"24BK, 24C","color":"#0059a9","mode":"bus","arr":["24BK","24C"],"angle":50.4,"mi":1}},{"type":"Feature","geometry":{"type":"Point","coordinates":[36.760383,-1.341783]},"properties":{"lines":"24BK, 24C","color":"#0059a9","mode":"bus","arr":["24BK","24C"],"angle":6,"extra":1,"ei":0}},{"type":"Feature","geometry":{"type":"Point","coordinates":[36.764127,-1.34228]},"properties":{"lines":"24BK, 24C","color":"#0059a9","mode":"bus","arr":["24BK","24C"],"angle":8,"extra":1,"ei":1}},{"type":"Feature","geometry":{"type":"Point","coordinates":[36.707293,-1.322406]},"properties":{"lines":"24BK","color":"#0059a9","mode":"bus","arr":["24BK"],"angle":42.9,"side":-1}},{"type":"Feature","geometry":{"type":"Point","coordinates":[36.742551,-1.366231]},"properties":{"lines":"24C","color":"#0059a9","mode":"bus","arr":["24C"],"angle":69.9,"mi":1}},{"type":"Feature","geometry":{"type":"Point","coordinates":[36.742323,-1.364866]},"properties":{"lines":"24C","color":"#0059a9","mode":"bus","arr":["24C"],"angle":81.3,"extra":1,"ei":0}},{"type":"Feature","geometry":{"type":"Point","coordinates":[36.743622,-1.365731]},"properties":{"lines":"24C","color":"#0059a9","mode":"bus","arr":["24C"],"angle":85.5}},{"type":"Feature","geometry":{"type":"Point","coordinates":[36.76828,-1.341968]},"properties":{"lines":"24C","color":"#0059a9","mode":"bus","arr":["24C"],"angle":-23.4}},{"type":"Feature","geometry":{"type":"Point","coordinates":[36.765584,-1.34249]},"properties":{"lines":"24C","color":"#0059a9","mode":"bus","arr":["24C"],"angle":7.8,"mi":2}},{"type":"Feature","geometry":{"type":"Point","coordinates":[36.766774,-1.342507]},"properties":{"lines":"24C","color":"#0059a9","mode":"bus","arr":["24C"],"angle":-10,"mi":1}},{"type":"Feature","geometry":{"type":"Point","coordinates":[36.769518,-1.341135]},"properties":{"lines":"24C","color":"#0059a9","mode":"bus","arr":["24C"],"angle":-38.9,"mi":3}},{"type":"Feature","geometry":{"type":"Point","coordinates":[36.775275,-1.336687]},"properties":{"lines":"24C, 125, 126","color":"#0059a9","mode":"bus","arr":["24C","125","126"],"angle":-37.6}},{"type":"Feature","geometry":{"type":"Point","coordinates":[36.770422,-1.340456]},"properties":{"lines":"24C, 125, 126","color":"#0059a9","mode":"bus","arr":["24C","125","126"],"angle":-36.7,"extra":1,"ei":0}},{"type":"Feature","geometry":{"type":"Point","coordinates":[36.771922,-1.339308]},"properties":{"lines":"24C, 125, 126","color":"#0059a9","mode":"bus","arr":["24C","125","126"],"angle":-38.2,"extra":1,"ei":1}},{"type":"Feature","geometry":{"type":"Point","coordinates":[36.773396,-1.338128]},"properties":{"lines":"24C, 125, 126","color":"#0059a9","mode":"bus","arr":["24C","125","126"],"angle":-36.9,"extra":1,"ei":2}},{"type":"Feature","geometry":{"type":"Point","coordinates":[36.776416,-1.335861]},"properties":{"lines":"24C, 125, 126","color":"#0059a9","mode":"bus","arr":["24C","125","126"],"angle":-32.3,"extra":1,"ei":3}},{"type":"Feature","geometry":{"type":"Point","coordinates":[36.778049,-1.334911]},"properties":{"lines":"24C, 125, 126","color":"#0059a9","mode":"bus","arr":["24C","125","126"],"angle":-29.5,"extra":1,"ei":4}},{"type":"Feature","geometry":{"type":"Point","coordinates":[36.779689,-1.333974]},"properties":{"lines":"24C, 125, 126","color":"#0059a9","mode":"bus","arr":["24C","125","126"],"angle":-30.5,"extra":1,"ei":5}},{"type":"Feature","geometry":{"type":"Point","coordinates":[36.781323,-1.333027]},"properties":{"lines":"24C, 125, 126","color":"#0059a9","mode":"bus","arr":["24C","125","126"],"angle":-30.5,"extra":1,"ei":6}},{"type":"Feature","geometry":{"type":"Point","coordinates":[36.785487,-1.330635]},"properties":{"lines":"24C, 34L, 125, 126","color":"#0059a9","mode":"bus","arr":["24C","34L","125","126"],"angle":-30.2}},{"type":"Feature","geometry":{"type":"Point","coordinates":[36.782756,-1.332166]},"properties":{"lines":"24C, 34L, 125, 126","color":"#0059a9","mode":"bus","arr":["24C","34L","125","126"],"angle":-30.2,"extra":1,"ei":0}},{"type":"Feature","geometry":{"type":"Point","coordinates":[36.784403,-1.331241]},"properties":{"lines":"24C, 34L, 125, 126","color":"#0059a9","mode":"bus","arr":["24C","34L","125","126"],"angle":-28.1,"extra":1,"ei":1}},{"type":"Feature","geometry":{"type":"Point","coordinates":[36.787685,-1.329371]},"properties":{"lines":"24C, 34L, 125, 126","color":"#0059a9","mode":"bus","arr":["24C","34L","125","126"],"angle":-30,"extra":1,"ei":2}},{"type":"Feature","geometry":{"type":"Point","coordinates":[36.824519,-1.284225]},"properties":{"lines":"24C, 30, 046P, 135","color":"#0059a9","mode":"bus","arr":["24C","30","046P","135"],"angle":40.7,"side":-1}},{"type":"Feature","geometry":{"type":"Point","coordinates":[36.823792,-1.283619]},"properties":{"lines":"24C, 25A, 30, 046P, 135","color":"#0059a9","mode":"bus","arr":["24C","25A","30","046P","135"],"angle":38.7,"side":-1}},{"type":"Feature","geometry":{"type":"Point","coordinates":[36.879802,-1.243816]},"properties":{"lines":"25, 25A","color":"#0059a9","mode":"bus","arr":["25","25A"],"angle":3.5}},{"type":"Feature","geometry":{"type":"Point","coordinates":[36.875198,-1.246496]},"properties":{"lines":"25, 25A","color":"#0059a9","mode":"bus","arr":["25","25A"],"angle":-62.7,"extra":1,"ei":0}},{"type":"Feature","geometry":{"type":"Point","coordinates":[36.875619,-1.244678]},"properties":{"lines":"25, 25A","color":"#0059a9","mode":"bus","arr":["25","25A"],"angle":-81.6,"extra":1,"ei":1}},{"type":"Feature","geometry":{"type":"Point","coordinates":[36.876746,-1.243629]},"properties":{"lines":"25, 25A","color":"#0059a9","mode":"bus","arr":["25","25A"],"angle":3,"extra":1,"ei":2}},{"type":"Feature","geometry":{"type":"Point","coordinates":[36.878632,-1.243734]},"properties":{"lines":"25, 25A","color":"#0059a9","mode":"bus","arr":["25","25A"],"angle":4,"extra":1,"ei":3}},{"type":"Feature","geometry":{"type":"Point","coordinates":[36.882401,-1.243998]},"properties":{"lines":"25, 25A","color":"#0059a9","mode":"bus","arr":["25","25A"],"angle":3.7,"extra":1,"ei":4}},{"type":"Feature","geometry":{"type":"Point","coordinates":[36.884286,-1.244121]},"properties":{"lines":"25, 25A","color":"#0059a9","mode":"bus","arr":["25","25A"],"angle":3.9,"extra":1,"ei":5}},{"type":"Feature","geometry":{"type":"Point","coordinates":[36.886171,-1.244238]},"properties":{"lines":"25, 25A","color":"#0059a9","mode":"bus","arr":["25","25A"],"angle":3.9,"extra":1,"ei":6}},{"type":"Feature","geometry":{"type":"Point","coordinates":[36.872429,-1.247202]},"properties":{"lines":"25, 25A, 42, 2030","color":"#0059a9","mode":"bus","arr":["25","25A","42","2030"],"angle":-1.1,"mi":1}},{"type":"Feature","geometry":{"type":"Point","coordinates":[36.876886,-1.247891]},"properties":{"lines":"25, 25A, 42, 2030","color":"#0059a9","mode":"bus","arr":["25","25A","42","2030"],"angle":36.3}},{"type":"Feature","geometry":{"type":"Point","coordinates":[36.871239,-1.24719]},"properties":{"lines":"25, 25A, 42, 2030","color":"#0059a9","mode":"bus","arr":["25","25A","42","2030"],"angle":3.9,"extra":1,"ei":0}},{"type":"Feature","geometry":{"type":"Point","coordinates":[36.87802,-1.249372]},"properties":{"lines":"25, 25A, 42","color":"#0059a9","mode":"bus","arr":["25","25A","42"],"angle":-22.6,"side":-1}},{"type":"Feature","geometry":{"type":"Point","coordinates":[36.87801,-1.249591]},"properties":{"lines":"25, 0027, 42, 2030","color":"#0059a9","mode":"bus","arr":["25","0027","42","2030"],"angle":60.4,"side":-1}},{"type":"Feature","geometry":{"type":"Point","coordinates":[36.872843,-1.247493]},"properties":{"lines":"25, 25A, 0027, 2030","color":"#0059a9","mode":"bus","arr":["25","25A","0027","2030"],"angle":-1.2,"side":-1}},{"type":"Feature","geometry":{"type":"Point","coordinates":[36.877281,-1.24864]},"properties":{"lines":"25, 25A, 0027, 2030","color":"#0059a9","mode":"bus","arr":["25","25A","0027","2030"],"angle":46.6,"extra":1,"ei":0,"side":-1}},{"type":"Feature","geometry":{"type":"Point","coordinates":[36.875709,-1.247636]},"properties":{"lines":"25, 25A, 0027, 2030","color":"#0059a9","mode":"bus","arr":["25","25A","0027","2030"],"angle":18.5,"extra":1,"ei":1,"side":-1}},{"type":"Feature","geometry":{"type":"Point","coordinates":[36.870089,-1.247314]},"properties":{"lines":"25, 25A, 0027, 2030","color":"#0059a9","mode":"bus","arr":["25","25A","0027","2030"],"angle":17.6,"extra":1,"ei":2,"side":-1}},{"type":"Feature","geometry":{"type":"Point","coordinates":[36.868499,-1.246332]},"properties":{"lines":"25, 25A, 0027, 2030","color":"#0059a9","mode":"bus","arr":["25","25A","0027","2030"],"angle":40.9,"extra":1,"ei":3,"side":-1}},{"type":"Feature","geometry":{"type":"Point","coordinates":[36.836161,-1.265018]},"properties":{"lines":"25, 25A, 29/30, 44G, 44Z, 45K, 49, 100, 100A, 120, 145, 237","color":"#0059a9","mode":"bus","arr":["25","25A","29/30","44G","44Z","45K","49","100","100A","120","145","237"],"angle":-40.3}},{"type":"Feature","geometry":{"type":"Point","coordinates":[36.835325,-1.265839]},"properties":{"lines":"25, 25A, 29/30, 44G, 44Z, 45K, 49, 100, 100A, 120, 145, 237","color":"#0059a9","mode":"bus","arr":["25","25A","29/30","44G","44Z","45K","49","100","100A","120","145","237"],"angle":-47.9,"extra":1,"ei":0}},{"type":"Feature","geometry":{"type":"Point","coordinates":[36.833863,-1.267618]},"properties":{"lines":"25, 25A, 44G, 44Z, 45K, 49, 100, 100A, 120, 145, 237","color":"#0059a9","mode":"bus","arr":["25","25A","44G","44Z","45K","49","100","100A","120","145","237"],"angle":-50.9}},{"type":"Feature","geometry":{"type":"Point","coordinates":[36.867053,-1.24481]},"properties":{"lines":"25, 25A, 29/30, 2030","color":"#0059a9","mode":"bus","arr":["25","25A","29/30","2030"],"angle":43.2}},{"type":"Feature","geometry":{"type":"Point","coordinates":[36.868984,-1.246512]},"properties":{"lines":"25, 25A, 0027, 42, 2030","color":"#0059a9","mode":"bus","arr":["25","25A","0027","42","2030"],"angle":35}},{"type":"Feature","geometry":{"type":"Point","coordinates":[36.870241,-1.247078]},"properties":{"lines":"25, 25A, 0027, 42, 2030","color":"#0059a9","mode":"bus","arr":["25","25A","0027","42","2030"],"angle":15.5,"extra":1,"ei":0}},{"type":"Feature","geometry":{"type":"Point","coordinates":[36.894113,-1.241318]},"properties":{"lines":"25A","color":"#0059a9","mode":"bus","arr":["25A"],"angle":-41.1,"mi":5}},{"type":"Feature","geometry":{"type":"Point","coordinates":[36.89174,-1.24271]},"properties":{"lines":"25A","color":"#0059a9","mode":"bus","arr":["25A"],"angle":-13.4,"extra":1,"ei":0}},{"type":"Feature","geometry":{"type":"Point","coordinates":[36.896571,-1.240039]},"properties":{"lines":"25A","color":"#0059a9","mode":"bus","arr":["25A"],"angle":-19,"extra":1,"ei":1}},{"type":"Feature","geometry":{"type":"Point","coordinates":[36.890527,-1.242089]},"properties":{"lines":"25A","color":"#0059a9","mode":"bus","arr":["25A"],"angle":83.4,"mi":3}},{"type":"Feature","geometry":{"type":"Point","coordinates":[36.889112,-1.240878]},"properties":{"lines":"25A","color":"#0059a9","mode":"bus","arr":["25A"],"angle":8.2,"mi":2}},{"type":"Feature","geometry":{"type":"Point","coordinates":[36.890485,-1.2412]},"properties":{"lines":"25A","color":"#0059a9","mode":"bus","arr":["25A"],"angle":17.5,"extra":1,"ei":0}},{"type":"Feature","geometry":{"type":"Point","coordinates":[36.882713,-1.246474]},"properties":{"lines":"25A","color":"#0059a9","mode":"bus","arr":["25A"],"angle":4.8,"mi":1}},{"type":"Feature","geometry":{"type":"Point","coordinates":[36.884725,-1.245094]},"properties":{"lines":"25A","color":"#0059a9","mode":"bus","arr":["25A"],"angle":-86.6,"extra":1,"ei":0}},{"type":"Feature","geometry":{"type":"Point","coordinates":[36.884305,-1.246608]},"properties":{"lines":"25A","color":"#0059a9","mode":"bus","arr":["25A"],"angle":4,"extra":1,"ei":1}},{"type":"Feature","geometry":{"type":"Point","coordinates":[36.880542,-1.246378]},"properties":{"lines":"25A","color":"#0059a9","mode":"bus","arr":["25A"],"angle":-0.4,"extra":1,"ei":2}},{"type":"Feature","geometry":{"type":"Point","coordinates":[36.878661,-1.24622]},"properties":{"lines":"25A","color":"#0059a9","mode":"bus","arr":["25A"],"angle":6.2,"extra":1,"ei":3}},{"type":"Feature","geometry":{"type":"Point","coordinates":[36.87662,-1.245974]},"properties":{"lines":"25A","color":"#0059a9","mode":"bus","arr":["25A"],"angle":6.9,"mi":6}},{"type":"Feature","geometry":{"type":"Point","coordinates":[36.887556,-1.242465]},"properties":{"lines":"25A","color":"#0059a9","mode":"bus","arr":["25A"],"angle":-87.2}},{"type":"Feature","geometry":{"type":"Point","coordinates":[36.872868,-1.247256]},"properties":{"lines":"0027","color":"#0059a9","mode":"bus","arr":["0027"],"angle":-0.7}},{"type":"Feature","geometry":{"type":"Point","coordinates":[36.87122,-1.247275]},"properties":{"lines":"0027","color":"#0059a9","mode":"bus","arr":["0027"],"angle":2.8,"extra":1,"ei":0}},{"type":"Feature","geometry":{"type":"Point","coordinates":[36.874993,-1.247238]},"properties":{"lines":"0027","color":"#0059a9","mode":"bus","arr":["0027"],"angle":7.1,"extra":1,"ei":1}},{"type":"Feature","geometry":{"type":"Point","coordinates":[36.875705,-1.247399]},"properties":{"lines":"25A, 0027","color":"#0059a9","mode":"bus","arr":["25A","0027"],"angle":18.2}},{"type":"Feature","geometry":{"type":"Point","coordinates":[36.876324,-1.247638]},"properties":{"lines":"25A, 0027, 42","color":"#0059a9","mode":"bus","arr":["25A","0027","42"],"angle":27.3}},{"type":"Feature","geometry":{"type":"Point","coordinates":[36.878026,-1.249327]},"properties":{"lines":"0027, 42","color":"#0059a9","mode":"bus","arr":["0027","42"],"angle":57.6}},{"type":"Feature","geometry":{"type":"Point","coordinates":[36.828774,-1.271402]},"properties":{"lines":"25A, 44G, 44Z, 45K, 49, 237","color":"#0059a9","mode":"bus","arr":["25A","44G","44Z","45K","49","237"],"angle":-31.9}},{"type":"Feature","geometry":{"type":"Point","coordinates":[36.831888,-1.269507]},"properties":{"lines":"25A, 44G, 44Z, 45K, 49, 237","color":"#0059a9","mode":"bus","arr":["25A","44G","44Z","45K","49","237"],"angle":-31.3,"extra":1,"ei":0}},{"type":"Feature","geometry":{"type":"Point","coordinates":[36.830268,-1.270477]},"properties":{"lines":"25A, 44G, 44Z, 45K, 49, 237","color":"#0059a9","mode":"bus","arr":["25A","44G","44Z","45K","49","237"],"angle":-31.5,"extra":1,"ei":1}},{"type":"Feature","geometry":{"type":"Point","coordinates":[36.827097,-1.272527]},"properties":{"lines":"25A, 44G, 44Z, 45K, 49, 237","color":"#0059a9","mode":"bus","arr":["25A","44G","44Z","45K","49","237"],"angle":-36.2,"extra":1,"ei":2}},{"type":"Feature","geometry":{"type":"Point","coordinates":[36.82558,-1.273653]},"properties":{"lines":"25A, 44G, 44Z, 45K, 49, 237","color":"#0059a9","mode":"bus","arr":["25A","44G","44Z","45K","49","237"],"angle":-36.7,"extra":1,"ei":3}},{"type":"Feature","geometry":{"type":"Point","coordinates":[36.822481,-1.276928]},"properties":{"lines":"25A","color":"#0059a9","mode":"bus","arr":["25A"],"angle":-36.3,"side":-1,"mi":2}},{"type":"Feature","geometry":{"type":"Point","coordinates":[36.82365,-1.282046]},"properties":{"lines":"25A, 44Z, 45K","color":"#0059a9","mode":"bus","arr":["25A","44Z","45K"],"angle":-26.9}},{"type":"Feature","geometry":{"type":"Point","coordinates":[36.824208,-1.282404]},"properties":{"lines":"25A, 44Z, 45K","color":"#0059a9","mode":"bus","arr":["25A","44Z","45K"],"angle":41.6,"mi":1}},{"type":"Feature","geometry":{"type":"Point","coordinates":[36.824253,-1.283413]},"properties":{"lines":"25A","color":"#0059a9","mode":"bus","arr":["25A"],"angle":-53.6,"mi":1}},{"type":"Feature","geometry":{"type":"Point","coordinates":[36.819823,-1.280367]},"properties":{"lines":"25A, 135","color":"#0059a9","mode":"bus","arr":["25A","135"],"angle":48.4,"mi":1}},{"type":"Feature","geometry":{"type":"Point","coordinates":[36.820746,-1.28109]},"properties":{"lines":"25A, 135","color":"#0059a9","mode":"bus","arr":["25A","135"],"angle":36.4}},{"type":"Feature","geometry":{"type":"Point","coordinates":[36.821934,-1.281535]},"properties":{"lines":"25A","color":"#0059a9","mode":"bus","arr":["25A"],"angle":-18.5}},{"type":"Feature","geometry":{"type":"Point","coordinates":[36.878814,-1.259841]},"properties":{"lines":"26, 26S, 0027, 42, 2030","color":"#0059a9","mode":"bus","arr":["26","26S","0027","42","2030"],"angle":89.4}},{"type":"Feature","geometry":{"type":"Point","coordinates":[36.879098,-1.258555]},"properties":{"lines":"26, 26S, 0027, 42, 2030","color":"#0059a9","mode":"bus","arr":["26","26S","0027","42","2030"],"angle":-89.9,"extra":1,"ei":0}},{"type":"Feature","geometry":{"type":"Point","coordinates":[36.878849,-1.261087]},"properties":{"lines":"26, 26S, 0027, 42, 2030","color":"#0059a9","mode":"bus","arr":["26","26S","0027","42","2030"],"angle":88.2,"extra":1,"ei":0}},{"type":"Feature","geometry":{"type":"Point","coordinates":[36.873075,-1.283747]},"properties":{"lines":"26, 26S","color":"#0059a9","mode":"bus","arr":["26","26S"],"angle":50.5}},{"type":"Feature","geometry":{"type":"Point","coordinates":[36.872045,-1.282608]},"properties":{"lines":"26, 26S","color":"#0059a9","mode":"bus","arr":["26","26S"],"angle":48.2,"extra":1,"ei":0}},{"type":"Feature","geometry":{"type":"Point","coordinates":[36.87395,-1.285769]},"properties":{"lines":"26, 26S","color":"#0059a9","mode":"bus","arr":["26","26S"],"angle":79.1,"extra":1,"ei":1}},{"type":"Feature","geometry":{"type":"Point","coordinates":[36.874601,-1.287979]},"properties":{"lines":"26","color":"#0059a9","mode":"bus","arr":["26"],"angle":61.1,"mi":1}},{"type":"Feature","geometry":{"type":"Point","coordinates":[36.874655,-1.290242]},"properties":{"lines":"26","color":"#0059a9","mode":"bus","arr":["26"],"angle":-16.7}},{"type":"Feature","geometry":{"type":"Point","coordinates":[36.867874,-1.295299]},"properties":{"lines":"26","color":"#0059a9","mode":"bus","arr":["26"],"angle":-83,"mi":2}},{"type":"Feature","geometry":{"type":"Point","coordinates":[36.867566,-1.2965]},"properties":{"lines":"26","color":"#0059a9","mode":"bus","arr":["26"],"angle":-73.9,"extra":1,"ei":0}},{"type":"Feature","geometry":{"type":"Point","coordinates":[36.878718,-1.257095]},"properties":{"lines":"26S, 0027, 42, 2030","color":"#0059a9","mode":"bus","arr":["26S","0027","42","2030"],"angle":88}},{"type":"Feature","geometry":{"type":"Point","coordinates":[36.87086,-1.287135]},"properties":{"lines":"26S","color":"#0059a9","mode":"bus","arr":["26S"],"angle":-28.6,"mi":3}},{"type":"Feature","geometry":{"type":"Point","coordinates":[36.873042,-1.286044]},"properties":{"lines":"26S","color":"#0059a9","mode":"bus","arr":["26S"],"angle":-12.1,"extra":1,"ei":0}},{"type":"Feature","geometry":{"type":"Point","coordinates":[36.869622,-1.287532]},"properties":{"lines":"26S","color":"#0059a9","mode":"bus","arr":["26S"],"angle":-16.3,"extra":1,"ei":1}},{"type":"Feature","geometry":{"type":"Point","coordinates":[36.867957,-1.288424]},"properties":{"lines":"26S","color":"#0059a9","mode":"bus","arr":["26S"],"angle":-26.6,"extra":1,"ei":2}},{"type":"Feature","geometry":{"type":"Point","coordinates":[36.868189,-1.290311]},"properties":{"lines":"26S","color":"#0059a9","mode":"bus","arr":["26S"],"angle":87.2}},{"type":"Feature","geometry":{"type":"Point","coordinates":[36.867062,-1.294062]},"properties":{"lines":"26S","color":"#0059a9","mode":"bus","arr":["26S"],"angle":-86.6,"mi":1}},{"type":"Feature","geometry":{"type":"Point","coordinates":[36.862715,-1.290869]},"properties":{"lines":"26S","color":"#0059a9","mode":"bus","arr":["26S"],"angle":-88.8,"mi":2}},{"type":"Feature","geometry":{"type":"Point","coordinates":[36.8386,-1.263275]},"properties":{"lines":"0027, 145","color":"#0059a9","mode":"bus","arr":["0027","145"],"angle":-29.5,"mi":2}},{"type":"Feature","geometry":{"type":"Point","coordinates":[36.840501,-1.262075]},"properties":{"lines":"0027, 145","color":"#0059a9","mode":"bus","arr":["0027","145"],"angle":-37.1}},{"type":"Feature","geometry":{"type":"Point","coordinates":[36.841058,-1.261492]},"properties":{"lines":"0027, 145","color":"#0059a9","mode":"bus","arr":["0027","145"],"angle":-44.8,"side":-1,"mi":1}},{"type":"Feature","geometry":{"type":"Point","coordinates":[36.867059,-1.24493]},"properties":{"lines":"0027, 2030","color":"#0059a9","mode":"bus","arr":["0027","2030"],"angle":43.4,"side":-1}},{"type":"Feature","geometry":{"type":"Point","coordinates":[36.878647,-1.253112]},"properties":{"lines":"0027, 42, 2030","color":"#0059a9","mode":"bus","arr":["0027","42","2030"],"angle":86.9}},{"type":"Feature","geometry":{"type":"Point","coordinates":[36.879018,-1.254484]},"properties":{"lines":"0027, 42, 2030","color":"#0059a9","mode":"bus","arr":["0027","42","2030"],"angle":88.9,"mi":1}},{"type":"Feature","geometry":{"type":"Point","coordinates":[36.867562,-1.24543]},"properties":{"lines":"0027, 42, 2030","color":"#0059a9","mode":"bus","arr":["0027","42","2030"],"angle":47.7}},{"type":"Feature","geometry":{"type":"Point","coordinates":[36.879039,-1.256075]},"properties":{"lines":"0027, 42, 2030","color":"#0059a9","mode":"bus","arr":["0027","42","2030"],"angle":89.5,"extra":1,"ei":0}},{"type":"Feature","geometry":{"type":"Point","coordinates":[36.878604,-1.251824]},"properties":{"lines":"0027, 42, 2030","color":"#0059a9","mode":"bus","arr":["0027","42","2030"],"angle":86.2,"extra":1,"ei":0}},{"type":"Feature","geometry":{"type":"Point","coordinates":[36.878201,-1.249996]},"properties":{"lines":"0027, 42, 2030","color":"#0059a9","mode":"bus","arr":["0027","42","2030"],"angle":66.9,"extra":1,"ei":1}},{"type":"Feature","geometry":{"type":"Point","coordinates":[36.878747,-1.250475]},"properties":{"lines":"2030","color":"#0059a9","mode":"bus","arr":["2030"],"angle":74.8}},{"type":"Feature","geometry":{"type":"Point","coordinates":[36.882018,-1.252277]},"properties":{"lines":"0027","color":"#0059a9","mode":"bus","arr":["0027"],"angle":6.6,"mi":1}},{"type":"Feature","geometry":{"type":"Point","coordinates":[36.879912,-1.252274]},"properties":{"lines":"0027","color":"#0059a9","mode":"bus","arr":["0027"],"angle":-10.6,"extra":1,"ei":0}},{"type":"Feature","geometry":{"type":"Point","coordinates":[36.883674,-1.252432]},"properties":{"lines":"0027","color":"#0059a9","mode":"bus","arr":["0027"],"angle":4.3,"extra":1,"ei":1}},{"type":"Feature","geometry":{"type":"Point","coordinates":[36.880252,-1.252551]},"properties":{"lines":"0027","color":"#0059a9","mode":"bus","arr":["0027"],"angle":-10.6,"mi":3}},{"type":"Feature","geometry":{"type":"Point","coordinates":[36.881932,-1.252319]},"properties":{"lines":"0027","color":"#0059a9","mode":"bus","arr":["0027"],"angle":6.1}},{"type":"Feature","geometry":{"type":"Point","coordinates":[36.882199,-1.2526]},"properties":{"lines":"0027","color":"#0059a9","mode":"bus","arr":["0027"],"angle":2.4,"side":-1,"mi":2}},{"type":"Feature","geometry":{"type":"Point","coordinates":[36.829017,-1.275062]},"properties":{"lines":"0027","color":"#0059a9","mode":"bus","arr":["0027"],"angle":66.7}},{"type":"Feature","geometry":{"type":"Point","coordinates":[36.82812,-1.273051]},"properties":{"lines":"0027","color":"#0059a9","mode":"bus","arr":["0027"],"angle":61.7,"extra":1,"ei":0}},{"type":"Feature","geometry":{"type":"Point","coordinates":[36.829669,-1.276495]},"properties":{"lines":"0027","color":"#0059a9","mode":"bus","arr":["0027"],"angle":65.9,"extra":1,"ei":1}},{"type":"Feature","geometry":{"type":"Point","coordinates":[36.84789,-1.26651]},"properties":{"lines":"28","color":"#0059a9","mode":"bus","arr":["28"],"angle":-47.8,"side":-1}},{"type":"Feature","geometry":{"type":"Point","coordinates":[36.848354,-1.279496]},"properties":{"lines":"28, 41","color":"#0059a9","mode":"bus","arr":["28","41"],"angle":-12,"mi":2}},{"type":"Feature","geometry":{"type":"Point","coordinates":[36.845439,-1.280056]},"properties":{"lines":"28, 41","color":"#0059a9","mode":"bus","arr":["28","41"],"angle":-0.6}},{"type":"Feature","geometry":{"type":"Point","coordinates":[36.844423,-1.282418]},"properties":{"lines":"28, 41","color":"#0059a9","mode":"bus","arr":["28","41"],"angle":-59.4,"mi":3}},{"type":"Feature","geometry":{"type":"Point","coordinates":[36.844618,-1.281007]},"properties":{"lines":"28, 41","color":"#0059a9","mode":"bus","arr":["28","41"],"angle":84.6,"extra":1,"ei":0}},{"type":"Feature","geometry":{"type":"Point","coordinates":[36.843163,-1.284345]},"properties":{"lines":"28, 41","color":"#0059a9","mode":"bus","arr":["28","41"],"angle":-54.8,"extra":1,"ei":1}},{"type":"Feature","geometry":{"type":"Point","coordinates":[36.843942,-1.284852]},"properties":{"lines":"28, 41","color":"#0059a9","mode":"bus","arr":["28","41"],"angle":19.8,"mi":4}},{"type":"Feature","geometry":{"type":"Point","coordinates":[36.841651,-1.28386]},"properties":{"lines":"28, 41","color":"#0059a9","mode":"bus","arr":["28","41"],"angle":-1.4,"extra":1,"ei":0}},{"type":"Feature","geometry":{"type":"Point","coordinates":[36.84512,-1.285197]},"properties":{"lines":"28, 41","color":"#0059a9","mode":"bus","arr":["28","41"],"angle":7.1,"extra":1,"ei":1}},{"type":"Feature","geometry":{"type":"Point","coordinates":[36.847003,-1.285197]},"properties":{"lines":"28, 41","color":"#0059a9","mode":"bus","arr":["28","41"],"angle":-4.1,"extra":1,"ei":2}},{"type":"Feature","geometry":{"type":"Point","coordinates":[36.846852,-1.28262]},"properties":{"lines":"28, 41","color":"#0059a9","mode":"bus","arr":["28","41"],"angle":78.5,"mi":1}},{"type":"Feature","geometry":{"type":"Point","coordinates":[36.847174,-1.284248]},"properties":{"lines":"28, 41","color":"#0059a9","mode":"bus","arr":["28","41"],"angle":78.3,"extra":1,"ei":0}},{"type":"Feature","geometry":{"type":"Point","coordinates":[36.846442,-1.280543]},"properties":{"lines":"28, 41","color":"#0059a9","mode":"bus","arr":["28","41"],"angle":78.2,"extra":1,"ei":1}},{"type":"Feature","geometry":{"type":"Point","coordinates":[36.866145,-1.252467]},"properties":{"lines":"29/30","color":"#0059a9","mode":"bus","arr":["29/30"],"angle":-12.8,"mi":1}},{"type":"Feature","geometry":{"type":"Point","coordinates":[36.820782,-1.269012]},"properties":{"lines":"29/30","color":"#0059a9","mode":"bus","arr":["29/30"],"angle":-45.4,"side":-1,"mi":1}},{"type":"Feature","geometry":{"type":"Point","coordinates":[36.866593,-1.244576]},"properties":{"lines":"29/30","color":"#0059a9","mode":"bus","arr":["29/30"],"angle":-54.6,"mi":2}},{"type":"Feature","geometry":{"type":"Point","coordinates":[36.864248,-1.250768]},"properties":{"lines":"29/30","color":"#0059a9","mode":"bus","arr":["29/30"],"angle":67.3}},{"type":"Feature","geometry":{"type":"Point","coordinates":[36.864741,-1.251855]},"properties":{"lines":"29/30","color":"#0059a9","mode":"bus","arr":["29/30"],"angle":65.3,"extra":1,"ei":0}},{"type":"Feature","geometry":{"type":"Point","coordinates":[36.828159,-1.268156]},"properties":{"lines":"29/30","color":"#0059a9","mode":"bus","arr":["29/30"],"angle":-13,"mi":2}},{"type":"Feature","geometry":{"type":"Point","coordinates":[36.834224,-1.266735]},"properties":{"lines":"29/30","color":"#0059a9","mode":"bus","arr":["29/30"],"angle":-24.2,"extra":1,"ei":0}},{"type":"Feature","geometry":{"type":"Point","coordinates":[36.832394,-1.267193]},"properties":{"lines":"29/30","color":"#0059a9","mode":"bus","arr":["29/30"],"angle":-13.1,"extra":1,"ei":1}},{"type":"Feature","geometry":{"type":"Point","coordinates":[36.830548,-1.267593]},"properties":{"lines":"29/30","color":"#0059a9","mode":"bus","arr":["29/30"],"angle":-11.2,"extra":1,"ei":2}},{"type":"Feature","geometry":{"type":"Point","coordinates":[36.826865,-1.268431]},"properties":{"lines":"29/30","color":"#0059a9","mode":"bus","arr":["29/30"],"angle":-11.2,"extra":1,"ei":3}},{"type":"Feature","geometry":{"type":"Point","coordinates":[36.82501,-1.268789]},"properties":{"lines":"29/30","color":"#0059a9","mode":"bus","arr":["29/30"],"angle":-17.5,"extra":1,"ei":4}},{"type":"Feature","geometry":{"type":"Point","coordinates":[36.823155,-1.268927]},"properties":{"lines":"29/30","color":"#0059a9","mode":"bus","arr":["29/30"],"angle":2.9,"extra":1,"ei":5}},{"type":"Feature","geometry":{"type":"Point","coordinates":[36.82127,-1.268808]},"properties":{"lines":"29/30","color":"#0059a9","mode":"bus","arr":["29/30"],"angle":3.2,"extra":1,"ei":6}},{"type":"Feature","geometry":{"type":"Point","coordinates":[36.823706,-1.274016]},"properties":{"lines":"29/30","color":"#0059a9","mode":"bus","arr":["29/30"],"angle":32.3,"side":-1}},{"type":"Feature","geometry":{"type":"Point","coordinates":[36.723077,-1.257982]},"properties":{"lines":"30","color":"#0059a9","mode":"bus","arr":["30"],"angle":-60.6,"mi":2}},{"type":"Feature","geometry":{"type":"Point","coordinates":[36.721526,-1.261772]},"properties":{"lines":"30, 103","color":"#0059a9","mode":"bus","arr":["30","103"],"angle":-76.4}},{"type":"Feature","geometry":{"type":"Point","coordinates":[36.722096,-1.259905]},"properties":{"lines":"30, 103","color":"#0059a9","mode":"bus","arr":["30","103"],"angle":-69.1,"extra":1,"ei":0}},{"type":"Feature","geometry":{"type":"Point","coordinates":[36.721207,-1.263566]},"properties":{"lines":"30, 103","color":"#0059a9","mode":"bus","arr":["30","103"],"angle":-86.2,"extra":1,"ei":1}},{"type":"Feature","geometry":{"type":"Point","coordinates":[36.722185,-1.259272]},"properties":{"lines":"30","color":"#0059a9","mode":"bus","arr":["30"],"angle":83.2,"side":-1}},{"type":"Feature","geometry":{"type":"Point","coordinates":[36.720933,-1.259586]},"properties":{"lines":"30","color":"#0059a9","mode":"bus","arr":["30"],"angle":62.2,"mi":1}},{"type":"Feature","geometry":{"type":"Point","coordinates":[36.721452,-1.258632]},"properties":{"lines":"30, 103","color":"#0059a9","mode":"bus","arr":["30","103"],"angle":-4.9,"mi":1}},{"type":"Feature","geometry":{"type":"Point","coordinates":[36.726577,-1.261963]},"properties":{"lines":"30, 105, 114W, 115, 135","color":"#0059a9","mode":"bus","arr":["30","105","114W","115","135"],"angle":34}},{"type":"Feature","geometry":{"type":"Point","coordinates":[36.722478,-1.260138]},"properties":{"lines":"30, 105, 114W, 115, 135","color":"#0059a9","mode":"bus","arr":["30","105","114W","115","135"],"angle":11.1,"extra":1,"ei":0}},{"type":"Feature","geometry":{"type":"Point","coordinates":[36.724276,-1.260708]},"properties":{"lines":"30, 105, 114W, 115, 135","color":"#0059a9","mode":"bus","arr":["30","105","114W","115","135"],"angle":22.2,"extra":1,"ei":1}},{"type":"Feature","geometry":{"type":"Point","coordinates":[36.729256,-1.263378]},"properties":{"lines":"30, 105, 114W, 115, 135","color":"#0059a9","mode":"bus","arr":["30","105","114W","115","135"],"angle":19.7,"extra":1,"ei":2}},{"type":"Feature","geometry":{"type":"Point","coordinates":[36.731085,-1.263833]},"properties":{"lines":"30, 105, 114W, 115, 135","color":"#0059a9","mode":"bus","arr":["30","105","114W","115","135"],"angle":9.1,"extra":1,"ei":3}},{"type":"Feature","geometry":{"type":"Point","coordinates":[36.732161,-1.263987]},"properties":{"lines":"30","color":"#0059a9","mode":"bus","arr":["30"],"angle":8.2}},{"type":"Feature","geometry":{"type":"Point","coordinates":[36.734381,-1.264282]},"properties":{"lines":"30","color":"#0059a9","mode":"bus","arr":["30"],"angle":5.9,"mi":1}},{"type":"Feature","geometry":{"type":"Point","coordinates":[36.742685,-1.264245]},"properties":{"lines":"30, 105, 114W, 115, 135","color":"#0059a9","mode":"bus","arr":["30","105","114W","115","135"],"angle":-1.5}},{"type":"Feature","geometry":{"type":"Point","coordinates":[36.737003,-1.264401]},"properties":{"lines":"30, 105, 114W, 115, 135","color":"#0059a9","mode":"bus","arr":["30","105","114W","115","135"],"angle":0.6,"extra":1,"ei":0}},{"type":"Feature","geometry":{"type":"Point","coordinates":[36.738892,-1.264361]},"properties":{"lines":"30, 105, 114W, 115, 135","color":"#0059a9","mode":"bus","arr":["30","105","114W","115","135"],"angle":-1.2,"extra":1,"ei":1}},{"type":"Feature","geometry":{"type":"Point","coordinates":[36.74078,-1.26431]},"properties":{"lines":"30, 105, 114W, 115, 135","color":"#0059a9","mode":"bus","arr":["30","105","114W","115","135"],"angle":-2.6,"extra":1,"ei":2}},{"type":"Feature","geometry":{"type":"Point","coordinates":[36.744556,-1.264221]},"properties":{"lines":"30, 105, 114W, 115, 135","color":"#0059a9","mode":"bus","arr":["30","105","114W","115","135"],"angle":-1.7,"extra":1,"ei":3}},{"type":"Feature","geometry":{"type":"Point","coordinates":[36.746445,-1.264168]},"properties":{"lines":"30, 105, 114W, 115, 135","color":"#0059a9","mode":"bus","arr":["30","105","114W","115","135"],"angle":-1.4,"extra":1,"ei":4}},{"type":"Feature","geometry":{"type":"Point","coordinates":[36.748332,-1.2641]},"properties":{"lines":"30, 105, 114W, 115, 135","color":"#0059a9","mode":"bus","arr":["30","105","114W","115","135"],"angle":-2.5,"extra":1,"ei":5}},{"type":"Feature","geometry":{"type":"Point","coordinates":[36.825704,-1.281955]},"properties":{"lines":"30, 48O, 105","color":"#0059a9","mode":"bus","arr":["30","48O","105"],"angle":-57.1,"side":-1}},{"type":"Feature","geometry":{"type":"Point","coordinates":[36.825336,-1.282505]},"properties":{"lines":"48O, 105","color":"#0059a9","mode":"bus","arr":["48O","105"],"angle":-54,"side":-1}},{"type":"Feature","geometry":{"type":"Point","coordinates":[36.825347,-1.283871]},"properties":{"lines":"30, 48A","color":"#0059a9","mode":"bus","arr":["30","48A"],"angle":39.1,"side":-1}},{"type":"Feature","geometry":{"type":"Point","coordinates":[36.798208,-1.26161]},"properties":{"lines":"046P","color":"#0059a9","mode":"bus","arr":["046P"],"angle":17.2,"side":-1}},{"type":"Feature","geometry":{"type":"Point","coordinates":[36.7376,-1.264766]},"properties":{"lines":"046P","color":"#0059a9","mode":"bus","arr":["046P"],"angle":2.6,"side":-1}},{"type":"Feature","geometry":{"type":"Point","coordinates":[36.795472,-1.260991]},"properties":{"lines":"30, 115, 135","color":"#0059a9","mode":"bus","arr":["30","115","135"],"angle":5.3}},{"type":"Feature","geometry":{"type":"Point","coordinates":[36.799485,-1.262217]},"properties":{"lines":"30, 115, 135","color":"#0059a9","mode":"bus","arr":["30","115","135"],"angle":35,"extra":1,"ei":0}},{"type":"Feature","geometry":{"type":"Point","coordinates":[36.797801,-1.261376]},"properties":{"lines":"30, 115, 135","color":"#0059a9","mode":"bus","arr":["30","115","135"],"angle":19.4,"extra":1,"ei":1}},{"type":"Feature","geometry":{"type":"Point","coordinates":[36.794068,-1.260863]},"properties":{"lines":"30, 115, 135","color":"#0059a9","mode":"bus","arr":["30","115","135"],"angle":5.4,"extra":1,"ei":2}},{"type":"Feature","geometry":{"type":"Point","coordinates":[36.792202,-1.260574]},"properties":{"lines":"30, 115, 135","color":"#0059a9","mode":"bus","arr":["30","115","135"],"angle":10.3,"extra":1,"ei":3,"side":-1}},{"type":"Feature","geometry":{"type":"Point","coordinates":[36.790347,-1.260216]},"properties":{"lines":"30, 115, 135","color":"#0059a9","mode":"bus","arr":["30","115","135"],"angle":10.6,"extra":1,"ei":4,"side":-1}},{"type":"Feature","geometry":{"type":"Point","coordinates":[36.746294,-1.26434]},"properties":{"lines":"30, 046P, 105, 114W, 115, 135","color":"#0059a9","mode":"bus","arr":["30","046P","105","114W","115","135"],"angle":-1.8,"side":-1,"mi":2}},{"type":"Feature","geometry":{"type":"Point","coordinates":[36.733346,-1.264377]},"properties":{"lines":"30, 046P, 105, 114W, 115, 135","color":"#0059a9","mode":"bus","arr":["30","046P","105","114W","115","135"],"angle":8.5,"side":-1,"mi":1}},{"type":"Feature","geometry":{"type":"Point","coordinates":[36.739213,-1.264579]},"properties":{"lines":"30, 046P, 105, 114W, 115, 135","color":"#0059a9","mode":"bus","arr":["30","046P","105","114W","115","135"],"angle":-1.5,"side":-1}},{"type":"Feature","geometry":{"type":"Point","coordinates":[36.751414,-1.264228]},"properties":{"lines":"30, 046P, 105, 114W, 115, 135","color":"#0059a9","mode":"bus","arr":["30","046P","105","114W","115","135"],"angle":-1.4,"extra":1,"ei":0}},{"type":"Feature","geometry":{"type":"Point","coordinates":[36.749525,-1.264262]},"properties":{"lines":"30, 046P, 105, 114W, 115, 135","color":"#0059a9","mode":"bus","arr":["30","046P","105","114W","115","135"],"angle":-0.8,"extra":1,"ei":1}},{"type":"Feature","geometry":{"type":"Point","coordinates":[36.747636,-1.264288]},"properties":{"lines":"30, 046P, 105, 114W, 115, 135","color":"#0059a9","mode":"bus","arr":["30","046P","105","114W","115","135"],"angle":-1.4,"extra":1,"ei":2,"side":-1}},{"type":"Feature","geometry":{"type":"Point","coordinates":[36.743862,-1.264459]},"properties":{"lines":"30, 046P, 105, 114W, 115, 135","color":"#0059a9","mode":"bus","arr":["30","046P","105","114W","115","135"],"angle":-4.1,"extra":1,"ei":3,"side":-1}},{"type":"Feature","geometry":{"type":"Point","coordinates":[36.741975,-1.264535]},"properties":{"lines":"30, 046P, 105, 114W, 115, 135","color":"#0059a9","mode":"bus","arr":["30","046P","105","114W","115","135"],"angle":-1.8,"extra":1,"ei":4,"side":-1}},{"type":"Feature","geometry":{"type":"Point","coordinates":[36.736457,-1.264684]},"properties":{"lines":"30, 046P, 105, 114W, 115, 135","color":"#0059a9","mode":"bus","arr":["30","046P","105","114W","115","135"],"angle":0.7,"extra":1,"ei":0}},{"type":"Feature","geometry":{"type":"Point","coordinates":[36.734574,-1.264541]},"properties":{"lines":"30, 046P, 105, 114W, 115, 135","color":"#0059a9","mode":"bus","arr":["30","046P","105","114W","115","135"],"angle":5.9,"extra":1,"ei":1,"side":-1}},{"type":"Feature","geometry":{"type":"Point","coordinates":[36.730827,-1.26406]},"properties":{"lines":"30, 046P, 105, 114W, 115, 135","color":"#0059a9","mode":"bus","arr":["30","046P","105","114W","115","135"],"angle":7.4,"extra":1,"ei":2,"side":-1}},{"type":"Feature","geometry":{"type":"Point","coordinates":[36.738201,-1.264621]},"properties":{"lines":"30, 105, 114W, 115","color":"#0059a9","mode":"bus","arr":["30","105","114W","115"],"angle":-4.2}},{"type":"Feature","geometry":{"type":"Point","coordinates":[36.725308,-1.26371]},"properties":{"lines":"30, 046P","color":"#0059a9","mode":"bus","arr":["30","046P"],"angle":-4.1}},{"type":"Feature","geometry":{"type":"Point","coordinates":[36.728402,-1.263594]},"properties":{"lines":"30, 046P","color":"#0059a9","mode":"bus","arr":["30","046P"],"angle":3,"extra":1,"ei":0,"side":-1}},{"type":"Feature","geometry":{"type":"Point","coordinates":[36.726514,-1.263652]},"properties":{"lines":"30, 046P","color":"#0059a9","mode":"bus","arr":["30","046P"],"angle":-2.1,"extra":1,"ei":1}},{"type":"Feature","geometry":{"type":"Point","coordinates":[36.722788,-1.264043]},"properties":{"lines":"30, 046P","color":"#0059a9","mode":"bus","arr":["30","046P"],"angle":-29.4,"extra":1,"ei":2}},{"type":"Feature","geometry":{"type":"Point","coordinates":[36.773609,-1.310132]},"properties":{"lines":"32A","color":"#0059a9","mode":"bus","arr":["32A"],"angle":55}},{"type":"Feature","geometry":{"type":"Point","coordinates":[36.7732,-1.3087]},"properties":{"lines":"32A","color":"#0059a9","mode":"bus","arr":["32A"],"angle":81.8,"extra":1,"ei":0}},{"type":"Feature","geometry":{"type":"Point","coordinates":[36.775577,-1.311035]},"properties":{"lines":"32A","color":"#0059a9","mode":"bus","arr":["32A"],"angle":0.7,"extra":1,"ei":1}},{"type":"Feature","geometry":{"type":"Point","coordinates":[36.788385,-1.302967]},"properties":{"lines":"32A","color":"#0059a9","mode":"bus","arr":["32A"],"angle":41.5,"mi":1}},{"type":"Feature","geometry":{"type":"Point","coordinates":[36.808833,-1.300787]},"properties":{"lines":"32A","color":"#0059a9","mode":"bus","arr":["32A"],"angle":-89,"side":-1,"mi":1}},{"type":"Feature","geometry":{"type":"Point","coordinates":[36.812644,-1.300463]},"properties":{"lines":"32A","color":"#0059a9","mode":"bus","arr":["32A"],"angle":-79.7}},{"type":"Feature","geometry":{"type":"Point","coordinates":[36.808939,-1.29695]},"properties":{"lines":"32A","color":"#0059a9","mode":"bus","arr":["32A"],"angle":-88.8,"extra":1,"ei":0}},{"type":"Feature","geometry":{"type":"Point","coordinates":[36.808873,-1.298837]},"properties":{"lines":"32A","color":"#0059a9","mode":"bus","arr":["32A"],"angle":-88,"extra":1,"ei":1}},{"type":"Feature","geometry":{"type":"Point","coordinates":[36.809087,-1.302547]},"properties":{"lines":"32A","color":"#0059a9","mode":"bus","arr":["32A"],"angle":48.8,"extra":1,"ei":2}},{"type":"Feature","geometry":{"type":"Point","coordinates":[36.810834,-1.302708]},"properties":{"lines":"32A","color":"#0059a9","mode":"bus","arr":["32A"],"angle":-15.4,"extra":1,"ei":3}},{"type":"Feature","geometry":{"type":"Point","coordinates":[36.813073,-1.296663]},"properties":{"lines":"32A","color":"#0059a9","mode":"bus","arr":["32A"],"angle":76.5,"mi":2}},{"type":"Feature","geometry":{"type":"Point","coordinates":[36.813354,-1.297902]},"properties":{"lines":"32A","color":"#0059a9","mode":"bus","arr":["32A"],"angle":84.4,"extra":1,"ei":0}},{"type":"Feature","geometry":{"type":"Point","coordinates":[36.787589,-1.301603]},"properties":{"lines":"32A","color":"#0059a9","mode":"bus","arr":["32A"],"angle":86.2}},{"type":"Feature","geometry":{"type":"Point","coordinates":[36.899189,-1.250692]},"properties":{"lines":"32D, 36, 41, 42","color":"#0059a9","mode":"bus","arr":["32D","36","41","42"],"angle":-38.7}},{"type":"Feature","geometry":{"type":"Point","coordinates":[36.907549,-1.245135]},"properties":{"lines":"32D, 36, 41, 42","color":"#0059a9","mode":"bus","arr":["32D","36","41","42"],"angle":-2.8,"extra":1,"ei":0}},{"type":"Feature","geometry":{"type":"Point","coordinates":[36.905973,-1.246087]},"properties":{"lines":"32D, 36, 41, 42","color":"#0059a9","mode":"bus","arr":["32D","36","41","42"],"angle":-40.2,"extra":1,"ei":1}},{"type":"Feature","geometry":{"type":"Point","coordinates":[36.904507,-1.247277]},"properties":{"lines":"32D, 36, 41, 42","color":"#0059a9","mode":"bus","arr":["32D","36","41","42"],"angle":-39,"extra":1,"ei":2}},{"type":"Feature","geometry":{"type":"Point","coordinates":[36.902927,-1.248257]},"properties":{"lines":"32D, 36, 41, 42","color":"#0059a9","mode":"bus","arr":["32D","36","41","42"],"angle":-13.7,"extra":1,"ei":3}},{"type":"Feature","geometry":{"type":"Point","coordinates":[36.901249,-1.249042]},"properties":{"lines":"32D, 36, 41, 42","color":"#0059a9","mode":"bus","arr":["32D","36","41","42"],"angle":-38.8,"extra":1,"ei":4}},{"type":"Feature","geometry":{"type":"Point","coordinates":[36.89718,-1.252883]},"properties":{"lines":"32D, 36, 41, 42","color":"#0059a9","mode":"bus","arr":["32D","36","41","42"],"angle":-44.9,"extra":1,"ei":5}},{"type":"Feature","geometry":{"type":"Point","coordinates":[36.895724,-1.254082]},"properties":{"lines":"32D, 36, 41, 42","color":"#0059a9","mode":"bus","arr":["32D","36","41","42"],"angle":-38.9,"extra":1,"ei":6}},{"type":"Feature","geometry":{"type":"Point","coordinates":[36.893987,-1.254596]},"properties":{"lines":"32D, 36, 41, 42","color":"#0059a9","mode":"bus","arr":["32D","36","41","42"],"angle":1.1,"extra":1,"ei":7}},{"type":"Feature","geometry":{"type":"Point","coordinates":[36.892959,-1.255756]},"properties":{"lines":"32D, 36, 41, 42","color":"#0059a9","mode":"bus","arr":["32D","36","41","42"],"angle":80.9,"extra":1,"ei":8}},{"type":"Feature","geometry":{"type":"Point","coordinates":[36.893276,-1.257618]},"properties":{"lines":"32D, 36, 41, 42","color":"#0059a9","mode":"bus","arr":["32D","36","41","42"],"angle":79.7,"extra":1,"ei":9}},{"type":"Feature","geometry":{"type":"Point","coordinates":[36.831518,-1.285318]},"properties":{"lines":"32D","color":"#0059a9","mode":"bus","arr":["32D"],"angle":31.3}},{"type":"Feature","geometry":{"type":"Point","coordinates":[36.91472,-1.300883]},"properties":{"lines":"33B","color":"#0059a9","mode":"bus","arr":["33B"],"angle":54.2,"mi":1}},{"type":"Feature","geometry":{"type":"Point","coordinates":[36.913318,-1.298939]},"properties":{"lines":"33B","color":"#0059a9","mode":"bus","arr":["33B"],"angle":54.8,"extra":1,"ei":0}},{"type":"Feature","geometry":{"type":"Point","coordinates":[36.915532,-1.301999]},"properties":{"lines":"33B","color":"#0059a9","mode":"bus","arr":["33B"],"angle":56.1,"extra":1,"ei":1}},{"type":"Feature","geometry":{"type":"Point","coordinates":[36.916631,-1.303534]},"properties":{"lines":"33B","color":"#0059a9","mode":"bus","arr":["33B"],"angle":55.1,"extra":1,"ei":2}},{"type":"Feature","geometry":{"type":"Point","coordinates":[36.916036,-1.307207]},"properties":{"lines":"33B","color":"#0059a9","mode":"bus","arr":["33B"],"angle":-83.7}},{"type":"Feature","geometry":{"type":"Point","coordinates":[36.915908,-1.304147]},"properties":{"lines":"33B","color":"#0059a9","mode":"bus","arr":["33B"],"angle":-36.5,"extra":1,"ei":0}},{"type":"Feature","geometry":{"type":"Point","coordinates":[36.915806,-1.30557]},"properties":{"lines":"33B","color":"#0059a9","mode":"bus","arr":["33B"],"angle":76.6,"extra":1,"ei":1}},{"type":"Feature","geometry":{"type":"Point","coordinates":[36.915408,-1.309223]},"properties":{"lines":"33B","color":"#0059a9","mode":"bus","arr":["33B"],"angle":-49.6,"extra":1,"ei":2}},{"type":"Feature","geometry":{"type":"Point","coordinates":[36.913883,-1.310337]},"properties":{"lines":"33B","color":"#0059a9","mode":"bus","arr":["33B"],"angle":-35.2,"extra":1,"ei":3}},{"type":"Feature","geometry":{"type":"Point","coordinates":[36.899977,-1.322989]},"properties":{"lines":"33B","color":"#0059a9","mode":"bus","arr":["33B"],"angle":21.2}},{"type":"Feature","geometry":{"type":"Point","coordinates":[36.915015,-1.312713]},"properties":{"lines":"33B, 33FED","color":"#0059a9","mode":"bus","arr":["33B","33FED"],"angle":54,"mi":1}},{"type":"Feature","geometry":{"type":"Point","coordinates":[36.914044,-1.311379]},"properties":{"lines":"33B, 33FED","color":"#0059a9","mode":"bus","arr":["33B","33FED"],"angle":53.7,"extra":1,"ei":0}},{"type":"Feature","geometry":{"type":"Point","coordinates":[36.916255,-1.314442]},"properties":{"lines":"33B, 33FED","color":"#0059a9","mode":"bus","arr":["33B","33FED"],"angle":54.4,"extra":1,"ei":1}},{"type":"Feature","geometry":{"type":"Point","coordinates":[36.917545,-1.316242]},"properties":{"lines":"33B, 33FED","color":"#0059a9","mode":"bus","arr":["33B","33FED"],"angle":53.9}},{"type":"Feature","geometry":{"type":"Point","coordinates":[36.918778,-1.317522]},"properties":{"lines":"33B, 33FED, 33H, 33J, 33UTW, 0039","color":"#0059a9","mode":"bus","arr":["33B","33FED","33H","33J","33UTW","0039"],"angle":-33.2}},{"type":"Feature","geometry":{"type":"Point","coordinates":[36.92271,-1.313783]},"properties":{"lines":"33B, 33FED, 33H, 33J, 33UTW, 0039","color":"#0059a9","mode":"bus","arr":["33B","33FED","33H","33J","33UTW","0039"],"angle":-58.8,"extra":1,"ei":0}},{"type":"Feature","geometry":{"type":"Point","coordinates":[36.921628,-1.315327]},"properties":{"lines":"33B, 33FED, 33H, 33J, 33UTW, 0039","color":"#0059a9","mode":"bus","arr":["33B","33FED","33H","33J","33UTW","0039"],"angle":-48,"extra":1,"ei":1}},{"type":"Feature","geometry":{"type":"Point","coordinates":[36.920192,-1.316548]},"properties":{"lines":"33B, 33FED, 33H, 33J, 33UTW, 0039","color":"#0059a9","mode":"bus","arr":["33B","33FED","33H","33J","33UTW","0039"],"angle":-35.8,"extra":1,"ei":2}},{"type":"Feature","geometry":{"type":"Point","coordinates":[36.916915,-1.318387]},"properties":{"lines":"33B, 33FED, 33H, 33J, 33UTW, 0039","color":"#0059a9","mode":"bus","arr":["33B","33FED","33H","33J","33UTW","0039"],"angle":-17.8,"extra":1,"ei":3}},{"type":"Feature","geometry":{"type":"Point","coordinates":[36.915069,-1.318772]},"properties":{"lines":"33B, 33FED, 33H, 33J, 33UTW, 0039","color":"#0059a9","mode":"bus","arr":["33B","33FED","33H","33J","33UTW","0039"],"angle":-5.5,"extra":1,"ei":4}},{"type":"Feature","geometry":{"type":"Point","coordinates":[36.913187,-1.318714]},"properties":{"lines":"33B, 33FED, 33H, 33J, 33UTW, 0039","color":"#0059a9","mode":"bus","arr":["33B","33FED","33H","33J","33UTW","0039"],"angle":9.7,"extra":1,"ei":5}},{"type":"Feature","geometry":{"type":"Point","coordinates":[36.917644,-1.318225]},"properties":{"lines":"33B, 33FED, 33H, 33J, 33UTW","color":"#0059a9","mode":"bus","arr":["33B","33FED","33H","33J","33UTW"],"angle":-23.2,"side":-1}},{"type":"Feature","geometry":{"type":"Point","coordinates":[36.922571,-1.314191]},"properties":{"lines":"33B, 33FED, 33H, 33J, 33UTW","color":"#0059a9","mode":"bus","arr":["33B","33FED","33H","33J","33UTW"],"angle":-59.5,"side":-1,"mi":1}},{"type":"Feature","geometry":{"type":"Point","coordinates":[36.920594,-1.316342]},"properties":{"lines":"33B, 33FED, 33H, 33J, 33UTW","color":"#0059a9","mode":"bus","arr":["33B","33FED","33H","33J","33UTW"],"angle":-37.6,"extra":1,"ei":0,"side":-1}},{"type":"Feature","geometry":{"type":"Point","coordinates":[36.919061,-1.317446]},"properties":{"lines":"33B, 33FED, 33H, 33J, 33UTW","color":"#0059a9","mode":"bus","arr":["33B","33FED","33H","33J","33UTW"],"angle":-32.8,"extra":1,"ei":1,"side":-1}},{"type":"Feature","geometry":{"type":"Point","coordinates":[36.915565,-1.318786]},"properties":{"lines":"33B, 33FED, 33H, 33J, 33UTW","color":"#0059a9","mode":"bus","arr":["33B","33FED","33H","33J","33UTW"],"angle":-8.9,"extra":1,"ei":2,"side":-1}},{"type":"Feature","geometry":{"type":"Point","coordinates":[36.913681,-1.318869]},"properties":{"lines":"33B, 33FED, 33H, 33J, 33UTW","color":"#0059a9","mode":"bus","arr":["33B","33FED","33H","33J","33UTW"],"angle":1.4,"extra":1,"ei":3,"side":-1}},{"type":"Feature","geometry":{"type":"Point","coordinates":[36.902266,-1.322236]},"properties":{"lines":"33B, 33FED, 33H, 33UTW","color":"#0059a9","mode":"bus","arr":["33B","33FED","33H","33UTW"],"angle":-31.2}},{"type":"Feature","geometry":{"type":"Point","coordinates":[36.921687,-1.315384]},"properties":{"lines":"33B, 33FED, 33H, 33UTW","color":"#0059a9","mode":"bus","arr":["33B","33FED","33H","33UTW"],"angle":-48.6}},{"type":"Feature","geometry":{"type":"Point","coordinates":[36.909771,-1.318647]},"properties":{"lines":"33B, 33FED, 33H, 33J, 33UTW, 34J, 0039","color":"#0059a9","mode":"bus","arr":["33B","33FED","33H","33J","33UTW","34J","0039"],"angle":-7.1,"side":-1}},{"type":"Feature","geometry":{"type":"Point","coordinates":[36.911595,-1.31868]},"properties":{"lines":"33B, 33FED, 33H, 33J, 33UTW, 34J, 0039","color":"#0059a9","mode":"bus","arr":["33B","33FED","33H","33J","33UTW","34J","0039"],"angle":5.9,"extra":1,"ei":0,"side":-1}},{"type":"Feature","geometry":{"type":"Point","coordinates":[36.907884,-1.319101]},"properties":{"lines":"33B, 33FED, 33H, 33J, 33UTW, 34J, 0039","color":"#0059a9","mode":"bus","arr":["33B","33FED","33H","33J","33UTW","34J","0039"],"angle":-22,"extra":1,"ei":1,"side":-1}},{"type":"Feature","geometry":{"type":"Point","coordinates":[36.903593,-1.321745]},"properties":{"lines":"33B, 33J, 33UTW, 34J, 0039","color":"#0059a9","mode":"bus","arr":["33B","33J","33UTW","34J","0039"],"angle":-31.6,"side":-1}},{"type":"Feature","geometry":{"type":"Point","coordinates":[36.906393,-1.320019]},"properties":{"lines":"33B, 33J, 33UTW, 34J, 0039","color":"#0059a9","mode":"bus","arr":["33B","33J","33UTW","34J","0039"],"angle":-31.2,"extra":1,"ei":0,"side":-1}},{"type":"Feature","geometry":{"type":"Point","coordinates":[36.904783,-1.321008]},"properties":{"lines":"33B, 33J, 33UTW, 34J, 0039","color":"#0059a9","mode":"bus","arr":["33B","33J","33UTW","34J","0039"],"angle":-31.7,"extra":1,"ei":1,"side":-1}},{"type":"Feature","geometry":{"type":"Point","coordinates":[36.901577,-1.323006]},"properties":{"lines":"33B, 33J, 33UTW, 34J, 0039","color":"#0059a9","mode":"bus","arr":["33B","33J","33UTW","34J","0039"],"angle":-32.3,"extra":1,"ei":2,"side":-1}},{"type":"Feature","geometry":{"type":"Point","coordinates":[36.901923,-1.326512]},"properties":{"lines":"33B, 33C, 33DC, 33DP, 33GTB, 33J, 33UTW, 34J, 0039","color":"#0059a9","mode":"bus","arr":["33B","33C","33DC","33DP","33GTB","33J","33UTW","34J","0039"],"angle":-58.2}},{"type":"Feature","geometry":{"type":"Point","coordinates":[36.900872,-1.325169]},"properties":{"lines":"33B, 33C, 33DC, 33DP, 33GTB, 33J, 33UTW, 34J, 0039","color":"#0059a9","mode":"bus","arr":["33B","33C","33DC","33DP","33GTB","33J","33UTW","34J","0039"],"angle":58,"extra":1,"ei":0}},{"type":"Feature","geometry":{"type":"Point","coordinates":[36.897671,-1.325452]},"properties":{"lines":"33B, 33C, 33DC, 33J, 33UTW, 34J, 0039","color":"#0059a9","mode":"bus","arr":["33B","33C","33DC","33J","33UTW","34J","0039"],"angle":-32.2,"side":-1}},{"type":"Feature","geometry":{"type":"Point","coordinates":[36.899515,-1.324302]},"properties":{"lines":"33B, 33C, 33DC, 33J, 33UTW, 34J, 0039","color":"#0059a9","mode":"bus","arr":["33B","33C","33DC","33J","33UTW","34J","0039"],"angle":-24.7,"extra":1,"ei":0,"side":-1}},{"type":"Feature","geometry":{"type":"Point","coordinates":[36.896313,-1.326307]},"properties":{"lines":"33B, 33C, 33DC, 33J, 33UTW, 34J, 0039","color":"#0059a9","mode":"bus","arr":["33B","33C","33DC","33J","33UTW","34J","0039"],"angle":-32.1,"extra":1,"ei":1,"side":-1}},{"type":"Feature","geometry":{"type":"Point","coordinates":[36.893761,-1.32791]},"properties":{"lines":"33B, 33C, 33DC, 33J, 33UTW, 34J","color":"#0059a9","mode":"bus","arr":["33B","33C","33DC","33J","33UTW","34J"],"angle":-32.1,"side":-1}},{"type":"Feature","geometry":{"type":"Point","coordinates":[36.892638,-1.328627]},"properties":{"lines":"33B, 33C, 33DC, 33J, 33UTW, 34J","color":"#0059a9","mode":"bus","arr":["33B","33C","33DC","33J","33UTW","34J"],"angle":-33.9,"extra":1,"ei":0,"side":-1}},{"type":"Feature","geometry":{"type":"Point","coordinates":[36.891828,-1.329201]},"properties":{"lines":"33B, 33C, 33DC, 33H, 33J, 33UTW, 34J","color":"#0059a9","mode":"bus","arr":["33B","33C","33DC","33H","33J","33UTW","34J"],"angle":-35.6,"side":-1,"mi":1}},{"type":"Feature","geometry":{"type":"Point","coordinates":[36.890918,-1.329862]},"properties":{"lines":"33B, 33C, 33DC, 33H, 33J, 33UTW, 34J","color":"#0059a9","mode":"bus","arr":["33B","33C","33DC","33H","33J","33UTW","34J"],"angle":-40.3,"side":-1}},{"type":"Feature","geometry":{"type":"Point","coordinates":[36.890387,-1.332009]},"properties":{"lines":"33B, 33C, 33DC, 33FED, 33H, 33J, 33UTW, 34J","color":"#0059a9","mode":"bus","arr":["33B","33C","33DC","33FED","33H","33J","33UTW","34J"],"angle":-85.3}},{"type":"Feature","geometry":{"type":"Point","coordinates":[36.889495,-1.333046]},"properties":{"lines":"33B, 33C, 33DC, 33FED, 33H, 33IMR, 33J, 33MKR, 33UTW, 34J, 110, 110ATH","color":"#0059a9","mode":"bus","arr":["33B","33C","33DC","33FED","33H","33IMR","33J","33MKR","33UTW","34J","110","110ATH"],"angle":41.9}},{"type":"Feature","geometry":{"type":"Point","coordinates":[36.891454,-1.334308]},"properties":{"lines":"33B, 33C, 33DC, 33FED, 33H, 33IMR, 33J, 33MKR, 33UTW, 34J, 110, 110ATH","color":"#0059a9","mode":"bus","arr":["33B","33C","33DC","33FED","33H","33IMR","33J","33MKR","33UTW","34J","110","110ATH"],"angle":42.4,"mi":1}},{"type":"Feature","geometry":{"type":"Point","coordinates":[36.892372,-1.335117]},"properties":{"lines":"33B, 33C, 33DC, 33FED, 33H, 33IMR, 33J, 33UTW, 34J, 110, 110ATH","color":"#0059a9","mode":"bus","arr":["33B","33C","33DC","33FED","33H","33IMR","33J","33UTW","34J","110","110ATH"],"angle":41.6}},{"type":"Feature","geometry":{"type":"Point","coordinates":[36.892965,-1.335643]},"properties":{"lines":"33B, 33FED, 33H, 33IMR, 33J, 33UTW, 34J, 110, 110ATH","color":"#0059a9","mode":"bus","arr":["33B","33FED","33H","33IMR","33J","33UTW","34J","110","110ATH"],"angle":41,"side":-1}},{"type":"Feature","geometry":{"type":"Point","coordinates":[36.894064,-1.337463]},"properties":{"lines":"33B, 33FED, 33IMR, 33J, 33UTW, 34J, 110, 110ATH","color":"#0059a9","mode":"bus","arr":["33B","33FED","33IMR","33J","33UTW","34J","110","110ATH"],"angle":45.2}},{"type":"Feature","geometry":{"type":"Point","coordinates":[36.893443,-1.336068]},"properties":{"lines":"33B, 33FED, 33IMR, 33J, 33UTW, 34J, 110, 110ATH","color":"#0059a9","mode":"bus","arr":["33B","33FED","33IMR","33J","33UTW","34J","110","110ATH"],"angle":40.9,"mi":1}},{"type":"Feature","geometry":{"type":"Point","coordinates":[36.894932,-1.33835]},"properties":{"lines":"33B, 33FED, 33IMR, 33J, 33UTW, 34J, 110, 110ATH","color":"#0059a9","mode":"bus","arr":["33B","33FED","33IMR","33J","33UTW","34J","110","110ATH"],"angle":44.6,"extra":1,"ei":0}},{"type":"Feature","geometry":{"type":"Point","coordinates":[36.89817,-1.340197]},"properties":{"lines":"34J, 110, 110ATH","color":"#0059a9","mode":"bus","arr":["34J","110","110ATH"],"angle":41.1}},{"type":"Feature","geometry":{"type":"Point","coordinates":[36.898939,-1.34276]},"properties":{"lines":"34J, 110, 110ATH","color":"#0059a9","mode":"bus","arr":["34J","110","110ATH"],"angle":47.9,"mi":1}},{"type":"Feature","geometry":{"type":"Point","coordinates":[36.894509,-1.33698]},"properties":{"lines":"34J, 110, 110ATH","color":"#0059a9","mode":"bus","arr":["34J","110","110ATH"],"angle":42,"extra":1,"ei":0}},{"type":"Feature","geometry":{"type":"Point","coordinates":[36.895934,-1.338219]},"properties":{"lines":"34J, 110, 110ATH","color":"#0059a9","mode":"bus","arr":["34J","110","110ATH"],"angle":39.2,"extra":1,"ei":1}},{"type":"Feature","geometry":{"type":"Point","coordinates":[36.900185,-1.341965]},"properties":{"lines":"34J, 110, 110ATH","color":"#0059a9","mode":"bus","arr":["34J","110","110ATH"],"angle":41.1,"extra":1,"ei":2}},{"type":"Feature","geometry":{"type":"Point","coordinates":[36.901585,-1.343233]},"properties":{"lines":"34J, 110, 110ATH","color":"#0059a9","mode":"bus","arr":["34J","110","110ATH"],"angle":42.7,"extra":1,"ei":3}},{"type":"Feature","geometry":{"type":"Point","coordinates":[36.901554,-1.345676]},"properties":{"lines":"34J, 110, 110ATH","color":"#0059a9","mode":"bus","arr":["34J","110","110ATH"],"angle":47.2,"extra":1,"ei":0}},{"type":"Feature","geometry":{"type":"Point","coordinates":[36.900298,-1.344265]},"properties":{"lines":"34J, 110, 110ATH","color":"#0059a9","mode":"bus","arr":["34J","110","110ATH"],"angle":48,"extra":1,"ei":1}},{"type":"Feature","geometry":{"type":"Point","coordinates":[36.897767,-1.341461]},"properties":{"lines":"34J, 110, 110ATH","color":"#0059a9","mode":"bus","arr":["34J","110","110ATH"],"angle":46.9,"extra":1,"ei":2}},{"type":"Feature","geometry":{"type":"Point","coordinates":[36.896498,-1.340062]},"properties":{"lines":"34J, 110, 110ATH","color":"#0059a9","mode":"bus","arr":["34J","110","110ATH"],"angle":48.6,"extra":1,"ei":3}},{"type":"Feature","geometry":{"type":"Point","coordinates":[36.894887,-1.337528]},"properties":{"lines":"33B, 33FED, 33IMR, 33J, 33UTW","color":"#0059a9","mode":"bus","arr":["33B","33FED","33IMR","33J","33UTW"],"angle":45,"side":-1}},{"type":"Feature","geometry":{"type":"Point","coordinates":[36.895754,-1.3384]},"properties":{"lines":"33B, 33FED, 33IMR, 33J, 33UTW","color":"#0059a9","mode":"bus","arr":["33B","33FED","33IMR","33J","33UTW"],"angle":45.3,"extra":1,"ei":0,"side":-1}},{"type":"Feature","geometry":{"type":"Point","coordinates":[36.892087,-1.33545]},"properties":{"lines":"33B, 33C, 33FED, 33IMR, 33J, 33UTW, 34J, 110, 110ATH","color":"#0059a9","mode":"bus","arr":["33B","33C","33FED","33IMR","33J","33UTW","34J","110","110ATH"],"angle":44.2}},{"type":"Feature","geometry":{"type":"Point","coordinates":[36.891377,-1.334762]},"properties":{"lines":"33B, 33C, 33FED, 33IMR, 33J, 33MKR, 33UTW, 34J, 110, 110ATH","color":"#0059a9","mode":"bus","arr":["33B","33C","33FED","33IMR","33J","33MKR","33UTW","34J","110","110ATH"],"angle":43.3}},{"type":"Feature","geometry":{"type":"Point","coordinates":[36.886488,-1.330543]},"properties":{"lines":"33B, 33C, 33DC, 33FED, 33H, 33IMR, 33MKR, 33UTW, 110, 110ATH","color":"#0059a9","mode":"bus","arr":["33B","33C","33DC","33FED","33H","33IMR","33MKR","33UTW","110","110ATH"],"angle":37.4}},{"type":"Feature","geometry":{"type":"Point","coordinates":[36.875478,-1.329502]},"properties":{"lines":"33C, 33DC, 33FED, 33H, 33IMR","color":"#0059a9","mode":"bus","arr":["33C","33DC","33FED","33H","33IMR"],"angle":-8.4,"side":-1}},{"type":"Feature","geometry":{"type":"Point","coordinates":[36.884109,-1.329384]},"properties":{"lines":"33C, 33DC, 33FED, 33H, 33IMR","color":"#0059a9","mode":"bus","arr":["33C","33DC","33FED","33H","33IMR"],"angle":19.5,"extra":1,"ei":0,"side":-1}},{"type":"Feature","geometry":{"type":"Point","coordinates":[36.882293,-1.328887]},"properties":{"lines":"33C, 33DC, 33FED, 33H, 33IMR","color":"#0059a9","mode":"bus","arr":["33C","33DC","33FED","33H","33IMR"],"angle":7.2,"extra":1,"ei":1,"side":-1}},{"type":"Feature","geometry":{"type":"Point","coordinates":[36.880407,-1.328911]},"properties":{"lines":"33C, 33DC, 33FED, 33H, 33IMR","color":"#0059a9","mode":"bus","arr":["33C","33DC","33FED","33H","33IMR"],"angle":-3,"extra":1,"ei":2,"side":-1}},{"type":"Feature","geometry":{"type":"Point","coordinates":[36.878532,-1.329138]},"properties":{"lines":"33C, 33DC, 33FED, 33H, 33IMR","color":"#0059a9","mode":"bus","arr":["33C","33DC","33FED","33H","33IMR"],"angle":-7.8,"extra":1,"ei":3,"side":-1}},{"type":"Feature","geometry":{"type":"Point","coordinates":[36.876657,-1.329365]},"properties":{"lines":"33C, 33DC, 33FED, 33H, 33IMR","color":"#0059a9","mode":"bus","arr":["33C","33DC","33FED","33H","33IMR"],"angle":-6.5,"extra":1,"ei":4,"side":-1}},{"type":"Feature","geometry":{"type":"Point","coordinates":[36.872915,-1.329883]},"properties":{"lines":"33C, 33DC, 33FED, 33H, 33IMR","color":"#0059a9","mode":"bus","arr":["33C","33DC","33FED","33H","33IMR"],"angle":-8.1,"extra":1,"ei":5,"side":-1}},{"type":"Feature","geometry":{"type":"Point","coordinates":[36.871046,-1.330154]},"properties":{"lines":"33C, 33DC, 33FED, 33H, 33IMR","color":"#0059a9","mode":"bus","arr":["33C","33DC","33FED","33H","33IMR"],"angle":-7.3,"extra":1,"ei":6,"side":-1}},{"type":"Feature","geometry":{"type":"Point","coordinates":[36.86918,-1.330408]},"properties":{"lines":"33C, 33DC, 33FED, 33H, 33IMR","color":"#0059a9","mode":"bus","arr":["33C","33DC","33FED","33H","33IMR"],"angle":-7.9,"extra":1,"ei":7,"side":-1}},{"type":"Feature","geometry":{"type":"Point","coordinates":[36.867308,-1.330658]},"properties":{"lines":"33C, 33DC, 33FED, 33H, 33IMR","color":"#0059a9","mode":"bus","arr":["33C","33DC","33FED","33H","33IMR"],"angle":-7.5,"extra":1,"ei":8,"side":-1}},{"type":"Feature","geometry":{"type":"Point","coordinates":[36.884868,-1.329538]},"properties":{"lines":"33B, 33MKR, 33UTW, 110, 110ATH","color":"#0059a9","mode":"bus","arr":["33B","33MKR","33UTW","110","110ATH"],"angle":40.3}},{"type":"Feature","geometry":{"type":"Point","coordinates":[36.883188,-1.328945]},"properties":{"lines":"33B, 33MKR, 33UTW, 110, 110ATH","color":"#0059a9","mode":"bus","arr":["33B","33MKR","33UTW","110","110ATH"],"angle":16.5,"mi":1}},{"type":"Feature","geometry":{"type":"Point","coordinates":[36.881973,-1.328721]},"properties":{"lines":"33B, 33MKR, 33UTW, 110, 110ATH","color":"#0059a9","mode":"bus","arr":["33B","33MKR","33UTW","110","110ATH"],"angle":5.7,"extra":1,"ei":0}},{"type":"Feature","geometry":{"type":"Point","coordinates":[36.868673,-1.330339]},"properties":{"lines":"33B, 33MKR, 33UTW, 110, 110ATH","color":"#0059a9","mode":"bus","arr":["33B","33MKR","33UTW","110","110ATH"],"angle":-7.7,"side":-1}},{"type":"Feature","geometry":{"type":"Point","coordinates":[36.880675,-1.328726]},"properties":{"lines":"33B, 33MKR, 33UTW, 110, 110ATH","color":"#0059a9","mode":"bus","arr":["33B","33MKR","33UTW","110","110ATH"],"angle":-4.8,"extra":1,"ei":0,"side":-1}},{"type":"Feature","geometry":{"type":"Point","coordinates":[36.878802,-1.328966]},"properties":{"lines":"33B, 33MKR, 33UTW, 110, 110ATH","color":"#0059a9","mode":"bus","arr":["33B","33MKR","33UTW","110","110ATH"],"angle":-7.9,"extra":1,"ei":1,"side":-1}},{"type":"Feature","geometry":{"type":"Point","coordinates":[36.876929,-1.329212]},"properties":{"lines":"33B, 33MKR, 33UTW, 110, 110ATH","color":"#0059a9","mode":"bus","arr":["33B","33MKR","33UTW","110","110ATH"],"angle":-7.6,"extra":1,"ei":2,"side":-1}},{"type":"Feature","geometry":{"type":"Point","coordinates":[36.875057,-1.329469]},"properties":{"lines":"33B, 33MKR, 33UTW, 110, 110ATH","color":"#0059a9","mode":"bus","arr":["33B","33MKR","33UTW","110","110ATH"],"angle":-8.3,"extra":1,"ei":3,"side":-1}},{"type":"Feature","geometry":{"type":"Point","coordinates":[36.873186,-1.32973]},"properties":{"lines":"33B, 33MKR, 33UTW, 110, 110ATH","color":"#0059a9","mode":"bus","arr":["33B","33MKR","33UTW","110","110ATH"],"angle":-7.9,"extra":1,"ei":4,"side":-1}},{"type":"Feature","geometry":{"type":"Point","coordinates":[36.871314,-1.329981]},"properties":{"lines":"33B, 33MKR, 33UTW, 110, 110ATH","color":"#0059a9","mode":"bus","arr":["33B","33MKR","33UTW","110","110ATH"],"angle":-7.4,"extra":1,"ei":5}},{"type":"Feature","geometry":{"type":"Point","coordinates":[36.865698,-1.330741]},"properties":{"lines":"33B, 33MKR, 33UTW, 110, 110ATH","color":"#0059a9","mode":"bus","arr":["33B","33MKR","33UTW","110","110ATH"],"angle":-7.7,"extra":1,"ei":6}},{"type":"Feature","geometry":{"type":"Point","coordinates":[36.863827,-1.331003]},"properties":{"lines":"33B, 33MKR, 33UTW, 110, 110ATH","color":"#0059a9","mode":"bus","arr":["33B","33MKR","33UTW","110","110ATH"],"angle":-8,"extra":1,"ei":7}},{"type":"Feature","geometry":{"type":"Point","coordinates":[36.861955,-1.331253]},"properties":{"lines":"33B, 33MKR, 33UTW, 110, 110ATH","color":"#0059a9","mode":"bus","arr":["33B","33MKR","33UTW","110","110ATH"],"angle":-6.7,"extra":1,"ei":8,"side":-1}},{"type":"Feature","geometry":{"type":"Point","coordinates":[36.860071,-1.33135]},"properties":{"lines":"33B, 33MKR, 33UTW, 110, 110ATH","color":"#0059a9","mode":"bus","arr":["33B","33MKR","33UTW","110","110ATH"],"angle":2.2,"extra":1,"ei":9,"side":-1}},{"type":"Feature","geometry":{"type":"Point","coordinates":[36.858209,-1.331058]},"properties":{"lines":"33B, 33MKR, 33UTW, 110, 110ATH","color":"#0059a9","mode":"bus","arr":["33B","33MKR","33UTW","110","110ATH"],"angle":16.1,"extra":1,"ei":10,"side":-1}},{"type":"Feature","geometry":{"type":"Point","coordinates":[36.856461,-1.330352]},"properties":{"lines":"33B, 33MKR, 33UTW, 110, 110ATH","color":"#0059a9","mode":"bus","arr":["33B","33MKR","33UTW","110","110ATH"],"angle":26.8,"extra":1,"ei":11}},{"type":"Feature","geometry":{"type":"Point","coordinates":[36.853528,-1.328796]},"properties":{"lines":"33B, 33MKR, 33UTW, 110, 110ATH","color":"#0059a9","mode":"bus","arr":["33B","33MKR","33UTW","110","110ATH"],"angle":28.6}},{"type":"Feature","geometry":{"type":"Point","coordinates":[36.85508,-1.329645]},"properties":{"lines":"33B, 33MKR, 33UTW, 110, 110ATH","color":"#0059a9","mode":"bus","arr":["33B","33MKR","33UTW","110","110ATH"],"angle":27.9,"extra":1,"ei":0}},{"type":"Feature","geometry":{"type":"Point","coordinates":[36.8518,-1.327773]},"properties":{"lines":"33B, 33MKR, 33UTW, 110, 110ATH","color":"#0059a9","mode":"bus","arr":["33B","33MKR","33UTW","110","110ATH"],"angle":29.9,"extra":1,"ei":1}},{"type":"Feature","geometry":{"type":"Point","coordinates":[36.858084,-1.331171]},"properties":{"lines":"33C, 33FED, 33IMR","color":"#0059a9","mode":"bus","arr":["33C","33FED","33IMR"],"angle":15.6,"side":-1}},{"type":"Feature","geometry":{"type":"Point","coordinates":[36.851919,-1.328033]},"properties":{"lines":"33C, 33FED, 33IMR","color":"#0059a9","mode":"bus","arr":["33C","33FED","33IMR"],"angle":32.6,"extra":1,"ei":0,"side":-1}},{"type":"Feature","geometry":{"type":"Point","coordinates":[36.853552,-1.328982]},"properties":{"lines":"33C, 33FED, 33IMR","color":"#0059a9","mode":"bus","arr":["33C","33FED","33IMR"],"angle":28.6,"extra":1,"ei":1,"side":-1}},{"type":"Feature","geometry":{"type":"Point","coordinates":[36.855217,-1.329874]},"properties":{"lines":"33C, 33FED, 33IMR","color":"#0059a9","mode":"bus","arr":["33C","33FED","33IMR"],"angle":29.2,"extra":1,"ei":2,"side":-1}},{"type":"Feature","geometry":{"type":"Point","coordinates":[36.856891,-1.330747]},"properties":{"lines":"33C, 33FED, 33IMR","color":"#0059a9","mode":"bus","arr":["33C","33FED","33IMR"],"angle":24.5,"extra":1,"ei":3,"side":-1}},{"type":"Feature","geometry":{"type":"Point","coordinates":[36.860563,-1.331501]},"properties":{"lines":"33C, 33FED, 33IMR","color":"#0059a9","mode":"bus","arr":["33C","33FED","33IMR"],"angle":-1,"extra":1,"ei":4,"side":-1}},{"type":"Feature","geometry":{"type":"Point","coordinates":[36.862444,-1.331338]},"properties":{"lines":"33C, 33FED, 33IMR","color":"#0059a9","mode":"bus","arr":["33C","33FED","33IMR"],"angle":-7.7,"extra":1,"ei":5,"side":-1}},{"type":"Feature","geometry":{"type":"Point","coordinates":[36.864314,-1.331077]},"properties":{"lines":"33C, 33FED, 33IMR","color":"#0059a9","mode":"bus","arr":["33C","33FED","33IMR"],"angle":-7.8,"extra":1,"ei":6,"side":-1}},{"type":"Feature","geometry":{"type":"Point","coordinates":[36.846848,-1.324875]},"properties":{"lines":"33B, 33C, 33FED, 33IMR, 33MKR, 33UTW, 110, 110ATH","color":"#0059a9","mode":"bus","arr":["33B","33C","33FED","33IMR","33MKR","33UTW","110","110ATH"],"angle":30.6}},{"type":"Feature","geometry":{"type":"Point","coordinates":[36.826393,-1.285369]},"properties":{"lines":"33B, 33C, 33FED, 33GTB, 33IMR","color":"#0059a9","mode":"bus","arr":["33B","33C","33FED","33GTB","33IMR"],"angle":64.4,"side":-1}},{"type":"Feature","geometry":{"type":"Point","coordinates":[36.847161,-1.324584]},"properties":{"lines":"33B, 33C, 33FED, 33IMR, 33MKR, 33TP, 33UTW, 110, 110ATH","color":"#0059a9","mode":"bus","arr":["33B","33C","33FED","33IMR","33MKR","33TP","33UTW","110","110ATH"],"angle":30.6,"mi":1}},{"type":"Feature","geometry":{"type":"Point","coordinates":[36.860032,-1.331088]},"properties":{"lines":"33B, 33FED, 33IMR, 33MKR, 33UTW, 110, 110ATH","color":"#0059a9","mode":"bus","arr":["33B","33FED","33IMR","33MKR","33UTW","110","110ATH"],"angle":1.7}},{"type":"Feature","geometry":{"type":"Point","coordinates":[36.88415,-1.328584]},"properties":{"lines":"33B, 33FED, 33IMR, 33MKR, 33UTW, 110, 110ATH","color":"#0059a9","mode":"bus","arr":["33B","33FED","33IMR","33MKR","33UTW","110","110ATH"],"angle":21.5}},{"type":"Feature","geometry":{"type":"Point","coordinates":[36.851403,-1.32686]},"properties":{"lines":"33B, 33FED, 33IMR, 33MKR, 33UTW, 110, 110ATH","color":"#0059a9","mode":"bus","arr":["33B","33FED","33IMR","33MKR","33UTW","110","110ATH"],"angle":30,"extra":1,"ei":0}},{"type":"Feature","geometry":{"type":"Point","coordinates":[36.852951,-1.327924]},"properties":{"lines":"33B, 33FED, 33IMR, 33MKR, 33UTW, 110, 110ATH","color":"#0059a9","mode":"bus","arr":["33B","33FED","33IMR","33MKR","33UTW","110","110ATH"],"angle":29.9,"extra":1,"ei":1}},{"type":"Feature","geometry":{"type":"Point","coordinates":[36.854561,-1.328911]},"properties":{"lines":"33B, 33FED, 33IMR, 33MKR, 33UTW, 110, 110ATH","color":"#0059a9","mode":"bus","arr":["33B","33FED","33IMR","33MKR","33UTW","110","110ATH"],"angle":31,"extra":1,"ei":2}},{"type":"Feature","geometry":{"type":"Point","coordinates":[36.856194,-1.329861]},"properties":{"lines":"33B, 33FED, 33IMR, 33MKR, 33UTW, 110, 110ATH","color":"#0059a9","mode":"bus","arr":["33B","33FED","33IMR","33MKR","33UTW","110","110ATH"],"angle":29.9,"extra":1,"ei":3}},{"type":"Feature","geometry":{"type":"Point","coordinates":[36.857891,-1.330683]},"properties":{"lines":"33B, 33FED, 33IMR, 33MKR, 33UTW, 110, 110ATH","color":"#0059a9","mode":"bus","arr":["33B","33FED","33IMR","33MKR","33UTW","110","110ATH"],"angle":19,"extra":1,"ei":4}},{"type":"Feature","geometry":{"type":"Point","coordinates":[36.86162,-1.331012]},"properties":{"lines":"33B, 33FED, 33IMR, 33MKR, 33UTW, 110, 110ATH","color":"#0059a9","mode":"bus","arr":["33B","33FED","33IMR","33MKR","33UTW","110","110ATH"],"angle":-8,"extra":1,"ei":5}},{"type":"Feature","geometry":{"type":"Point","coordinates":[36.863491,-1.330755]},"properties":{"lines":"33B, 33FED, 33IMR, 33MKR, 33UTW, 110, 110ATH","color":"#0059a9","mode":"bus","arr":["33B","33FED","33IMR","33MKR","33UTW","110","110ATH"],"angle":-7.7,"extra":1,"ei":6}},{"type":"Feature","geometry":{"type":"Point","coordinates":[36.865364,-1.330506]},"properties":{"lines":"33B, 33FED, 33IMR, 33MKR, 33UTW, 110, 110ATH","color":"#0059a9","mode":"bus","arr":["33B","33FED","33IMR","33MKR","33UTW","110","110ATH"],"angle":-7.4,"extra":1,"ei":7}},{"type":"Feature","geometry":{"type":"Point","coordinates":[36.867237,-1.330259]},"properties":{"lines":"33B, 33FED, 33IMR, 33MKR, 33UTW, 110, 110ATH","color":"#0059a9","mode":"bus","arr":["33B","33FED","33IMR","33MKR","33UTW","110","110ATH"],"angle":-7.6,"extra":1,"ei":8}},{"type":"Feature","geometry":{"type":"Point","coordinates":[36.869109,-1.330009]},"properties":{"lines":"33B, 33FED, 33IMR, 33MKR, 33UTW, 110, 110ATH","color":"#0059a9","mode":"bus","arr":["33B","33FED","33IMR","33MKR","33UTW","110","110ATH"],"angle":-7.7,"extra":1,"ei":9}},{"type":"Feature","geometry":{"type":"Point","coordinates":[36.877059,-1.328928]},"properties":{"lines":"33B, 33FED, 33H, 33IMR, 33MKR, 33UTW, 110, 110ATH","color":"#0059a9","mode":"bus","arr":["33B","33FED","33H","33IMR","33MKR","33UTW","110","110ATH"],"angle":-7.6}},{"type":"Feature","geometry":{"type":"Point","coordinates":[36.871567,-1.329679]},"properties":{"lines":"33B, 33FED, 33H, 33IMR, 33MKR, 33UTW, 110, 110ATH","color":"#0059a9","mode":"bus","arr":["33B","33FED","33H","33IMR","33MKR","33UTW","110","110ATH"],"angle":-7.9,"extra":1,"ei":0}},{"type":"Feature","geometry":{"type":"Point","coordinates":[36.873438,-1.329421]},"properties":{"lines":"33B, 33FED, 33H, 33IMR, 33MKR, 33UTW, 110, 110ATH","color":"#0059a9","mode":"bus","arr":["33B","33FED","33H","33IMR","33MKR","33UTW","110","110ATH"],"angle":-7.9,"extra":1,"ei":1}},{"type":"Feature","geometry":{"type":"Point","coordinates":[36.875309,-1.329161]},"properties":{"lines":"33B, 33FED, 33H, 33IMR, 33MKR, 33UTW, 110, 110ATH","color":"#0059a9","mode":"bus","arr":["33B","33FED","33H","33IMR","33MKR","33UTW","110","110ATH"],"angle":-7.8,"extra":1,"ei":2}},{"type":"Feature","geometry":{"type":"Point","coordinates":[36.879055,-1.328664]},"properties":{"lines":"33B, 33FED, 33H, 33IMR, 33MKR, 33UTW, 110, 110ATH","color":"#0059a9","mode":"bus","arr":["33B","33FED","33H","33IMR","33MKR","33UTW","110","110ATH"],"angle":-7.4,"extra":1,"ei":3}},{"type":"Feature","geometry":{"type":"Point","coordinates":[36.880924,-1.328397]},"properties":{"lines":"33B, 33FED, 33H, 33IMR, 33MKR, 33UTW, 110, 110ATH","color":"#0059a9","mode":"bus","arr":["33B","33FED","33H","33IMR","33MKR","33UTW","110","110ATH"],"angle":-4.6,"extra":1,"ei":4}},{"type":"Feature","geometry":{"type":"Point","coordinates":[36.882808,-1.328418]},"properties":{"lines":"33B, 33FED, 33H, 33IMR, 33MKR, 33UTW, 110, 110ATH","color":"#0059a9","mode":"bus","arr":["33B","33FED","33H","33IMR","33MKR","33UTW","110","110ATH"],"angle":2.5,"extra":1,"ei":5}},{"type":"Feature","geometry":{"type":"Point","coordinates":[36.885244,-1.329231]},"properties":{"lines":"33B, 33C, 33DC, 33FED, 33H, 33IMR, 33MKR, 33TP, 33UTW, 110, 110ATH","color":"#0059a9","mode":"bus","arr":["33B","33C","33DC","33FED","33H","33IMR","33MKR","33TP","33UTW","110","110ATH"],"angle":33.8}},{"type":"Feature","geometry":{"type":"Point","coordinates":[36.88623,-1.329745]},"properties":{"lines":"33B, 33C, 33DC, 33FED, 33H, 33TP, 33UTW","color":"#0059a9","mode":"bus","arr":["33B","33C","33DC","33FED","33H","33TP","33UTW"],"angle":25.2}},{"type":"Feature","geometry":{"type":"Point","coordinates":[36.888031,-1.330667]},"properties":{"lines":"33B, 33C, 33FED, 33TP, 33UTW","color":"#0059a9","mode":"bus","arr":["33B","33C","33FED","33TP","33UTW"],"angle":19.6}},{"type":"Feature","geometry":{"type":"Point","coordinates":[36.889307,-1.330608]},"properties":{"lines":"33B, 33C, 33FED, 33TP, 33UTW","color":"#0059a9","mode":"bus","arr":["33B","33C","33FED","33TP","33UTW"],"angle":-26.6,"extra":1,"ei":0}},{"type":"Feature","geometry":{"type":"Point","coordinates":[36.892481,-1.328342]},"properties":{"lines":"33B, 33C, 33FED, 33TP, 33UTW","color":"#0059a9","mode":"bus","arr":["33B","33C","33FED","33TP","33UTW"],"angle":-34.3,"mi":1}},{"type":"Feature","geometry":{"type":"Point","coordinates":[36.890231,-1.329947]},"properties":{"lines":"33B, 33C, 33FED, 33TP, 33UTW","color":"#0059a9","mode":"bus","arr":["33B","33C","33FED","33TP","33UTW"],"angle":-35.5,"extra":1,"ei":0}},{"type":"Feature","geometry":{"type":"Point","coordinates":[36.894925,-1.326777]},"properties":{"lines":"33B, 33C, 33FED, 33TP, 33UTW","color":"#0059a9","mode":"bus","arr":["33B","33C","33FED","33TP","33UTW"],"angle":-34.7,"extra":1,"ei":1}},{"type":"Feature","geometry":{"type":"Point","coordinates":[36.897709,-1.325051]},"properties":{"lines":"33B, 33C, 33DC, 33FED, 33H, 33TP, 33UTW","color":"#0059a9","mode":"bus","arr":["33B","33C","33DC","33FED","33H","33TP","33UTW"],"angle":-31.9}},{"type":"Feature","geometry":{"type":"Point","coordinates":[36.896412,-1.325861]},"properties":{"lines":"33B, 33C, 33DC, 33FED, 33H, 33TP, 33UTW","color":"#0059a9","mode":"bus","arr":["33B","33C","33DC","33FED","33H","33TP","33UTW"],"angle":-32.3,"extra":1,"ei":0}},{"type":"Feature","geometry":{"type":"Point","coordinates":[36.899596,-1.323838]},"properties":{"lines":"33B, 33C, 33DC, 33FED, 33H, 33TP, 33UTW","color":"#0059a9","mode":"bus","arr":["33B","33C","33DC","33FED","33H","33TP","33UTW"],"angle":-64,"extra":1,"ei":1}},{"type":"Feature","geometry":{"type":"Point","coordinates":[36.899333,-1.323133]},"properties":{"lines":"33B, 33C, 33DC, 33DP, 33FED, 33H, 33TP, 33UTW","color":"#0059a9","mode":"bus","arr":["33B","33C","33DC","33DP","33FED","33H","33TP","33UTW"],"angle":60.4,"side":-1}},{"type":"Feature","geometry":{"type":"Point","coordinates":[36.899621,-1.322967]},"properties":{"lines":"33FED, 33H, 33UTW","color":"#0059a9","mode":"bus","arr":["33FED","33H","33UTW"],"angle":52.7}},{"type":"Feature","geometry":{"type":"Point","coordinates":[36.89889,-1.322478]},"properties":{"lines":"33B, 33C, 33DC, 33DP, 33TP","color":"#0059a9","mode":"bus","arr":["33B","33C","33DC","33DP","33TP"],"angle":53.6,"side":-1}},{"type":"Feature","geometry":{"type":"Point","coordinates":[36.898161,-1.320804]},"properties":{"lines":"33DC, 33DP, 33GTB, 34J","color":"#0059a9","mode":"bus","arr":["33DC","33DP","33GTB","34J"],"angle":55.3}},{"type":"Feature","geometry":{"type":"Point","coordinates":[36.887627,-1.301012]},"properties":{"lines":"33DC, 33DP, 33GTB, 34J","color":"#0059a9","mode":"bus","arr":["33DC","33DP","33GTB","34J"],"angle":77.3,"side":-1}},{"type":"Feature","geometry":{"type":"Point","coordinates":[36.897472,-1.319758]},"properties":{"lines":"33DC, 33DP, 33GTB, 34J","color":"#0059a9","mode":"bus","arr":["33DC","33DP","33GTB","34J"],"angle":56.4,"extra":1,"ei":0}},{"type":"Feature","geometry":{"type":"Point","coordinates":[36.905767,-1.320065]},"properties":{"lines":"33B, 33FED, 33UTW","color":"#0059a9","mode":"bus","arr":["33B","33FED","33UTW"],"angle":-31.6}},{"type":"Feature","geometry":{"type":"Point","coordinates":[36.904178,-1.321048]},"properties":{"lines":"33B, 33FED, 33UTW","color":"#0059a9","mode":"bus","arr":["33B","33FED","33UTW"],"angle":-32.2,"extra":1,"ei":0}},{"type":"Feature","geometry":{"type":"Point","coordinates":[36.907419,-1.319109]},"properties":{"lines":"33B, 33FED, 33UTW","color":"#0059a9","mode":"bus","arr":["33B","33FED","33UTW"],"angle":-27.7,"extra":1,"ei":1}},{"type":"Feature","geometry":{"type":"Point","coordinates":[36.892376,-1.33598]},"properties":{"lines":"33C","color":"#0059a9","mode":"bus","arr":["33C"],"angle":10.4,"side":-1}},{"type":"Feature","geometry":{"type":"Point","coordinates":[36.852635,-1.327894]},"properties":{"lines":"33C, 33TP","color":"#0059a9","mode":"bus","arr":["33C","33TP"],"angle":32.5,"side":-1,"mi":1}},{"type":"Feature","geometry":{"type":"Point","coordinates":[36.851567,-1.327213]},"properties":{"lines":"33C, 33TP","color":"#0059a9","mode":"bus","arr":["33C","33TP"],"angle":32.2,"extra":1,"ei":0,"side":-1}},{"type":"Feature","geometry":{"type":"Point","coordinates":[36.860118,-1.331231]},"properties":{"lines":"33C, 33TP","color":"#0059a9","mode":"bus","arr":["33C","33TP"],"angle":2.3}},{"type":"Feature","geometry":{"type":"Point","coordinates":[36.85531,-1.329568]},"properties":{"lines":"33C, 33TP","color":"#0059a9","mode":"bus","arr":["33C","33TP"],"angle":30.8,"extra":1,"ei":0}},{"type":"Feature","geometry":{"type":"Point","coordinates":[36.85696,-1.330485]},"properties":{"lines":"33C, 33TP","color":"#0059a9","mode":"bus","arr":["33C","33TP"],"angle":24.9,"extra":1,"ei":1}},{"type":"Feature","geometry":{"type":"Point","coordinates":[36.858752,-1.331072]},"properties":{"lines":"33C, 33TP","color":"#0059a9","mode":"bus","arr":["33C","33TP"],"angle":11.9,"extra":1,"ei":2}},{"type":"Feature","geometry":{"type":"Point","coordinates":[36.862509,-1.331057]},"properties":{"lines":"33C, 33TP","color":"#0059a9","mode":"bus","arr":["33C","33TP"],"angle":-8.1,"extra":1,"ei":3}},{"type":"Feature","geometry":{"type":"Point","coordinates":[36.864381,-1.330805]},"properties":{"lines":"33C, 33TP","color":"#0059a9","mode":"bus","arr":["33C","33TP"],"angle":-7.6,"extra":1,"ei":4}},{"type":"Feature","geometry":{"type":"Point","coordinates":[36.87343,-1.329569]},"properties":{"lines":"33C, 33DC, 33TP","color":"#0059a9","mode":"bus","arr":["33C","33DC","33TP"],"angle":-7.5,"mi":1}},{"type":"Feature","geometry":{"type":"Point","coordinates":[36.86711,-1.33043]},"properties":{"lines":"33C, 33DC, 33TP","color":"#0059a9","mode":"bus","arr":["33C","33DC","33TP"],"angle":-7.8,"extra":1,"ei":0}},{"type":"Feature","geometry":{"type":"Point","coordinates":[36.868983,-1.330183]},"properties":{"lines":"33C, 33DC, 33TP","color":"#0059a9","mode":"bus","arr":["33C","33DC","33TP"],"angle":-7.7,"extra":1,"ei":1}},{"type":"Feature","geometry":{"type":"Point","coordinates":[36.870854,-1.329923]},"properties":{"lines":"33C, 33DC, 33TP","color":"#0059a9","mode":"bus","arr":["33C","33DC","33TP"],"angle":-8.3,"extra":1,"ei":2}},{"type":"Feature","geometry":{"type":"Point","coordinates":[36.874597,-1.329412]},"properties":{"lines":"33C, 33DC, 33TP","color":"#0059a9","mode":"bus","arr":["33C","33DC","33TP"],"angle":-7.9,"extra":1,"ei":3}},{"type":"Feature","geometry":{"type":"Point","coordinates":[36.876467,-1.329146]},"properties":{"lines":"33C, 33DC, 33TP","color":"#0059a9","mode":"bus","arr":["33C","33DC","33TP"],"angle":-7.6,"extra":1,"ei":4}},{"type":"Feature","geometry":{"type":"Point","coordinates":[36.87834,-1.328898]},"properties":{"lines":"33C, 33DC, 33TP","color":"#0059a9","mode":"bus","arr":["33C","33DC","33TP"],"angle":-7.4,"extra":1,"ei":5}},{"type":"Feature","geometry":{"type":"Point","coordinates":[36.880213,-1.328651]},"properties":{"lines":"33C, 33DC, 33TP","color":"#0059a9","mode":"bus","arr":["33C","33DC","33TP"],"angle":-7.7,"extra":1,"ei":6}},{"type":"Feature","geometry":{"type":"Point","coordinates":[36.882191,-1.328498]},"properties":{"lines":"33C, 33DC, 33TP","color":"#0059a9","mode":"bus","arr":["33C","33DC","33TP"],"angle":1.2}},{"type":"Feature","geometry":{"type":"Point","coordinates":[36.883504,-1.328628]},"properties":{"lines":"33C, 33DC, 33TP","color":"#0059a9","mode":"bus","arr":["33C","33DC","33TP"],"angle":9.9,"extra":1,"ei":0,"side":-1}},{"type":"Feature","geometry":{"type":"Point","coordinates":[36.88422,-1.328756]},"properties":{"lines":"33C, 33DC, 33H, 33TP","color":"#0059a9","mode":"bus","arr":["33C","33DC","33H","33TP"],"angle":13.2,"side":-1}},{"type":"Feature","geometry":{"type":"Point","coordinates":[36.89949,-1.322908]},"properties":{"lines":"33C, 33DC, 33DP, 33GTB, 34J","color":"#0059a9","mode":"bus","arr":["33C","33DC","33DP","33GTB","34J"],"angle":58.5}},{"type":"Feature","geometry":{"type":"Point","coordinates":[36.900153,-1.323976]},"properties":{"lines":"33C, 33DC, 33DP, 33GTB, 34J","color":"#0059a9","mode":"bus","arr":["33C","33DC","33DP","33GTB","34J"],"angle":63.3,"mi":1}},{"type":"Feature","geometry":{"type":"Point","coordinates":[36.891536,-1.335192]},"properties":{"lines":"33DC, 33H","color":"#0059a9","mode":"bus","arr":["33DC","33H"],"angle":43.2,"side":-1}},{"type":"Feature","geometry":{"type":"Point","coordinates":[36.888113,-1.33086]},"properties":{"lines":"33DC, 33H","color":"#0059a9","mode":"bus","arr":["33DC","33H"],"angle":15.4,"side":-1,"mi":1}},{"type":"Feature","geometry":{"type":"Point","coordinates":[36.890921,-1.330493]},"properties":{"lines":"33H","color":"#0059a9","mode":"bus","arr":["33H"],"angle":-66.6}},{"type":"Feature","geometry":{"type":"Point","coordinates":[36.871338,-1.330268]},"properties":{"lines":"33H","color":"#0059a9","mode":"bus","arr":["33H"],"angle":-53.7,"side":-1,"mi":1}},{"type":"Feature","geometry":{"type":"Point","coordinates":[36.870662,-1.329992]},"properties":{"lines":"33H","color":"#0059a9","mode":"bus","arr":["33H"],"angle":78.7}},{"type":"Feature","geometry":{"type":"Point","coordinates":[36.903031,-1.32182]},"properties":{"lines":"33H","color":"#0059a9","mode":"bus","arr":["33H"],"angle":-36.4}},{"type":"Feature","geometry":{"type":"Point","coordinates":[36.892547,-1.328453]},"properties":{"lines":"33DC, 33H, 33J, 34J, 0039","color":"#0059a9","mode":"bus","arr":["33DC","33H","33J","34J","0039"],"angle":-33.8}},{"type":"Feature","geometry":{"type":"Point","coordinates":[36.89047,-1.329935]},"properties":{"lines":"33DC, 33H, 33J, 34J, 0039","color":"#0059a9","mode":"bus","arr":["33DC","33H","33J","34J","0039"],"angle":-35.6,"extra":1,"ei":0}},{"type":"Feature","geometry":{"type":"Point","coordinates":[36.893581,-1.327794]},"properties":{"lines":"33DC, 33H, 33J, 34J, 0039","color":"#0059a9","mode":"bus","arr":["33DC","33H","33J","34J","0039"],"angle":-32,"extra":1,"ei":1}},{"type":"Feature","geometry":{"type":"Point","coordinates":[36.895183,-1.326793]},"properties":{"lines":"33DC, 33H, 33J, 34J, 0039","color":"#0059a9","mode":"bus","arr":["33DC","33H","33J","34J","0039"],"angle":-32,"extra":1,"ei":2}},{"type":"Feature","geometry":{"type":"Point","coordinates":[36.899092,-1.324333]},"properties":{"lines":"33J, 34J, 0039","color":"#0059a9","mode":"bus","arr":["33J","34J","0039"],"angle":-32.8}},{"type":"Feature","geometry":{"type":"Point","coordinates":[36.896307,-1.32609]},"properties":{"lines":"33J, 34J, 0039","color":"#0059a9","mode":"bus","arr":["33J","34J","0039"],"angle":-32,"extra":1,"ei":0}},{"type":"Feature","geometry":{"type":"Point","coordinates":[36.897909,-1.325089]},"properties":{"lines":"33J, 34J, 0039","color":"#0059a9","mode":"bus","arr":["33J","34J","0039"],"angle":-32,"extra":1,"ei":1}},{"type":"Feature","geometry":{"type":"Point","coordinates":[36.901109,-1.323082]},"properties":{"lines":"33J, 34J, 0039","color":"#0059a9","mode":"bus","arr":["33J","34J","0039"],"angle":-31.3,"extra":1,"ei":2,"side":-1}},{"type":"Feature","geometry":{"type":"Point","coordinates":[36.899401,-1.323067]},"properties":{"lines":"33GTB, 33TP, 34J","color":"#0059a9","mode":"bus","arr":["33GTB","33TP","34J"],"angle":60.8}},{"type":"Feature","geometry":{"type":"Point","coordinates":[36.899015,-1.322428]},"properties":{"lines":"33DC, 33GTB, 33TP, 34J","color":"#0059a9","mode":"bus","arr":["33DC","33GTB","33TP","34J"],"angle":59.4,"side":-1}},{"type":"Feature","geometry":{"type":"Point","coordinates":[36.892939,-1.31285]},"properties":{"lines":"33DC, 33DP, 33GTB, 33TP, 34J","color":"#0059a9","mode":"bus","arr":["33DC","33DP","33GTB","33TP","34J"],"angle":58.3,"side":-1}},{"type":"Feature","geometry":{"type":"Point","coordinates":[36.898397,-1.321419]},"properties":{"lines":"33DC, 33DP, 33GTB, 33TP, 34J","color":"#0059a9","mode":"bus","arr":["33DC","33DP","33GTB","33TP","34J"],"angle":56.2,"extra":1,"ei":0,"side":-1}},{"type":"Feature","geometry":{"type":"Point","coordinates":[36.897348,-1.319849]},"properties":{"lines":"33DC, 33DP, 33GTB, 33TP, 34J","color":"#0059a9","mode":"bus","arr":["33DC","33DP","33GTB","33TP","34J"],"angle":57.2,"extra":1,"ei":1,"side":-1}},{"type":"Feature","geometry":{"type":"Point","coordinates":[36.896334,-1.318256]},"properties":{"lines":"33DC, 33DP, 33GTB, 33TP, 34J","color":"#0059a9","mode":"bus","arr":["33DC","33DP","33GTB","33TP","34J"],"angle":57.9,"extra":1,"ei":2,"side":-1}},{"type":"Feature","geometry":{"type":"Point","coordinates":[36.895322,-1.316661]},"properties":{"lines":"33DC, 33DP, 33GTB, 33TP, 34J","color":"#0059a9","mode":"bus","arr":["33DC","33DP","33GTB","33TP","34J"],"angle":57.4,"extra":1,"ei":3,"side":-1}},{"type":"Feature","geometry":{"type":"Point","coordinates":[36.894324,-1.315057]},"properties":{"lines":"33DC, 33DP, 33GTB, 33TP, 34J","color":"#0059a9","mode":"bus","arr":["33DC","33DP","33GTB","33TP","34J"],"angle":57.9,"extra":1,"ei":4,"side":-1}},{"type":"Feature","geometry":{"type":"Point","coordinates":[36.892327,-1.311851]},"properties":{"lines":"33DC, 33DP, 33GTB, 33TP, 34J","color":"#0059a9","mode":"bus","arr":["33DC","33DP","33GTB","33TP","34J"],"angle":58.6,"extra":1,"ei":5,"side":-1}},{"type":"Feature","geometry":{"type":"Point","coordinates":[36.891338,-1.310242]},"properties":{"lines":"33DC, 33DP, 33GTB, 33TP, 34J","color":"#0059a9","mode":"bus","arr":["33DC","33DP","33GTB","33TP","34J"],"angle":58.9,"extra":1,"ei":6,"side":-1}},{"type":"Feature","geometry":{"type":"Point","coordinates":[36.890355,-1.30863]},"properties":{"lines":"33DC, 33DP, 33GTB, 33TP, 34J","color":"#0059a9","mode":"bus","arr":["33DC","33DP","33GTB","33TP","34J"],"angle":58.9,"extra":1,"ei":7,"side":-1}},{"type":"Feature","geometry":{"type":"Point","coordinates":[36.889463,-1.306966]},"properties":{"lines":"33DC, 33DP, 33GTB, 33TP, 34J","color":"#0059a9","mode":"bus","arr":["33DC","33DP","33GTB","33TP","34J"],"angle":64.6,"extra":1,"ei":8,"side":-1}},{"type":"Feature","geometry":{"type":"Point","coordinates":[36.88862,-1.305296]},"properties":{"lines":"33DC, 33DP, 33GTB, 33TP, 34J","color":"#0059a9","mode":"bus","arr":["33DC","33DP","33GTB","33TP","34J"],"angle":64.2,"extra":1,"ei":9}},{"type":"Feature","geometry":{"type":"Point","coordinates":[36.887961,-1.303528]},"properties":{"lines":"33DC, 33DP, 33GTB, 33TP, 34J","color":"#0059a9","mode":"bus","arr":["33DC","33DP","33GTB","33TP","34J"],"angle":71.6,"extra":1,"ei":10}},{"type":"Feature","geometry":{"type":"Point","coordinates":[36.887329,-1.301238]},"properties":{"lines":"33DC, 33DP, 33GTB, 33TP, 34B, 34J, 1961K","color":"#0059a9","mode":"bus","arr":["33DC","33DP","33GTB","33TP","34B","34J","1961K"],"angle":76}},{"type":"Feature","geometry":{"type":"Point","coordinates":[36.886814,-1.299156]},"properties":{"lines":"33DC","color":"#0059a9","mode":"bus","arr":["33DC"],"angle":81.7}},{"type":"Feature","geometry":{"type":"Point","coordinates":[36.887437,-1.299474]},"properties":{"lines":"33DC","color":"#0059a9","mode":"bus","arr":["33DC"],"angle":75.6,"mi":1}},{"type":"Feature","geometry":{"type":"Point","coordinates":[36.887126,-1.298606]},"properties":{"lines":"33DP, 33GTB, 34B, 34J, 1961K","color":"#0059a9","mode":"bus","arr":["33DP","33GTB","34B","34J","1961K"],"angle":78.4,"side":-1}},{"type":"Feature","geometry":{"type":"Point","coordinates":[36.887915,-1.302129]},"properties":{"lines":"33DC, 33DP, 33GTB, 34B, 34J, 1961K","color":"#0059a9","mode":"bus","arr":["33DC","33DP","33GTB","34B","34J","1961K"],"angle":72.5}},{"type":"Feature","geometry":{"type":"Point","coordinates":[36.89234,-1.31143]},"properties":{"lines":"33DC, 33DP, 33GTB, 34J","color":"#0059a9","mode":"bus","arr":["33DC","33DP","33GTB","34J"],"angle":58.3}},{"type":"Feature","geometry":{"type":"Point","coordinates":[36.888435,-1.303862]},"properties":{"lines":"33DC, 33DP, 33GTB, 34J","color":"#0059a9","mode":"bus","arr":["33DC","33DP","33GTB","34J"],"angle":72.4,"extra":1,"ei":0}},{"type":"Feature","geometry":{"type":"Point","coordinates":[36.889118,-1.305621]},"properties":{"lines":"33DC, 33DP, 33GTB, 34J","color":"#0059a9","mode":"bus","arr":["33DC","33DP","33GTB","34J"],"angle":67.3,"extra":1,"ei":1}},{"type":"Feature","geometry":{"type":"Point","coordinates":[36.889912,-1.307335]},"properties":{"lines":"33DC, 33DP, 33GTB, 34J","color":"#0059a9","mode":"bus","arr":["33DC","33DP","33GTB","34J"],"angle":63.4,"extra":1,"ei":2}},{"type":"Feature","geometry":{"type":"Point","coordinates":[36.890839,-1.308979]},"properties":{"lines":"33DC, 33DP, 33GTB, 34J","color":"#0059a9","mode":"bus","arr":["33DC","33DP","33GTB","34J"],"angle":59.2,"extra":1,"ei":3}},{"type":"Feature","geometry":{"type":"Point","coordinates":[36.893808,-1.313805]},"properties":{"lines":"33DC, 33DP, 33GTB, 34J","color":"#0059a9","mode":"bus","arr":["33DC","33DP","33GTB","34J"],"angle":58.3,"extra":1,"ei":4}},{"type":"Feature","geometry":{"type":"Point","coordinates":[36.894807,-1.315408]},"properties":{"lines":"33DC, 33DP, 33GTB, 34J","color":"#0059a9","mode":"bus","arr":["33DC","33DP","33GTB","34J"],"angle":57.9,"extra":1,"ei":5}},{"type":"Feature","geometry":{"type":"Point","coordinates":[36.895805,-1.317011]},"properties":{"lines":"33DC, 33DP, 33GTB, 34J","color":"#0059a9","mode":"bus","arr":["33DC","33DP","33GTB","34J"],"angle":57.6,"extra":1,"ei":6}},{"type":"Feature","geometry":{"type":"Point","coordinates":[36.896822,-1.318603]},"properties":{"lines":"33DC, 33DP, 33GTB, 34J","color":"#0059a9","mode":"bus","arr":["33DC","33DP","33GTB","34J"],"angle":58.7,"extra":1,"ei":7}},{"type":"Feature","geometry":{"type":"Point","coordinates":[36.893151,-1.33556]},"properties":{"lines":"33DC","color":"#0059a9","mode":"bus","arr":["33DC"],"angle":29.1}},{"type":"Feature","geometry":{"type":"Point","coordinates":[36.885905,-1.297889]},"properties":{"lines":"33DP, 33GTB, 33TP, 34B, 34J, 1961K","color":"#0059a9","mode":"bus","arr":["33DP","33GTB","33TP","34B","34J","1961K"],"angle":47.8}},{"type":"Feature","geometry":{"type":"Point","coordinates":[36.884114,-1.296633]},"properties":{"lines":"33DP, 33GTB, 33TP, 34B, 34J, 38/39, 1961K","color":"#0059a9","mode":"bus","arr":["33DP","33GTB","33TP","34B","34J","38/39","1961K"],"angle":24.4,"side":-1}},{"type":"Feature","geometry":{"type":"Point","coordinates":[36.876616,-1.29587]},"properties":{"lines":"36, 58","color":"#0059a9","mode":"bus","arr":["36","58"],"angle":83.7}},{"type":"Feature","geometry":{"type":"Point","coordinates":[36.886716,-1.294235]},"properties":{"lines":"33DP, 33GTB, 34B, 34J, 38/39, 1961K","color":"#0059a9","mode":"bus","arr":["33DP","33GTB","34B","34J","38/39","1961K"],"angle":6.4,"side":-1}},{"type":"Feature","geometry":{"type":"Point","coordinates":[36.886518,-1.295752]},"properties":{"lines":"33DP, 33GTB, 34B, 34J, 1961K, 3560","color":"#0059a9","mode":"bus","arr":["33DP","33GTB","34B","34J","1961K","3560"],"angle":76.2}},{"type":"Feature","geometry":{"type":"Point","coordinates":[36.899902,-1.324027]},"properties":{"lines":"33DP, 33GTB, 33TP, 34J","color":"#0059a9","mode":"bus","arr":["33DP","33GTB","33TP","34J"],"angle":56.6}},{"type":"Feature","geometry":{"type":"Point","coordinates":[36.909146,-1.309948]},"properties":{"lines":"33FED","color":"#0059a9","mode":"bus","arr":["33FED"],"angle":-85.5,"mi":3}},{"type":"Feature","geometry":{"type":"Point","coordinates":[36.912161,-1.308814]},"properties":{"lines":"33FED","color":"#0059a9","mode":"bus","arr":["33FED"],"angle":47.8,"mi":1}},{"type":"Feature","geometry":{"type":"Point","coordinates":[36.909456,-1.312495]},"properties":{"lines":"33FED","color":"#0059a9","mode":"bus","arr":["33FED"],"angle":31.5,"extra":1,"ei":0}},{"type":"Feature","geometry":{"type":"Point","coordinates":[36.91055,-1.307932]},"properties":{"lines":"33FED","color":"#0059a9","mode":"bus","arr":["33FED"],"angle":-15.7,"extra":1,"ei":1}},{"type":"Feature","geometry":{"type":"Point","coordinates":[36.913152,-1.310147]},"properties":{"lines":"33FED","color":"#0059a9","mode":"bus","arr":["33FED"],"angle":54}},{"type":"Feature","geometry":{"type":"Point","coordinates":[36.899617,-1.32409]},"properties":{"lines":"33FED, 33H","color":"#0059a9","mode":"bus","arr":["33FED","33H"],"angle":-32.4,"side":-1}},{"type":"Feature","geometry":{"type":"Point","coordinates":[36.906338,-1.319953]},"properties":{"lines":"33FED, 33H","color":"#0059a9","mode":"bus","arr":["33FED","33H"],"angle":-31.4,"extra":1,"ei":0,"side":-1}},{"type":"Feature","geometry":{"type":"Point","coordinates":[36.90473,-1.320944]},"properties":{"lines":"33FED, 33H","color":"#0059a9","mode":"bus","arr":["33FED","33H"],"angle":-31.6,"extra":1,"ei":1,"side":-1}},{"type":"Feature","geometry":{"type":"Point","coordinates":[36.903121,-1.321934]},"properties":{"lines":"33FED, 33H","color":"#0059a9","mode":"bus","arr":["33FED","33H"],"angle":-31.9,"extra":1,"ei":2,"side":-1}},{"type":"Feature","geometry":{"type":"Point","coordinates":[36.90152,-1.322936]},"properties":{"lines":"33FED, 33H","color":"#0059a9","mode":"bus","arr":["33FED","33H"],"angle":-31.2,"extra":1,"ei":3,"side":-1}},{"type":"Feature","geometry":{"type":"Point","coordinates":[36.898321,-1.324944]},"properties":{"lines":"33FED, 33H","color":"#0059a9","mode":"bus","arr":["33FED","33H"],"angle":-32.9,"extra":1,"ei":4,"side":-1}},{"type":"Feature","geometry":{"type":"Point","coordinates":[36.896718,-1.325943]},"properties":{"lines":"33FED, 33H","color":"#0059a9","mode":"bus","arr":["33FED","33H"],"angle":-31.9,"extra":1,"ei":5,"side":-1}},{"type":"Feature","geometry":{"type":"Point","coordinates":[36.895114,-1.326941]},"properties":{"lines":"33FED, 33H","color":"#0059a9","mode":"bus","arr":["33FED","33H"],"angle":-31.9,"extra":1,"ei":6}},{"type":"Feature","geometry":{"type":"Point","coordinates":[36.89351,-1.327938]},"properties":{"lines":"33FED, 33H","color":"#0059a9","mode":"bus","arr":["33FED","33H"],"angle":-31.9,"extra":1,"ei":7,"side":-1}},{"type":"Feature","geometry":{"type":"Point","coordinates":[36.891747,-1.329128]},"properties":{"lines":"33FED","color":"#0059a9","mode":"bus","arr":["33FED"],"angle":-35.2,"side":-1}},{"type":"Feature","geometry":{"type":"Point","coordinates":[36.890995,-1.329727]},"properties":{"lines":"33FED","color":"#0059a9","mode":"bus","arr":["33FED"],"angle":-43.6,"mi":1}},{"type":"Feature","geometry":{"type":"Point","coordinates":[36.912123,-1.312096]},"properties":{"lines":"33FED","color":"#0059a9","mode":"bus","arr":["33FED"],"angle":-36.2,"mi":2}},{"type":"Feature","geometry":{"type":"Point","coordinates":[36.843237,-1.322703]},"properties":{"lines":"33FED","color":"#0059a9","mode":"bus","arr":["33FED"],"angle":34.2,"mi":1}},{"type":"Feature","geometry":{"type":"Point","coordinates":[36.842137,-1.321944]},"properties":{"lines":"33FED","color":"#0059a9","mode":"bus","arr":["33FED"],"angle":37.7,"extra":1,"ei":0}},{"type":"Feature","geometry":{"type":"Point","coordinates":[36.839387,-1.320276]},"properties":{"lines":"33FED","color":"#0059a9","mode":"bus","arr":["33FED"],"angle":30.3,"side":-1}},{"type":"Feature","geometry":{"type":"Point","coordinates":[36.841205,-1.321354]},"properties":{"lines":"33FED","color":"#0059a9","mode":"bus","arr":["33FED"],"angle":32.6,"extra":1,"ei":0,"side":-1}},{"type":"Feature","geometry":{"type":"Point","coordinates":[36.837948,-1.31944]},"properties":{"lines":"33FED","color":"#0059a9","mode":"bus","arr":["33FED"],"angle":30,"extra":1,"ei":1}},{"type":"Feature","geometry":{"type":"Point","coordinates":[36.834054,-1.317638]},"properties":{"lines":"33FED","color":"#0059a9","mode":"bus","arr":["33FED"],"angle":29.7,"mi":2}},{"type":"Feature","geometry":{"type":"Point","coordinates":[36.83589,-1.318333]},"properties":{"lines":"33FED","color":"#0059a9","mode":"bus","arr":["33FED"],"angle":23.6,"extra":1,"ei":0,"side":-1}},{"type":"Feature","geometry":{"type":"Point","coordinates":[36.832651,-1.316507]},"properties":{"lines":"33FED","color":"#0059a9","mode":"bus","arr":["33FED"],"angle":47.4,"extra":1,"ei":1,"side":-1}},{"type":"Feature","geometry":{"type":"Point","coordinates":[36.900553,-1.32329]},"properties":{"lines":"33FED, 33H, 33UTW","color":"#0059a9","mode":"bus","arr":["33FED","33H","33UTW"],"angle":-28.3,"mi":1}},{"type":"Feature","geometry":{"type":"Point","coordinates":[36.899122,-1.311953]},"properties":{"lines":"33GTB","color":"#0059a9","mode":"bus","arr":["33GTB"],"angle":-63.6}},{"type":"Feature","geometry":{"type":"Point","coordinates":[36.902499,-1.308752]},"properties":{"lines":"33GTB","color":"#0059a9","mode":"bus","arr":["33GTB"],"angle":-36.6,"extra":1,"ei":0}},{"type":"Feature","geometry":{"type":"Point","coordinates":[36.900983,-1.309879]},"properties":{"lines":"33GTB","color":"#0059a9","mode":"bus","arr":["33GTB"],"angle":-37.1,"extra":1,"ei":1}},{"type":"Feature","geometry":{"type":"Point","coordinates":[36.896692,-1.313002]},"properties":{"lines":"33GTB","color":"#0059a9","mode":"bus","arr":["33GTB"],"angle":-12.3,"extra":1,"ei":2}},{"type":"Feature","geometry":{"type":"Point","coordinates":[36.895053,-1.313917]},"properties":{"lines":"33GTB","color":"#0059a9","mode":"bus","arr":["33GTB"],"angle":-30,"extra":1,"ei":3}},{"type":"Feature","geometry":{"type":"Point","coordinates":[36.975451,-1.272135]},"properties":{"lines":"33H, 0039","color":"#0059a9","mode":"bus","arr":["33H","0039"],"angle":-37.8,"mi":2}},{"type":"Feature","geometry":{"type":"Point","coordinates":[36.981113,-1.266443]},"properties":{"lines":"33H, 0039","color":"#0059a9","mode":"bus","arr":["33H","0039"],"angle":-48.3,"side":-1}},{"type":"Feature","geometry":{"type":"Point","coordinates":[36.982496,-1.264753]},"properties":{"lines":"33H, 0039","color":"#0059a9","mode":"bus","arr":["33H","0039"],"angle":-55.7,"extra":1,"ei":0}},{"type":"Feature","geometry":{"type":"Point","coordinates":[36.980061,-1.267639]},"properties":{"lines":"33H, 0039","color":"#0059a9","mode":"bus","arr":["33H","0039"],"angle":-47.5,"extra":1,"ei":1,"side":-1}},{"type":"Feature","geometry":{"type":"Point","coordinates":[36.970616,-1.276305]},"properties":{"lines":"33H, 0039","color":"#0059a9","mode":"bus","arr":["33H","0039"],"angle":-45.6,"extra":1,"ei":0}},{"type":"Feature","geometry":{"type":"Point","coordinates":[36.971938,-1.274955]},"properties":{"lines":"33H, 0039","color":"#0059a9","mode":"bus","arr":["33H","0039"],"angle":-44.2,"extra":1,"ei":1}},{"type":"Feature","geometry":{"type":"Point","coordinates":[36.973352,-1.273704]},"properties":{"lines":"33H, 0039","color":"#0059a9","mode":"bus","arr":["33H","0039"],"angle":-38.8,"extra":1,"ei":2}},{"type":"Feature","geometry":{"type":"Point","coordinates":[36.977693,-1.270081]},"properties":{"lines":"33H, 0039","color":"#0059a9","mode":"bus","arr":["33H","0039"],"angle":-48.4,"extra":1,"ei":3}},{"type":"Feature","geometry":{"type":"Point","coordinates":[36.978944,-1.268667]},"properties":{"lines":"33H, 0039","color":"#0059a9","mode":"bus","arr":["33H","0039"],"angle":-48.5,"extra":1,"ei":4}},{"type":"Feature","geometry":{"type":"Point","coordinates":[36.974557,-1.272933]},"properties":{"lines":"33H","color":"#0059a9","mode":"bus","arr":["33H"],"angle":-37.4,"side":-1}},{"type":"Feature","geometry":{"type":"Point","coordinates":[36.978403,-1.269483]},"properties":{"lines":"33H","color":"#0059a9","mode":"bus","arr":["33H"],"angle":-48.6,"extra":1,"ei":0,"side":-1}},{"type":"Feature","geometry":{"type":"Point","coordinates":[36.977112,-1.270858]},"properties":{"lines":"33H","color":"#0059a9","mode":"bus","arr":["33H"],"angle":-44.1,"extra":1,"ei":1,"side":-1}},{"type":"Feature","geometry":{"type":"Point","coordinates":[36.975688,-1.272095]},"properties":{"lines":"33H","color":"#0059a9","mode":"bus","arr":["33H"],"angle":-37.3,"extra":1,"ei":2,"side":-1}},{"type":"Feature","geometry":{"type":"Point","coordinates":[36.972707,-1.274413]},"properties":{"lines":"33H","color":"#0059a9","mode":"bus","arr":["33H"],"angle":-40.7,"extra":1,"ei":3,"side":-1}},{"type":"Feature","geometry":{"type":"Point","coordinates":[36.971352,-1.275728]},"properties":{"lines":"33H","color":"#0059a9","mode":"bus","arr":["33H"],"angle":-43.6,"extra":1,"ei":4,"side":-1}},{"type":"Feature","geometry":{"type":"Point","coordinates":[36.968945,-1.278031]},"properties":{"lines":"33H, 33J, 33UTW","color":"#0059a9","mode":"bus","arr":["33H","33J","33UTW"],"angle":-37.8,"side":-1}},{"type":"Feature","geometry":{"type":"Point","coordinates":[36.940837,-1.296977]},"properties":{"lines":"33H, 33J, 33UTW, 0039","color":"#0059a9","mode":"bus","arr":["33H","33J","33UTW","0039"],"angle":-53.6}},{"type":"Feature","geometry":{"type":"Point","coordinates":[36.963028,-1.281249]},"properties":{"lines":"33H, 33J, 33UTW, 0039","color":"#0059a9","mode":"bus","arr":["33H","33J","33UTW","0039"],"angle":-25.9,"side":-1}},{"type":"Feature","geometry":{"type":"Point","coordinates":[36.967155,-1.279281]},"properties":{"lines":"33H, 33J, 33UTW, 0039","color":"#0059a9","mode":"bus","arr":["33H","33J","33UTW","0039"],"angle":-27.9,"extra":1,"ei":0}},{"type":"Feature","geometry":{"type":"Point","coordinates":[36.965462,-1.280115]},"properties":{"lines":"33H, 33J, 33UTW, 0039","color":"#0059a9","mode":"bus","arr":["33H","33J","33UTW","0039"],"angle":-24.2,"extra":1,"ei":1,"side":-1}},{"type":"Feature","geometry":{"type":"Point","coordinates":[36.960418,-1.282687]},"properties":{"lines":"33H, 33J, 33UTW, 0039","color":"#0059a9","mode":"bus","arr":["33H","33J","33UTW","0039"],"angle":-31.4,"extra":1,"ei":2,"side":-1}},{"type":"Feature","geometry":{"type":"Point","coordinates":[36.958819,-1.283692]},"properties":{"lines":"33H, 33J, 33UTW, 0039","color":"#0059a9","mode":"bus","arr":["33H","33J","33UTW","0039"],"angle":-32.6,"extra":1,"ei":3,"side":-1}},{"type":"Feature","geometry":{"type":"Point","coordinates":[36.926479,-1.311376]},"properties":{"lines":"33H, 33J, 33UTW, 0039","color":"#0059a9","mode":"bus","arr":["33H","33J","33UTW","0039"],"angle":-12.5,"extra":1,"ei":0}},{"type":"Feature","geometry":{"type":"Point","coordinates":[36.928322,-1.310963]},"properties":{"lines":"33H, 33J, 33UTW, 0039","color":"#0059a9","mode":"bus","arr":["33H","33J","33UTW","0039"],"angle":-13.8,"extra":1,"ei":1}},{"type":"Feature","geometry":{"type":"Point","coordinates":[36.930091,-1.310315]},"properties":{"lines":"33H, 33J, 33UTW, 0039","color":"#0059a9","mode":"bus","arr":["33H","33J","33UTW","0039"],"angle":-27.8,"extra":1,"ei":2}},{"type":"Feature","geometry":{"type":"Point","coordinates":[36.931624,-1.30922]},"properties":{"lines":"33H, 33J, 33UTW, 0039","color":"#0059a9","mode":"bus","arr":["33H","33J","33UTW","0039"],"angle":-42.6,"extra":1,"ei":3}},{"type":"Feature","geometry":{"type":"Point","coordinates":[36.932858,-1.307795]},"properties":{"lines":"33H, 33J, 33UTW, 0039","color":"#0059a9","mode":"bus","arr":["33H","33J","33UTW","0039"],"angle":-53.7,"extra":1,"ei":4}},{"type":"Feature","geometry":{"type":"Point","coordinates":[36.93398,-1.306276]},"properties":{"lines":"33H, 33J, 33UTW, 0039","color":"#0059a9","mode":"bus","arr":["33H","33J","33UTW","0039"],"angle":-53.5,"extra":1,"ei":5}},{"type":"Feature","geometry":{"type":"Point","coordinates":[36.935109,-1.304762]},"properties":{"lines":"33H, 33J, 33UTW, 0039","color":"#0059a9","mode":"bus","arr":["33H","33J","33UTW","0039"],"angle":-53,"extra":1,"ei":6}},{"type":"Feature","geometry":{"type":"Point","coordinates":[36.936228,-1.303241]},"properties":{"lines":"33H, 33J, 33UTW, 0039","color":"#0059a9","mode":"bus","arr":["33H","33J","33UTW","0039"],"angle":-54,"extra":1,"ei":7}},{"type":"Feature","geometry":{"type":"Point","coordinates":[36.937344,-1.301717]},"properties":{"lines":"33H, 33J, 33UTW, 0039","color":"#0059a9","mode":"bus","arr":["33H","33J","33UTW","0039"],"angle":-53.6,"extra":1,"ei":8}},{"type":"Feature","geometry":{"type":"Point","coordinates":[36.938464,-1.300196]},"properties":{"lines":"33H, 33J, 33UTW, 0039","color":"#0059a9","mode":"bus","arr":["33H","33J","33UTW","0039"],"angle":-53.6,"extra":1,"ei":9}},{"type":"Feature","geometry":{"type":"Point","coordinates":[36.939585,-1.298676]},"properties":{"lines":"33H, 33J, 33UTW, 0039","color":"#0059a9","mode":"bus","arr":["33H","33J","33UTW","0039"],"angle":-53.6,"extra":1,"ei":10}},{"type":"Feature","geometry":{"type":"Point","coordinates":[36.941824,-1.295633]},"properties":{"lines":"33H, 33J, 33UTW, 0039","color":"#0059a9","mode":"bus","arr":["33H","33J","33UTW","0039"],"angle":-54,"extra":1,"ei":11}},{"type":"Feature","geometry":{"type":"Point","coordinates":[36.942962,-1.294127]},"properties":{"lines":"33H, 33J, 33UTW, 0039","color":"#0059a9","mode":"bus","arr":["33H","33J","33UTW","0039"],"angle":-50,"extra":1,"ei":12}},{"type":"Feature","geometry":{"type":"Point","coordinates":[36.94428,-1.292779]},"properties":{"lines":"33H, 33J, 33UTW, 0039","color":"#0059a9","mode":"bus","arr":["33H","33J","33UTW","0039"],"angle":-39.8,"extra":1,"ei":13}},{"type":"Feature","geometry":{"type":"Point","coordinates":[36.945803,-1.291665]},"properties":{"lines":"33H, 33J, 33UTW, 0039","color":"#0059a9","mode":"bus","arr":["33H","33J","33UTW","0039"],"angle":-31.9,"extra":1,"ei":14}},{"type":"Feature","geometry":{"type":"Point","coordinates":[36.947407,-1.290667]},"properties":{"lines":"33H, 33J, 33UTW, 0039","color":"#0059a9","mode":"bus","arr":["33H","33J","33UTW","0039"],"angle":-31.7,"extra":1,"ei":15}},{"type":"Feature","geometry":{"type":"Point","coordinates":[36.949017,-1.289679]},"properties":{"lines":"33H, 33J, 33UTW, 0039","color":"#0059a9","mode":"bus","arr":["33H","33J","33UTW","0039"],"angle":-31.4,"extra":1,"ei":16}},{"type":"Feature","geometry":{"type":"Point","coordinates":[36.950618,-1.288676]},"properties":{"lines":"33H, 33J, 33UTW, 0039","color":"#0059a9","mode":"bus","arr":["33H","33J","33UTW","0039"],"angle":-32.8,"extra":1,"ei":17}},{"type":"Feature","geometry":{"type":"Point","coordinates":[36.952216,-1.28767]},"properties":{"lines":"33H, 33J, 33UTW, 0039","color":"#0059a9","mode":"bus","arr":["33H","33J","33UTW","0039"],"angle":-31.4,"extra":1,"ei":18}},{"type":"Feature","geometry":{"type":"Point","coordinates":[36.953818,-1.286668]},"properties":{"lines":"33H, 33J, 33UTW, 0039","color":"#0059a9","mode":"bus","arr":["33H","33J","33UTW","0039"],"angle":-32,"extra":1,"ei":19}},{"type":"Feature","geometry":{"type":"Point","coordinates":[36.95542,-1.285668]},"properties":{"lines":"33H, 33J, 33UTW, 0039","color":"#0059a9","mode":"bus","arr":["33H","33J","33UTW","0039"],"angle":-31.9,"extra":1,"ei":20}},{"type":"Feature","geometry":{"type":"Point","coordinates":[36.957023,-1.284669]},"properties":{"lines":"33H, 33J, 33UTW, 0039","color":"#0059a9","mode":"bus","arr":["33H","33J","33UTW","0039"],"angle":-32.2,"extra":1,"ei":21}},{"type":"Feature","geometry":{"type":"Point","coordinates":[36.962039,-1.281601]},"properties":{"lines":"33UTW","color":"#0059a9","mode":"bus","arr":["33UTW"],"angle":-29.1,"mi":3}},{"type":"Feature","geometry":{"type":"Point","coordinates":[36.959003,-1.283437]},"properties":{"lines":"33UTW","color":"#0059a9","mode":"bus","arr":["33UTW"],"angle":-31.7,"extra":1,"ei":0}},{"type":"Feature","geometry":{"type":"Point","coordinates":[36.960616,-1.282453]},"properties":{"lines":"33UTW","color":"#0059a9","mode":"bus","arr":["33UTW"],"angle":-31.6,"extra":1,"ei":1}},{"type":"Feature","geometry":{"type":"Point","coordinates":[36.963939,-1.280665]},"properties":{"lines":"33UTW","color":"#0059a9","mode":"bus","arr":["33UTW"],"angle":-24.8,"extra":1,"ei":2}},{"type":"Feature","geometry":{"type":"Point","coordinates":[36.965652,-1.279869]},"properties":{"lines":"33UTW","color":"#0059a9","mode":"bus","arr":["33UTW"],"angle":-23.8,"extra":1,"ei":3}},{"type":"Feature","geometry":{"type":"Point","coordinates":[36.924424,-1.311993]},"properties":{"lines":"33H, 33J, 33UTW, 0039","color":"#0059a9","mode":"bus","arr":["33H","33J","33UTW","0039"],"angle":-27.9}},{"type":"Feature","geometry":{"type":"Point","coordinates":[36.868444,-1.330881]},"properties":{"lines":"33H","color":"#0059a9","mode":"bus","arr":["33H"],"angle":-8,"mi":2}},{"type":"Feature","geometry":{"type":"Point","coordinates":[36.870281,-1.330626]},"properties":{"lines":"33H","color":"#0059a9","mode":"bus","arr":["33H"],"angle":-7.3,"extra":1,"ei":0}},{"type":"Feature","geometry":{"type":"Point","coordinates":[36.866538,-1.33114]},"properties":{"lines":"33H","color":"#0059a9","mode":"bus","arr":["33H"],"angle":-7.3,"extra":1,"ei":1}},{"type":"Feature","geometry":{"type":"Point","coordinates":[36.905448,-1.320408]},"properties":{"lines":"33H, 33J, 34J, 0039","color":"#0059a9","mode":"bus","arr":["33H","33J","34J","0039"],"angle":-31.7}},{"type":"Feature","geometry":{"type":"Point","coordinates":[36.903498,-1.321606]},"properties":{"lines":"33H, 33J, 34J, 0039","color":"#0059a9","mode":"bus","arr":["33H","33J","34J","0039"],"angle":-31.6,"extra":1,"ei":0,"side":-1}},{"type":"Feature","geometry":{"type":"Point","coordinates":[36.906715,-1.319625]},"properties":{"lines":"33H, 33J, 34J, 0039","color":"#0059a9","mode":"bus","arr":["33H","33J","34J","0039"],"angle":-30.9,"extra":1,"ei":1}},{"type":"Feature","geometry":{"type":"Point","coordinates":[36.968967,-1.277883]},"properties":{"lines":"33H, 33J, 0039","color":"#0059a9","mode":"bus","arr":["33H","33J","0039"],"angle":-41}},{"type":"Feature","geometry":{"type":"Point","coordinates":[36.981592,-1.265502]},"properties":{"lines":"33H, 0039","color":"#0059a9","mode":"bus","arr":["33H","0039"],"angle":-52.3,"mi":1}},{"type":"Feature","geometry":{"type":"Point","coordinates":[36.982006,-1.263867]},"properties":{"lines":"33H, 38/39, 0039, 145B, 3738","color":"#0059a9","mode":"bus","arr":["33H","38/39","0039","145B","3738"],"angle":15.8}},{"type":"Feature","geometry":{"type":"Point","coordinates":[36.961583,-1.253445]},"properties":{"lines":"38/39, 3738","color":"#0059a9","mode":"bus","arr":["38/39","3738"],"angle":14.2}},{"type":"Feature","geometry":{"type":"Point","coordinates":[36.990029,-1.267068]},"properties":{"lines":"38/39, 3738","color":"#0059a9","mode":"bus","arr":["38/39","3738"],"angle":31.3}},{"type":"Feature","geometry":{"type":"Point","coordinates":[36.917671,-1.258359]},"properties":{"lines":"38/39, 3738","color":"#0059a9","mode":"bus","arr":["38/39","3738"],"angle":-9.7}},{"type":"Feature","geometry":{"type":"Point","coordinates":[36.98043,-1.263606]},"properties":{"lines":"38/39, 3738","color":"#0059a9","mode":"bus","arr":["38/39","3738"],"angle":17.4,"extra":1,"ei":0,"side":-1}},{"type":"Feature","geometry":{"type":"Point","coordinates":[36.978654,-1.262879]},"properties":{"lines":"38/39, 3738","color":"#0059a9","mode":"bus","arr":["38/39","3738"],"angle":15.6,"extra":1,"ei":0}},{"type":"Feature","geometry":{"type":"Point","coordinates":[36.976834,-1.26237]},"properties":{"lines":"38/39, 3738","color":"#0059a9","mode":"bus","arr":["38/39","3738"],"angle":15,"extra":1,"ei":1}},{"type":"Feature","geometry":{"type":"Point","coordinates":[36.975036,-1.261806]},"properties":{"lines":"38/39, 3738","color":"#0059a9","mode":"bus","arr":["38/39","3738"],"angle":26.7,"extra":1,"ei":2}},{"type":"Feature","geometry":{"type":"Point","coordinates":[36.97341,-1.260847]},"properties":{"lines":"38/39, 3738","color":"#0059a9","mode":"bus","arr":["38/39","3738"],"angle":36.1,"extra":1,"ei":3}},{"type":"Feature","geometry":{"type":"Point","coordinates":[36.972066,-1.259528]},"properties":{"lines":"38/39, 3738","color":"#0059a9","mode":"bus","arr":["38/39","3738"],"angle":51.1,"extra":1,"ei":4}},{"type":"Feature","geometry":{"type":"Point","coordinates":[36.970909,-1.258036]},"properties":{"lines":"38/39, 3738","color":"#0059a9","mode":"bus","arr":["38/39","3738"],"angle":49.1,"extra":1,"ei":5}},{"type":"Feature","geometry":{"type":"Point","coordinates":[36.969593,-1.256685]},"properties":{"lines":"38/39, 3738","color":"#0059a9","mode":"bus","arr":["38/39","3738"],"angle":40.7,"extra":1,"ei":6}},{"type":"Feature","geometry":{"type":"Point","coordinates":[36.968062,-1.255585]},"properties":{"lines":"38/39, 3738","color":"#0059a9","mode":"bus","arr":["38/39","3738"],"angle":29.9,"extra":1,"ei":7}},{"type":"Feature","geometry":{"type":"Point","coordinates":[36.966366,-1.254758]},"properties":{"lines":"38/39, 3738","color":"#0059a9","mode":"bus","arr":["38/39","3738"],"angle":21.3,"extra":1,"ei":8}},{"type":"Feature","geometry":{"type":"Point","coordinates":[36.96456,-1.254208]},"properties":{"lines":"38/39, 3738","color":"#0059a9","mode":"bus","arr":["38/39","3738"],"angle":14.8,"extra":1,"ei":9}},{"type":"Feature","geometry":{"type":"Point","coordinates":[36.962731,-1.253735]},"properties":{"lines":"38/39, 3738","color":"#0059a9","mode":"bus","arr":["38/39","3738"],"angle":14.2,"extra":1,"ei":10}},{"type":"Feature","geometry":{"type":"Point","coordinates":[36.959072,-1.252796]},"properties":{"lines":"38/39, 3738","color":"#0059a9","mode":"bus","arr":["38/39","3738"],"angle":14.4,"extra":1,"ei":11}},{"type":"Feature","geometry":{"type":"Point","coordinates":[36.957245,-1.252314]},"properties":{"lines":"38/39, 3738","color":"#0059a9","mode":"bus","arr":["38/39","3738"],"angle":14.7,"extra":1,"ei":12}},{"type":"Feature","geometry":{"type":"Point","coordinates":[36.955419,-1.251831]},"properties":{"lines":"38/39, 3738","color":"#0059a9","mode":"bus","arr":["38/39","3738"],"angle":17.2,"extra":1,"ei":13}},{"type":"Feature","geometry":{"type":"Point","coordinates":[36.953651,-1.251171]},"properties":{"lines":"38/39, 3738","color":"#0059a9","mode":"bus","arr":["38/39","3738"],"angle":23.7,"extra":1,"ei":14}},{"type":"Feature","geometry":{"type":"Point","coordinates":[36.951967,-1.250317]},"properties":{"lines":"38/39, 3738","color":"#0059a9","mode":"bus","arr":["38/39","3738"],"angle":27.8,"extra":1,"ei":15}},{"type":"Feature","geometry":{"type":"Point","coordinates":[36.950274,-1.249486]},"properties":{"lines":"38/39, 3738","color":"#0059a9","mode":"bus","arr":["38/39","3738"],"angle":19.8,"extra":1,"ei":16}},{"type":"Feature","geometry":{"type":"Point","coordinates":[36.948471,-1.248926]},"properties":{"lines":"38/39, 3738","color":"#0059a9","mode":"bus","arr":["38/39","3738"],"angle":12.3,"extra":1,"ei":17}},{"type":"Feature","geometry":{"type":"Point","coordinates":[36.946598,-1.248701]},"properties":{"lines":"38/39, 3738","color":"#0059a9","mode":"bus","arr":["38/39","3738"],"angle":1.8,"extra":1,"ei":18}},{"type":"Feature","geometry":{"type":"Point","coordinates":[36.944715,-1.248801]},"properties":{"lines":"38/39, 3738","color":"#0059a9","mode":"bus","arr":["38/39","3738"],"angle":-7,"extra":1,"ei":19}},{"type":"Feature","geometry":{"type":"Point","coordinates":[36.942867,-1.249179]},"properties":{"lines":"38/39, 3738","color":"#0059a9","mode":"bus","arr":["38/39","3738"],"angle":-18,"extra":1,"ei":20}},{"type":"Feature","geometry":{"type":"Point","coordinates":[36.94113,-1.249913]},"properties":{"lines":"38/39, 3738","color":"#0059a9","mode":"bus","arr":["38/39","3738"],"angle":-27.1,"extra":1,"ei":21}},{"type":"Feature","geometry":{"type":"Point","coordinates":[36.991306,-1.268057]},"properties":{"lines":"38/39, 3738","color":"#0059a9","mode":"bus","arr":["38/39","3738"],"angle":30.9,"extra":1,"ei":0,"side":-1}},{"type":"Feature","geometry":{"type":"Point","coordinates":[36.988048,-1.266149]},"properties":{"lines":"38/39, 3738","color":"#0059a9","mode":"bus","arr":["38/39","3738"],"angle":27,"extra":1,"ei":1,"side":-1}},{"type":"Feature","geometry":{"type":"Point","coordinates":[36.986329,-1.265371]},"properties":{"lines":"38/39, 3738","color":"#0059a9","mode":"bus","arr":["38/39","3738"],"angle":20.8,"extra":1,"ei":2,"side":-1}},{"type":"Feature","geometry":{"type":"Point","coordinates":[36.984536,-1.264777]},"properties":{"lines":"38/39, 3738","color":"#0059a9","mode":"bus","arr":["38/39","3738"],"angle":17.3,"extra":1,"ei":3,"side":-1}},{"type":"Feature","geometry":{"type":"Point","coordinates":[36.913524,-1.259193]},"properties":{"lines":"38/39, 3738","color":"#0059a9","mode":"bus","arr":["38/39","3738"],"angle":-17.2,"extra":1,"ei":0}},{"type":"Feature","geometry":{"type":"Point","coordinates":[36.915365,-1.258777]},"properties":{"lines":"38/39, 3738","color":"#0059a9","mode":"bus","arr":["38/39","3738"],"angle":-10.6,"extra":1,"ei":1}},{"type":"Feature","geometry":{"type":"Point","coordinates":[36.919083,-1.258125]},"properties":{"lines":"38/39, 3738","color":"#0059a9","mode":"bus","arr":["38/39","3738"],"angle":-10.4,"extra":1,"ei":2}},{"type":"Feature","geometry":{"type":"Point","coordinates":[36.920937,-1.257764]},"properties":{"lines":"38/39, 3738","color":"#0059a9","mode":"bus","arr":["38/39","3738"],"angle":-10.8,"extra":1,"ei":3}},{"type":"Feature","geometry":{"type":"Point","coordinates":[36.993665,-1.269296]},"properties":{"lines":"38/39, 3738","color":"#0059a9","mode":"bus","arr":["38/39","3738"],"angle":31.4,"extra":1,"ei":0}},{"type":"Feature","geometry":{"type":"Point","coordinates":[36.995274,-1.270285]},"properties":{"lines":"38/39, 3738","color":"#0059a9","mode":"bus","arr":["38/39","3738"],"angle":31.7,"extra":1,"ei":1}},{"type":"Feature","geometry":{"type":"Point","coordinates":[36.88064,-1.326928]},"properties":{"lines":"33IMR, 33MKR","color":"#0059a9","mode":"bus","arr":["33IMR","33MKR"],"angle":-86}},{"type":"Feature","geometry":{"type":"Point","coordinates":[36.888413,-1.331617]},"properties":{"lines":"33IMR, 33MKR, 110, 110ATH","color":"#0059a9","mode":"bus","arr":["33IMR","33MKR","110","110ATH"],"angle":40.9,"side":-1}},{"type":"Feature","geometry":{"type":"Point","coordinates":[36.886563,-1.330044]},"properties":{"lines":"33IMR, 33MKR, 110, 110ATH","color":"#0059a9","mode":"bus","arr":["33IMR","33MKR","110","110ATH"],"angle":34.8,"extra":1,"ei":0,"side":-1}},{"type":"Feature","geometry":{"type":"Point","coordinates":[36.88943,-1.332501]},"properties":{"lines":"33IMR, 33MKR, 110, 110ATH","color":"#0059a9","mode":"bus","arr":["33IMR","33MKR","110","110ATH"],"angle":40.1,"extra":1,"ei":1}},{"type":"Feature","geometry":{"type":"Point","coordinates":[36.890852,-1.333743]},"properties":{"lines":"33IMR, 33MKR, 110, 110ATH","color":"#0059a9","mode":"bus","arr":["33IMR","33MKR","110","110ATH"],"angle":41.2,"extra":1,"ei":2,"side":-1}},{"type":"Feature","geometry":{"type":"Point","coordinates":[36.828644,-1.288801]},"properties":{"lines":"33IMR","color":"#0059a9","mode":"bus","arr":["33IMR"],"angle":-28,"side":-1}},{"type":"Feature","geometry":{"type":"Point","coordinates":[36.97868,-1.287964]},"properties":{"lines":"33J, 33UTW","color":"#0059a9","mode":"bus","arr":["33J","33UTW"],"angle":-20.8,"mi":2}},{"type":"Feature","geometry":{"type":"Point","coordinates":[36.981688,-1.286798]},"properties":{"lines":"33J, 33UTW","color":"#0059a9","mode":"bus","arr":["33J","33UTW"],"angle":-21.2,"extra":1,"ei":0}},{"type":"Feature","geometry":{"type":"Point","coordinates":[36.979926,-1.28748]},"properties":{"lines":"33J, 33UTW","color":"#0059a9","mode":"bus","arr":["33J","33UTW"],"angle":-21.4,"extra":1,"ei":1}},{"type":"Feature","geometry":{"type":"Point","coordinates":[36.9764,-1.288837]},"properties":{"lines":"33J, 33UTW","color":"#0059a9","mode":"bus","arr":["33J","33UTW"],"angle":-21.3,"extra":1,"ei":2}},{"type":"Feature","geometry":{"type":"Point","coordinates":[36.985733,-1.28524]},"properties":{"lines":"33UTW","color":"#0059a9","mode":"bus","arr":["33UTW"],"angle":-21.5,"mi":1}},{"type":"Feature","geometry":{"type":"Point","coordinates":[36.98345,-1.286119]},"properties":{"lines":"33UTW","color":"#0059a9","mode":"bus","arr":["33UTW"],"angle":-20.8,"extra":1,"ei":0}},{"type":"Feature","geometry":{"type":"Point","coordinates":[36.986973,-1.284755]},"properties":{"lines":"33UTW","color":"#0059a9","mode":"bus","arr":["33UTW"],"angle":-21.3,"extra":1,"ei":1}},{"type":"Feature","geometry":{"type":"Point","coordinates":[36.988732,-1.284064]},"properties":{"lines":"33UTW","color":"#0059a9","mode":"bus","arr":["33UTW"],"angle":-21.6,"extra":1,"ei":2}},{"type":"Feature","geometry":{"type":"Point","coordinates":[36.972533,-1.283461]},"properties":{"lines":"33J, 33UTW","color":"#0059a9","mode":"bus","arr":["33J","33UTW"],"angle":70.9}},{"type":"Feature","geometry":{"type":"Point","coordinates":[36.974439,-1.28863]},"properties":{"lines":"33J, 33UTW","color":"#0059a9","mode":"bus","arr":["33J","33UTW"],"angle":71.7,"extra":1,"ei":0}},{"type":"Feature","geometry":{"type":"Point","coordinates":[36.973766,-1.286868]},"properties":{"lines":"33J, 33UTW","color":"#0059a9","mode":"bus","arr":["33J","33UTW"],"angle":68.9,"extra":1,"ei":1}},{"type":"Feature","geometry":{"type":"Point","coordinates":[36.973135,-1.28509]},"properties":{"lines":"33J, 33UTW","color":"#0059a9","mode":"bus","arr":["33J","33UTW"],"angle":69.6,"extra":1,"ei":2}},{"type":"Feature","geometry":{"type":"Point","coordinates":[36.971791,-1.281572]},"properties":{"lines":"33J, 33UTW","color":"#0059a9","mode":"bus","arr":["33J","33UTW"],"angle":69.3,"extra":1,"ei":3}},{"type":"Feature","geometry":{"type":"Point","coordinates":[36.971125,-1.279804]},"properties":{"lines":"33J, 33UTW","color":"#0059a9","mode":"bus","arr":["33J","33UTW"],"angle":68.5,"extra":1,"ei":4}},{"type":"Feature","geometry":{"type":"Point","coordinates":[36.970463,-1.278036]},"properties":{"lines":"33J, 33UTW","color":"#0059a9","mode":"bus","arr":["33J","33UTW"],"angle":70.2,"extra":1,"ei":5}},{"type":"Feature","geometry":{"type":"Point","coordinates":[36.970096,-1.277269]},"properties":{"lines":"33J, 33UTW","color":"#0059a9","mode":"bus","arr":["33J","33UTW"],"angle":28.7,"side":-1,"mi":1}},{"type":"Feature","geometry":{"type":"Point","coordinates":[36.921761,-1.315456]},"properties":{"lines":"33J","color":"#0059a9","mode":"bus","arr":["33J"],"angle":-49.4,"side":-1}},{"type":"Feature","geometry":{"type":"Point","coordinates":[36.886196,-1.331359]},"properties":{"lines":"33J, 34J","color":"#0059a9","mode":"bus","arr":["33J","34J"],"angle":-64.9,"mi":1}},{"type":"Feature","geometry":{"type":"Point","coordinates":[36.88855,-1.33131]},"properties":{"lines":"33J, 34J","color":"#0059a9","mode":"bus","arr":["33J","34J"],"angle":-35.9}},{"type":"Feature","geometry":{"type":"Point","coordinates":[36.889701,-1.330485]},"properties":{"lines":"33J, 34J","color":"#0059a9","mode":"bus","arr":["33J","34J"],"angle":-35.6,"extra":1,"ei":0,"side":-1}},{"type":"Feature","geometry":{"type":"Point","coordinates":[36.88783,-1.325319]},"properties":{"lines":"33MKR","color":"#0059a9","mode":"bus","arr":["33MKR"],"angle":-28.3,"mi":1}},{"type":"Feature","geometry":{"type":"Point","coordinates":[36.88593,-1.32455]},"properties":{"lines":"33MKR","color":"#0059a9","mode":"bus","arr":["33MKR"],"angle":62}},{"type":"Feature","geometry":{"type":"Point","coordinates":[36.886518,-1.325659]},"properties":{"lines":"33MKR","color":"#0059a9","mode":"bus","arr":["33MKR"],"angle":62.1,"extra":1,"ei":0}},{"type":"Feature","geometry":{"type":"Point","coordinates":[36.882966,-1.32411]},"properties":{"lines":"33MKR","color":"#0059a9","mode":"bus","arr":["33MKR"],"angle":-25.6,"mi":2}},{"type":"Feature","geometry":{"type":"Point","coordinates":[36.881625,-1.324826]},"properties":{"lines":"33MKR","color":"#0059a9","mode":"bus","arr":["33MKR"],"angle":-28.3,"extra":1,"ei":0}},{"type":"Feature","geometry":{"type":"Point","coordinates":[36.885002,-1.323245]},"properties":{"lines":"33MKR","color":"#0059a9","mode":"bus","arr":["33MKR"],"angle":-25.9,"extra":1,"ei":1}},{"type":"Feature","geometry":{"type":"Point","coordinates":[36.800214,-1.306871]},"properties":{"lines":"33NG","color":"#0059a9","mode":"bus","arr":["33NG"],"angle":-55.1}},{"type":"Feature","geometry":{"type":"Point","coordinates":[36.802497,-1.306793]},"properties":{"lines":"33NG","color":"#0059a9","mode":"bus","arr":["33NG"],"angle":63.5,"extra":1,"ei":0}},{"type":"Feature","geometry":{"type":"Point","coordinates":[36.798427,-1.308711]},"properties":{"lines":"33NG","color":"#0059a9","mode":"bus","arr":["33NG"],"angle":-75.1,"extra":1,"ei":1}},{"type":"Feature","geometry":{"type":"Point","coordinates":[36.80195,-1.310995]},"properties":{"lines":"33NG","color":"#0059a9","mode":"bus","arr":["33NG"],"angle":-71.8,"mi":1}},{"type":"Feature","geometry":{"type":"Point","coordinates":[36.802087,-1.308123]},"properties":{"lines":"33NG","color":"#0059a9","mode":"bus","arr":["33NG"],"angle":-56.9,"extra":1,"ei":0}},{"type":"Feature","geometry":{"type":"Point","coordinates":[36.799773,-1.310799]},"properties":{"lines":"33NG","color":"#0059a9","mode":"bus","arr":["33NG"],"angle":58.4,"extra":1,"ei":1}},{"type":"Feature","geometry":{"type":"Point","coordinates":[36.803347,-1.307475]},"properties":{"lines":"33NG, 33SB","color":"#0059a9","mode":"bus","arr":["33NG","33SB"],"angle":-21.8}},{"type":"Feature","geometry":{"type":"Point","coordinates":[36.802467,-1.301315]},"properties":{"lines":"33NG, 34L","color":"#0059a9","mode":"bus","arr":["33NG","34L"],"angle":-65.8,"side":-1}},{"type":"Feature","geometry":{"type":"Point","coordinates":[36.803129,-1.299153]},"properties":{"lines":"33NG, 34L","color":"#0059a9","mode":"bus","arr":["33NG","34L"],"angle":81.2,"extra":1,"ei":0}},{"type":"Feature","geometry":{"type":"Point","coordinates":[36.80257,-1.302716]},"properties":{"lines":"33NG, 34L","color":"#0059a9","mode":"bus","arr":["33NG","34L"],"angle":77.3,"extra":1,"ei":1}},{"type":"Feature","geometry":{"type":"Point","coordinates":[36.803311,-1.305856]},"properties":{"lines":"33NG, 33SB, 34L","color":"#0059a9","mode":"bus","arr":["33NG","33SB","34L"],"angle":75.5}},{"type":"Feature","geometry":{"type":"Point","coordinates":[36.834555,-1.311624]},"properties":{"lines":"33SB","color":"#0059a9","mode":"bus","arr":["33SB"],"angle":0.8,"mi":4}},{"type":"Feature","geometry":{"type":"Point","coordinates":[36.833698,-1.31142]},"properties":{"lines":"33SB","color":"#0059a9","mode":"bus","arr":["33SB"],"angle":83.1,"mi":3}},{"type":"Feature","geometry":{"type":"Point","coordinates":[36.832331,-1.311184]},"properties":{"lines":"33SB","color":"#0059a9","mode":"bus","arr":["33SB"],"angle":-0.5,"mi":2}},{"type":"Feature","geometry":{"type":"Point","coordinates":[36.830276,-1.311297]},"properties":{"lines":"33SB","color":"#0059a9","mode":"bus","arr":["33SB"],"angle":-24.4}},{"type":"Feature","geometry":{"type":"Point","coordinates":[36.8289,-1.311857]},"properties":{"lines":"33SB","color":"#0059a9","mode":"bus","arr":["33SB"],"angle":-25.1,"side":-1,"mi":1}},{"type":"Feature","geometry":{"type":"Point","coordinates":[36.822786,-1.311782]},"properties":{"lines":"33SB","color":"#0059a9","mode":"bus","arr":["33SB"],"angle":63,"mi":5}},{"type":"Feature","geometry":{"type":"Point","coordinates":[36.899742,-1.323945]},"properties":{"lines":"33TP","color":"#0059a9","mode":"bus","arr":["33TP"],"angle":58.6}},{"type":"Feature","geometry":{"type":"Point","coordinates":[36.828442,-1.284981]},"properties":{"lines":"33TP, 145","color":"#0059a9","mode":"bus","arr":["33TP","145"],"angle":55}},{"type":"Feature","geometry":{"type":"Point","coordinates":[36.827505,-1.283562]},"properties":{"lines":"33TP, 145, 237","color":"#0059a9","mode":"bus","arr":["33TP","145","237"],"angle":56.1}},{"type":"Feature","geometry":{"type":"Point","coordinates":[36.826709,-1.283506]},"properties":{"lines":"33TP","color":"#0059a9","mode":"bus","arr":["33TP"],"angle":-57.7}},{"type":"Feature","geometry":{"type":"Point","coordinates":[36.984254,-1.28588]},"properties":{"lines":"33UTW","color":"#0059a9","mode":"bus","arr":["33UTW"],"angle":-21.4,"side":-1}},{"type":"Feature","geometry":{"type":"Point","coordinates":[36.968223,-1.278793]},"properties":{"lines":"33UTW","color":"#0059a9","mode":"bus","arr":["33UTW"],"angle":89.6,"mi":1}},{"type":"Feature","geometry":{"type":"Point","coordinates":[36.970921,-1.281475]},"properties":{"lines":"33UTW","color":"#0059a9","mode":"bus","arr":["33UTW"],"angle":-19.7,"mi":2}},{"type":"Feature","geometry":{"type":"Point","coordinates":[36.81877,-1.289695]},"properties":{"lines":"33UTW","color":"#0059a9","mode":"bus","arr":["33UTW"],"angle":64.4}},{"type":"Feature","geometry":{"type":"Point","coordinates":[36.819791,-1.291774]},"properties":{"lines":"33UTW","color":"#0059a9","mode":"bus","arr":["33UTW"],"angle":64.8,"extra":1,"ei":0}},{"type":"Feature","geometry":{"type":"Point","coordinates":[36.818128,-1.288383]},"properties":{"lines":"33UTW","color":"#0059a9","mode":"bus","arr":["33UTW"],"angle":63.4,"extra":1,"ei":1}},{"type":"Feature","geometry":{"type":"Point","coordinates":[36.823161,-1.283608]},"properties":{"lines":"33UTW, 46K","color":"#0059a9","mode":"bus","arr":["33UTW","46K"],"angle":-29.6}},{"type":"Feature","geometry":{"type":"Point","coordinates":[36.969165,-1.280435]},"properties":{"lines":"33UTW","color":"#0059a9","mode":"bus","arr":["33UTW"],"angle":57.3}},{"type":"Feature","geometry":{"type":"Point","coordinates":[36.899529,-1.292584]},"properties":{"lines":"34B, 1961K, 1961Kd","color":"#0059a9","mode":"bus","arr":["34B","1961K","1961Kd"],"angle":-17.6}},{"type":"Feature","geometry":{"type":"Point","coordinates":[36.89511,-1.296524]},"properties":{"lines":"34B, 1961K, 1961Kd","color":"#0059a9","mode":"bus","arr":["34B","1961K","1961Kd"],"angle":-52.9,"extra":1,"ei":0}},{"type":"Feature","geometry":{"type":"Point","coordinates":[36.895956,-1.294843]},"properties":{"lines":"34B, 1961K, 1961Kd","color":"#0059a9","mode":"bus","arr":["34B","1961K","1961Kd"],"angle":-50.7,"extra":1,"ei":1}},{"type":"Feature","geometry":{"type":"Point","coordinates":[36.897415,-1.293648]},"properties":{"lines":"34B, 1961K, 1961Kd","color":"#0059a9","mode":"bus","arr":["34B","1961K","1961Kd"],"angle":-37.2,"extra":1,"ei":2}},{"type":"Feature","geometry":{"type":"Point","coordinates":[36.900641,-1.291832]},"properties":{"lines":"34B, 1961K, 1961Kd","color":"#0059a9","mode":"bus","arr":["34B","1961K","1961Kd"],"angle":-35.9,"extra":1,"ei":3}},{"type":"Feature","geometry":{"type":"Point","coordinates":[36.901739,-1.290358]},"properties":{"lines":"34B, 1961K, 1961Kd","color":"#0059a9","mode":"bus","arr":["34B","1961K","1961Kd"],"angle":-67.5,"extra":1,"ei":4}},{"type":"Feature","geometry":{"type":"Point","coordinates":[36.902971,-1.288993]},"properties":{"lines":"34B, 1961K, 1961Kd","color":"#0059a9","mode":"bus","arr":["34B","1961K","1961Kd"],"angle":-36.4,"extra":1,"ei":5}},{"type":"Feature","geometry":{"type":"Point","coordinates":[36.904461,-1.287843]},"properties":{"lines":"34B, 1961K, 1961Kd","color":"#0059a9","mode":"bus","arr":["34B","1961K","1961Kd"],"angle":-45.6,"extra":1,"ei":6}},{"type":"Feature","geometry":{"type":"Point","coordinates":[36.891276,-1.299079]},"properties":{"lines":"34B, 1961K, 1961Kd","color":"#0059a9","mode":"bus","arr":["34B","1961K","1961Kd"],"angle":-8.4}},{"type":"Feature","geometry":{"type":"Point","coordinates":[36.88883,-1.300254]},"properties":{"lines":"34B, 1961K, 1961Kd","color":"#0059a9","mode":"bus","arr":["34B","1961K","1961Kd"],"angle":-37.6,"extra":1,"ei":0}},{"type":"Feature","geometry":{"type":"Point","coordinates":[36.893718,-1.297664]},"properties":{"lines":"34B, 1961K, 1961Kd","color":"#0059a9","mode":"bus","arr":["34B","1961K","1961Kd"],"angle":-37.1,"extra":1,"ei":1}},{"type":"Feature","geometry":{"type":"Point","coordinates":[36.887868,-1.301046]},"properties":{"lines":"34B, 1961K","color":"#0059a9","mode":"bus","arr":["34B","1961K"],"angle":-48.7,"side":-1}},{"type":"Feature","geometry":{"type":"Point","coordinates":[36.888004,-1.303004]},"properties":{"lines":"34B, 1961K","color":"#0059a9","mode":"bus","arr":["34B","1961K"],"angle":-16,"mi":2}},{"type":"Feature","geometry":{"type":"Point","coordinates":[36.887804,-1.300897]},"properties":{"lines":"34B, 1961K","color":"#0059a9","mode":"bus","arr":["34B","1961K"],"angle":11,"mi":1}},{"type":"Feature","geometry":{"type":"Point","coordinates":[36.925156,-1.331383]},"properties":{"lines":"34J","color":"#0059a9","mode":"bus","arr":["34J"],"angle":-2.9,"mi":9}},{"type":"Feature","geometry":{"type":"Point","coordinates":[36.92569,-1.329882]},"properties":{"lines":"34J","color":"#0059a9","mode":"bus","arr":["34J"],"angle":44.3,"mi":12}},{"type":"Feature","geometry":{"type":"Point","coordinates":[36.90772,-1.346013]},"properties":{"lines":"34J","color":"#0059a9","mode":"bus","arr":["34J"],"angle":6.3,"mi":11}},{"type":"Feature","geometry":{"type":"Point","coordinates":[36.926341,-1.332503]},"properties":{"lines":"34J","color":"#0059a9","mode":"bus","arr":["34J"],"angle":54.7,"extra":1,"ei":0,"side":-1}},{"type":"Feature","geometry":{"type":"Point","coordinates":[36.924251,-1.330048]},"properties":{"lines":"34J","color":"#0059a9","mode":"bus","arr":["34J"],"angle":-60.1,"extra":1,"ei":1}},{"type":"Feature","geometry":{"type":"Point","coordinates":[36.927636,-1.333067]},"properties":{"lines":"34J","color":"#0059a9","mode":"bus","arr":["34J"],"angle":-5.1,"mi":10}},{"type":"Feature","geometry":{"type":"Point","coordinates":[36.917595,-1.335153]},"properties":{"lines":"34J","color":"#0059a9","mode":"bus","arr":["34J"],"angle":-19.8,"mi":2}},{"type":"Feature","geometry":{"type":"Point","coordinates":[36.917773,-1.334096]},"properties":{"lines":"34J","color":"#0059a9","mode":"bus","arr":["34J"],"angle":-32.9,"mi":3}},{"type":"Feature","geometry":{"type":"Point","coordinates":[36.924582,-1.336341]},"properties":{"lines":"34J","color":"#0059a9","mode":"bus","arr":["34J"],"angle":-36,"mi":6}},{"type":"Feature","geometry":{"type":"Point","coordinates":[36.927233,-1.333717]},"properties":{"lines":"34J","color":"#0059a9","mode":"bus","arr":["34J"],"angle":-42.1,"extra":1,"ei":0}},{"type":"Feature","geometry":{"type":"Point","coordinates":[36.926136,-1.335195]},"properties":{"lines":"34J","color":"#0059a9","mode":"bus","arr":["34J"],"angle":-37.6,"extra":1,"ei":1}},{"type":"Feature","geometry":{"type":"Point","coordinates":[36.923088,-1.337425]},"properties":{"lines":"34J","color":"#0059a9","mode":"bus","arr":["34J"],"angle":-36,"extra":1,"ei":2}},{"type":"Feature","geometry":{"type":"Point","coordinates":[36.921561,-1.338538]},"properties":{"lines":"34J","color":"#0059a9","mode":"bus","arr":["34J"],"angle":-36.3,"extra":1,"ei":3}},{"type":"Feature","geometry":{"type":"Point","coordinates":[36.919279,-1.337157]},"properties":{"lines":"34J","color":"#0059a9","mode":"bus","arr":["34J"],"angle":52.8}},{"type":"Feature","geometry":{"type":"Point","coordinates":[36.918406,-1.335915]},"properties":{"lines":"34J","color":"#0059a9","mode":"bus","arr":["34J"],"angle":53.9,"extra":1,"ei":0}},{"type":"Feature","geometry":{"type":"Point","coordinates":[36.920609,-1.338982]},"properties":{"lines":"34J","color":"#0059a9","mode":"bus","arr":["34J"],"angle":53.5,"extra":1,"ei":1}},{"type":"Feature","geometry":{"type":"Point","coordinates":[36.914427,-1.337507]},"properties":{"lines":"34J","color":"#0059a9","mode":"bus","arr":["34J"],"angle":-35.9,"side":-1,"mi":1}},{"type":"Feature","geometry":{"type":"Point","coordinates":[36.916467,-1.336009]},"properties":{"lines":"34J","color":"#0059a9","mode":"bus","arr":["34J"],"angle":-37.7,"extra":1,"ei":0,"side":-1}},{"type":"Feature","geometry":{"type":"Point","coordinates":[36.91342,-1.33824]},"properties":{"lines":"34J","color":"#0059a9","mode":"bus","arr":["34J"],"angle":-36.1,"extra":1,"ei":1,"side":-1}},{"type":"Feature","geometry":{"type":"Point","coordinates":[36.911882,-1.339336]},"properties":{"lines":"34J","color":"#0059a9","mode":"bus","arr":["34J"],"angle":-43.5,"extra":1,"ei":2,"side":-1}},{"type":"Feature","geometry":{"type":"Point","coordinates":[36.915355,-1.336729]},"properties":{"lines":"34J","color":"#0059a9","mode":"bus","arr":["34J"],"angle":-35.7,"extra":1,"ei":0}},{"type":"Feature","geometry":{"type":"Point","coordinates":[36.912986,-1.341891]},"properties":{"lines":"34J","color":"#0059a9","mode":"bus","arr":["34J"],"angle":54.2,"mi":4}},{"type":"Feature","geometry":{"type":"Point","coordinates":[36.914396,-1.343593]},"properties":{"lines":"34J","color":"#0059a9","mode":"bus","arr":["34J"],"angle":11.7,"mi":5}},{"type":"Feature","geometry":{"type":"Point","coordinates":[36.911725,-1.340165]},"properties":{"lines":"34J","color":"#0059a9","mode":"bus","arr":["34J"],"angle":49.3,"extra":1,"ei":0}},{"type":"Feature","geometry":{"type":"Point","coordinates":[36.908578,-1.348075]},"properties":{"lines":"34J","color":"#0059a9","mode":"bus","arr":["34J"],"angle":-12.1,"mi":13}},{"type":"Feature","geometry":{"type":"Point","coordinates":[36.912043,-1.345739]},"properties":{"lines":"34J","color":"#0059a9","mode":"bus","arr":["34J"],"angle":-30.9,"mi":7}},{"type":"Feature","geometry":{"type":"Point","coordinates":[36.904,-1.345295]},"properties":{"lines":"34J","color":"#0059a9","mode":"bus","arr":["34J"],"angle":36,"mi":14}},{"type":"Feature","geometry":{"type":"Point","coordinates":[36.91363,-1.345153]},"properties":{"lines":"34J","color":"#0059a9","mode":"bus","arr":["34J"],"angle":-35.6,"extra":1,"ei":0}},{"type":"Feature","geometry":{"type":"Point","coordinates":[36.910551,-1.347339]},"properties":{"lines":"34J","color":"#0059a9","mode":"bus","arr":["34J"],"angle":-30.1,"extra":1,"ei":1}},{"type":"Feature","geometry":{"type":"Point","coordinates":[36.906927,-1.348231]},"properties":{"lines":"34J","color":"#0059a9","mode":"bus","arr":["34J"],"angle":1.2,"extra":1,"ei":2}},{"type":"Feature","geometry":{"type":"Point","coordinates":[36.905065,-1.347948]},"properties":{"lines":"34J","color":"#0059a9","mode":"bus","arr":["34J"],"angle":16.9,"extra":1,"ei":3}},{"type":"Feature","geometry":{"type":"Point","coordinates":[36.903355,-1.347162]},"properties":{"lines":"34J","color":"#0059a9","mode":"bus","arr":["34J"],"angle":31.3,"extra":1,"ei":4}},{"type":"Feature","geometry":{"type":"Point","coordinates":[36.926614,-1.334006]},"properties":{"lines":"34J","color":"#0059a9","mode":"bus","arr":["34J"],"angle":86,"mi":8}},{"type":"Feature","geometry":{"type":"Point","coordinates":[36.780971,-1.331652]},"properties":{"lines":"34L","color":"#0059a9","mode":"bus","arr":["34L"],"angle":63.8}},{"type":"Feature","geometry":{"type":"Point","coordinates":[36.887101,-1.283652]},"properties":{"lines":"35/60, 3560","color":"#0059a9","mode":"bus","arr":["35/60","3560"],"angle":74.9,"mi":1}},{"type":"Feature","geometry":{"type":"Point","coordinates":[36.888259,-1.278863]},"properties":{"lines":"35/60, 3560","color":"#0059a9","mode":"bus","arr":["35/60","3560"],"angle":-23.5,"extra":1,"ei":0}},{"type":"Feature","geometry":{"type":"Point","coordinates":[36.886857,-1.280116]},"properties":{"lines":"35/60, 3560","color":"#0059a9","mode":"bus","arr":["35/60","3560"],"angle":-45.5,"extra":1,"ei":1}},{"type":"Feature","geometry":{"type":"Point","coordinates":[36.886649,-1.28185]},"properties":{"lines":"35/60, 3560","color":"#0059a9","mode":"bus","arr":["35/60","3560"],"angle":75.3,"extra":1,"ei":2}},{"type":"Feature","geometry":{"type":"Point","coordinates":[36.887558,-1.285515]},"properties":{"lines":"35/60, 3560","color":"#0059a9","mode":"bus","arr":["35/60","3560"],"angle":76.8,"extra":1,"ei":3}},{"type":"Feature","geometry":{"type":"Point","coordinates":[36.888764,-1.28675]},"properties":{"lines":"35/60, 3560","color":"#0059a9","mode":"bus","arr":["35/60","3560"],"angle":14.9,"extra":1,"ei":4}},{"type":"Feature","geometry":{"type":"Point","coordinates":[36.890562,-1.287325]},"properties":{"lines":"35/60, 3560","color":"#0059a9","mode":"bus","arr":["35/60","3560"],"angle":22.5,"extra":1,"ei":5}},{"type":"Feature","geometry":{"type":"Point","coordinates":[36.893886,-1.284545]},"properties":{"lines":"35/60","color":"#0059a9","mode":"bus","arr":["35/60"],"angle":82.6}},{"type":"Feature","geometry":{"type":"Point","coordinates":[36.896359,-1.28112]},"properties":{"lines":"35/60","color":"#0059a9","mode":"bus","arr":["35/60"],"angle":75.6,"extra":1,"ei":0}},{"type":"Feature","geometry":{"type":"Point","coordinates":[36.896264,-1.282623]},"properties":{"lines":"35/60","color":"#0059a9","mode":"bus","arr":["35/60"],"angle":-13.3,"extra":1,"ei":1}},{"type":"Feature","geometry":{"type":"Point","coordinates":[36.894535,-1.283363]},"properties":{"lines":"35/60","color":"#0059a9","mode":"bus","arr":["35/60"],"angle":-28.1,"extra":1,"ei":2}},{"type":"Feature","geometry":{"type":"Point","coordinates":[36.894441,-1.286793]},"properties":{"lines":"35/60","color":"#0059a9","mode":"bus","arr":["35/60"],"angle":74.4,"extra":1,"ei":3}},{"type":"Feature","geometry":{"type":"Point","coordinates":[36.893019,-1.287506]},"properties":{"lines":"35/60","color":"#0059a9","mode":"bus","arr":["35/60"],"angle":-13.9,"extra":1,"ei":4}},{"type":"Feature","geometry":{"type":"Point","coordinates":[36.891181,-1.287943]},"properties":{"lines":"35/60","color":"#0059a9","mode":"bus","arr":["35/60"],"angle":-11,"extra":1,"ei":5}},{"type":"Feature","geometry":{"type":"Point","coordinates":[36.885632,-1.284538]},"properties":{"lines":"35/60, 3560","color":"#0059a9","mode":"bus","arr":["35/60","3560"],"angle":-13.9,"mi":2}},{"type":"Feature","geometry":{"type":"Point","coordinates":[36.884482,-1.284823]},"properties":{"lines":"35/60, 3560","color":"#0059a9","mode":"bus","arr":["35/60","3560"],"angle":-13.9,"extra":1,"ei":0}},{"type":"Feature","geometry":{"type":"Point","coordinates":[36.891041,-1.290105]},"properties":{"lines":"35/60, 3560","color":"#0059a9","mode":"bus","arr":["35/60","3560"],"angle":75.6,"mi":3}},{"type":"Feature","geometry":{"type":"Point","coordinates":[36.891076,-1.288338]},"properties":{"lines":"35/60, 3560","color":"#0059a9","mode":"bus","arr":["35/60","3560"],"angle":-39.8}},{"type":"Feature","geometry":{"type":"Point","coordinates":[36.893909,-1.255576]},"properties":{"lines":"36","color":"#0059a9","mode":"bus","arr":["36"],"angle":-41.2}},{"type":"Feature","geometry":{"type":"Point","coordinates":[36.871084,-1.29789]},"properties":{"lines":"36","color":"#0059a9","mode":"bus","arr":["36"],"angle":-7.7,"side":-1}},{"type":"Feature","geometry":{"type":"Point","coordinates":[36.886682,-1.262015]},"properties":{"lines":"36","color":"#0059a9","mode":"bus","arr":["36"],"angle":63.5}},{"type":"Feature","geometry":{"type":"Point","coordinates":[36.877526,-1.276854]},"properties":{"lines":"36","color":"#0059a9","mode":"bus","arr":["36"],"angle":85.2}},{"type":"Feature","geometry":{"type":"Point","coordinates":[36.881486,-1.287911]},"properties":{"lines":"36, 58","color":"#0059a9","mode":"bus","arr":["36","58"],"angle":69.3}},{"type":"Feature","geometry":{"type":"Point","coordinates":[36.877682,-1.294489]},"properties":{"lines":"36, 58","color":"#0059a9","mode":"bus","arr":["36","58"],"angle":-10.2,"extra":1,"ei":0}},{"type":"Feature","geometry":{"type":"Point","coordinates":[36.879536,-1.294129]},"properties":{"lines":"36, 58","color":"#0059a9","mode":"bus","arr":["36","58"],"angle":-11,"extra":1,"ei":1}},{"type":"Feature","geometry":{"type":"Point","coordinates":[36.881384,-1.293741]},"properties":{"lines":"36, 58","color":"#0059a9","mode":"bus","arr":["36","58"],"angle":-22.1,"extra":1,"ei":2}},{"type":"Feature","geometry":{"type":"Point","coordinates":[36.882511,-1.292287]},"properties":{"lines":"36, 58","color":"#0059a9","mode":"bus","arr":["36","58"],"angle":-66.3,"extra":1,"ei":3}},{"type":"Feature","geometry":{"type":"Point","coordinates":[36.882401,-1.290445]},"properties":{"lines":"36, 58","color":"#0059a9","mode":"bus","arr":["36","58"],"angle":75.4,"extra":1,"ei":4}},{"type":"Feature","geometry":{"type":"Point","coordinates":[36.880646,-1.285069]},"properties":{"lines":"36, 58","color":"#0059a9","mode":"bus","arr":["36","58"],"angle":77.2,"extra":1,"ei":5}},{"type":"Feature","geometry":{"type":"Point","coordinates":[36.88009,-1.283271]},"properties":{"lines":"36, 58","color":"#0059a9","mode":"bus","arr":["36","58"],"angle":70.5,"extra":1,"ei":6}},{"type":"Feature","geometry":{"type":"Point","coordinates":[36.879343,-1.281546]},"properties":{"lines":"36, 58","color":"#0059a9","mode":"bus","arr":["36","58"],"angle":56.8,"extra":1,"ei":7}},{"type":"Feature","geometry":{"type":"Point","coordinates":[36.878287,-1.279981]},"properties":{"lines":"36, 58","color":"#0059a9","mode":"bus","arr":["36","58"],"angle":61.9,"extra":1,"ei":8}},{"type":"Feature","geometry":{"type":"Point","coordinates":[36.877564,-1.278245]},"properties":{"lines":"36, 58","color":"#0059a9","mode":"bus","arr":["36","58"],"angle":79.2,"extra":1,"ei":9}},{"type":"Feature","geometry":{"type":"Point","coordinates":[36.996543,-1.270915]},"properties":{"lines":"38/39","color":"#0059a9","mode":"bus","arr":["38/39"],"angle":30}},{"type":"Feature","geometry":{"type":"Point","coordinates":[36.994112,-1.269775]},"properties":{"lines":"38/39","color":"#0059a9","mode":"bus","arr":["38/39"],"angle":30.6,"side":-1,"mi":1}},{"type":"Feature","geometry":{"type":"Point","coordinates":[36.995309,-1.270502]},"properties":{"lines":"38/39","color":"#0059a9","mode":"bus","arr":["38/39"],"angle":30.8,"extra":1,"ei":0,"side":-1}},{"type":"Feature","geometry":{"type":"Point","coordinates":[36.982642,-1.264151]},"properties":{"lines":"38/39, 145B, 3738","color":"#0059a9","mode":"bus","arr":["38/39","145B","3738"],"angle":13.6,"side":-1}},{"type":"Feature","geometry":{"type":"Point","coordinates":[36.886174,-1.294206]},"properties":{"lines":"38/39, 3560","color":"#0059a9","mode":"bus","arr":["38/39","3560"],"angle":78.6,"side":-1}},{"type":"Feature","geometry":{"type":"Point","coordinates":[36.885022,-1.295404]},"properties":{"lines":"38/39, 39SK","color":"#0059a9","mode":"bus","arr":["38/39","39SK"],"angle":-62.9}},{"type":"Feature","geometry":{"type":"Point","coordinates":[36.958277,-1.165122]},"properties":{"lines":"0039, 145B","color":"#0059a9","mode":"bus","arr":["0039","145B"],"angle":17.6}},{"type":"Feature","geometry":{"type":"Point","coordinates":[36.992399,-1.183883]},"properties":{"lines":"0039, 145B","color":"#0059a9","mode":"bus","arr":["0039","145B"],"angle":32.7}},{"type":"Feature","geometry":{"type":"Point","coordinates":[36.990145,-1.229475]},"properties":{"lines":"0039, 145B","color":"#0059a9","mode":"bus","arr":["0039","145B"],"angle":-87.4}},{"type":"Feature","geometry":{"type":"Point","coordinates":[36.98504,-1.25859]},"properties":{"lines":"0039, 145B","color":"#0059a9","mode":"bus","arr":["0039","145B"],"angle":-68.2,"mi":1}},{"type":"Feature","geometry":{"type":"Point","coordinates":[36.959475,-1.165527]},"properties":{"lines":"0039, 145B","color":"#0059a9","mode":"bus","arr":["0039","145B"],"angle":17.6,"extra":1,"ei":0}},{"type":"Feature","geometry":{"type":"Point","coordinates":[36.961273,-1.166106]},"properties":{"lines":"0039, 145B","color":"#0059a9","mode":"bus","arr":["0039","145B"],"angle":17.9,"extra":1,"ei":1}},{"type":"Feature","geometry":{"type":"Point","coordinates":[36.963074,-1.166674]},"properties":{"lines":"0039, 145B","color":"#0059a9","mode":"bus","arr":["0039","145B"],"angle":17.1,"extra":1,"ei":2}},{"type":"Feature","geometry":{"type":"Point","coordinates":[36.964873,-1.167251]},"properties":{"lines":"0039, 145B","color":"#0059a9","mode":"bus","arr":["0039","145B"],"angle":17.5,"extra":1,"ei":3}},{"type":"Feature","geometry":{"type":"Point","coordinates":[36.96667,-1.167832]},"properties":{"lines":"0039, 145B","color":"#0059a9","mode":"bus","arr":["0039","145B"],"angle":19.7,"extra":1,"ei":4}},{"type":"Feature","geometry":{"type":"Point","coordinates":[36.968398,-1.168592]},"properties":{"lines":"0039, 145B","color":"#0059a9","mode":"bus","arr":["0039","145B"],"angle":27.2,"extra":1,"ei":5}},{"type":"Feature","geometry":{"type":"Point","coordinates":[36.970025,-1.16955]},"properties":{"lines":"0039, 145B","color":"#0059a9","mode":"bus","arr":["0039","145B"],"angle":32.5,"extra":1,"ei":6}},{"type":"Feature","geometry":{"type":"Point","coordinates":[36.971614,-1.170572]},"properties":{"lines":"0039, 145B","color":"#0059a9","mode":"bus","arr":["0039","145B"],"angle":32.5,"extra":1,"ei":7}},{"type":"Feature","geometry":{"type":"Point","coordinates":[36.973206,-1.171589]},"properties":{"lines":"0039, 145B","color":"#0059a9","mode":"bus","arr":["0039","145B"],"angle":32.6,"extra":1,"ei":8}},{"type":"Feature","geometry":{"type":"Point","coordinates":[36.974799,-1.172603]},"properties":{"lines":"0039, 145B","color":"#0059a9","mode":"bus","arr":["0039","145B"],"angle":32.4,"extra":1,"ei":9}},{"type":"Feature","geometry":{"type":"Point","coordinates":[36.976388,-1.173625]},"properties":{"lines":"0039, 145B","color":"#0059a9","mode":"bus","arr":["0039","145B"],"angle":32.8,"extra":1,"ei":10}},{"type":"Feature","geometry":{"type":"Point","coordinates":[36.977978,-1.174645]},"properties":{"lines":"0039, 145B","color":"#0059a9","mode":"bus","arr":["0039","145B"],"angle":32.5,"extra":1,"ei":11}},{"type":"Feature","geometry":{"type":"Point","coordinates":[36.979569,-1.175662]},"properties":{"lines":"0039, 145B","color":"#0059a9","mode":"bus","arr":["0039","145B"],"angle":33.2,"extra":1,"ei":12}},{"type":"Feature","geometry":{"type":"Point","coordinates":[36.981159,-1.176682]},"properties":{"lines":"0039, 145B","color":"#0059a9","mode":"bus","arr":["0039","145B"],"angle":32.5,"extra":1,"ei":13}},{"type":"Feature","geometry":{"type":"Point","coordinates":[36.982753,-1.177695]},"properties":{"lines":"0039, 145B","color":"#0059a9","mode":"bus","arr":["0039","145B"],"angle":32.8,"extra":1,"ei":14}},{"type":"Feature","geometry":{"type":"Point","coordinates":[36.984342,-1.178718]},"properties":{"lines":"0039, 145B","color":"#0059a9","mode":"bus","arr":["0039","145B"],"angle":32.7,"extra":1,"ei":15}},{"type":"Feature","geometry":{"type":"Point","coordinates":[36.985931,-1.179738]},"properties":{"lines":"0039, 145B","color":"#0059a9","mode":"bus","arr":["0039","145B"],"angle":32.4,"extra":1,"ei":16}},{"type":"Feature","geometry":{"type":"Point","coordinates":[36.987521,-1.180757]},"properties":{"lines":"0039, 145B","color":"#0059a9","mode":"bus","arr":["0039","145B"],"angle":33.2,"extra":1,"ei":17}},{"type":"Feature","geometry":{"type":"Point","coordinates":[36.989111,-1.181778]},"properties":{"lines":"0039, 145B","color":"#0059a9","mode":"bus","arr":["0039","145B"],"angle":32.7,"extra":1,"ei":18}},{"type":"Feature","geometry":{"type":"Point","coordinates":[36.990704,-1.182792]},"properties":{"lines":"0039, 145B","color":"#0059a9","mode":"bus","arr":["0039","145B"],"angle":32.5,"extra":1,"ei":19}},{"type":"Feature","geometry":{"type":"Point","coordinates":[36.993884,-1.184831]},"properties":{"lines":"0039, 145B","color":"#0059a9","mode":"bus","arr":["0039","145B"],"angle":33.3,"extra":1,"ei":20}},{"type":"Feature","geometry":{"type":"Point","coordinates":[36.995349,-1.186018]},"properties":{"lines":"0039, 145B","color":"#0059a9","mode":"bus","arr":["0039","145B"],"angle":44.4,"extra":1,"ei":21}},{"type":"Feature","geometry":{"type":"Point","coordinates":[36.996475,-1.187526]},"properties":{"lines":"0039, 145B","color":"#0059a9","mode":"bus","arr":["0039","145B"],"angle":60.3,"extra":1,"ei":22}},{"type":"Feature","geometry":{"type":"Point","coordinates":[36.997184,-1.189271]},"properties":{"lines":"0039, 145B","color":"#0059a9","mode":"bus","arr":["0039","145B"],"angle":76.2,"extra":1,"ei":23}},{"type":"Feature","geometry":{"type":"Point","coordinates":[36.9974,-1.191143]},"properties":{"lines":"0039, 145B","color":"#0059a9","mode":"bus","arr":["0039","145B"],"angle":-89.2,"extra":1,"ei":24,"side":-1}},{"type":"Feature","geometry":{"type":"Point","coordinates":[36.997138,-1.193009]},"properties":{"lines":"0039, 145B","color":"#0059a9","mode":"bus","arr":["0039","145B"],"angle":-75.7,"extra":1,"ei":25,"side":-1}},{"type":"Feature","geometry":{"type":"Point","coordinates":[36.996646,-1.194832]},"properties":{"lines":"0039, 145B","color":"#0059a9","mode":"bus","arr":["0039","145B"],"angle":-75.5,"extra":1,"ei":26,"side":-1}},{"type":"Feature","geometry":{"type":"Point","coordinates":[36.996138,-1.196651]},"properties":{"lines":"0039, 145B","color":"#0059a9","mode":"bus","arr":["0039","145B"],"angle":-74,"extra":1,"ei":27,"side":-1}},{"type":"Feature","geometry":{"type":"Point","coordinates":[36.995638,-1.198472]},"properties":{"lines":"0039, 145B","color":"#0059a9","mode":"bus","arr":["0039","145B"],"angle":-74.8,"extra":1,"ei":28,"side":-1}},{"type":"Feature","geometry":{"type":"Point","coordinates":[36.995134,-1.200292]},"properties":{"lines":"0039, 145B","color":"#0059a9","mode":"bus","arr":["0039","145B"],"angle":-74.8,"extra":1,"ei":29,"side":-1}},{"type":"Feature","geometry":{"type":"Point","coordinates":[36.994607,-1.202105]},"properties":{"lines":"0039, 145B","color":"#0059a9","mode":"bus","arr":["0039","145B"],"angle":-74.5,"extra":1,"ei":30,"side":-1}},{"type":"Feature","geometry":{"type":"Point","coordinates":[36.9941,-1.203925]},"properties":{"lines":"0039, 145B","color":"#0059a9","mode":"bus","arr":["0039","145B"],"angle":-74,"extra":1,"ei":31,"side":-1}},{"type":"Feature","geometry":{"type":"Point","coordinates":[36.993595,-1.205744]},"properties":{"lines":"0039, 145B","color":"#0059a9","mode":"bus","arr":["0039","145B"],"angle":-74.6,"extra":1,"ei":32,"side":-1}},{"type":"Feature","geometry":{"type":"Point","coordinates":[36.993097,-1.207566]},"properties":{"lines":"0039, 145B","color":"#0059a9","mode":"bus","arr":["0039","145B"],"angle":-75.7,"extra":1,"ei":33,"side":-1}},{"type":"Feature","geometry":{"type":"Point","coordinates":[36.992622,-1.209394]},"properties":{"lines":"0039, 145B","color":"#0059a9","mode":"bus","arr":["0039","145B"],"angle":-74.4,"extra":1,"ei":34,"side":-1}},{"type":"Feature","geometry":{"type":"Point","coordinates":[36.992103,-1.21121]},"properties":{"lines":"0039, 145B","color":"#0059a9","mode":"bus","arr":["0039","145B"],"angle":-74.1,"extra":1,"ei":35,"side":-1}},{"type":"Feature","geometry":{"type":"Point","coordinates":[36.991575,-1.213023]},"properties":{"lines":"0039, 145B","color":"#0059a9","mode":"bus","arr":["0039","145B"],"angle":-74,"extra":1,"ei":36,"side":-1}},{"type":"Feature","geometry":{"type":"Point","coordinates":[36.991097,-1.21485]},"properties":{"lines":"0039, 145B","color":"#0059a9","mode":"bus","arr":["0039","145B"],"angle":-75.5,"extra":1,"ei":37,"side":-1}},{"type":"Feature","geometry":{"type":"Point","coordinates":[36.990733,-1.216702]},"properties":{"lines":"0039, 145B","color":"#0059a9","mode":"bus","arr":["0039","145B"],"angle":-82.9,"extra":1,"ei":38,"side":-1}},{"type":"Feature","geometry":{"type":"Point","coordinates":[36.990602,-1.218585]},"properties":{"lines":"0039, 145B","color":"#0059a9","mode":"bus","arr":["0039","145B"],"angle":-87,"extra":1,"ei":39,"side":-1}},{"type":"Feature","geometry":{"type":"Point","coordinates":[36.990345,-1.221109]},"properties":{"lines":"0039, 145B","color":"#0059a9","mode":"bus","arr":["0039","145B"],"angle":-89.9,"extra":1,"ei":0}},{"type":"Feature","geometry":{"type":"Point","coordinates":[36.99033,-1.222997]},"properties":{"lines":"0039, 145B","color":"#0059a9","mode":"bus","arr":["0039","145B"],"angle":-88.9,"extra":1,"ei":1}},{"type":"Feature","geometry":{"type":"Point","coordinates":[36.990265,-1.224885]},"properties":{"lines":"0039, 145B","color":"#0059a9","mode":"bus","arr":["0039","145B"],"angle":-88.6,"extra":1,"ei":2}},{"type":"Feature","geometry":{"type":"Point","coordinates":[36.990225,-1.226773]},"properties":{"lines":"0039, 145B","color":"#0059a9","mode":"bus","arr":["0039","145B"],"angle":-89.8,"extra":1,"ei":3}},{"type":"Feature","geometry":{"type":"Point","coordinates":[36.990072,-1.232436]},"properties":{"lines":"0039, 145B","color":"#0059a9","mode":"bus","arr":["0039","145B"],"angle":-87.7,"extra":1,"ei":4}},{"type":"Feature","geometry":{"type":"Point","coordinates":[36.990011,-1.234322]},"properties":{"lines":"0039, 145B","color":"#0059a9","mode":"bus","arr":["0039","145B"],"angle":89.2,"extra":1,"ei":5}},{"type":"Feature","geometry":{"type":"Point","coordinates":[36.989958,-1.23621]},"properties":{"lines":"0039, 145B","color":"#0059a9","mode":"bus","arr":["0039","145B"],"angle":-87.8,"extra":1,"ei":6}},{"type":"Feature","geometry":{"type":"Point","coordinates":[36.989896,-1.238097]},"properties":{"lines":"0039, 145B","color":"#0059a9","mode":"bus","arr":["0039","145B"],"angle":-88.2,"extra":1,"ei":7}},{"type":"Feature","geometry":{"type":"Point","coordinates":[36.984459,-1.260389]},"properties":{"lines":"0039, 145B","color":"#0059a9","mode":"bus","arr":["0039","145B"],"angle":-72.9,"extra":1,"ei":0}},{"type":"Feature","geometry":{"type":"Point","coordinates":[36.985703,-1.256824]},"properties":{"lines":"0039, 145B","color":"#0059a9","mode":"bus","arr":["0039","145B"],"angle":-70.7,"extra":1,"ei":1}},{"type":"Feature","geometry":{"type":"Point","coordinates":[36.990678,-1.220145]},"properties":{"lines":"0039, 145B","color":"#0059a9","mode":"bus","arr":["0039","145B"],"angle":-48}},{"type":"Feature","geometry":{"type":"Point","coordinates":[36.988221,-1.247419]},"properties":{"lines":"0039","color":"#0059a9","mode":"bus","arr":["0039"],"angle":-76.8}},{"type":"Feature","geometry":{"type":"Point","coordinates":[36.996114,-1.196326]},"properties":{"lines":"0039","color":"#0059a9","mode":"bus","arr":["0039"],"angle":-74.8}},{"type":"Feature","geometry":{"type":"Point","coordinates":[36.983576,-1.262829]},"properties":{"lines":"0039","color":"#0059a9","mode":"bus","arr":["0039"],"angle":-67.8}},{"type":"Feature","geometry":{"type":"Point","coordinates":[36.989785,-1.239723]},"properties":{"lines":"0039","color":"#0059a9","mode":"bus","arr":["0039"],"angle":-84.4,"extra":1,"ei":0}},{"type":"Feature","geometry":{"type":"Point","coordinates":[36.989498,-1.241589]},"properties":{"lines":"0039","color":"#0059a9","mode":"bus","arr":["0039"],"angle":-78.7,"extra":1,"ei":1}},{"type":"Feature","geometry":{"type":"Point","coordinates":[36.98912,-1.243439]},"properties":{"lines":"0039","color":"#0059a9","mode":"bus","arr":["0039"],"angle":-77.1,"extra":1,"ei":2}},{"type":"Feature","geometry":{"type":"Point","coordinates":[36.988706,-1.245282]},"properties":{"lines":"0039","color":"#0059a9","mode":"bus","arr":["0039"],"angle":-77.3,"extra":1,"ei":3}},{"type":"Feature","geometry":{"type":"Point","coordinates":[36.987858,-1.248962]},"properties":{"lines":"0039","color":"#0059a9","mode":"bus","arr":["0039"],"angle":-76.8,"extra":1,"ei":4}},{"type":"Feature","geometry":{"type":"Point","coordinates":[36.987462,-1.250809]},"properties":{"lines":"0039","color":"#0059a9","mode":"bus","arr":["0039"],"angle":-76.7,"extra":1,"ei":5}},{"type":"Feature","geometry":{"type":"Point","coordinates":[36.987021,-1.252641]},"properties":{"lines":"0039","color":"#0059a9","mode":"bus","arr":["0039"],"angle":-78.3,"extra":1,"ei":6}},{"type":"Feature","geometry":{"type":"Point","coordinates":[36.986509,-1.254458]},"properties":{"lines":"0039","color":"#0059a9","mode":"bus","arr":["0039"],"angle":-72.9,"extra":1,"ei":7}},{"type":"Feature","geometry":{"type":"Point","coordinates":[36.995535,-1.198476]},"properties":{"lines":"0039","color":"#0059a9","mode":"bus","arr":["0039"],"angle":-74.3,"extra":1,"ei":0}},{"type":"Feature","geometry":{"type":"Point","coordinates":[36.996531,-1.194833]},"properties":{"lines":"0039","color":"#0059a9","mode":"bus","arr":["0039"],"angle":-73.2,"extra":1,"ei":1}},{"type":"Feature","geometry":{"type":"Point","coordinates":[36.983396,-1.262639]},"properties":{"lines":"0039, 145B","color":"#0059a9","mode":"bus","arr":["0039","145B"],"angle":-62.6}},{"type":"Feature","geometry":{"type":"Point","coordinates":[36.983908,-1.261505]},"properties":{"lines":"0039, 145B","color":"#0059a9","mode":"bus","arr":["0039","145B"],"angle":-65.5,"extra":1,"ei":0}},{"type":"Feature","geometry":{"type":"Point","coordinates":[36.992485,-1.209533]},"properties":{"lines":"145B","color":"#0059a9","mode":"bus","arr":["145B"],"angle":-75.3}},{"type":"Feature","geometry":{"type":"Point","coordinates":[36.988028,-1.248652]},"properties":{"lines":"145B","color":"#0059a9","mode":"bus","arr":["145B"],"angle":-77.8,"side":-1,"mi":1}},{"type":"Feature","geometry":{"type":"Point","coordinates":[36.967263,-1.168159]},"properties":{"lines":"145B","color":"#0059a9","mode":"bus","arr":["145B"],"angle":23.9,"side":-1}},{"type":"Feature","geometry":{"type":"Point","coordinates":[36.995879,-1.186754]},"properties":{"lines":"145B","color":"#0059a9","mode":"bus","arr":["145B"],"angle":50.4,"side":-1}},{"type":"Feature","geometry":{"type":"Point","coordinates":[36.995024,-1.200294]},"properties":{"lines":"145B","color":"#0059a9","mode":"bus","arr":["145B"],"angle":-74.3,"extra":1,"ei":0}},{"type":"Feature","geometry":{"type":"Point","coordinates":[36.994516,-1.202113]},"properties":{"lines":"145B","color":"#0059a9","mode":"bus","arr":["145B"],"angle":-74.5,"extra":1,"ei":1}},{"type":"Feature","geometry":{"type":"Point","coordinates":[36.993999,-1.20393]},"properties":{"lines":"145B","color":"#0059a9","mode":"bus","arr":["145B"],"angle":-73.7,"extra":1,"ei":2}},{"type":"Feature","geometry":{"type":"Point","coordinates":[36.993504,-1.205752]},"properties":{"lines":"145B","color":"#0059a9","mode":"bus","arr":["145B"],"angle":-75.7,"extra":1,"ei":3}},{"type":"Feature","geometry":{"type":"Point","coordinates":[36.992998,-1.207571]},"properties":{"lines":"145B","color":"#0059a9","mode":"bus","arr":["145B"],"angle":-75.6,"extra":1,"ei":4}},{"type":"Feature","geometry":{"type":"Point","coordinates":[36.992023,-1.21122]},"properties":{"lines":"145B","color":"#0059a9","mode":"bus","arr":["145B"],"angle":-73.8,"extra":1,"ei":5}},{"type":"Feature","geometry":{"type":"Point","coordinates":[36.991466,-1.213025]},"properties":{"lines":"145B","color":"#0059a9","mode":"bus","arr":["145B"],"angle":-73.7,"extra":1,"ei":6}},{"type":"Feature","geometry":{"type":"Point","coordinates":[36.991011,-1.214857]},"properties":{"lines":"145B","color":"#0059a9","mode":"bus","arr":["145B"],"angle":-75.8,"extra":1,"ei":7}},{"type":"Feature","geometry":{"type":"Point","coordinates":[36.990615,-1.216702]},"properties":{"lines":"145B","color":"#0059a9","mode":"bus","arr":["145B"],"angle":-81.6,"extra":1,"ei":8}},{"type":"Feature","geometry":{"type":"Point","coordinates":[36.990456,-1.218583]},"properties":{"lines":"145B","color":"#0059a9","mode":"bus","arr":["145B"],"angle":-87.2,"extra":1,"ei":9}},{"type":"Feature","geometry":{"type":"Point","coordinates":[36.997194,-1.192357]},"properties":{"lines":"145B","color":"#0059a9","mode":"bus","arr":["145B"],"angle":-81.4,"extra":1,"ei":0}},{"type":"Feature","geometry":{"type":"Point","coordinates":[36.997307,-1.190477]},"properties":{"lines":"145B","color":"#0059a9","mode":"bus","arr":["145B"],"angle":85,"extra":1,"ei":1,"side":-1}},{"type":"Feature","geometry":{"type":"Point","coordinates":[36.996919,-1.188636]},"properties":{"lines":"145B","color":"#0059a9","mode":"bus","arr":["145B"],"angle":69.6,"extra":1,"ei":2,"side":-1}},{"type":"Feature","geometry":{"type":"Point","coordinates":[36.994741,-1.185612]},"properties":{"lines":"145B","color":"#0059a9","mode":"bus","arr":["145B"],"angle":40,"extra":1,"ei":3,"side":-1}},{"type":"Feature","geometry":{"type":"Point","coordinates":[36.993192,-1.184538]},"properties":{"lines":"145B","color":"#0059a9","mode":"bus","arr":["145B"],"angle":32.4,"extra":1,"ei":4,"side":-1}},{"type":"Feature","geometry":{"type":"Point","coordinates":[36.991597,-1.183524]},"properties":{"lines":"145B","color":"#0059a9","mode":"bus","arr":["145B"],"angle":32.4,"extra":1,"ei":5,"side":-1}},{"type":"Feature","geometry":{"type":"Point","coordinates":[36.974019,-1.172186]},"properties":{"lines":"145B","color":"#0059a9","mode":"bus","arr":["145B"],"angle":32.7,"extra":1,"ei":0,"side":-1}},{"type":"Feature","geometry":{"type":"Point","coordinates":[36.972429,-1.171167]},"properties":{"lines":"145B","color":"#0059a9","mode":"bus","arr":["145B"],"angle":32.6,"extra":1,"ei":1,"side":-1}},{"type":"Feature","geometry":{"type":"Point","coordinates":[36.970832,-1.170158]},"properties":{"lines":"145B","color":"#0059a9","mode":"bus","arr":["145B"],"angle":31.7,"extra":1,"ei":2,"side":-1}},{"type":"Feature","geometry":{"type":"Point","coordinates":[36.969239,-1.169142]},"properties":{"lines":"145B","color":"#0059a9","mode":"bus","arr":["145B"],"angle":31.3,"extra":1,"ei":3,"side":-1}},{"type":"Feature","geometry":{"type":"Point","coordinates":[36.965793,-1.167616]},"properties":{"lines":"145B","color":"#0059a9","mode":"bus","arr":["145B"],"angle":17.7,"extra":1,"ei":4,"side":-1}},{"type":"Feature","geometry":{"type":"Point","coordinates":[36.963987,-1.167063]},"properties":{"lines":"145B","color":"#0059a9","mode":"bus","arr":["145B"],"angle":17.7,"extra":1,"ei":5,"side":-1}},{"type":"Feature","geometry":{"type":"Point","coordinates":[36.962186,-1.166491]},"properties":{"lines":"145B","color":"#0059a9","mode":"bus","arr":["145B"],"angle":17.2,"extra":1,"ei":6,"side":-1}},{"type":"Feature","geometry":{"type":"Point","coordinates":[36.960386,-1.165918]},"properties":{"lines":"145B","color":"#0059a9","mode":"bus","arr":["145B"],"angle":18.6,"extra":1,"ei":7,"side":-1}},{"type":"Feature","geometry":{"type":"Point","coordinates":[36.989891,-1.239731]},"properties":{"lines":"145B","color":"#0059a9","mode":"bus","arr":["145B"],"angle":-83,"extra":1,"ei":0,"side":-1}},{"type":"Feature","geometry":{"type":"Point","coordinates":[36.989599,-1.241596]},"properties":{"lines":"145B","color":"#0059a9","mode":"bus","arr":["145B"],"angle":-78.9,"extra":1,"ei":1,"side":-1}},{"type":"Feature","geometry":{"type":"Point","coordinates":[36.989202,-1.243443]},"properties":{"lines":"145B","color":"#0059a9","mode":"bus","arr":["145B"],"angle":-77.3,"extra":1,"ei":2,"side":-1}},{"type":"Feature","geometry":{"type":"Point","coordinates":[36.988794,-1.245287]},"properties":{"lines":"145B","color":"#0059a9","mode":"bus","arr":["145B"],"angle":-78.3,"extra":1,"ei":3,"side":-1}},{"type":"Feature","geometry":{"type":"Point","coordinates":[36.988397,-1.247133]},"properties":{"lines":"145B","color":"#0059a9","mode":"bus","arr":["145B"],"angle":-77,"extra":1,"ei":4,"side":-1}},{"type":"Feature","geometry":{"type":"Point","coordinates":[36.987564,-1.250816]},"properties":{"lines":"145B","color":"#0059a9","mode":"bus","arr":["145B"],"angle":-77.1,"extra":1,"ei":5,"side":-1}},{"type":"Feature","geometry":{"type":"Point","coordinates":[36.987131,-1.252654]},"properties":{"lines":"145B","color":"#0059a9","mode":"bus","arr":["145B"],"angle":-75.9,"extra":1,"ei":6,"side":-1}},{"type":"Feature","geometry":{"type":"Point","coordinates":[36.986616,-1.254471]},"properties":{"lines":"145B","color":"#0059a9","mode":"bus","arr":["145B"],"angle":-73.2,"extra":1,"ei":7,"side":-1}},{"type":"Feature","geometry":{"type":"Point","coordinates":[36.986026,-1.256265]},"properties":{"lines":"145B","color":"#0059a9","mode":"bus","arr":["145B"],"angle":-70.8,"extra":1,"ei":8,"side":-1}},{"type":"Feature","geometry":{"type":"Point","coordinates":[36.985402,-1.258047]},"properties":{"lines":"145B","color":"#0059a9","mode":"bus","arr":["145B"],"angle":-69,"extra":1,"ei":9,"side":-1}},{"type":"Feature","geometry":{"type":"Point","coordinates":[36.957772,-1.164922]},"properties":{"lines":"0039","color":"#0059a9","mode":"bus","arr":["0039"],"angle":32.7}},{"type":"Feature","geometry":{"type":"Point","coordinates":[36.958277,-1.165198]},"properties":{"lines":"145B","color":"#0059a9","mode":"bus","arr":["145B"],"angle":19.3,"side":-1}},{"type":"Feature","geometry":{"type":"Point","coordinates":[36.904079,-1.251273]},"properties":{"lines":"41, 42","color":"#0059a9","mode":"bus","arr":["41","42"],"angle":-32.3}},{"type":"Feature","geometry":{"type":"Point","coordinates":[36.89833,-1.255894]},"properties":{"lines":"41, 42","color":"#0059a9","mode":"bus","arr":["41","42"],"angle":-42,"extra":1,"ei":0}},{"type":"Feature","geometry":{"type":"Point","coordinates":[36.89976,-1.254661]},"properties":{"lines":"41, 42","color":"#0059a9","mode":"bus","arr":["41","42"],"angle":-40.6,"extra":1,"ei":1}},{"type":"Feature","geometry":{"type":"Point","coordinates":[36.901192,-1.253429]},"properties":{"lines":"41, 42","color":"#0059a9","mode":"bus","arr":["41","42"],"angle":-40.5,"extra":1,"ei":2}},{"type":"Feature","geometry":{"type":"Point","coordinates":[36.902646,-1.252227]},"properties":{"lines":"41, 42","color":"#0059a9","mode":"bus","arr":["41","42"],"angle":-36.5,"extra":1,"ei":3}},{"type":"Feature","geometry":{"type":"Point","coordinates":[36.90581,-1.250167]},"properties":{"lines":"41, 42","color":"#0059a9","mode":"bus","arr":["41","42"],"angle":-33.5,"extra":1,"ei":4}},{"type":"Feature","geometry":{"type":"Point","coordinates":[36.907347,-1.249069]},"properties":{"lines":"41, 42","color":"#0059a9","mode":"bus","arr":["41","42"],"angle":-36.8,"extra":1,"ei":5}},{"type":"Feature","geometry":{"type":"Point","coordinates":[36.908395,-1.247631]},"properties":{"lines":"41, 42","color":"#0059a9","mode":"bus","arr":["41","42"],"angle":-89.6,"extra":1,"ei":6}},{"type":"Feature","geometry":{"type":"Point","coordinates":[36.908402,-1.245743]},"properties":{"lines":"41, 42","color":"#0059a9","mode":"bus","arr":["41","42"],"angle":-89.2,"extra":1,"ei":7}},{"type":"Feature","geometry":{"type":"Point","coordinates":[36.874866,-1.247168]},"properties":{"lines":"42, 2030","color":"#0059a9","mode":"bus","arr":["42","2030"],"angle":3.5}},{"type":"Feature","geometry":{"type":"Point","coordinates":[36.879413,-1.236089]},"properties":{"lines":"43","color":"#0059a9","mode":"bus","arr":["43"],"angle":-1.3,"mi":2}},{"type":"Feature","geometry":{"type":"Point","coordinates":[36.883633,-1.234131]},"properties":{"lines":"43","color":"#0059a9","mode":"bus","arr":["43"],"angle":-24,"extra":1,"ei":0}},{"type":"Feature","geometry":{"type":"Point","coordinates":[36.882261,-1.235246]},"properties":{"lines":"43","color":"#0059a9","mode":"bus","arr":["43"],"angle":-43.7,"extra":1,"ei":1}},{"type":"Feature","geometry":{"type":"Point","coordinates":[36.876855,-1.236294]},"properties":{"lines":"43","color":"#0059a9","mode":"bus","arr":["43"],"angle":-0.7,"extra":1,"ei":2}},{"type":"Feature","geometry":{"type":"Point","coordinates":[36.875013,-1.236125]},"properties":{"lines":"43","color":"#0059a9","mode":"bus","arr":["43"],"angle":31.3,"extra":1,"ei":3}},{"type":"Feature","geometry":{"type":"Point","coordinates":[36.873678,-1.235364]},"properties":{"lines":"43","color":"#0059a9","mode":"bus","arr":["43"],"angle":18}},{"type":"Feature","geometry":{"type":"Point","coordinates":[36.934764,-1.185198]},"properties":{"lines":"44G, 44Z, 45K, 145, 237","color":"#0059a9","mode":"bus","arr":["44G","44Z","45K","145","237"],"angle":-46.8,"side":-1}},{"type":"Feature","geometry":{"type":"Point","coordinates":[36.937288,-1.182562]},"properties":{"lines":"44G, 44Z, 45K, 145, 237","color":"#0059a9","mode":"bus","arr":["44G","44Z","45K","145","237"],"angle":-46.1,"extra":1,"ei":0,"side":-1}},{"type":"Feature","geometry":{"type":"Point","coordinates":[36.935979,-1.183924]},"properties":{"lines":"44G, 44Z, 45K, 145, 237","color":"#0059a9","mode":"bus","arr":["44G","44Z","45K","145","237"],"angle":-46.2,"extra":1,"ei":1,"side":-1}},{"type":"Feature","geometry":{"type":"Point","coordinates":[36.933373,-1.186659]},"properties":{"lines":"44G, 44Z, 45K, 145, 237","color":"#0059a9","mode":"bus","arr":["44G","44Z","45K","145","237"],"angle":-46.4,"extra":1,"ei":2,"side":-1}},{"type":"Feature","geometry":{"type":"Point","coordinates":[36.932071,-1.188027]},"properties":{"lines":"44G, 44Z, 45K, 145, 237","color":"#0059a9","mode":"bus","arr":["44G","44Z","45K","145","237"],"angle":-46.4,"extra":1,"ei":3,"side":-1}},{"type":"Feature","geometry":{"type":"Point","coordinates":[36.926774,-1.192929]},"properties":{"lines":"44G, 44K, 44Z, 45K, 145, 237","color":"#0059a9","mode":"bus","arr":["44G","44K","44Z","45K","145","237"],"angle":-46.1}},{"type":"Feature","geometry":{"type":"Point","coordinates":[36.924109,-1.196317]},"properties":{"lines":"44G, 44K, 44Z, 45K, 145, 237","color":"#0059a9","mode":"bus","arr":["44G","44K","44Z","45K","145","237"],"angle":-46.2,"mi":1}},{"type":"Feature","geometry":{"type":"Point","coordinates":[36.930727,-1.18942]},"properties":{"lines":"44G, 44K, 44Z, 45K, 145, 237","color":"#0059a9","mode":"bus","arr":["44G","44K","44Z","45K","145","237"],"angle":-46.6,"extra":1,"ei":0}},{"type":"Feature","geometry":{"type":"Point","coordinates":[36.929417,-1.190781]},"properties":{"lines":"44G, 44K, 44Z, 45K, 145, 237","color":"#0059a9","mode":"bus","arr":["44G","44K","44Z","45K","145","237"],"angle":-46.2,"extra":1,"ei":1}},{"type":"Feature","geometry":{"type":"Point","coordinates":[36.92811,-1.192144]},"properties":{"lines":"44G, 44K, 44Z, 45K, 145, 237","color":"#0059a9","mode":"bus","arr":["44G","44K","44Z","45K","145","237"],"angle":-46,"extra":1,"ei":2}},{"type":"Feature","geometry":{"type":"Point","coordinates":[36.925498,-1.194873]},"properties":{"lines":"44G, 44K, 44Z, 45K, 145, 237","color":"#0059a9","mode":"bus","arr":["44G","44K","44Z","45K","145","237"],"angle":-46.8,"extra":1,"ei":3}},{"type":"Feature","geometry":{"type":"Point","coordinates":[36.922882,-1.197598]},"properties":{"lines":"44G, 44K, 44Z, 45K, 145, 237","color":"#0059a9","mode":"bus","arr":["44G","44K","44Z","45K","145","237"],"angle":-46.4,"extra":1,"ei":4}},{"type":"Feature","geometry":{"type":"Point","coordinates":[36.921557,-1.198944]},"properties":{"lines":"44G, 44K, 44Z, 45K, 145, 237","color":"#0059a9","mode":"bus","arr":["44G","44K","44Z","45K","145","237"],"angle":-45.3,"extra":1,"ei":5}},{"type":"Feature","geometry":{"type":"Point","coordinates":[36.92026,-1.200316]},"properties":{"lines":"44G, 44K, 44Z, 45K, 145, 237","color":"#0059a9","mode":"bus","arr":["44G","44K","44Z","45K","145","237"],"angle":-47.3,"extra":1,"ei":6}},{"type":"Feature","geometry":{"type":"Point","coordinates":[36.919012,-1.201733]},"properties":{"lines":"44G, 44K, 44Z, 45K, 145, 237","color":"#0059a9","mode":"bus","arr":["44G","44K","44Z","45K","145","237"],"angle":-49.4,"extra":1,"ei":7}},{"type":"Feature","geometry":{"type":"Point","coordinates":[36.917811,-1.20319]},"properties":{"lines":"44G, 44K, 44Z, 45K, 145, 237","color":"#0059a9","mode":"bus","arr":["44G","44K","44Z","45K","145","237"],"angle":-50.4,"extra":1,"ei":8}},{"type":"Feature","geometry":{"type":"Point","coordinates":[36.931589,-1.187897]},"properties":{"lines":"44G, 44K, 44Z, 45K, 145, 237","color":"#0059a9","mode":"bus","arr":["44G","44K","44Z","45K","145","237"],"angle":-48.4,"extra":1,"ei":0}},{"type":"Feature","geometry":{"type":"Point","coordinates":[36.932882,-1.186521]},"properties":{"lines":"44G, 44K, 44Z, 45K, 145, 237","color":"#0059a9","mode":"bus","arr":["44G","44K","44Z","45K","145","237"],"angle":-46.8,"extra":1,"ei":1}},{"type":"Feature","geometry":{"type":"Point","coordinates":[36.93419,-1.185158]},"properties":{"lines":"44G, 44K, 44Z, 45K, 145, 237","color":"#0059a9","mode":"bus","arr":["44G","44K","44Z","45K","145","237"],"angle":-45.8,"extra":1,"ei":2}},{"type":"Feature","geometry":{"type":"Point","coordinates":[36.935496,-1.183794]},"properties":{"lines":"44G, 44K, 44Z, 45K, 145, 237","color":"#0059a9","mode":"bus","arr":["44G","44K","44Z","45K","145","237"],"angle":-46.2,"extra":1,"ei":3}},{"type":"Feature","geometry":{"type":"Point","coordinates":[36.936793,-1.18242]},"properties":{"lines":"44G, 44K, 44Z, 45K, 145, 237","color":"#0059a9","mode":"bus","arr":["44G","44K","44Z","45K","145","237"],"angle":-46.9,"extra":1,"ei":4}},{"type":"Feature","geometry":{"type":"Point","coordinates":[36.906098,-1.21164]},"properties":{"lines":"44G, 44K, 44Z, 45G, 45K, 145, 237","color":"#0059a9","mode":"bus","arr":["44G","44K","44Z","45G","45K","145","237"],"angle":-18.7}},{"type":"Feature","geometry":{"type":"Point","coordinates":[36.901957,-1.212537]},"properties":{"lines":"44G, 44K, 44Z, 45G, 45K, 145, 237","color":"#0059a9","mode":"bus","arr":["44G","44K","44Z","45G","45K","145","237"],"angle":-18.6,"mi":1}},{"type":"Feature","geometry":{"type":"Point","coordinates":[36.916102,-1.204979]},"properties":{"lines":"44G, 44K, 44Z, 45G, 45K, 145, 237","color":"#0059a9","mode":"bus","arr":["44G","44K","44Z","45G","45K","145","237"],"angle":-54.2,"extra":1,"ei":0}},{"type":"Feature","geometry":{"type":"Point","coordinates":[36.914859,-1.206385]},"properties":{"lines":"44G, 44K, 44Z, 45G, 45K, 145, 237","color":"#0059a9","mode":"bus","arr":["44G","44K","44Z","45G","45K","145","237"],"angle":-46.2,"extra":1,"ei":1}},{"type":"Feature","geometry":{"type":"Point","coordinates":[36.913555,-1.207751]},"properties":{"lines":"44G, 44K, 44Z, 45G, 45K, 145, 237","color":"#0059a9","mode":"bus","arr":["44G","44K","44Z","45G","45K","145","237"],"angle":-46.4,"extra":1,"ei":2}},{"type":"Feature","geometry":{"type":"Point","coordinates":[36.912223,-1.20909]},"properties":{"lines":"44G, 44K, 44Z, 45G, 45K, 145, 237","color":"#0059a9","mode":"bus","arr":["44G","44K","44Z","45G","45K","145","237"],"angle":-42.5,"extra":1,"ei":3}},{"type":"Feature","geometry":{"type":"Point","coordinates":[36.91065,-1.210115]},"properties":{"lines":"44G, 44K, 44Z, 45G, 45K, 145, 237","color":"#0059a9","mode":"bus","arr":["44G","44K","44Z","45G","45K","145","237"],"angle":-21.9,"extra":1,"ei":4}},{"type":"Feature","geometry":{"type":"Point","coordinates":[36.90886,-1.210718]},"properties":{"lines":"44G, 44K, 44Z, 45G, 45K, 145, 237","color":"#0059a9","mode":"bus","arr":["44G","44K","44Z","45G","45K","145","237"],"angle":-18.6,"extra":1,"ei":5}},{"type":"Feature","geometry":{"type":"Point","coordinates":[36.903481,-1.212499]},"properties":{"lines":"44G, 44K, 44Z, 45G, 45K, 145, 237","color":"#0059a9","mode":"bus","arr":["44G","44K","44Z","45G","45K","145","237"],"angle":-18.6,"extra":1,"ei":6}},{"type":"Feature","geometry":{"type":"Point","coordinates":[36.899897,-1.213694]},"properties":{"lines":"44G, 44K, 44Z, 45G, 45K, 145, 237","color":"#0059a9","mode":"bus","arr":["44G","44K","44Z","45G","45K","145","237"],"angle":-18.6,"extra":1,"ei":7}},{"type":"Feature","geometry":{"type":"Point","coordinates":[36.898137,-1.214374]},"properties":{"lines":"44G, 44K, 44Z, 45G, 45K, 145, 237","color":"#0059a9","mode":"bus","arr":["44G","44K","44Z","45G","45K","145","237"],"angle":-25.5,"extra":1,"ei":8}},{"type":"Feature","geometry":{"type":"Point","coordinates":[36.896542,-1.215378]},"properties":{"lines":"44G, 44K, 44Z, 45G, 45K, 145, 237","color":"#0059a9","mode":"bus","arr":["44G","44K","44Z","45G","45K","145","237"],"angle":-38.4,"extra":1,"ei":9}},{"type":"Feature","geometry":{"type":"Point","coordinates":[36.89511,-1.216608]},"properties":{"lines":"44G, 44K, 44Z, 45G, 45K, 145, 237","color":"#0059a9","mode":"bus","arr":["44G","44K","44Z","45G","45K","145","237"],"angle":-42.2,"extra":1,"ei":10}},{"type":"Feature","geometry":{"type":"Point","coordinates":[36.904784,-1.211591]},"properties":{"lines":"44G, 44K, 44Z, 45G, 45K, 145, 237","color":"#0059a9","mode":"bus","arr":["44G","44K","44Z","45G","45K","145","237"],"angle":-18,"extra":1,"ei":0}},{"type":"Feature","geometry":{"type":"Point","coordinates":[36.893,-1.217901]},"properties":{"lines":"44G, 44Z, 45G, 45K, 145, 237","color":"#0059a9","mode":"bus","arr":["44G","44Z","45G","45K","145","237"],"angle":-40.8,"mi":2}},{"type":"Feature","geometry":{"type":"Point","coordinates":[36.892081,-1.219221]},"properties":{"lines":"44G, 44Z, 45G, 45K, 145, 237","color":"#0059a9","mode":"bus","arr":["44G","44Z","45G","45K","145","237"],"angle":-42.3}},{"type":"Feature","geometry":{"type":"Point","coordinates":[36.891088,-1.220154]},"properties":{"lines":"44G, 44Z, 45G, 45K, 145, 237","color":"#0059a9","mode":"bus","arr":["44G","44Z","45G","45K","145","237"],"angle":-46.2,"mi":1}},{"type":"Feature","geometry":{"type":"Point","coordinates":[36.934614,-1.185162]},"properties":{"lines":"44K","color":"#0059a9","mode":"bus","arr":["44K"],"angle":-46.2}},{"type":"Feature","geometry":{"type":"Point","coordinates":[36.937076,-1.182567]},"properties":{"lines":"44K","color":"#0059a9","mode":"bus","arr":["44K"],"angle":-46.5,"extra":1,"ei":0}},{"type":"Feature","geometry":{"type":"Point","coordinates":[36.935777,-1.183939]},"properties":{"lines":"44K","color":"#0059a9","mode":"bus","arr":["44K"],"angle":-46.6,"extra":1,"ei":1}},{"type":"Feature","geometry":{"type":"Point","coordinates":[36.933218,-1.186715]},"properties":{"lines":"44K","color":"#0059a9","mode":"bus","arr":["44K"],"angle":-46.8,"extra":1,"ei":2}},{"type":"Feature","geometry":{"type":"Point","coordinates":[36.931926,-1.188093]},"properties":{"lines":"44K","color":"#0059a9","mode":"bus","arr":["44K"],"angle":-49.4,"extra":1,"ei":3}},{"type":"Feature","geometry":{"type":"Point","coordinates":[36.93732,-1.181867]},"properties":{"lines":"45K, 145, 237","color":"#0059a9","mode":"bus","arr":["45K","145","237"],"angle":-46.2}},{"type":"Feature","geometry":{"type":"Point","coordinates":[36.925333,-1.207876]},"properties":{"lines":"45P","color":"#0059a9","mode":"bus","arr":["45P"],"angle":20.3,"mi":1}},{"type":"Feature","geometry":{"type":"Point","coordinates":[36.927355,-1.208662]},"properties":{"lines":"45P","color":"#0059a9","mode":"bus","arr":["45P"],"angle":21.8,"extra":1,"ei":0}},{"type":"Feature","geometry":{"type":"Point","coordinates":[36.923745,-1.20784]},"properties":{"lines":"45P","color":"#0059a9","mode":"bus","arr":["45P"],"angle":-3.5,"extra":1,"ei":1}},{"type":"Feature","geometry":{"type":"Point","coordinates":[36.920517,-1.206646]},"properties":{"lines":"45P","color":"#0059a9","mode":"bus","arr":["45P"],"angle":43.8}},{"type":"Feature","geometry":{"type":"Point","coordinates":[36.921671,-1.20749]},"properties":{"lines":"45P","color":"#0059a9","mode":"bus","arr":["45P"],"angle":39.5,"extra":1,"ei":0}},{"type":"Feature","geometry":{"type":"Point","coordinates":[36.918595,-1.205409]},"properties":{"lines":"45P","color":"#0059a9","mode":"bus","arr":["45P"],"angle":18.8,"extra":1,"ei":1}},{"type":"Feature","geometry":{"type":"Point","coordinates":[36.828404,-1.285421]},"properties":{"lines":"46B, 46H","color":"#0059a9","mode":"bus","arr":["46B","46H"],"angle":-25.3}},{"type":"Feature","geometry":{"type":"Point","coordinates":[36.827192,-1.286017]},"properties":{"lines":"46H, 58","color":"#0059a9","mode":"bus","arr":["46H","58"],"angle":-25.3}},{"type":"Feature","geometry":{"type":"Point","coordinates":[36.827854,-1.28569]},"properties":{"lines":"46H","color":"#0059a9","mode":"bus","arr":["46H"],"angle":-26.8}},{"type":"Feature","geometry":{"type":"Point","coordinates":[36.747512,-1.287009]},"properties":{"lines":"46K, 046P","color":"#0059a9","mode":"bus","arr":["46K","046P"],"angle":21.9}},{"type":"Feature","geometry":{"type":"Point","coordinates":[36.752195,-1.288948]},"properties":{"lines":"46K, 046P","color":"#0059a9","mode":"bus","arr":["46K","046P"],"angle":21.7,"extra":1,"ei":0}},{"type":"Feature","geometry":{"type":"Point","coordinates":[36.750441,-1.288247]},"properties":{"lines":"46K, 046P","color":"#0059a9","mode":"bus","arr":["46K","046P"],"angle":22.5,"extra":1,"ei":1}},{"type":"Feature","geometry":{"type":"Point","coordinates":[36.748699,-1.287516]},"properties":{"lines":"46K, 046P","color":"#0059a9","mode":"bus","arr":["46K","046P"],"angle":22.7,"extra":1,"ei":2}},{"type":"Feature","geometry":{"type":"Point","coordinates":[36.745243,-1.286004]},"properties":{"lines":"46K, 046P","color":"#0059a9","mode":"bus","arr":["46K","046P"],"angle":31.5,"extra":1,"ei":3}},{"type":"Feature","geometry":{"type":"Point","coordinates":[36.743741,-1.284861]},"properties":{"lines":"46K, 046P","color":"#0059a9","mode":"bus","arr":["46K","046P"],"angle":38.9,"extra":1,"ei":4}},{"type":"Feature","geometry":{"type":"Point","coordinates":[36.756612,-1.289459]},"properties":{"lines":"46K, 046P, 48K, 56","color":"#0059a9","mode":"bus","arr":["46K","046P","48K","56"],"angle":2.3}},{"type":"Feature","geometry":{"type":"Point","coordinates":[36.759209,-1.289552]},"properties":{"lines":"46K, 046P, 48K, 56","color":"#0059a9","mode":"bus","arr":["46K","046P","48K","56"],"angle":2.3,"extra":1,"ei":0}},{"type":"Feature","geometry":{"type":"Point","coordinates":[36.755434,-1.289422]},"properties":{"lines":"46K, 046P, 48K, 56","color":"#0059a9","mode":"bus","arr":["46K","046P","48K","56"],"angle":1.6,"extra":1,"ei":1}},{"type":"Feature","geometry":{"type":"Point","coordinates":[36.753547,-1.289359]},"properties":{"lines":"46K, 046P, 48K, 56","color":"#0059a9","mode":"bus","arr":["46K","046P","48K","56"],"angle":3.8,"extra":1,"ei":2}},{"type":"Feature","geometry":{"type":"Point","coordinates":[36.761941,-1.289698]},"properties":{"lines":"46K, 56","color":"#0059a9","mode":"bus","arr":["46K","56"],"angle":-0.4,"side":-1}},{"type":"Feature","geometry":{"type":"Point","coordinates":[36.760872,-1.289651]},"properties":{"lines":"46K, 48K, 56","color":"#0059a9","mode":"bus","arr":["46K","48K","56"],"angle":3.2,"side":-1}},{"type":"Feature","geometry":{"type":"Point","coordinates":[36.767612,-1.289875]},"properties":{"lines":"46K, 046P, 56","color":"#0059a9","mode":"bus","arr":["46K","046P","56"],"angle":2.3,"mi":3}},{"type":"Feature","geometry":{"type":"Point","coordinates":[36.774342,-1.290104]},"properties":{"lines":"46K, 046P, 56","color":"#0059a9","mode":"bus","arr":["46K","046P","56"],"angle":-15.9,"mi":1}},{"type":"Feature","geometry":{"type":"Point","coordinates":[36.763229,-1.289701]},"properties":{"lines":"46K, 046P, 56","color":"#0059a9","mode":"bus","arr":["46K","046P","56"],"angle":1,"extra":1,"ei":0}},{"type":"Feature","geometry":{"type":"Point","coordinates":[36.765116,-1.289772]},"properties":{"lines":"46K, 046P, 56","color":"#0059a9","mode":"bus","arr":["46K","046P","56"],"angle":2.2,"extra":1,"ei":1}},{"type":"Feature","geometry":{"type":"Point","coordinates":[36.76889,-1.289937]},"properties":{"lines":"46K, 046P, 56","color":"#0059a9","mode":"bus","arr":["46K","046P","56"],"angle":3.2,"extra":1,"ei":2}},{"type":"Feature","geometry":{"type":"Point","coordinates":[36.770777,-1.290016]},"properties":{"lines":"46K, 046P, 56","color":"#0059a9","mode":"bus","arr":["46K","046P","56"],"angle":1.5,"extra":1,"ei":3}},{"type":"Feature","geometry":{"type":"Point","coordinates":[36.772665,-1.290082]},"properties":{"lines":"46K, 046P, 56","color":"#0059a9","mode":"bus","arr":["46K","046P","56"],"angle":1.8,"extra":1,"ei":4}},{"type":"Feature","geometry":{"type":"Point","coordinates":[36.773539,-1.290121]},"properties":{"lines":"46K, 046P, 48B, 56","color":"#0059a9","mode":"bus","arr":["46K","046P","48B","56"],"angle":2.2}},{"type":"Feature","geometry":{"type":"Point","coordinates":[36.774594,-1.291663]},"properties":{"lines":"46K, 046P, 56","color":"#0059a9","mode":"bus","arr":["46K","046P","56"],"angle":-88.8}},{"type":"Feature","geometry":{"type":"Point","coordinates":[36.780901,-1.2925]},"properties":{"lines":"46K, 046P, 56","color":"#0059a9","mode":"bus","arr":["46K","046P","56"],"angle":-2.8,"mi":2}},{"type":"Feature","geometry":{"type":"Point","coordinates":[36.775516,-1.292765]},"properties":{"lines":"46K, 046P, 56","color":"#0059a9","mode":"bus","arr":["46K","046P","56"],"angle":-1.2,"extra":1,"ei":0}},{"type":"Feature","geometry":{"type":"Point","coordinates":[36.777402,-1.292668]},"properties":{"lines":"46K, 046P, 56","color":"#0059a9","mode":"bus","arr":["46K","046P","56"],"angle":-3.3,"extra":1,"ei":1}},{"type":"Feature","geometry":{"type":"Point","coordinates":[36.779289,-1.292571]},"properties":{"lines":"46K, 046P, 56","color":"#0059a9","mode":"bus","arr":["46K","046P","56"],"angle":-2.6,"extra":1,"ei":2}},{"type":"Feature","geometry":{"type":"Point","coordinates":[36.783063,-1.292398]},"properties":{"lines":"46K, 046P, 56","color":"#0059a9","mode":"bus","arr":["46K","046P","56"],"angle":-2.8,"extra":1,"ei":3}},{"type":"Feature","geometry":{"type":"Point","coordinates":[36.784949,-1.292304]},"properties":{"lines":"46K, 046P, 56","color":"#0059a9","mode":"bus","arr":["46K","046P","56"],"angle":-3.3,"extra":1,"ei":4}},{"type":"Feature","geometry":{"type":"Point","coordinates":[36.786833,-1.292227]},"properties":{"lines":"46K, 046P, 56","color":"#0059a9","mode":"bus","arr":["46K","046P","56"],"angle":-1.2,"extra":1,"ei":5}},{"type":"Feature","geometry":{"type":"Point","coordinates":[36.822996,-1.284102]},"properties":{"lines":"46K","color":"#0059a9","mode":"bus","arr":["46K"],"angle":32.4,"side":-1}},{"type":"Feature","geometry":{"type":"Point","coordinates":[36.805699,-1.293528]},"properties":{"lines":"46K, 46Y","color":"#0059a9","mode":"bus","arr":["46K","46Y"],"angle":54.7,"mi":1}},{"type":"Feature","geometry":{"type":"Point","coordinates":[36.806324,-1.294828]},"properties":{"lines":"46K, 46Y","color":"#0059a9","mode":"bus","arr":["46K","46Y"],"angle":65.8}},{"type":"Feature","geometry":{"type":"Point","coordinates":[36.804506,-1.29523]},"properties":{"lines":"46K, 46Y","color":"#0059a9","mode":"bus","arr":["46K","46Y"],"angle":-1.7,"mi":2}},{"type":"Feature","geometry":{"type":"Point","coordinates":[36.774628,-1.290335]},"properties":{"lines":"46K, 56","color":"#0059a9","mode":"bus","arr":["46K","56"],"angle":77.5,"side":-1}},{"type":"Feature","geometry":{"type":"Point","coordinates":[36.774336,-1.29016]},"properties":{"lines":"46K, 48B, 56","color":"#0059a9","mode":"bus","arr":["46K","48B","56"],"angle":2.2,"side":-1}},{"type":"Feature","geometry":{"type":"Point","coordinates":[36.742001,-1.284493]},"properties":{"lines":"046P","color":"#0059a9","mode":"bus","arr":["046P"],"angle":-55.5}},{"type":"Feature","geometry":{"type":"Point","coordinates":[36.740647,-1.286451]},"properties":{"lines":"046P","color":"#0059a9","mode":"bus","arr":["046P"],"angle":-55.1,"mi":1}},{"type":"Feature","geometry":{"type":"Point","coordinates":[36.760909,-1.289579]},"properties":{"lines":"046P, 48K, 56","color":"#0059a9","mode":"bus","arr":["046P","48K","56"],"angle":-1.3}},{"type":"Feature","geometry":{"type":"Point","coordinates":[36.761977,-1.289632]},"properties":{"lines":"046P, 56","color":"#0059a9","mode":"bus","arr":["046P","56"],"angle":6}},{"type":"Feature","geometry":{"type":"Point","coordinates":[36.825274,-1.285001]},"properties":{"lines":"046P","color":"#0059a9","mode":"bus","arr":["046P"],"angle":59.2,"side":-1}},{"type":"Feature","geometry":{"type":"Point","coordinates":[36.802438,-1.265582]},"properties":{"lines":"046P","color":"#0059a9","mode":"bus","arr":["046P"],"angle":48.2,"side":-1,"mi":3}},{"type":"Feature","geometry":{"type":"Point","coordinates":[36.801287,-1.265213]},"properties":{"lines":"48C, 48K","color":"#0059a9","mode":"bus","arr":["48C","48K"],"angle":-40.5}},{"type":"Feature","geometry":{"type":"Point","coordinates":[36.799367,-1.262238]},"properties":{"lines":"046P","color":"#0059a9","mode":"bus","arr":["046P"],"angle":38.4,"side":-1,"mi":2}},{"type":"Feature","geometry":{"type":"Point","coordinates":[36.789564,-1.260241]},"properties":{"lines":"046P","color":"#0059a9","mode":"bus","arr":["046P"],"angle":9.4,"side":-1,"mi":4}},{"type":"Feature","geometry":{"type":"Point","coordinates":[36.795649,-1.261218]},"properties":{"lines":"046P","color":"#0059a9","mode":"bus","arr":["046P"],"angle":5.6,"side":-1,"mi":1}},{"type":"Feature","geometry":{"type":"Point","coordinates":[36.796996,-1.261378]},"properties":{"lines":"046P","color":"#0059a9","mode":"bus","arr":["046P"],"angle":6.7,"extra":1,"ei":0,"side":-1}},{"type":"Feature","geometry":{"type":"Point","coordinates":[36.791787,-1.260762]},"properties":{"lines":"046P","color":"#0059a9","mode":"bus","arr":["046P"],"angle":15.4,"extra":1,"ei":0,"side":-1}},{"type":"Feature","geometry":{"type":"Point","coordinates":[36.788085,-1.260041]},"properties":{"lines":"046P","color":"#0059a9","mode":"bus","arr":["046P"],"angle":5.7,"extra":1,"ei":1,"side":-1}},{"type":"Feature","geometry":{"type":"Point","coordinates":[36.793015,-1.261132]},"properties":{"lines":"046P, 48K","color":"#0059a9","mode":"bus","arr":["046P","48K"],"angle":10,"side":-1}},{"type":"Feature","geometry":{"type":"Point","coordinates":[36.738212,-1.26473]},"properties":{"lines":"046P, 135","color":"#0059a9","mode":"bus","arr":["046P","135"],"angle":-4.2,"side":-1}},{"type":"Feature","geometry":{"type":"Point","coordinates":[36.786998,-1.284256]},"properties":{"lines":"0048, 48C","color":"#0059a9","mode":"bus","arr":["0048","48C"],"angle":35.3,"side":-1,"mi":2}},{"type":"Feature","geometry":{"type":"Point","coordinates":[36.787344,-1.287756]},"properties":{"lines":"0048, 48C","color":"#0059a9","mode":"bus","arr":["0048","48C"],"angle":-76.8,"mi":4}},{"type":"Feature","geometry":{"type":"Point","coordinates":[36.786945,-1.290643]},"properties":{"lines":"0048, 48C","color":"#0059a9","mode":"bus","arr":["0048","48C"],"angle":80.3,"mi":5}},{"type":"Feature","geometry":{"type":"Point","coordinates":[36.787709,-1.286367]},"properties":{"lines":"0048, 48C","color":"#0059a9","mode":"bus","arr":["0048","48C"],"angle":9.8,"mi":3}},{"type":"Feature","geometry":{"type":"Point","coordinates":[36.785928,-1.283588]},"properties":{"lines":"0048, 48C","color":"#0059a9","mode":"bus","arr":["0048","48C"],"angle":24.2,"extra":1,"ei":0}},{"type":"Feature","geometry":{"type":"Point","coordinates":[36.799935,-1.274634]},"properties":{"lines":"0048","color":"#0059a9","mode":"bus","arr":["0048"],"angle":-1.3,"side":-1,"mi":2}},{"type":"Feature","geometry":{"type":"Point","coordinates":[36.787134,-1.282454]},"properties":{"lines":"0048","color":"#0059a9","mode":"bus","arr":["0048"],"angle":-43.1,"side":-1,"mi":1}},{"type":"Feature","geometry":{"type":"Point","coordinates":[36.786044,-1.283001]},"properties":{"lines":"0048, 48B","color":"#0059a9","mode":"bus","arr":["0048","48B"],"angle":-36.6,"side":-1}},{"type":"Feature","geometry":{"type":"Point","coordinates":[36.784072,-1.284604]},"properties":{"lines":"48B","color":"#0059a9","mode":"bus","arr":["48B"],"angle":-36,"mi":1}},{"type":"Feature","geometry":{"type":"Point","coordinates":[36.788683,-1.281231]},"properties":{"lines":"0048, 48B, 48C","color":"#0059a9","mode":"bus","arr":["0048","48B","48C"],"angle":-42}},{"type":"Feature","geometry":{"type":"Point","coordinates":[36.787441,-1.282078]},"properties":{"lines":"0048, 48B, 48C","color":"#0059a9","mode":"bus","arr":["0048","48B","48C"],"angle":-31.9,"extra":1,"ei":0}},{"type":"Feature","geometry":{"type":"Point","coordinates":[36.790342,-1.279682]},"properties":{"lines":"0048, 48B, 48C","color":"#0059a9","mode":"bus","arr":["0048","48B","48C"],"angle":-43.7,"extra":1,"ei":1,"side":-1}},{"type":"Feature","geometry":{"type":"Point","coordinates":[36.792265,-1.277886]},"properties":{"lines":"0048, 48C","color":"#0059a9","mode":"bus","arr":["0048","48C"],"angle":-42.5}},{"type":"Feature","geometry":{"type":"Point","coordinates":[36.791151,-1.278906]},"properties":{"lines":"0048, 48C","color":"#0059a9","mode":"bus","arr":["0048","48C"],"angle":-42.3,"extra":1,"ei":0}},{"type":"Feature","geometry":{"type":"Point","coordinates":[36.793921,-1.276338]},"properties":{"lines":"0048, 48C","color":"#0059a9","mode":"bus","arr":["0048","48C"],"angle":-42.8,"extra":1,"ei":1}},{"type":"Feature","geometry":{"type":"Point","coordinates":[36.794503,-1.275923]},"properties":{"lines":"0048, 48C","color":"#0059a9","mode":"bus","arr":["0048","48C"],"angle":-24.7,"side":-1,"mi":1}},{"type":"Feature","geometry":{"type":"Point","coordinates":[36.801037,-1.272984]},"properties":{"lines":"0048","color":"#0059a9","mode":"bus","arr":["0048"],"angle":-69.8,"side":-1}},{"type":"Feature","geometry":{"type":"Point","coordinates":[36.795539,-1.275511]},"properties":{"lines":"0048","color":"#0059a9","mode":"bus","arr":["0048"],"angle":-34,"side":-1,"mi":3}},{"type":"Feature","geometry":{"type":"Point","coordinates":[36.79776,-1.274578]},"properties":{"lines":"0048, 48B, 48C, 48O","color":"#0059a9","mode":"bus","arr":["0048","48B","48C","48O"],"angle":-8.4}},{"type":"Feature","geometry":{"type":"Point","coordinates":[36.800985,-1.272902]},"properties":{"lines":"0048, 48B, 48C, 48O","color":"#0059a9","mode":"bus","arr":["0048","48B","48C","48O"],"angle":-68.7,"mi":1}},{"type":"Feature","geometry":{"type":"Point","coordinates":[36.800185,-1.274429]},"properties":{"lines":"0048","color":"#0059a9","mode":"bus","arr":["0048"],"angle":-19.2,"side":-1,"mi":1}},{"type":"Feature","geometry":{"type":"Point","coordinates":[36.801358,-1.267451]},"properties":{"lines":"0048, 48C","color":"#0059a9","mode":"bus","arr":["0048","48C"],"angle":68.6,"mi":7}},{"type":"Feature","geometry":{"type":"Point","coordinates":[36.801689,-1.270524]},"properties":{"lines":"0048, 48C","color":"#0059a9","mode":"bus","arr":["0048","48C"],"angle":-78.9,"mi":6}},{"type":"Feature","geometry":{"type":"Point","coordinates":[36.80089,-1.266013]},"properties":{"lines":"0048","color":"#0059a9","mode":"bus","arr":["0048"],"angle":84.8,"mi":4}},{"type":"Feature","geometry":{"type":"Point","coordinates":[36.787167,-1.288689]},"properties":{"lines":"0048","color":"#0059a9","mode":"bus","arr":["0048"],"angle":-77,"side":-1}},{"type":"Feature","geometry":{"type":"Point","coordinates":[36.773763,-1.273442]},"properties":{"lines":"48A, 48K","color":"#0059a9","mode":"bus","arr":["48A","48K"],"angle":-50.4}},{"type":"Feature","geometry":{"type":"Point","coordinates":[36.770498,-1.277918]},"properties":{"lines":"48A, 48K","color":"#0059a9","mode":"bus","arr":["48A","48K"],"angle":-57.9,"mi":1}},{"type":"Feature","geometry":{"type":"Point","coordinates":[36.769723,-1.279214]},"properties":{"lines":"48A, 48K","color":"#0059a9","mode":"bus","arr":["48A","48K"],"angle":-58.2,"extra":1,"ei":0}},{"type":"Feature","geometry":{"type":"Point","coordinates":[36.771678,-1.275995]},"properties":{"lines":"48A, 48K","color":"#0059a9","mode":"bus","arr":["48A","48K"],"angle":-52.1,"extra":1,"ei":1}},{"type":"Feature","geometry":{"type":"Point","coordinates":[36.772597,-1.274919]},"properties":{"lines":"48A, 48K","color":"#0059a9","mode":"bus","arr":["48A","48K"],"angle":-51.4,"extra":1,"ei":0}},{"type":"Feature","geometry":{"type":"Point","coordinates":[36.774853,-1.2719]},"properties":{"lines":"48A, 48K","color":"#0059a9","mode":"bus","arr":["48A","48K"],"angle":-64.9,"extra":1,"ei":1}},{"type":"Feature","geometry":{"type":"Point","coordinates":[36.772104,-1.275372]},"properties":{"lines":"48A","color":"#0059a9","mode":"bus","arr":["48A"],"angle":-43.7}},{"type":"Feature","geometry":{"type":"Point","coordinates":[36.778853,-1.271663]},"properties":{"lines":"48A","color":"#0059a9","mode":"bus","arr":["48A"],"angle":-43.2,"mi":1}},{"type":"Feature","geometry":{"type":"Point","coordinates":[36.776106,-1.271123]},"properties":{"lines":"48A","color":"#0059a9","mode":"bus","arr":["48A"],"angle":4.9,"extra":1,"ei":0}},{"type":"Feature","geometry":{"type":"Point","coordinates":[36.780542,-1.269607]},"properties":{"lines":"48A","color":"#0059a9","mode":"bus","arr":["48A"],"angle":-72,"extra":1,"ei":1}},{"type":"Feature","geometry":{"type":"Point","coordinates":[36.791031,-1.269309]},"properties":{"lines":"48A","color":"#0059a9","mode":"bus","arr":["48A"],"angle":13.3}},{"type":"Feature","geometry":{"type":"Point","coordinates":[36.781447,-1.268087]},"properties":{"lines":"48A","color":"#0059a9","mode":"bus","arr":["48A"],"angle":-30.6,"extra":1,"ei":0}},{"type":"Feature","geometry":{"type":"Point","coordinates":[36.783196,-1.267551]},"properties":{"lines":"48A","color":"#0059a9","mode":"bus","arr":["48A"],"angle":12.2,"extra":1,"ei":1}},{"type":"Feature","geometry":{"type":"Point","coordinates":[36.784966,-1.268209]},"properties":{"lines":"48A","color":"#0059a9","mode":"bus","arr":["48A"],"angle":17.1,"extra":1,"ei":2}},{"type":"Feature","geometry":{"type":"Point","coordinates":[36.786807,-1.268619]},"properties":{"lines":"48A","color":"#0059a9","mode":"bus","arr":["48A"],"angle":16.7,"extra":1,"ei":3}},{"type":"Feature","geometry":{"type":"Point","coordinates":[36.788623,-1.269134]},"properties":{"lines":"48A","color":"#0059a9","mode":"bus","arr":["48A"],"angle":9.7,"extra":1,"ei":4}},{"type":"Feature","geometry":{"type":"Point","coordinates":[36.792353,-1.269598]},"properties":{"lines":"48A","color":"#0059a9","mode":"bus","arr":["48A"],"angle":2.8,"extra":1,"ei":5}},{"type":"Feature","geometry":{"type":"Point","coordinates":[36.794233,-1.26976]},"properties":{"lines":"48A","color":"#0059a9","mode":"bus","arr":["48A"],"angle":9.3,"extra":1,"ei":6}},{"type":"Feature","geometry":{"type":"Point","coordinates":[36.796112,-1.269883]},"properties":{"lines":"48A","color":"#0059a9","mode":"bus","arr":["48A"],"angle":3.6,"extra":1,"ei":7}},{"type":"Feature","geometry":{"type":"Point","coordinates":[36.797994,-1.270051]},"properties":{"lines":"48A","color":"#0059a9","mode":"bus","arr":["48A"],"angle":6,"extra":1,"ei":8}},{"type":"Feature","geometry":{"type":"Point","coordinates":[36.799757,-1.270566]},"properties":{"lines":"48A","color":"#0059a9","mode":"bus","arr":["48A"],"angle":31.1,"extra":1,"ei":9}},{"type":"Feature","geometry":{"type":"Point","coordinates":[36.801333,-1.271599]},"properties":{"lines":"48A","color":"#0059a9","mode":"bus","arr":["48A"],"angle":33.4,"extra":1,"ei":10,"side":-1}},{"type":"Feature","geometry":{"type":"Point","coordinates":[36.804319,-1.272258]},"properties":{"lines":"48A, 48B, 48O","color":"#0059a9","mode":"bus","arr":["48A","48B","48O"],"angle":-21.3,"mi":1}},{"type":"Feature","geometry":{"type":"Point","coordinates":[36.802322,-1.272165]},"properties":{"lines":"48A, 48B, 48O","color":"#0059a9","mode":"bus","arr":["48A","48B","48O"],"angle":26,"extra":1,"ei":0}},{"type":"Feature","geometry":{"type":"Point","coordinates":[36.805817,-1.271515]},"properties":{"lines":"48A, 48B, 48O","color":"#0059a9","mode":"bus","arr":["48A","48B","48O"],"angle":-35.5,"extra":1,"ei":1}},{"type":"Feature","geometry":{"type":"Point","coordinates":[36.805605,-1.26865]},"properties":{"lines":"48A, 48B, 48O","color":"#0059a9","mode":"bus","arr":["48A","48B","48O"],"angle":-29.8}},{"type":"Feature","geometry":{"type":"Point","coordinates":[36.774971,-1.285344]},"properties":{"lines":"48B, 48O","color":"#0059a9","mode":"bus","arr":["48B","48O"],"angle":-17.8,"mi":6}},{"type":"Feature","geometry":{"type":"Point","coordinates":[36.773071,-1.287558]},"properties":{"lines":"48B, 48O","color":"#0059a9","mode":"bus","arr":["48B","48O"],"angle":-87.8,"extra":1,"ei":0}},{"type":"Feature","geometry":{"type":"Point","coordinates":[36.773469,-1.285827]},"properties":{"lines":"48B, 48O","color":"#0059a9","mode":"bus","arr":["48B","48O"],"angle":-24.7,"extra":1,"ei":1}},{"type":"Feature","geometry":{"type":"Point","coordinates":[36.777061,-1.284659]},"properties":{"lines":"48B, 48O","color":"#0059a9","mode":"bus","arr":["48B","48O"],"angle":-18.3,"extra":1,"ei":2}},{"type":"Feature","geometry":{"type":"Point","coordinates":[36.778869,-1.284229]},"properties":{"lines":"48B, 48O","color":"#0059a9","mode":"bus","arr":["48B","48O"],"angle":-18.2,"extra":1,"ei":3}},{"type":"Feature","geometry":{"type":"Point","coordinates":[36.780768,-1.281198]},"properties":{"lines":"48B, 48O","color":"#0059a9","mode":"bus","arr":["48B","48O"],"angle":-8.3,"mi":3}},{"type":"Feature","geometry":{"type":"Point","coordinates":[36.779563,-1.283297]},"properties":{"lines":"48B, 48O","color":"#0059a9","mode":"bus","arr":["48B","48O"],"angle":-68.3,"extra":1,"ei":0}},{"type":"Feature","geometry":{"type":"Point","coordinates":[36.78324,-1.279566]},"properties":{"lines":"48B, 48O","color":"#0059a9","mode":"bus","arr":["48B","48O"],"angle":-21.8,"extra":1,"ei":1}},{"type":"Feature","geometry":{"type":"Point","coordinates":[36.784821,-1.278298]},"properties":{"lines":"48B, 48O","color":"#0059a9","mode":"bus","arr":["48B","48O"],"angle":-61.2}},{"type":"Feature","geometry":{"type":"Point","coordinates":[36.787431,-1.2767]},"properties":{"lines":"48B, 48O","color":"#0059a9","mode":"bus","arr":["48B","48O"],"angle":-29.2,"mi":1}},{"type":"Feature","geometry":{"type":"Point","coordinates":[36.790052,-1.276896]},"properties":{"lines":"48B, 48O","color":"#0059a9","mode":"bus","arr":["48B","48O"],"angle":41.4,"mi":2}},{"type":"Feature","geometry":{"type":"Point","coordinates":[36.789057,-1.276039]},"properties":{"lines":"48B, 48O","color":"#0059a9","mode":"bus","arr":["48B","48O"],"angle":44.3,"extra":1,"ei":0,"side":-1}},{"type":"Feature","geometry":{"type":"Point","coordinates":[36.792602,-1.276579]},"properties":{"lines":"48B, 48O","color":"#0059a9","mode":"bus","arr":["48B","48O"],"angle":-41.9,"mi":4}},{"type":"Feature","geometry":{"type":"Point","coordinates":[36.794267,-1.275233]},"properties":{"lines":"48B, 48O","color":"#0059a9","mode":"bus","arr":["48B","48O"],"angle":21,"mi":5}},{"type":"Feature","geometry":{"type":"Point","coordinates":[36.795512,-1.275443]},"properties":{"lines":"48B, 48C, 48O","color":"#0059a9","mode":"bus","arr":["48B","48C","48O"],"angle":-29.1}},{"type":"Feature","geometry":{"type":"Point","coordinates":[36.800177,-1.274337]},"properties":{"lines":"48B, 48C, 48O","color":"#0059a9","mode":"bus","arr":["48B","48C","48O"],"angle":-25.6,"mi":1}},{"type":"Feature","geometry":{"type":"Point","coordinates":[36.790499,-1.278542]},"properties":{"lines":"48B","color":"#0059a9","mode":"bus","arr":["48B"],"angle":-43.6,"mi":7}},{"type":"Feature","geometry":{"type":"Point","coordinates":[36.790088,-1.279403]},"properties":{"lines":"48B","color":"#0059a9","mode":"bus","arr":["48B"],"angle":23.7,"mi":6}},{"type":"Feature","geometry":{"type":"Point","coordinates":[36.782338,-1.285842]},"properties":{"lines":"48B","color":"#0059a9","mode":"bus","arr":["48B"],"angle":-48.4}},{"type":"Feature","geometry":{"type":"Point","coordinates":[36.780479,-1.288044]},"properties":{"lines":"48B","color":"#0059a9","mode":"bus","arr":["48B"],"angle":-48.9,"mi":2}},{"type":"Feature","geometry":{"type":"Point","coordinates":[36.779333,-1.289192]},"properties":{"lines":"48B","color":"#0059a9","mode":"bus","arr":["48B"],"angle":-28.4,"extra":1,"ei":0}},{"type":"Feature","geometry":{"type":"Point","coordinates":[36.781882,-1.286425]},"properties":{"lines":"48B","color":"#0059a9","mode":"bus","arr":["48B"],"angle":-49.2,"extra":1,"ei":1}},{"type":"Feature","geometry":{"type":"Point","coordinates":[36.776363,-1.290061]},"properties":{"lines":"48B","color":"#0059a9","mode":"bus","arr":["48B"],"angle":2.6,"mi":4}},{"type":"Feature","geometry":{"type":"Point","coordinates":[36.778248,-1.28975]},"properties":{"lines":"48B","color":"#0059a9","mode":"bus","arr":["48B"],"angle":-29.5,"mi":3}},{"type":"Feature","geometry":{"type":"Point","coordinates":[36.772974,-1.289347]},"properties":{"lines":"48B","color":"#0059a9","mode":"bus","arr":["48B"],"angle":-87.2,"mi":5}},{"type":"Feature","geometry":{"type":"Point","coordinates":[36.787333,-1.284429]},"properties":{"lines":"48C","color":"#0059a9","mode":"bus","arr":["48C"],"angle":36.7,"mi":2}},{"type":"Feature","geometry":{"type":"Point","coordinates":[36.78598,-1.282931]},"properties":{"lines":"48C","color":"#0059a9","mode":"bus","arr":["48C"],"angle":-30.2,"mi":1}},{"type":"Feature","geometry":{"type":"Point","coordinates":[36.79047,-1.279464]},"properties":{"lines":"48C","color":"#0059a9","mode":"bus","arr":["48C"],"angle":-43.8}},{"type":"Feature","geometry":{"type":"Point","coordinates":[36.794526,-1.275842]},"properties":{"lines":"48C","color":"#0059a9","mode":"bus","arr":["48C"],"angle":-28,"mi":3}},{"type":"Feature","geometry":{"type":"Point","coordinates":[36.823336,-1.280377]},"properties":{"lines":"48C, 115","color":"#0059a9","mode":"bus","arr":["48C","115"],"angle":-49.5}},{"type":"Feature","geometry":{"type":"Point","coordinates":[36.82286,-1.279734]},"properties":{"lines":"48C, 115","color":"#0059a9","mode":"bus","arr":["48C","115"],"angle":16.7,"mi":1}},{"type":"Feature","geometry":{"type":"Point","coordinates":[36.820288,-1.279483]},"properties":{"lines":"48C, 105, 115, 135","color":"#0059a9","mode":"bus","arr":["48C","105","115","135"],"angle":-29.7,"side":-1}},{"type":"Feature","geometry":{"type":"Point","coordinates":[36.819509,-1.27996]},"properties":{"lines":"48C, 105, 115","color":"#0059a9","mode":"bus","arr":["48C","105","115"],"angle":-27.3}},{"type":"Feature","geometry":{"type":"Point","coordinates":[36.772872,-1.265034]},"properties":{"lines":"48K","color":"#0059a9","mode":"bus","arr":["48K"],"angle":63.9,"mi":2}},{"type":"Feature","geometry":{"type":"Point","coordinates":[36.764357,-1.284149]},"properties":{"lines":"48K","color":"#0059a9","mode":"bus","arr":["48K"],"angle":-39.2}},{"type":"Feature","geometry":{"type":"Point","coordinates":[36.768648,-1.280765]},"properties":{"lines":"48K","color":"#0059a9","mode":"bus","arr":["48K"],"angle":-50,"extra":1,"ei":0}},{"type":"Feature","geometry":{"type":"Point","coordinates":[36.767192,-1.281964]},"properties":{"lines":"48K","color":"#0059a9","mode":"bus","arr":["48K"],"angle":-37.7,"extra":1,"ei":1}},{"type":"Feature","geometry":{"type":"Point","coordinates":[36.765696,-1.283116]},"properties":{"lines":"48K","color":"#0059a9","mode":"bus","arr":["48K"],"angle":-36.9,"extra":1,"ei":2}},{"type":"Feature","geometry":{"type":"Point","coordinates":[36.762935,-1.285663]},"properties":{"lines":"48K","color":"#0059a9","mode":"bus","arr":["48K"],"angle":-53.2,"extra":1,"ei":3}},{"type":"Feature","geometry":{"type":"Point","coordinates":[36.762028,-1.287309]},"properties":{"lines":"48K","color":"#0059a9","mode":"bus","arr":["48K"],"angle":-70,"extra":1,"ei":4}},{"type":"Feature","geometry":{"type":"Point","coordinates":[36.761597,-1.289143]},"properties":{"lines":"48K","color":"#0059a9","mode":"bus","arr":["48K"],"angle":-84.6,"extra":1,"ei":5}},{"type":"Feature","geometry":{"type":"Point","coordinates":[36.775287,-1.270087]},"properties":{"lines":"48K","color":"#0059a9","mode":"bus","arr":["48K"],"angle":-84.4,"extra":1,"ei":0}},{"type":"Feature","geometry":{"type":"Point","coordinates":[36.775019,-1.268251]},"properties":{"lines":"48K","color":"#0059a9","mode":"bus","arr":["48K"],"angle":61,"extra":1,"ei":1}},{"type":"Feature","geometry":{"type":"Point","coordinates":[36.773955,-1.266692]},"properties":{"lines":"48K","color":"#0059a9","mode":"bus","arr":["48K"],"angle":56,"extra":1,"ei":2}},{"type":"Feature","geometry":{"type":"Point","coordinates":[36.77276,-1.263314]},"properties":{"lines":"48K","color":"#0059a9","mode":"bus","arr":["48K"],"angle":-65.2,"extra":1,"ei":3}},{"type":"Feature","geometry":{"type":"Point","coordinates":[36.774154,-1.262096]},"properties":{"lines":"48K","color":"#0059a9","mode":"bus","arr":["48K"],"angle":-28.9,"extra":1,"ei":4}},{"type":"Feature","geometry":{"type":"Point","coordinates":[36.775723,-1.261068]},"properties":{"lines":"48K","color":"#0059a9","mode":"bus","arr":["48K"],"angle":-58.5,"extra":1,"ei":5}},{"type":"Feature","geometry":{"type":"Point","coordinates":[36.775657,-1.259776]},"properties":{"lines":"48K","color":"#0059a9","mode":"bus","arr":["48K"],"angle":59.1}},{"type":"Feature","geometry":{"type":"Point","coordinates":[36.791997,-1.260418]},"properties":{"lines":"48K","color":"#0059a9","mode":"bus","arr":["48K"],"angle":10.2,"mi":2}},{"type":"Feature","geometry":{"type":"Point","coordinates":[36.792712,-1.262995]},"properties":{"lines":"48K","color":"#0059a9","mode":"bus","arr":["48K"],"angle":-82}},{"type":"Feature","geometry":{"type":"Point","coordinates":[36.796739,-1.265554]},"properties":{"lines":"48K","color":"#0059a9","mode":"bus","arr":["48K"],"angle":8.5,"mi":3}},{"type":"Feature","geometry":{"type":"Point","coordinates":[36.793374,-1.265001]},"properties":{"lines":"48K","color":"#0059a9","mode":"bus","arr":["48K"],"angle":8.8,"extra":1,"ei":0}},{"type":"Feature","geometry":{"type":"Point","coordinates":[36.795241,-1.265289]},"properties":{"lines":"48K","color":"#0059a9","mode":"bus","arr":["48K"],"angle":10.4,"extra":1,"ei":1}},{"type":"Feature","geometry":{"type":"Point","coordinates":[36.798969,-1.265882]},"properties":{"lines":"48K","color":"#0059a9","mode":"bus","arr":["48K"],"angle":13.6,"extra":1,"ei":2}},{"type":"Feature","geometry":{"type":"Point","coordinates":[36.800451,-1.266006]},"properties":{"lines":"48K","color":"#0059a9","mode":"bus","arr":["48K"],"angle":-41.2,"extra":1,"ei":3}},{"type":"Feature","geometry":{"type":"Point","coordinates":[36.781652,-1.280702]},"properties":{"lines":"48O","color":"#0059a9","mode":"bus","arr":["48O"],"angle":-55.7}},{"type":"Feature","geometry":{"type":"Point","coordinates":[36.79099,-1.275245]},"properties":{"lines":"48O","color":"#0059a9","mode":"bus","arr":["48O"],"angle":13.7}},{"type":"Feature","geometry":{"type":"Point","coordinates":[36.792186,-1.275716]},"properties":{"lines":"48O","color":"#0059a9","mode":"bus","arr":["48O"],"angle":23.3,"extra":1,"ei":0}},{"type":"Feature","geometry":{"type":"Point","coordinates":[36.801677,-1.271764]},"properties":{"lines":"48O","color":"#0059a9","mode":"bus","arr":["48O"],"angle":36.6}},{"type":"Feature","geometry":{"type":"Point","coordinates":[36.82377,-1.283065]},"properties":{"lines":"48O","color":"#0059a9","mode":"bus","arr":["48O"],"angle":-53.3}},{"type":"Feature","geometry":{"type":"Point","coordinates":[36.869478,-1.24005]},"properties":{"lines":"49, 145","color":"#0059a9","mode":"bus","arr":["49","145"],"angle":-67.6}},{"type":"Feature","geometry":{"type":"Point","coordinates":[36.873489,-1.21866]},"properties":{"lines":"53","color":"#0059a9","mode":"bus","arr":["53"],"angle":-31.2,"mi":5}},{"type":"Feature","geometry":{"type":"Point","coordinates":[36.875106,-1.211919]},"properties":{"lines":"53","color":"#0059a9","mode":"bus","arr":["53"],"angle":64.8,"extra":1,"ei":0}},{"type":"Feature","geometry":{"type":"Point","coordinates":[36.875995,-1.213584]},"properties":{"lines":"53","color":"#0059a9","mode":"bus","arr":["53"],"angle":63.1,"extra":1,"ei":1}},{"type":"Feature","geometry":{"type":"Point","coordinates":[36.875939,-1.215364]},"properties":{"lines":"53","color":"#0059a9","mode":"bus","arr":["53"],"angle":-71.7,"extra":1,"ei":2}},{"type":"Feature","geometry":{"type":"Point","coordinates":[36.875289,-1.217134]},"properties":{"lines":"53","color":"#0059a9","mode":"bus","arr":["53"],"angle":-60.3,"extra":1,"ei":3}},{"type":"Feature","geometry":{"type":"Point","coordinates":[36.872851,-1.219723]},"properties":{"lines":"53","color":"#0059a9","mode":"bus","arr":["53"],"angle":75.8,"extra":1,"ei":4}},{"type":"Feature","geometry":{"type":"Point","coordinates":[36.872804,-1.221323]},"properties":{"lines":"53","color":"#0059a9","mode":"bus","arr":["53"],"angle":-27,"extra":1,"ei":5}},{"type":"Feature","geometry":{"type":"Point","coordinates":[36.872134,-1.222555]},"properties":{"lines":"53","color":"#0059a9","mode":"bus","arr":["53"],"angle":65.9,"extra":1,"ei":6}},{"type":"Feature","geometry":{"type":"Point","coordinates":[36.873209,-1.224098]},"properties":{"lines":"53","color":"#0059a9","mode":"bus","arr":["53"],"angle":53.6,"extra":1,"ei":7}},{"type":"Feature","geometry":{"type":"Point","coordinates":[36.874122,-1.225695]},"properties":{"lines":"53","color":"#0059a9","mode":"bus","arr":["53"],"angle":86.1,"extra":1,"ei":8}},{"type":"Feature","geometry":{"type":"Point","coordinates":[36.871839,-1.226761]},"properties":{"lines":"53","color":"#0059a9","mode":"bus","arr":["53"],"angle":-22.5}},{"type":"Feature","geometry":{"type":"Point","coordinates":[36.873275,-1.22618]},"properties":{"lines":"53","color":"#0059a9","mode":"bus","arr":["53"],"angle":-22.3,"extra":1,"ei":0}},{"type":"Feature","geometry":{"type":"Point","coordinates":[36.869771,-1.227589]},"properties":{"lines":"53","color":"#0059a9","mode":"bus","arr":["53"],"angle":-13.5,"extra":1,"ei":1}},{"type":"Feature","geometry":{"type":"Point","coordinates":[36.868033,-1.227298]},"properties":{"lines":"53","color":"#0059a9","mode":"bus","arr":["53"],"angle":10.3,"mi":2}},{"type":"Feature","geometry":{"type":"Point","coordinates":[36.866731,-1.227088]},"properties":{"lines":"53","color":"#0059a9","mode":"bus","arr":["53"],"angle":9.4,"extra":1,"ei":0}},{"type":"Feature","geometry":{"type":"Point","coordinates":[36.871545,-1.230352]},"properties":{"lines":"53","color":"#0059a9","mode":"bus","arr":["53"],"angle":53.9,"mi":1}},{"type":"Feature","geometry":{"type":"Point","coordinates":[36.872987,-1.232278]},"properties":{"lines":"53","color":"#0059a9","mode":"bus","arr":["53"],"angle":52.1,"extra":1,"ei":0}},{"type":"Feature","geometry":{"type":"Point","coordinates":[36.870734,-1.22925]},"properties":{"lines":"53","color":"#0059a9","mode":"bus","arr":["53"],"angle":53.3,"extra":1,"ei":1}},{"type":"Feature","geometry":{"type":"Point","coordinates":[36.869679,-1.227706]},"properties":{"lines":"53","color":"#0059a9","mode":"bus","arr":["53"],"angle":75.9,"extra":1,"ei":2}},{"type":"Feature","geometry":{"type":"Point","coordinates":[36.866068,-1.232967]},"properties":{"lines":"53","color":"#0059a9","mode":"bus","arr":["53"],"angle":42.8,"mi":4}},{"type":"Feature","geometry":{"type":"Point","coordinates":[36.871507,-1.233986]},"properties":{"lines":"53","color":"#0059a9","mode":"bus","arr":["53"],"angle":-1.4,"extra":1,"ei":0}},{"type":"Feature","geometry":{"type":"Point","coordinates":[36.869619,-1.233979]},"properties":{"lines":"53","color":"#0059a9","mode":"bus","arr":["53"],"angle":1.2,"extra":1,"ei":1}},{"type":"Feature","geometry":{"type":"Point","coordinates":[36.86773,-1.233974]},"properties":{"lines":"53","color":"#0059a9","mode":"bus","arr":["53"],"angle":-0.3,"extra":1,"ei":2}},{"type":"Feature","geometry":{"type":"Point","coordinates":[36.86477,-1.231807]},"properties":{"lines":"53","color":"#0059a9","mode":"bus","arr":["53"],"angle":49.8,"extra":1,"ei":3}},{"type":"Feature","geometry":{"type":"Point","coordinates":[36.865226,-1.230084]},"properties":{"lines":"53","color":"#0059a9","mode":"bus","arr":["53"],"angle":-65.4,"extra":1,"ei":4}},{"type":"Feature","geometry":{"type":"Point","coordinates":[36.865987,-1.228356]},"properties":{"lines":"53","color":"#0059a9","mode":"bus","arr":["53"],"angle":-66.7,"extra":1,"ei":5}},{"type":"Feature","geometry":{"type":"Point","coordinates":[36.87257,-1.233791]},"properties":{"lines":"53","color":"#0059a9","mode":"bus","arr":["53"],"angle":-53.1,"mi":3}},{"type":"Feature","geometry":{"type":"Point","coordinates":[36.752863,-1.283642]},"properties":{"lines":"56","color":"#0059a9","mode":"bus","arr":["56"],"angle":69.7}},{"type":"Feature","geometry":{"type":"Point","coordinates":[36.753217,-1.288364]},"properties":{"lines":"56","color":"#0059a9","mode":"bus","arr":["56"],"angle":-79.5,"extra":1,"ei":0}},{"type":"Feature","geometry":{"type":"Point","coordinates":[36.753374,-1.286487]},"properties":{"lines":"56","color":"#0059a9","mode":"bus","arr":["56"],"angle":88.9,"extra":1,"ei":1}},{"type":"Feature","geometry":{"type":"Point","coordinates":[36.751864,-1.28107]},"properties":{"lines":"56","color":"#0059a9","mode":"bus","arr":["56"],"angle":68.8,"extra":1,"ei":2}},{"type":"Feature","geometry":{"type":"Point","coordinates":[36.751174,-1.279311]},"properties":{"lines":"56","color":"#0059a9","mode":"bus","arr":["56"],"angle":68.3,"extra":1,"ei":3}},{"type":"Feature","geometry":{"type":"Point","coordinates":[36.815498,-1.291645]},"properties":{"lines":"56","color":"#0059a9","mode":"bus","arr":["56"],"angle":60.2}},{"type":"Feature","geometry":{"type":"Point","coordinates":[36.876618,-1.296339]},"properties":{"lines":"58","color":"#0059a9","mode":"bus","arr":["58"],"angle":83.8,"side":-1}},{"type":"Feature","geometry":{"type":"Point","coordinates":[36.868145,-1.321169]},"properties":{"lines":"69","color":"#0059a9","mode":"bus","arr":["69"],"angle":37.9,"mi":9}},{"type":"Feature","geometry":{"type":"Point","coordinates":[36.845968,-1.309553]},"properties":{"lines":"69","color":"#0059a9","mode":"bus","arr":["69"],"angle":34.2,"side":-1,"mi":5}},{"type":"Feature","geometry":{"type":"Point","coordinates":[36.851745,-1.313213]},"properties":{"lines":"69","color":"#0059a9","mode":"bus","arr":["69"],"angle":41.4,"mi":1}},{"type":"Feature","geometry":{"type":"Point","coordinates":[36.851297,-1.311871]},"properties":{"lines":"69","color":"#0059a9","mode":"bus","arr":["69"],"angle":17.8}},{"type":"Feature","geometry":{"type":"Point","coordinates":[36.857763,-1.314117]},"properties":{"lines":"69","color":"#0059a9","mode":"bus","arr":["69"],"angle":24.7,"mi":4}},{"type":"Feature","geometry":{"type":"Point","coordinates":[36.840792,-1.305991]},"properties":{"lines":"69","color":"#0059a9","mode":"bus","arr":["69"],"angle":34.7,"side":-1,"mi":7}},{"type":"Feature","geometry":{"type":"Point","coordinates":[36.838079,-1.301983]},"properties":{"lines":"69","color":"#0059a9","mode":"bus","arr":["69"],"angle":63.6,"mi":8}},{"type":"Feature","geometry":{"type":"Point","coordinates":[36.861233,-1.315603]},"properties":{"lines":"69","color":"#0059a9","mode":"bus","arr":["69"],"angle":40.1,"mi":6}},{"type":"Feature","geometry":{"type":"Point","coordinates":[36.862321,-1.316926]},"properties":{"lines":"69","color":"#0059a9","mode":"bus","arr":["69"],"angle":66.3,"extra":1,"ei":0}},{"type":"Feature","geometry":{"type":"Point","coordinates":[36.86352,-1.318255]},"properties":{"lines":"69","color":"#0059a9","mode":"bus","arr":["69"],"angle":24.4,"extra":1,"ei":1}},{"type":"Feature","geometry":{"type":"Point","coordinates":[36.865214,-1.319089]},"properties":{"lines":"69","color":"#0059a9","mode":"bus","arr":["69"],"angle":27,"extra":1,"ei":2}},{"type":"Feature","geometry":{"type":"Point","coordinates":[36.86679,-1.320121]},"properties":{"lines":"69","color":"#0059a9","mode":"bus","arr":["69"],"angle":37.4,"extra":1,"ei":3}},{"type":"Feature","geometry":{"type":"Point","coordinates":[36.869732,-1.322482]},"properties":{"lines":"69","color":"#0059a9","mode":"bus","arr":["69"],"angle":49.5,"extra":1,"ei":4}},{"type":"Feature","geometry":{"type":"Point","coordinates":[36.870684,-1.324097]},"properties":{"lines":"69","color":"#0059a9","mode":"bus","arr":["69"],"angle":75.4,"extra":1,"ei":5}},{"type":"Feature","geometry":{"type":"Point","coordinates":[36.870788,-1.325973]},"properties":{"lines":"69","color":"#0059a9","mode":"bus","arr":["69"],"angle":-81.1,"extra":1,"ei":6}},{"type":"Feature","geometry":{"type":"Point","coordinates":[36.87035,-1.327808]},"properties":{"lines":"69","color":"#0059a9","mode":"bus","arr":["69"],"angle":-79.7,"extra":1,"ei":7}},{"type":"Feature","geometry":{"type":"Point","coordinates":[36.859422,-1.314862]},"properties":{"lines":"69","color":"#0059a9","mode":"bus","arr":["69"],"angle":18.1,"extra":1,"ei":0,"side":-1}},{"type":"Feature","geometry":{"type":"Point","coordinates":[36.853496,-1.314678]},"properties":{"lines":"69","color":"#0059a9","mode":"bus","arr":["69"],"angle":25.1,"extra":1,"ei":0}},{"type":"Feature","geometry":{"type":"Point","coordinates":[36.848262,-1.310961]},"properties":{"lines":"69","color":"#0059a9","mode":"bus","arr":["69"],"angle":17,"extra":1,"ei":0,"side":-1}},{"type":"Feature","geometry":{"type":"Point","coordinates":[36.843532,-1.307871]},"properties":{"lines":"69","color":"#0059a9","mode":"bus","arr":["69"],"angle":34.8,"extra":1,"ei":1,"side":-1}},{"type":"Feature","geometry":{"type":"Point","coordinates":[36.842016,-1.306839]},"properties":{"lines":"69","color":"#0059a9","mode":"bus","arr":["69"],"angle":35.1,"extra":1,"ei":0,"side":-1}},{"type":"Feature","geometry":{"type":"Point","coordinates":[36.83914,-1.304469]},"properties":{"lines":"69","color":"#0059a9","mode":"bus","arr":["69"],"angle":61.2,"extra":1,"ei":1,"side":-1}},{"type":"Feature","geometry":{"type":"Point","coordinates":[36.838547,-1.303272]},"properties":{"lines":"69","color":"#0059a9","mode":"bus","arr":["69"],"angle":63.3,"extra":1,"ei":0,"side":-1}},{"type":"Feature","geometry":{"type":"Point","coordinates":[36.837451,-1.300716]},"properties":{"lines":"69","color":"#0059a9","mode":"bus","arr":["69"],"angle":63.7,"extra":1,"ei":0}},{"type":"Feature","geometry":{"type":"Point","coordinates":[36.853787,-1.312692]},"properties":{"lines":"69","color":"#0059a9","mode":"bus","arr":["69"],"angle":19.3,"extra":1,"ei":0}},{"type":"Feature","geometry":{"type":"Point","coordinates":[36.856098,-1.313512]},"properties":{"lines":"69","color":"#0059a9","mode":"bus","arr":["69"],"angle":19.6,"extra":1,"ei":0}},{"type":"Feature","geometry":{"type":"Point","coordinates":[36.855252,-1.313785]},"properties":{"lines":"69","color":"#0059a9","mode":"bus","arr":["69"],"angle":-27.2,"mi":2}},{"type":"Feature","geometry":{"type":"Point","coordinates":[36.85472,-1.314556]},"properties":{"lines":"69","color":"#0059a9","mode":"bus","arr":["69"],"angle":-77.7,"mi":3}},{"type":"Feature","geometry":{"type":"Point","coordinates":[36.841007,-1.292813]},"properties":{"lines":"69","color":"#0059a9","mode":"bus","arr":["69"],"angle":-79.6,"side":-1}},{"type":"Feature","geometry":{"type":"Point","coordinates":[36.839344,-1.296687]},"properties":{"lines":"69, 405","color":"#0059a9","mode":"bus","arr":["69","405"],"angle":-51.9,"side":-1}},{"type":"Feature","geometry":{"type":"Point","coordinates":[36.840742,-1.294323]},"properties":{"lines":"69, 405","color":"#0059a9","mode":"bus","arr":["69","405"],"angle":-72.3,"extra":1,"ei":0,"side":-1}},{"type":"Feature","geometry":{"type":"Point","coordinates":[36.83755,-1.298971]},"properties":{"lines":"69, 405","color":"#0059a9","mode":"bus","arr":["69","405"],"angle":-51.9,"extra":1,"ei":1,"side":-1}},{"type":"Feature","geometry":{"type":"Point","coordinates":[36.872939,-1.307425]},"properties":{"lines":"70/71","color":"#0059a9","mode":"bus","arr":["70/71"],"angle":-7.4}},{"type":"Feature","geometry":{"type":"Point","coordinates":[36.885345,-1.301037]},"properties":{"lines":"70/71","color":"#0059a9","mode":"bus","arr":["70/71"],"angle":-58.9,"extra":1,"ei":0}},{"type":"Feature","geometry":{"type":"Point","coordinates":[36.884354,-1.302644]},"properties":{"lines":"70/71","color":"#0059a9","mode":"bus","arr":["70/71"],"angle":-59.2,"extra":1,"ei":1}},{"type":"Feature","geometry":{"type":"Point","coordinates":[36.883368,-1.304255]},"properties":{"lines":"70/71","color":"#0059a9","mode":"bus","arr":["70/71"],"angle":-59.3,"extra":1,"ei":2}},{"type":"Feature","geometry":{"type":"Point","coordinates":[36.882344,-1.305841]},"properties":{"lines":"70/71","color":"#0059a9","mode":"bus","arr":["70/71"],"angle":-51.5,"extra":1,"ei":3}},{"type":"Feature","geometry":{"type":"Point","coordinates":[36.880582,-1.306342]},"properties":{"lines":"70/71","color":"#0059a9","mode":"bus","arr":["70/71"],"angle":-8.1,"extra":1,"ei":4}},{"type":"Feature","geometry":{"type":"Point","coordinates":[36.878714,-1.306622]},"properties":{"lines":"70/71","color":"#0059a9","mode":"bus","arr":["70/71"],"angle":-8.3,"extra":1,"ei":5}},{"type":"Feature","geometry":{"type":"Point","coordinates":[36.876841,-1.306865]},"properties":{"lines":"70/71","color":"#0059a9","mode":"bus","arr":["70/71"],"angle":-7.8,"extra":1,"ei":6}},{"type":"Feature","geometry":{"type":"Point","coordinates":[36.87497,-1.307125]},"properties":{"lines":"70/71","color":"#0059a9","mode":"bus","arr":["70/71"],"angle":-8.7,"extra":1,"ei":7}},{"type":"Feature","geometry":{"type":"Point","coordinates":[36.871228,-1.307649]},"properties":{"lines":"70/71","color":"#0059a9","mode":"bus","arr":["70/71"],"angle":-7.4,"extra":1,"ei":8}},{"type":"Feature","geometry":{"type":"Point","coordinates":[36.869355,-1.307894]},"properties":{"lines":"70/71","color":"#0059a9","mode":"bus","arr":["70/71"],"angle":-7.5,"extra":1,"ei":9}},{"type":"Feature","geometry":{"type":"Point","coordinates":[36.867483,-1.308147]},"properties":{"lines":"70/71","color":"#0059a9","mode":"bus","arr":["70/71"],"angle":-8,"extra":1,"ei":10}},{"type":"Feature","geometry":{"type":"Point","coordinates":[36.865612,-1.308407]},"properties":{"lines":"70/71","color":"#0059a9","mode":"bus","arr":["70/71"],"angle":-7.5,"extra":1,"ei":11}},{"type":"Feature","geometry":{"type":"Point","coordinates":[36.863741,-1.308667]},"properties":{"lines":"70/71","color":"#0059a9","mode":"bus","arr":["70/71"],"angle":-8.4,"extra":1,"ei":12}},{"type":"Feature","geometry":{"type":"Point","coordinates":[36.861874,-1.308955]},"properties":{"lines":"70/71","color":"#0059a9","mode":"bus","arr":["70/71"],"angle":-6.8,"extra":1,"ei":13}},{"type":"Feature","geometry":{"type":"Point","coordinates":[36.860003,-1.309202]},"properties":{"lines":"70/71","color":"#0059a9","mode":"bus","arr":["70/71"],"angle":-8.6,"extra":1,"ei":14}},{"type":"Feature","geometry":{"type":"Point","coordinates":[36.858133,-1.309464]},"properties":{"lines":"70/71","color":"#0059a9","mode":"bus","arr":["70/71"],"angle":-8,"extra":1,"ei":15}},{"type":"Feature","geometry":{"type":"Point","coordinates":[36.855799,-1.302365]},"properties":{"lines":"70/71","color":"#0059a9","mode":"bus","arr":["70/71"],"angle":80.6}},{"type":"Feature","geometry":{"type":"Point","coordinates":[36.856603,-1.308574]},"properties":{"lines":"70/71","color":"#0059a9","mode":"bus","arr":["70/71"],"angle":82.3,"extra":1,"ei":0}},{"type":"Feature","geometry":{"type":"Point","coordinates":[36.856367,-1.306701]},"properties":{"lines":"70/71","color":"#0059a9","mode":"bus","arr":["70/71"],"angle":82.8,"extra":1,"ei":1}},{"type":"Feature","geometry":{"type":"Point","coordinates":[36.856118,-1.304829]},"properties":{"lines":"70/71","color":"#0059a9","mode":"bus","arr":["70/71"],"angle":82.3,"extra":1,"ei":2}},{"type":"Feature","geometry":{"type":"Point","coordinates":[36.855618,-1.301085]},"properties":{"lines":"70/71","color":"#0059a9","mode":"bus","arr":["70/71"],"angle":82.6,"extra":1,"ei":3}},{"type":"Feature","geometry":{"type":"Point","coordinates":[36.855354,-1.299216]},"properties":{"lines":"70/71","color":"#0059a9","mode":"bus","arr":["70/71"],"angle":81,"extra":1,"ei":4,"side":-1}},{"type":"Feature","geometry":{"type":"Point","coordinates":[36.855162,-1.297341]},"properties":{"lines":"70/71","color":"#0059a9","mode":"bus","arr":["70/71"],"angle":-85.9,"extra":1,"ei":5}},{"type":"Feature","geometry":{"type":"Point","coordinates":[36.855473,-1.295479]},"properties":{"lines":"70/71","color":"#0059a9","mode":"bus","arr":["70/71"],"angle":85,"extra":1,"ei":6,"side":-1}},{"type":"Feature","geometry":{"type":"Point","coordinates":[36.855988,-1.303624]},"properties":{"lines":"70/71","color":"#0059a9","mode":"bus","arr":["70/71"],"angle":82.7,"extra":1,"ei":0}},{"type":"Feature","geometry":{"type":"Point","coordinates":[36.828465,-1.172009]},"properties":{"lines":"100, 100A","color":"#0059a9","mode":"bus","arr":["100","100A"],"angle":35.6}},{"type":"Feature","geometry":{"type":"Point","coordinates":[36.826577,-1.1699]},"properties":{"lines":"100, 100A","color":"#0059a9","mode":"bus","arr":["100","100A"],"angle":58.8,"extra":1,"ei":0}},{"type":"Feature","geometry":{"type":"Point","coordinates":[36.830865,-1.173446]},"properties":{"lines":"100, 100A","color":"#0059a9","mode":"bus","arr":["100","100A"],"angle":26.9,"extra":1,"ei":1}},{"type":"Feature","geometry":{"type":"Point","coordinates":[36.836383,-1.270077]},"properties":{"lines":"100, 100A","color":"#0059a9","mode":"bus","arr":["100","100A"],"angle":-64.8}},{"type":"Feature","geometry":{"type":"Point","coordinates":[36.828271,-1.171107]},"properties":{"lines":"121","color":"#0059a9","mode":"bus","arr":["121"],"angle":41.2}},{"type":"Feature","geometry":{"type":"Point","coordinates":[36.829919,-1.172171]},"properties":{"lines":"121","color":"#0059a9","mode":"bus","arr":["121"],"angle":31.6,"extra":1,"ei":0}},{"type":"Feature","geometry":{"type":"Point","coordinates":[36.827137,-1.169702]},"properties":{"lines":"121","color":"#0059a9","mode":"bus","arr":["121"],"angle":54.7,"extra":1,"ei":1}},{"type":"Feature","geometry":{"type":"Point","coordinates":[36.825864,-1.1679]},"properties":{"lines":"100, 121","color":"#0059a9","mode":"bus","arr":["100","121"],"angle":54.6}},{"type":"Feature","geometry":{"type":"Point","coordinates":[36.826248,-1.171877]},"properties":{"lines":"100, 120","color":"#0059a9","mode":"bus","arr":["100","120"],"angle":67.5}},{"type":"Feature","geometry":{"type":"Point","coordinates":[36.825329,-1.169142]},"properties":{"lines":"100, 120","color":"#0059a9","mode":"bus","arr":["100","120"],"angle":37.6,"extra":1,"ei":0}},{"type":"Feature","geometry":{"type":"Point","coordinates":[36.82623,-1.170669]},"properties":{"lines":"100, 120","color":"#0059a9","mode":"bus","arr":["100","120"],"angle":-87.9,"extra":1,"ei":1}},{"type":"Feature","geometry":{"type":"Point","coordinates":[36.827732,-1.173794]},"properties":{"lines":"100, 120","color":"#0059a9","mode":"bus","arr":["100","120"],"angle":42.9,"extra":1,"ei":2}},{"type":"Feature","geometry":{"type":"Point","coordinates":[36.824691,-1.167751]},"properties":{"lines":"100, 120","color":"#0059a9","mode":"bus","arr":["100","120"],"angle":-67.3,"mi":1}},{"type":"Feature","geometry":{"type":"Point","coordinates":[36.83158,-1.1756]},"properties":{"lines":"100, 120","color":"#0059a9","mode":"bus","arr":["100","120"],"angle":8.1,"mi":2}},{"type":"Feature","geometry":{"type":"Point","coordinates":[36.833401,-1.175251]},"properties":{"lines":"100, 120","color":"#0059a9","mode":"bus","arr":["100","120"],"angle":-15.5,"extra":1,"ei":0}},{"type":"Feature","geometry":{"type":"Point","coordinates":[36.829729,-1.175172]},"properties":{"lines":"100, 120","color":"#0059a9","mode":"bus","arr":["100","120"],"angle":16.7,"extra":1,"ei":1}},{"type":"Feature","geometry":{"type":"Point","coordinates":[36.836833,-1.197407]},"properties":{"lines":"100, 100A, 120, 121","color":"#0059a9","mode":"bus","arr":["100","100A","120","121"],"angle":-46.4}},{"type":"Feature","geometry":{"type":"Point","coordinates":[36.844495,-1.243152]},"properties":{"lines":"100, 100A, 120, 121","color":"#0059a9","mode":"bus","arr":["100","100A","120","121"],"angle":82.9}},{"type":"Feature","geometry":{"type":"Point","coordinates":[36.841846,-1.26091]},"properties":{"lines":"100, 100A, 120, 121","color":"#0059a9","mode":"bus","arr":["100","100A","120","121"],"angle":-70.7,"side":-1,"mi":1}},{"type":"Feature","geometry":{"type":"Point","coordinates":[36.839154,-1.225924]},"properties":{"lines":"100, 100A, 120, 121","color":"#0059a9","mode":"bus","arr":["100","100A","120","121"],"angle":-30.8,"mi":2}},{"type":"Feature","geometry":{"type":"Point","coordinates":[36.835917,-1.221591]},"properties":{"lines":"100, 100A, 120, 121","color":"#0059a9","mode":"bus","arr":["100","100A","120","121"],"angle":52.5,"side":-1,"mi":1}},{"type":"Feature","geometry":{"type":"Point","coordinates":[36.837598,-1.223362]},"properties":{"lines":"100, 100A, 120, 121","color":"#0059a9","mode":"bus","arr":["100","100A","120","121"],"angle":47}},{"type":"Feature","geometry":{"type":"Point","coordinates":[36.835057,-1.175548]},"properties":{"lines":"100, 100A, 120, 121","color":"#0059a9","mode":"bus","arr":["100","100A","120","121"],"angle":38.4,"extra":1,"ei":0}},{"type":"Feature","geometry":{"type":"Point","coordinates":[36.836474,-1.176792]},"properties":{"lines":"100, 100A, 120, 121","color":"#0059a9","mode":"bus","arr":["100","100A","120","121"],"angle":49.8,"extra":1,"ei":1}},{"type":"Feature","geometry":{"type":"Point","coordinates":[36.837266,-1.17849]},"properties":{"lines":"100, 100A, 120, 121","color":"#0059a9","mode":"bus","arr":["100","100A","120","121"],"angle":71.8,"extra":1,"ei":2}},{"type":"Feature","geometry":{"type":"Point","coordinates":[36.837818,-1.180293]},"properties":{"lines":"100, 100A, 120, 121","color":"#0059a9","mode":"bus","arr":["100","100A","120","121"],"angle":73.4,"extra":1,"ei":3}},{"type":"Feature","geometry":{"type":"Point","coordinates":[36.838283,-1.182121]},"properties":{"lines":"100, 100A, 120, 121","color":"#0059a9","mode":"bus","arr":["100","100A","120","121"],"angle":80.7,"extra":1,"ei":4}},{"type":"Feature","geometry":{"type":"Point","coordinates":[36.838582,-1.183986]},"properties":{"lines":"100, 100A, 120, 121","color":"#0059a9","mode":"bus","arr":["100","100A","120","121"],"angle":80.9,"extra":1,"ei":5}},{"type":"Feature","geometry":{"type":"Point","coordinates":[36.838889,-1.18585]},"properties":{"lines":"100, 100A, 120, 121","color":"#0059a9","mode":"bus","arr":["100","100A","120","121"],"angle":80.6,"extra":1,"ei":6}},{"type":"Feature","geometry":{"type":"Point","coordinates":[36.839181,-1.187715]},"properties":{"lines":"100, 100A, 120, 121","color":"#0059a9","mode":"bus","arr":["100","100A","120","121"],"angle":81.2,"extra":1,"ei":7}},{"type":"Feature","geometry":{"type":"Point","coordinates":[36.83947,-1.189582]},"properties":{"lines":"100, 100A, 120, 121","color":"#0059a9","mode":"bus","arr":["100","100A","120","121"],"angle":81.1,"extra":1,"ei":8}},{"type":"Feature","geometry":{"type":"Point","coordinates":[36.839791,-1.191443]},"properties":{"lines":"100, 100A, 120, 121","color":"#0059a9","mode":"bus","arr":["100","100A","120","121"],"angle":79.1,"extra":1,"ei":9}},{"type":"Feature","geometry":{"type":"Point","coordinates":[36.839914,-1.193311]},"properties":{"lines":"100, 100A, 120, 121","color":"#0059a9","mode":"bus","arr":["100","100A","120","121"],"angle":-79,"extra":1,"ei":10}},{"type":"Feature","geometry":{"type":"Point","coordinates":[36.838987,-1.19492]},"properties":{"lines":"100, 100A, 120, 121","color":"#0059a9","mode":"bus","arr":["100","100A","120","121"],"angle":-49.9,"extra":1,"ei":11}},{"type":"Feature","geometry":{"type":"Point","coordinates":[36.837762,-1.196358]},"properties":{"lines":"100, 100A, 120, 121","color":"#0059a9","mode":"bus","arr":["100","100A","120","121"],"angle":-48.3,"extra":1,"ei":12}},{"type":"Feature","geometry":{"type":"Point","coordinates":[36.835474,-1.199335]},"properties":{"lines":"100, 100A, 120, 121","color":"#0059a9","mode":"bus","arr":["100","100A","120","121"],"angle":-63.4,"extra":1,"ei":13}},{"type":"Feature","geometry":{"type":"Point","coordinates":[36.834595,-1.201007]},"properties":{"lines":"100, 100A, 120, 121","color":"#0059a9","mode":"bus","arr":["100","100A","120","121"],"angle":-61.7,"extra":1,"ei":14}},{"type":"Feature","geometry":{"type":"Point","coordinates":[36.833682,-1.202659]},"properties":{"lines":"100, 100A, 120, 121","color":"#0059a9","mode":"bus","arr":["100","100A","120","121"],"angle":-62.3,"extra":1,"ei":15}},{"type":"Feature","geometry":{"type":"Point","coordinates":[36.832785,-1.20432]},"properties":{"lines":"100, 100A, 120, 121","color":"#0059a9","mode":"bus","arr":["100","100A","120","121"],"angle":-59.2,"extra":1,"ei":16}},{"type":"Feature","geometry":{"type":"Point","coordinates":[36.831968,-1.206016]},"properties":{"lines":"100, 100A, 120, 121","color":"#0059a9","mode":"bus","arr":["100","100A","120","121"],"angle":-77.1,"extra":1,"ei":17}},{"type":"Feature","geometry":{"type":"Point","coordinates":[36.832454,-1.207771]},"properties":{"lines":"100, 100A, 120, 121","color":"#0059a9","mode":"bus","arr":["100","100A","120","121"],"angle":56.5,"extra":1,"ei":18}},{"type":"Feature","geometry":{"type":"Point","coordinates":[36.833052,-1.209516]},"properties":{"lines":"100, 100A, 120, 121","color":"#0059a9","mode":"bus","arr":["100","100A","120","121"],"angle":88.3,"extra":1,"ei":19}},{"type":"Feature","geometry":{"type":"Point","coordinates":[36.833394,-1.211351]},"properties":{"lines":"100, 100A, 120, 121","color":"#0059a9","mode":"bus","arr":["100","100A","120","121"],"angle":68.1,"extra":1,"ei":20}},{"type":"Feature","geometry":{"type":"Point","coordinates":[36.834112,-1.213098]},"properties":{"lines":"100, 100A, 120, 121","color":"#0059a9","mode":"bus","arr":["100","100A","120","121"],"angle":66.9,"extra":1,"ei":21}},{"type":"Feature","geometry":{"type":"Point","coordinates":[36.834859,-1.214833]},"properties":{"lines":"100, 100A, 120, 121","color":"#0059a9","mode":"bus","arr":["100","100A","120","121"],"angle":66.7,"extra":1,"ei":22}},{"type":"Feature","geometry":{"type":"Point","coordinates":[36.835574,-1.21658]},"properties":{"lines":"100, 100A, 120, 121","color":"#0059a9","mode":"bus","arr":["100","100A","120","121"],"angle":71.1,"extra":1,"ei":23}},{"type":"Feature","geometry":{"type":"Point","coordinates":[36.83579,-1.218429]},"properties":{"lines":"100, 100A, 120, 121","color":"#0059a9","mode":"bus","arr":["100","100A","120","121"],"angle":-80.2,"extra":1,"ei":24}},{"type":"Feature","geometry":{"type":"Point","coordinates":[36.840202,-1.263106]},"properties":{"lines":"100, 100A, 120, 121","color":"#0059a9","mode":"bus","arr":["100","100A","120","121"],"angle":-12.7,"extra":1,"ei":0,"side":-1}},{"type":"Feature","geometry":{"type":"Point","coordinates":[36.84276,-1.258298]},"properties":{"lines":"100, 100A, 120, 121","color":"#0059a9","mode":"bus","arr":["100","100A","120","121"],"angle":-73.8,"extra":1,"ei":1,"side":-1}},{"type":"Feature","geometry":{"type":"Point","coordinates":[36.843029,-1.257139]},"properties":{"lines":"100, 100A, 120, 121","color":"#0059a9","mode":"bus","arr":["100","100A","120","121"],"angle":-72,"extra":1,"ei":0}},{"type":"Feature","geometry":{"type":"Point","coordinates":[36.843757,-1.255402]},"properties":{"lines":"100, 100A, 120, 121","color":"#0059a9","mode":"bus","arr":["100","100A","120","121"],"angle":-61.8,"extra":1,"ei":1}},{"type":"Feature","geometry":{"type":"Point","coordinates":[36.844667,-1.253747]},"properties":{"lines":"100, 100A, 120, 121","color":"#0059a9","mode":"bus","arr":["100","100A","120","121"],"angle":-61.2,"extra":1,"ei":2}},{"type":"Feature","geometry":{"type":"Point","coordinates":[36.845593,-1.252101]},"properties":{"lines":"100, 100A, 120, 121","color":"#0059a9","mode":"bus","arr":["100","100A","120","121"],"angle":-60.5,"extra":1,"ei":3}},{"type":"Feature","geometry":{"type":"Point","coordinates":[36.8465,-1.250445]},"properties":{"lines":"100, 100A, 120, 121","color":"#0059a9","mode":"bus","arr":["100","100A","120","121"],"angle":-63.2,"extra":1,"ei":4}},{"type":"Feature","geometry":{"type":"Point","coordinates":[36.847191,-1.248713]},"properties":{"lines":"100, 100A, 120, 121","color":"#0059a9","mode":"bus","arr":["100","100A","120","121"],"angle":88.1,"extra":1,"ei":5}},{"type":"Feature","geometry":{"type":"Point","coordinates":[36.846248,-1.247145]},"properties":{"lines":"100, 100A, 120, 121","color":"#0059a9","mode":"bus","arr":["100","100A","120","121"],"angle":49.8,"extra":1,"ei":6}},{"type":"Feature","geometry":{"type":"Point","coordinates":[36.845326,-1.245504]},"properties":{"lines":"100, 100A, 120, 121","color":"#0059a9","mode":"bus","arr":["100","100A","120","121"],"angle":64.7,"extra":1,"ei":7}},{"type":"Feature","geometry":{"type":"Point","coordinates":[36.844348,-1.241898]},"properties":{"lines":"100, 100A, 120, 121","color":"#0059a9","mode":"bus","arr":["100","100A","120","121"],"angle":84.3,"extra":1,"ei":8}},{"type":"Feature","geometry":{"type":"Point","coordinates":[36.844154,-1.240019]},"properties":{"lines":"100, 100A, 120, 121","color":"#0059a9","mode":"bus","arr":["100","100A","120","121"],"angle":84.7,"extra":1,"ei":9}},{"type":"Feature","geometry":{"type":"Point","coordinates":[36.843969,-1.23814]},"properties":{"lines":"100, 100A, 120, 121","color":"#0059a9","mode":"bus","arr":["100","100A","120","121"],"angle":83.7,"extra":1,"ei":10}},{"type":"Feature","geometry":{"type":"Point","coordinates":[36.843766,-1.236263]},"properties":{"lines":"100, 100A, 120, 121","color":"#0059a9","mode":"bus","arr":["100","100A","120","121"],"angle":83.6,"extra":1,"ei":11}},{"type":"Feature","geometry":{"type":"Point","coordinates":[36.84357,-1.234384]},"properties":{"lines":"100, 100A, 120, 121","color":"#0059a9","mode":"bus","arr":["100","100A","120","121"],"angle":83.6,"extra":1,"ei":12}},{"type":"Feature","geometry":{"type":"Point","coordinates":[36.843296,-1.232519]},"properties":{"lines":"100, 100A, 120, 121","color":"#0059a9","mode":"bus","arr":["100","100A","120","121"],"angle":71.2,"extra":1,"ei":13}},{"type":"Feature","geometry":{"type":"Point","coordinates":[36.842161,-1.23104]},"properties":{"lines":"100, 100A, 120, 121","color":"#0059a9","mode":"bus","arr":["100","100A","120","121"],"angle":44.1,"extra":1,"ei":14,"side":-1}},{"type":"Feature","geometry":{"type":"Point","coordinates":[36.840962,-1.229589]},"properties":{"lines":"100, 100A, 120, 121","color":"#0059a9","mode":"bus","arr":["100","100A","120","121"],"angle":58.1,"extra":1,"ei":15}},{"type":"Feature","geometry":{"type":"Point","coordinates":[36.840092,-1.227913]},"properties":{"lines":"100, 100A, 120, 121","color":"#0059a9","mode":"bus","arr":["100","100A","120","121"],"angle":64,"extra":1,"ei":16}},{"type":"Feature","geometry":{"type":"Point","coordinates":[36.835501,-1.220289]},"properties":{"lines":"100, 100A, 120, 121","color":"#0059a9","mode":"bus","arr":["100","100A","120","121"],"angle":-86.2,"extra":1,"ei":0,"side":-1}},{"type":"Feature","geometry":{"type":"Point","coordinates":[36.831649,-1.273691]},"properties":{"lines":"100, 100A","color":"#0059a9","mode":"bus","arr":["100","100A"],"angle":-74.4,"mi":1}},{"type":"Feature","geometry":{"type":"Point","coordinates":[36.830793,-1.276867]},"properties":{"lines":"100, 100A","color":"#0059a9","mode":"bus","arr":["100","100A"],"angle":-75.1,"extra":1,"ei":0}},{"type":"Feature","geometry":{"type":"Point","coordinates":[36.831278,-1.275042]},"properties":{"lines":"100, 100A","color":"#0059a9","mode":"bus","arr":["100","100A"],"angle":-75.7,"extra":1,"ei":1}},{"type":"Feature","geometry":{"type":"Point","coordinates":[36.832258,-1.271396]},"properties":{"lines":"100, 100A","color":"#0059a9","mode":"bus","arr":["100","100A"],"angle":-75.9,"extra":1,"ei":2}},{"type":"Feature","geometry":{"type":"Point","coordinates":[36.841366,-1.260684]},"properties":{"lines":"100, 100A, 120, 121","color":"#0059a9","mode":"bus","arr":["100","100A","120","121"],"angle":-46.7}},{"type":"Feature","geometry":{"type":"Point","coordinates":[36.833031,-1.174149]},"properties":{"lines":"100, 100A, 121","color":"#0059a9","mode":"bus","arr":["100","100A","121"],"angle":32.5}},{"type":"Feature","geometry":{"type":"Point","coordinates":[36.831941,-1.173428]},"properties":{"lines":"100, 100A, 121","color":"#0059a9","mode":"bus","arr":["100","100A","121"],"angle":28.9,"extra":1,"ei":0}},{"type":"Feature","geometry":{"type":"Point","coordinates":[36.831389,-1.171325]},"properties":{"lines":"100A","color":"#0059a9","mode":"bus","arr":["100A"],"angle":-73.2}},{"type":"Feature","geometry":{"type":"Point","coordinates":[36.830803,-1.172519]},"properties":{"lines":"100A","color":"#0059a9","mode":"bus","arr":["100A"],"angle":-61.8,"extra":1,"ei":0,"side":-1}},{"type":"Feature","geometry":{"type":"Point","coordinates":[36.835673,-1.199327]},"properties":{"lines":"100A","color":"#0059a9","mode":"bus","arr":["100A"],"angle":-43,"side":-1}},{"type":"Feature","geometry":{"type":"Point","coordinates":[36.831251,-1.172983]},"properties":{"lines":"100A, 121","color":"#0059a9","mode":"bus","arr":["100A","121"],"angle":32.5}},{"type":"Feature","geometry":{"type":"Point","coordinates":[36.665014,-1.246489]},"properties":{"lines":"102, 105, 129","color":"#0059a9","mode":"bus","arr":["102","105","129"],"angle":-83.6,"side":-1}},{"type":"Feature","geometry":{"type":"Point","coordinates":[36.668711,-1.261635]},"properties":{"lines":"102","color":"#0059a9","mode":"bus","arr":["102"],"angle":55.3}},{"type":"Feature","geometry":{"type":"Point","coordinates":[36.685708,-1.275686]},"properties":{"lines":"102","color":"#0059a9","mode":"bus","arr":["102"],"angle":52}},{"type":"Feature","geometry":{"type":"Point","coordinates":[36.664838,-1.247976]},"properties":{"lines":"102","color":"#0059a9","mode":"bus","arr":["102"],"angle":-83.5,"extra":1,"ei":0}},{"type":"Feature","geometry":{"type":"Point","coordinates":[36.664762,-1.249861]},"properties":{"lines":"102","color":"#0059a9","mode":"bus","arr":["102"],"angle":89,"extra":1,"ei":1}},{"type":"Feature","geometry":{"type":"Point","coordinates":[36.664994,-1.251732]},"properties":{"lines":"102","color":"#0059a9","mode":"bus","arr":["102"],"angle":79.3,"extra":1,"ei":2}},{"type":"Feature","geometry":{"type":"Point","coordinates":[36.665487,-1.253553]},"properties":{"lines":"102","color":"#0059a9","mode":"bus","arr":["102"],"angle":72.6,"extra":1,"ei":3}},{"type":"Feature","geometry":{"type":"Point","coordinates":[36.666042,-1.255358]},"properties":{"lines":"102","color":"#0059a9","mode":"bus","arr":["102"],"angle":73.6,"extra":1,"ei":4}},{"type":"Feature","geometry":{"type":"Point","coordinates":[36.666601,-1.257162]},"properties":{"lines":"102","color":"#0059a9","mode":"bus","arr":["102"],"angle":72.5,"extra":1,"ei":5}},{"type":"Feature","geometry":{"type":"Point","coordinates":[36.667213,-1.258947]},"properties":{"lines":"102","color":"#0059a9","mode":"bus","arr":["102"],"angle":66.9,"extra":1,"ei":6}},{"type":"Feature","geometry":{"type":"Point","coordinates":[36.668075,-1.260625]},"properties":{"lines":"102","color":"#0059a9","mode":"bus","arr":["102"],"angle":58.9,"extra":1,"ei":7}},{"type":"Feature","geometry":{"type":"Point","coordinates":[36.67049,-1.263495]},"properties":{"lines":"102","color":"#0059a9","mode":"bus","arr":["102"],"angle":38.7,"extra":1,"ei":8}},{"type":"Feature","geometry":{"type":"Point","coordinates":[36.672033,-1.264581]},"properties":{"lines":"102","color":"#0059a9","mode":"bus","arr":["102"],"angle":29.6,"extra":1,"ei":9}},{"type":"Feature","geometry":{"type":"Point","coordinates":[36.673724,-1.265422]},"properties":{"lines":"102","color":"#0059a9","mode":"bus","arr":["102"],"angle":24.2,"extra":1,"ei":10}},{"type":"Feature","geometry":{"type":"Point","coordinates":[36.675448,-1.266192]},"properties":{"lines":"102","color":"#0059a9","mode":"bus","arr":["102"],"angle":25.5,"extra":1,"ei":11}},{"type":"Feature","geometry":{"type":"Point","coordinates":[36.677123,-1.267064]},"properties":{"lines":"102","color":"#0059a9","mode":"bus","arr":["102"],"angle":29.2,"extra":1,"ei":12}},{"type":"Feature","geometry":{"type":"Point","coordinates":[36.678704,-1.268094]},"properties":{"lines":"102","color":"#0059a9","mode":"bus","arr":["102"],"angle":36.1,"extra":1,"ei":13}},{"type":"Feature","geometry":{"type":"Point","coordinates":[36.680208,-1.269236]},"properties":{"lines":"102","color":"#0059a9","mode":"bus","arr":["102"],"angle":39.6,"extra":1,"ei":14}},{"type":"Feature","geometry":{"type":"Point","coordinates":[36.682086,-1.270939]},"properties":{"lines":"102","color":"#0059a9","mode":"bus","arr":["102"],"angle":46.2,"extra":1,"ei":0}},{"type":"Feature","geometry":{"type":"Point","coordinates":[36.683335,-1.272356]},"properties":{"lines":"102","color":"#0059a9","mode":"bus","arr":["102"],"angle":51,"extra":1,"ei":1}},{"type":"Feature","geometry":{"type":"Point","coordinates":[36.684451,-1.273878]},"properties":{"lines":"102","color":"#0059a9","mode":"bus","arr":["102"],"angle":55.5,"extra":1,"ei":2}},{"type":"Feature","geometry":{"type":"Point","coordinates":[36.686699,-1.276911]},"properties":{"lines":"102","color":"#0059a9","mode":"bus","arr":["102"],"angle":49.7,"extra":1,"ei":3}},{"type":"Feature","geometry":{"type":"Point","coordinates":[36.688027,-1.27825]},"properties":{"lines":"102","color":"#0059a9","mode":"bus","arr":["102"],"angle":40.5,"extra":1,"ei":4}},{"type":"Feature","geometry":{"type":"Point","coordinates":[36.68944,-1.279501]},"properties":{"lines":"102","color":"#0059a9","mode":"bus","arr":["102"],"angle":41.6,"extra":1,"ei":5}},{"type":"Feature","geometry":{"type":"Point","coordinates":[36.709397,-1.223066]},"properties":{"lines":"103, 118","color":"#0059a9","mode":"bus","arr":["103","118"],"angle":-28,"side":-1}},{"type":"Feature","geometry":{"type":"Point","coordinates":[36.712429,-1.22012]},"properties":{"lines":"103, 118","color":"#0059a9","mode":"bus","arr":["103","118"],"angle":-70,"extra":1,"ei":0,"side":-1}},{"type":"Feature","geometry":{"type":"Point","coordinates":[36.711431,-1.221705]},"properties":{"lines":"103, 118","color":"#0059a9","mode":"bus","arr":["103","118"],"angle":-46.2,"extra":1,"ei":1,"side":-1}},{"type":"Feature","geometry":{"type":"Point","coordinates":[36.708234,-1.223685]},"properties":{"lines":"103, 118","color":"#0059a9","mode":"bus","arr":["103","118"],"angle":-28.2,"extra":1,"ei":2,"side":-1}},{"type":"Feature","geometry":{"type":"Point","coordinates":[36.706558,-1.224557]},"properties":{"lines":"103, 118","color":"#0059a9","mode":"bus","arr":["103","118"],"angle":-25.6,"extra":1,"ei":3,"side":-1}},{"type":"Feature","geometry":{"type":"Point","coordinates":[36.704848,-1.225358]},"properties":{"lines":"103, 118","color":"#0059a9","mode":"bus","arr":["103","118"],"angle":-25.6,"extra":1,"ei":4}},{"type":"Feature","geometry":{"type":"Point","coordinates":[36.687997,-1.229774]},"properties":{"lines":"103","color":"#0059a9","mode":"bus","arr":["103"],"angle":-5.9,"side":-1}},{"type":"Feature","geometry":{"type":"Point","coordinates":[36.703793,-1.225793]},"properties":{"lines":"103","color":"#0059a9","mode":"bus","arr":["103"],"angle":-21.4,"extra":1,"ei":0,"side":-1}},{"type":"Feature","geometry":{"type":"Point","coordinates":[36.702029,-1.226468]},"properties":{"lines":"103","color":"#0059a9","mode":"bus","arr":["103"],"angle":-21.3,"extra":1,"ei":1,"side":-1}},{"type":"Feature","geometry":{"type":"Point","coordinates":[36.700254,-1.227114]},"properties":{"lines":"103","color":"#0059a9","mode":"bus","arr":["103"],"angle":-18.1,"extra":1,"ei":2,"side":-1}},{"type":"Feature","geometry":{"type":"Point","coordinates":[36.698453,-1.227683]},"properties":{"lines":"103","color":"#0059a9","mode":"bus","arr":["103"],"angle":-16.8,"extra":1,"ei":3,"side":-1}},{"type":"Feature","geometry":{"type":"Point","coordinates":[36.696635,-1.228196]},"properties":{"lines":"103","color":"#0059a9","mode":"bus","arr":["103"],"angle":-14.6,"extra":1,"ei":4,"side":-1}},{"type":"Feature","geometry":{"type":"Point","coordinates":[36.694803,-1.228658]},"properties":{"lines":"103","color":"#0059a9","mode":"bus","arr":["103"],"angle":-13.1,"extra":1,"ei":5,"side":-1}},{"type":"Feature","geometry":{"type":"Point","coordinates":[36.692956,-1.22905]},"properties":{"lines":"103","color":"#0059a9","mode":"bus","arr":["103"],"angle":-10.7,"extra":1,"ei":6,"side":-1}},{"type":"Feature","geometry":{"type":"Point","coordinates":[36.691095,-1.229377]},"properties":{"lines":"103","color":"#0059a9","mode":"bus","arr":["103"],"angle":-9.3,"extra":1,"ei":7,"side":-1}},{"type":"Feature","geometry":{"type":"Point","coordinates":[36.689225,-1.229641]},"properties":{"lines":"103","color":"#0059a9","mode":"bus","arr":["103"],"angle":-7.3,"extra":1,"ei":8,"side":-1}},{"type":"Feature","geometry":{"type":"Point","coordinates":[36.685463,-1.229982]},"properties":{"lines":"103","color":"#0059a9","mode":"bus","arr":["103"],"angle":-3.1,"extra":1,"ei":9,"side":-1}},{"type":"Feature","geometry":{"type":"Point","coordinates":[36.683576,-1.230065]},"properties":{"lines":"103","color":"#0059a9","mode":"bus","arr":["103"],"angle":-3.2,"extra":1,"ei":10,"side":-1}},{"type":"Feature","geometry":{"type":"Point","coordinates":[36.68169,-1.230182]},"properties":{"lines":"103","color":"#0059a9","mode":"bus","arr":["103"],"angle":-3.8,"extra":1,"ei":11,"side":-1}},{"type":"Feature","geometry":{"type":"Point","coordinates":[36.679806,-1.230317]},"properties":{"lines":"103","color":"#0059a9","mode":"bus","arr":["103"],"angle":-4.7,"extra":1,"ei":12,"side":-1}},{"type":"Feature","geometry":{"type":"Point","coordinates":[36.677923,-1.23047]},"properties":{"lines":"103","color":"#0059a9","mode":"bus","arr":["103"],"angle":-4.6,"extra":1,"ei":13,"side":-1}},{"type":"Feature","geometry":{"type":"Point","coordinates":[36.676039,-1.230607]},"properties":{"lines":"103","color":"#0059a9","mode":"bus","arr":["103"],"angle":-4,"extra":1,"ei":14,"side":-1}},{"type":"Feature","geometry":{"type":"Point","coordinates":[36.674153,-1.230709]},"properties":{"lines":"103","color":"#0059a9","mode":"bus","arr":["103"],"angle":-2.6,"extra":1,"ei":15,"side":-1}},{"type":"Feature","geometry":{"type":"Point","coordinates":[36.672303,-1.231028]},"properties":{"lines":"103","color":"#0059a9","mode":"bus","arr":["103"],"angle":-20.7,"extra":1,"ei":16,"side":-1}},{"type":"Feature","geometry":{"type":"Point","coordinates":[36.670364,-1.23216]},"properties":{"lines":"103","color":"#0059a9","mode":"bus","arr":["103"],"angle":-44.5,"side":-1,"mi":4}},{"type":"Feature","geometry":{"type":"Point","coordinates":[36.669763,-1.232873]},"properties":{"lines":"103, 105, 129","color":"#0059a9","mode":"bus","arr":["103","105","129"],"angle":-52.4,"side":-1}},{"type":"Feature","geometry":{"type":"Point","coordinates":[36.668812,-1.234164]},"properties":{"lines":"103, 129","color":"#0059a9","mode":"bus","arr":["103","129"],"angle":-54.1,"side":-1}},{"type":"Feature","geometry":{"type":"Point","coordinates":[36.670343,-1.233375]},"properties":{"lines":"103, 105","color":"#0059a9","mode":"bus","arr":["103","105"],"angle":58.9}},{"type":"Feature","geometry":{"type":"Point","coordinates":[36.669389,-1.235423]},"properties":{"lines":"103, 105","color":"#0059a9","mode":"bus","arr":["103","105"],"angle":-17.5,"mi":1}},{"type":"Feature","geometry":{"type":"Point","coordinates":[36.631497,-1.120607]},"properties":{"lines":"114W, 115, 135","color":"#0059a9","mode":"bus","arr":["114W","115","135"],"angle":78.9}},{"type":"Feature","geometry":{"type":"Point","coordinates":[36.663138,-1.220115]},"properties":{"lines":"114W, 115, 135","color":"#0059a9","mode":"bus","arr":["114W","115","135"],"angle":82.9}},{"type":"Feature","geometry":{"type":"Point","coordinates":[36.670184,-1.233897]},"properties":{"lines":"114W, 115, 135","color":"#0059a9","mode":"bus","arr":["114W","115","135"],"angle":36.4,"side":-1}},{"type":"Feature","geometry":{"type":"Point","coordinates":[36.634384,-1.130196]},"properties":{"lines":"114W, 115, 135","color":"#0059a9","mode":"bus","arr":["114W","115","135"],"angle":74.5,"extra":1,"ei":0}},{"type":"Feature","geometry":{"type":"Point","coordinates":[36.63383,-1.128392]},"properties":{"lines":"114W, 115, 135","color":"#0059a9","mode":"bus","arr":["114W","115","135"],"angle":72.9,"extra":1,"ei":1}},{"type":"Feature","geometry":{"type":"Point","coordinates":[36.661074,-1.213774]},"properties":{"lines":"114W, 115, 135","color":"#0059a9","mode":"bus","arr":["114W","115","135"],"angle":40.4,"extra":1,"ei":0}},{"type":"Feature","geometry":{"type":"Point","coordinates":[36.662285,-1.215197]},"properties":{"lines":"114W, 115, 135","color":"#0059a9","mode":"bus","arr":["114W","115","135"],"angle":65,"extra":1,"ei":1}},{"type":"Feature","geometry":{"type":"Point","coordinates":[36.662704,-1.217032]},"properties":{"lines":"114W, 115, 135","color":"#0059a9","mode":"bus","arr":["114W","115","135"],"angle":81,"extra":1,"ei":2}},{"type":"Feature","geometry":{"type":"Point","coordinates":[36.662962,-1.218902]},"properties":{"lines":"114W, 115, 135","color":"#0059a9","mode":"bus","arr":["114W","115","135"],"angle":81.6,"extra":1,"ei":3}},{"type":"Feature","geometry":{"type":"Point","coordinates":[36.663498,-1.222641]},"properties":{"lines":"114W, 115, 135","color":"#0059a9","mode":"bus","arr":["114W","115","135"],"angle":81.9,"extra":1,"ei":4}},{"type":"Feature","geometry":{"type":"Point","coordinates":[36.663757,-1.224512]},"properties":{"lines":"114W, 115, 135","color":"#0059a9","mode":"bus","arr":["114W","115","135"],"angle":81.6,"extra":1,"ei":5}},{"type":"Feature","geometry":{"type":"Point","coordinates":[36.664031,-1.22638]},"properties":{"lines":"114W, 115, 135","color":"#0059a9","mode":"bus","arr":["114W","115","135"],"angle":79.7,"extra":1,"ei":6}},{"type":"Feature","geometry":{"type":"Point","coordinates":[36.634786,-1.132126]},"properties":{"lines":"114W, 115, 135","color":"#0059a9","mode":"bus","arr":["114W","115","135"],"angle":78.8,"extra":1,"ei":0,"side":-1}},{"type":"Feature","geometry":{"type":"Point","coordinates":[36.633252,-1.126676]},"properties":{"lines":"114W, 115, 135","color":"#0059a9","mode":"bus","arr":["114W","115","135"],"angle":72.3,"extra":1,"ei":1}},{"type":"Feature","geometry":{"type":"Point","coordinates":[36.632669,-1.124879]},"properties":{"lines":"114W, 115, 135","color":"#0059a9","mode":"bus","arr":["114W","115","135"],"angle":71.9,"extra":1,"ei":2}},{"type":"Feature","geometry":{"type":"Point","coordinates":[36.632083,-1.123084]},"properties":{"lines":"114W, 115, 135","color":"#0059a9","mode":"bus","arr":["114W","115","135"],"angle":71.9,"extra":1,"ei":3}},{"type":"Feature","geometry":{"type":"Point","coordinates":[36.631326,-1.119389]},"properties":{"lines":"114W, 115, 135","color":"#0059a9","mode":"bus","arr":["114W","115","135"],"angle":83.9,"extra":1,"ei":4}},{"type":"Feature","geometry":{"type":"Point","coordinates":[36.63123,-1.117503]},"properties":{"lines":"114W, 115, 135","color":"#0059a9","mode":"bus","arr":["114W","115","135"],"angle":-89.8,"extra":1,"ei":5}},{"type":"Feature","geometry":{"type":"Point","coordinates":[36.631316,-1.115617]},"properties":{"lines":"114W, 115, 135","color":"#0059a9","mode":"bus","arr":["114W","115","135"],"angle":-86.6,"extra":1,"ei":6}},{"type":"Feature","geometry":{"type":"Point","coordinates":[36.631388,-1.113731]},"properties":{"lines":"114W, 115, 135","color":"#0059a9","mode":"bus","arr":["114W","115","135"],"angle":89.1,"extra":1,"ei":7}},{"type":"Feature","geometry":{"type":"Point","coordinates":[36.631348,-1.111843]},"properties":{"lines":"114W, 115, 135","color":"#0059a9","mode":"bus","arr":["114W","115","135"],"angle":88.7,"extra":1,"ei":8}},{"type":"Feature","geometry":{"type":"Point","coordinates":[36.63118,-1.109963]},"properties":{"lines":"114W, 115, 135","color":"#0059a9","mode":"bus","arr":["114W","115","135"],"angle":82.5,"extra":1,"ei":9}},{"type":"Feature","geometry":{"type":"Point","coordinates":[36.630854,-1.108103]},"properties":{"lines":"114W, 115, 135","color":"#0059a9","mode":"bus","arr":["114W","115","135"],"angle":79.5,"extra":1,"ei":10}},{"type":"Feature","geometry":{"type":"Point","coordinates":[36.698007,-1.256719]},"properties":{"lines":"103, 105, 114W, 115, 135","color":"#0059a9","mode":"bus","arr":["103","105","114W","115","135"],"angle":19.2,"mi":1}},{"type":"Feature","geometry":{"type":"Point","coordinates":[36.673336,-1.236483]},"properties":{"lines":"103, 105, 114W, 115, 135","color":"#0059a9","mode":"bus","arr":["103","105","114W","115","135"],"angle":54.4,"side":-1,"mi":2}},{"type":"Feature","geometry":{"type":"Point","coordinates":[36.718131,-1.260246]},"properties":{"lines":"103, 105, 114W, 115, 135","color":"#0059a9","mode":"bus","arr":["103","105","114W","115","135"],"angle":-13.1}},{"type":"Feature","geometry":{"type":"Point","coordinates":[36.671133,-1.234431]},"properties":{"lines":"103, 105, 114W, 115, 135","color":"#0059a9","mode":"bus","arr":["103","105","114W","115","135"],"angle":37.4,"mi":3}},{"type":"Feature","geometry":{"type":"Point","coordinates":[36.679982,-1.246269]},"properties":{"lines":"103, 105, 114W, 115, 135","color":"#0059a9","mode":"bus","arr":["103","105","114W","115","135"],"angle":46.2,"side":-1,"mi":1}},{"type":"Feature","geometry":{"type":"Point","coordinates":[36.695043,-1.255674]},"properties":{"lines":"103, 105, 114W, 115, 135","color":"#0059a9","mode":"bus","arr":["103","105","114W","115","135"],"angle":19.4,"extra":1,"ei":0}},{"type":"Feature","geometry":{"type":"Point","coordinates":[36.696824,-1.256303]},"properties":{"lines":"103, 105, 114W, 115, 135","color":"#0059a9","mode":"bus","arr":["103","105","114W","115","135"],"angle":19.5,"extra":1,"ei":1}},{"type":"Feature","geometry":{"type":"Point","coordinates":[36.700388,-1.257557]},"properties":{"lines":"103, 105, 114W, 115, 135","color":"#0059a9","mode":"bus","arr":["103","105","114W","115","135"],"angle":19.3,"extra":1,"ei":2}},{"type":"Feature","geometry":{"type":"Point","coordinates":[36.719395,-1.260026]},"properties":{"lines":"103, 105, 114W, 115, 135","color":"#0059a9","mode":"bus","arr":["103","105","114W","115","135"],"angle":-8,"extra":1,"ei":0}},{"type":"Feature","geometry":{"type":"Point","coordinates":[36.674298,-1.238189]},"properties":{"lines":"103, 105, 114W, 115, 135","color":"#0059a9","mode":"bus","arr":["103","105","114W","115","135"],"angle":62.3,"extra":1,"ei":0,"side":-1}},{"type":"Feature","geometry":{"type":"Point","coordinates":[36.672027,-1.235235]},"properties":{"lines":"103, 105, 114W, 115, 135","color":"#0059a9","mode":"bus","arr":["103","105","114W","115","135"],"angle":37.1,"extra":1,"ei":1,"side":-1}},{"type":"Feature","geometry":{"type":"Point","coordinates":[36.673295,-1.235735]},"properties":{"lines":"103","color":"#0059a9","mode":"bus","arr":["103"],"angle":53.9}},{"type":"Feature","geometry":{"type":"Point","coordinates":[36.675085,-1.239242]},"properties":{"lines":"103","color":"#0059a9","mode":"bus","arr":["103"],"angle":64.7,"mi":3}},{"type":"Feature","geometry":{"type":"Point","coordinates":[36.7204,-1.259519]},"properties":{"lines":"103","color":"#0059a9","mode":"bus","arr":["103"],"angle":-43.1}},{"type":"Feature","geometry":{"type":"Point","coordinates":[36.722229,-1.258901]},"properties":{"lines":"103","color":"#0059a9","mode":"bus","arr":["103"],"angle":29,"mi":1}},{"type":"Feature","geometry":{"type":"Point","coordinates":[36.674077,-1.237061]},"properties":{"lines":"103","color":"#0059a9","mode":"bus","arr":["103"],"angle":65.2,"mi":2}},{"type":"Feature","geometry":{"type":"Point","coordinates":[36.67248,-1.235144]},"properties":{"lines":"103","color":"#0059a9","mode":"bus","arr":["103"],"angle":32.6,"mi":1}},{"type":"Feature","geometry":{"type":"Point","coordinates":[36.686999,-1.251321]},"properties":{"lines":"103, 105, 114W, 115, 135","color":"#0059a9","mode":"bus","arr":["103","105","114W","115","135"],"angle":34.7,"mi":4}},{"type":"Feature","geometry":{"type":"Point","coordinates":[36.676861,-1.242657]},"properties":{"lines":"103, 105, 114W, 115, 135","color":"#0059a9","mode":"bus","arr":["103","105","114W","115","135"],"angle":49.4,"side":-1}},{"type":"Feature","geometry":{"type":"Point","coordinates":[36.675899,-1.241039]},"properties":{"lines":"103, 105, 114W, 115, 135","color":"#0059a9","mode":"bus","arr":["103","105","114W","115","135"],"angle":62.8,"extra":1,"ei":0}},{"type":"Feature","geometry":{"type":"Point","coordinates":[36.678154,-1.24405]},"properties":{"lines":"103, 105, 114W, 115, 135","color":"#0059a9","mode":"bus","arr":["103","105","114W","115","135"],"angle":48.8,"extra":1,"ei":1}},{"type":"Feature","geometry":{"type":"Point","coordinates":[36.679386,-1.245482]},"properties":{"lines":"103, 105, 114W, 115, 135","color":"#0059a9","mode":"bus","arr":["103","105","114W","115","135"],"angle":49.5,"extra":1,"ei":2}},{"type":"Feature","geometry":{"type":"Point","coordinates":[36.681018,-1.247086]},"properties":{"lines":"103, 105, 114W, 115, 135","color":"#0059a9","mode":"bus","arr":["103","105","114W","115","135"],"angle":36.3,"extra":1,"ei":0}},{"type":"Feature","geometry":{"type":"Point","coordinates":[36.682546,-1.248197]},"properties":{"lines":"103, 105, 114W, 115, 135","color":"#0059a9","mode":"bus","arr":["103","105","114W","115","135"],"angle":35.2,"extra":1,"ei":1}},{"type":"Feature","geometry":{"type":"Point","coordinates":[36.68409,-1.249285]},"properties":{"lines":"103, 105, 114W, 115, 135","color":"#0059a9","mode":"bus","arr":["103","105","114W","115","135"],"angle":35.2,"extra":1,"ei":2}},{"type":"Feature","geometry":{"type":"Point","coordinates":[36.685635,-1.250372]},"properties":{"lines":"103, 105, 114W, 115, 135","color":"#0059a9","mode":"bus","arr":["103","105","114W","115","135"],"angle":35.1,"extra":1,"ei":3}},{"type":"Feature","geometry":{"type":"Point","coordinates":[36.688736,-1.252529]},"properties":{"lines":"103, 105, 114W, 115, 135","color":"#0059a9","mode":"bus","arr":["103","105","114W","115","135"],"angle":35.1,"extra":1,"ei":4}},{"type":"Feature","geometry":{"type":"Point","coordinates":[36.690281,-1.253615]},"properties":{"lines":"103, 105, 114W, 115, 135","color":"#0059a9","mode":"bus","arr":["103","105","114W","115","135"],"angle":34.9,"extra":1,"ei":5}},{"type":"Feature","geometry":{"type":"Point","coordinates":[36.691911,-1.254562]},"properties":{"lines":"103, 105, 114W, 115, 135","color":"#0059a9","mode":"bus","arr":["103","105","114W","115","135"],"angle":22.3,"extra":1,"ei":6}},{"type":"Feature","geometry":{"type":"Point","coordinates":[36.693688,-1.255201]},"properties":{"lines":"103, 105, 114W, 115, 135","color":"#0059a9","mode":"bus","arr":["103","105","114W","115","135"],"angle":18.9,"extra":1,"ei":7}},{"type":"Feature","geometry":{"type":"Point","coordinates":[36.709342,-1.260174]},"properties":{"lines":"103, 105, 114W, 115, 135","color":"#0059a9","mode":"bus","arr":["103","105","114W","115","135"],"angle":10.2,"side":-1,"mi":1}},{"type":"Feature","geometry":{"type":"Point","coordinates":[36.702756,-1.25838]},"properties":{"lines":"103, 105, 114W, 115, 135","color":"#0059a9","mode":"bus","arr":["103","105","114W","115","135"],"angle":19,"extra":1,"ei":0}},{"type":"Feature","geometry":{"type":"Point","coordinates":[36.704531,-1.259026]},"properties":{"lines":"103, 105, 114W, 115, 135","color":"#0059a9","mode":"bus","arr":["103","105","114W","115","135"],"angle":19.9,"extra":1,"ei":1}},{"type":"Feature","geometry":{"type":"Point","coordinates":[36.70635,-1.259525]},"properties":{"lines":"103, 105, 114W, 115, 135","color":"#0059a9","mode":"bus","arr":["103","105","114W","115","135"],"angle":11.6,"extra":1,"ei":2}},{"type":"Feature","geometry":{"type":"Point","coordinates":[36.708207,-1.259869]},"properties":{"lines":"103, 105, 114W, 115, 135","color":"#0059a9","mode":"bus","arr":["103","105","114W","115","135"],"angle":9.6,"extra":1,"ei":3}},{"type":"Feature","geometry":{"type":"Point","coordinates":[36.711927,-1.26053]},"properties":{"lines":"103, 105, 114W, 115, 135","color":"#0059a9","mode":"bus","arr":["103","105","114W","115","135"],"angle":10,"extra":1,"ei":4}},{"type":"Feature","geometry":{"type":"Point","coordinates":[36.713788,-1.260851]},"properties":{"lines":"103, 105, 114W, 115, 135","color":"#0059a9","mode":"bus","arr":["103","105","114W","115","135"],"angle":6.9,"extra":1,"ei":5}},{"type":"Feature","geometry":{"type":"Point","coordinates":[36.71567,-1.260803]},"properties":{"lines":"103, 105, 114W, 115, 135","color":"#0059a9","mode":"bus","arr":["103","105","114W","115","135"],"angle":-9.3,"extra":1,"ei":6}},{"type":"Feature","geometry":{"type":"Point","coordinates":[36.710522,-1.260373]},"properties":{"lines":"103, 105, 114W, 115, 135","color":"#0059a9","mode":"bus","arr":["103","105","114W","115","135"],"angle":9.7,"extra":1,"ei":0,"side":-1}},{"type":"Feature","geometry":{"type":"Point","coordinates":[36.699639,-1.257396]},"properties":{"lines":"103, 105, 114W, 115, 135","color":"#0059a9","mode":"bus","arr":["103","105","114W","115","135"],"angle":19.5,"side":-1}},{"type":"Feature","geometry":{"type":"Point","coordinates":[36.696018,-1.256112]},"properties":{"lines":"103, 105, 115, 135","color":"#0059a9","mode":"bus","arr":["103","105","115","135"],"angle":19.5}},{"type":"Feature","geometry":{"type":"Point","coordinates":[36.684064,-1.24936]},"properties":{"lines":"103, 105, 115, 135","color":"#0059a9","mode":"bus","arr":["103","105","115","135"],"angle":34.9}},{"type":"Feature","geometry":{"type":"Point","coordinates":[36.685197,-1.250154]},"properties":{"lines":"103, 105, 115, 135","color":"#0059a9","mode":"bus","arr":["103","105","115","135"],"angle":35.1,"extra":1,"ei":0}},{"type":"Feature","geometry":{"type":"Point","coordinates":[36.667723,-1.235709]},"properties":{"lines":"103, 129","color":"#0059a9","mode":"bus","arr":["103","129"],"angle":-57.4,"mi":1}},{"type":"Feature","geometry":{"type":"Point","coordinates":[36.669694,-1.232799]},"properties":{"lines":"103, 105, 129","color":"#0059a9","mode":"bus","arr":["103","105","129"],"angle":-52.6,"mi":1}},{"type":"Feature","geometry":{"type":"Point","coordinates":[36.667973,-1.235118]},"properties":{"lines":"105, 129","color":"#0059a9","mode":"bus","arr":["105","129"],"angle":-55.4,"mi":3}},{"type":"Feature","geometry":{"type":"Point","coordinates":[36.668745,-1.234068]},"properties":{"lines":"105, 129","color":"#0059a9","mode":"bus","arr":["105","129"],"angle":-54.1,"extra":1,"ei":0}},{"type":"Feature","geometry":{"type":"Point","coordinates":[36.666969,-1.236924]},"properties":{"lines":"105, 129","color":"#0059a9","mode":"bus","arr":["105","129"],"angle":-58.9,"extra":1,"ei":0,"side":-1}},{"type":"Feature","geometry":{"type":"Point","coordinates":[36.669437,-1.233127]},"properties":{"lines":"103, 105, 129","color":"#0059a9","mode":"bus","arr":["103","105","129"],"angle":-51.5,"mi":2}},{"type":"Feature","geometry":{"type":"Point","coordinates":[36.674933,-1.230529]},"properties":{"lines":"103, 129","color":"#0059a9","mode":"bus","arr":["103","129"],"angle":-1.9,"mi":2}},{"type":"Feature","geometry":{"type":"Point","coordinates":[36.709804,-1.222688]},"properties":{"lines":"103, 129","color":"#0059a9","mode":"bus","arr":["103","129"],"angle":-30.4}},{"type":"Feature","geometry":{"type":"Point","coordinates":[36.6706,-1.231809]},"properties":{"lines":"103, 129","color":"#0059a9","mode":"bus","arr":["103","129"],"angle":-40.2,"extra":1,"ei":0}},{"type":"Feature","geometry":{"type":"Point","coordinates":[36.672237,-1.230892]},"properties":{"lines":"103, 129","color":"#0059a9","mode":"bus","arr":["103","129"],"angle":-18.5,"extra":1,"ei":1}},{"type":"Feature","geometry":{"type":"Point","coordinates":[36.67786,-1.230357]},"properties":{"lines":"103, 129","color":"#0059a9","mode":"bus","arr":["103","129"],"angle":-4.2,"extra":1,"ei":2}},{"type":"Feature","geometry":{"type":"Point","coordinates":[36.679742,-1.230194]},"properties":{"lines":"103, 129","color":"#0059a9","mode":"bus","arr":["103","129"],"angle":-4.2,"extra":1,"ei":3}},{"type":"Feature","geometry":{"type":"Point","coordinates":[36.706553,-1.224446]},"properties":{"lines":"103, 129","color":"#0059a9","mode":"bus","arr":["103","129"],"angle":-25.5,"extra":1,"ei":0}},{"type":"Feature","geometry":{"type":"Point","coordinates":[36.708225,-1.223568]},"properties":{"lines":"103, 129","color":"#0059a9","mode":"bus","arr":["103","129"],"angle":-28.1,"extra":1,"ei":1}},{"type":"Feature","geometry":{"type":"Point","coordinates":[36.711401,-1.221547]},"properties":{"lines":"103, 129","color":"#0059a9","mode":"bus","arr":["103","129"],"angle":-45.6,"extra":1,"ei":2}},{"type":"Feature","geometry":{"type":"Point","coordinates":[36.712372,-1.21995]},"properties":{"lines":"103, 129","color":"#0059a9","mode":"bus","arr":["103","129"],"angle":-72.9,"extra":1,"ei":3}},{"type":"Feature","geometry":{"type":"Point","coordinates":[36.693381,-1.228832]},"properties":{"lines":"103, 129","color":"#0059a9","mode":"bus","arr":["103","129"],"angle":-11.1}},{"type":"Feature","geometry":{"type":"Point","coordinates":[36.681428,-1.23007]},"properties":{"lines":"103, 129","color":"#0059a9","mode":"bus","arr":["103","129"],"angle":-4.5,"extra":1,"ei":0}},{"type":"Feature","geometry":{"type":"Point","coordinates":[36.683313,-1.229957]},"properties":{"lines":"103, 129","color":"#0059a9","mode":"bus","arr":["103","129"],"angle":-3.5,"extra":1,"ei":1}},{"type":"Feature","geometry":{"type":"Point","coordinates":[36.685198,-1.229835]},"properties":{"lines":"103, 129","color":"#0059a9","mode":"bus","arr":["103","129"],"angle":-3.8,"extra":1,"ei":2}},{"type":"Feature","geometry":{"type":"Point","coordinates":[36.687082,-1.229701]},"properties":{"lines":"103, 129","color":"#0059a9","mode":"bus","arr":["103","129"],"angle":-5.1,"extra":1,"ei":3}},{"type":"Feature","geometry":{"type":"Point","coordinates":[36.688964,-1.229539]},"properties":{"lines":"103, 129","color":"#0059a9","mode":"bus","arr":["103","129"],"angle":-5.3,"extra":1,"ei":4}},{"type":"Feature","geometry":{"type":"Point","coordinates":[36.690836,-1.229287]},"properties":{"lines":"103, 129","color":"#0059a9","mode":"bus","arr":["103","129"],"angle":-9.5,"extra":1,"ei":5}},{"type":"Feature","geometry":{"type":"Point","coordinates":[36.694549,-1.228592]},"properties":{"lines":"103, 129","color":"#0059a9","mode":"bus","arr":["103","129"],"angle":-12.4,"extra":1,"ei":6}},{"type":"Feature","geometry":{"type":"Point","coordinates":[36.696386,-1.228153]},"properties":{"lines":"103, 129","color":"#0059a9","mode":"bus","arr":["103","129"],"angle":-15.7,"extra":1,"ei":7}},{"type":"Feature","geometry":{"type":"Point","coordinates":[36.698204,-1.22764]},"properties":{"lines":"103, 129","color":"#0059a9","mode":"bus","arr":["103","129"],"angle":-16.6,"extra":1,"ei":8}},{"type":"Feature","geometry":{"type":"Point","coordinates":[36.700004,-1.227067]},"properties":{"lines":"103, 129","color":"#0059a9","mode":"bus","arr":["103","129"],"angle":-18.6,"extra":1,"ei":9}},{"type":"Feature","geometry":{"type":"Point","coordinates":[36.701786,-1.226443]},"properties":{"lines":"103, 129","color":"#0059a9","mode":"bus","arr":["103","129"],"angle":-20.4,"extra":1,"ei":10}},{"type":"Feature","geometry":{"type":"Point","coordinates":[36.703552,-1.225773]},"properties":{"lines":"103, 129","color":"#0059a9","mode":"bus","arr":["103","129"],"angle":-21.7,"extra":1,"ei":11}},{"type":"Feature","geometry":{"type":"Point","coordinates":[36.705286,-1.225026]},"properties":{"lines":"103, 129","color":"#0059a9","mode":"bus","arr":["103","129"],"angle":-25.2,"extra":1,"ei":12}},{"type":"Feature","geometry":{"type":"Point","coordinates":[36.664626,-1.244813]},"properties":{"lines":"105","color":"#0059a9","mode":"bus","arr":["105"],"angle":25}},{"type":"Feature","geometry":{"type":"Point","coordinates":[36.723513,-1.260719]},"properties":{"lines":"105, 114W, 115, 135","color":"#0059a9","mode":"bus","arr":["105","114W","115","135"],"angle":17.5,"side":-1,"mi":1}},{"type":"Feature","geometry":{"type":"Point","coordinates":[36.728461,-1.263362]},"properties":{"lines":"105, 114W, 115, 135","color":"#0059a9","mode":"bus","arr":["105","114W","115","135"],"angle":23,"extra":1,"ei":0}},{"type":"Feature","geometry":{"type":"Point","coordinates":[36.726808,-1.26245]},"properties":{"lines":"105, 114W, 115, 135","color":"#0059a9","mode":"bus","arr":["105","114W","115","135"],"angle":32.1,"extra":1,"ei":1,"side":-1}},{"type":"Feature","geometry":{"type":"Point","coordinates":[36.725199,-1.261463]},"properties":{"lines":"105, 114W, 115, 135","color":"#0059a9","mode":"bus","arr":["105","114W","115","135"],"angle":31.7,"extra":1,"ei":2,"side":-1}},{"type":"Feature","geometry":{"type":"Point","coordinates":[36.721632,-1.260303]},"properties":{"lines":"105, 114W, 115, 135","color":"#0059a9","mode":"bus","arr":["105","114W","115","135"],"angle":6,"extra":1,"ei":3}},{"type":"Feature","geometry":{"type":"Point","coordinates":[36.719747,-1.260248]},"properties":{"lines":"105, 114W, 115, 135","color":"#0059a9","mode":"bus","arr":["105","114W","115","135"],"angle":-3.2,"extra":1,"ei":4,"side":-1}},{"type":"Feature","geometry":{"type":"Point","coordinates":[36.717883,-1.260534]},"properties":{"lines":"105, 114W, 115, 135","color":"#0059a9","mode":"bus","arr":["105","114W","115","135"],"angle":-12.7,"extra":1,"ei":5,"side":-1}},{"type":"Feature","geometry":{"type":"Point","coordinates":[36.666398,-1.238315]},"properties":{"lines":"105, 129","color":"#0059a9","mode":"bus","arr":["105","129"],"angle":-82}},{"type":"Feature","geometry":{"type":"Point","coordinates":[36.666383,-1.237451]},"properties":{"lines":"105, 129","color":"#0059a9","mode":"bus","arr":["105","129"],"angle":-55.9,"mi":2}},{"type":"Feature","geometry":{"type":"Point","coordinates":[36.665539,-1.242648]},"properties":{"lines":"105, 129","color":"#0059a9","mode":"bus","arr":["105","129"],"angle":-73.9,"mi":4}},{"type":"Feature","geometry":{"type":"Point","coordinates":[36.665906,-1.240293]},"properties":{"lines":"105, 129","color":"#0059a9","mode":"bus","arr":["105","129"],"angle":-79.3,"extra":1,"ei":0}},{"type":"Feature","geometry":{"type":"Point","coordinates":[36.665297,-1.244013]},"properties":{"lines":"105, 129","color":"#0059a9","mode":"bus","arr":["105","129"],"angle":-84.2,"extra":1,"ei":1}},{"type":"Feature","geometry":{"type":"Point","coordinates":[36.66508,-1.245889]},"properties":{"lines":"105, 129","color":"#0059a9","mode":"bus","arr":["105","129"],"angle":-83.4,"extra":1,"ei":2,"side":-1}},{"type":"Feature","geometry":{"type":"Point","coordinates":[36.664835,-1.246089]},"properties":{"lines":"105","color":"#0059a9","mode":"bus","arr":["105"],"angle":-83.1,"mi":1}},{"type":"Feature","geometry":{"type":"Point","coordinates":[36.665256,-1.241933]},"properties":{"lines":"105","color":"#0059a9","mode":"bus","arr":["105"],"angle":-80.5,"mi":2}},{"type":"Feature","geometry":{"type":"Point","coordinates":[36.664422,-1.243462]},"properties":{"lines":"105","color":"#0059a9","mode":"bus","arr":["105"],"angle":-49.4,"extra":1,"ei":0}},{"type":"Feature","geometry":{"type":"Point","coordinates":[36.665515,-1.239945]},"properties":{"lines":"105","color":"#0059a9","mode":"bus","arr":["105"],"angle":-83.8,"extra":1,"ei":1}},{"type":"Feature","geometry":{"type":"Point","coordinates":[36.665869,-1.238493]},"properties":{"lines":"105, 129","color":"#0059a9","mode":"bus","arr":["105","129"],"angle":-67.6,"mi":1}},{"type":"Feature","geometry":{"type":"Point","coordinates":[36.673521,-1.236584]},"properties":{"lines":"105, 114W, 115, 135","color":"#0059a9","mode":"bus","arr":["105","114W","115","135"],"angle":58.3}},{"type":"Feature","geometry":{"type":"Point","coordinates":[36.720602,-1.259935]},"properties":{"lines":"105, 114W, 115, 135","color":"#0059a9","mode":"bus","arr":["105","114W","115","135"],"angle":0.4}},{"type":"Feature","geometry":{"type":"Point","coordinates":[36.672332,-1.235341]},"properties":{"lines":"105, 114W, 115, 135","color":"#0059a9","mode":"bus","arr":["105","114W","115","135"],"angle":36.5,"extra":1,"ei":0}},{"type":"Feature","geometry":{"type":"Point","coordinates":[36.674495,-1.238383]},"properties":{"lines":"105, 114W, 115, 135","color":"#0059a9","mode":"bus","arr":["105","114W","115","135"],"angle":61.8,"extra":1,"ei":1,"side":-1}},{"type":"Feature","geometry":{"type":"Point","coordinates":[36.67513,-1.239569]},"properties":{"lines":"105, 114W, 115, 135","color":"#0059a9","mode":"bus","arr":["105","114W","115","135"],"angle":61.8,"mi":1}},{"type":"Feature","geometry":{"type":"Point","coordinates":[36.733824,-1.264123]},"properties":{"lines":"105, 114W, 115, 135","color":"#0059a9","mode":"bus","arr":["105","114W","115","135"],"angle":7.5}},{"type":"Feature","geometry":{"type":"Point","coordinates":[36.732516,-1.263953]},"properties":{"lines":"105, 114W, 115, 135","color":"#0059a9","mode":"bus","arr":["105","114W","115","135"],"angle":7.3,"extra":1,"ei":0}},{"type":"Feature","geometry":{"type":"Point","coordinates":[36.776276,-1.259161]},"properties":{"lines":"105, 114W, 135","color":"#0059a9","mode":"bus","arr":["105","114W","135"],"angle":-10.7,"side":-1}},{"type":"Feature","geometry":{"type":"Point","coordinates":[36.772841,-1.259869]},"properties":{"lines":"105, 114W, 135","color":"#0059a9","mode":"bus","arr":["105","114W","135"],"angle":-11.1,"extra":1,"ei":0}},{"type":"Feature","geometry":{"type":"Point","coordinates":[36.774688,-1.259474]},"properties":{"lines":"105, 114W, 135","color":"#0059a9","mode":"bus","arr":["105","114W","135"],"angle":-11.6,"extra":1,"ei":1,"side":-1}},{"type":"Feature","geometry":{"type":"Point","coordinates":[36.778411,-1.258847]},"properties":{"lines":"105, 114W, 135","color":"#0059a9","mode":"bus","arr":["105","114W","135"],"angle":-4.5,"extra":1,"ei":2}},{"type":"Feature","geometry":{"type":"Point","coordinates":[36.780297,-1.258863]},"properties":{"lines":"105, 114W, 135","color":"#0059a9","mode":"bus","arr":["105","114W","135"],"angle":5.3,"extra":1,"ei":3}},{"type":"Feature","geometry":{"type":"Point","coordinates":[36.773159,-1.189597]},"properties":{"lines":"106, 116","color":"#0059a9","mode":"bus","arr":["106","116"],"angle":39.6}},{"type":"Feature","geometry":{"type":"Point","coordinates":[36.785521,-1.205667]},"properties":{"lines":"106, 116","color":"#0059a9","mode":"bus","arr":["106","116"],"angle":82.3,"extra":1,"ei":0}},{"type":"Feature","geometry":{"type":"Point","coordinates":[36.785481,-1.203782]},"properties":{"lines":"106, 116","color":"#0059a9","mode":"bus","arr":["106","116"],"angle":-87.1,"extra":1,"ei":1}},{"type":"Feature","geometry":{"type":"Point","coordinates":[36.78541,-1.201901]},"properties":{"lines":"106, 116","color":"#0059a9","mode":"bus","arr":["106","116"],"angle":76.7,"extra":1,"ei":2}},{"type":"Feature","geometry":{"type":"Point","coordinates":[36.784806,-1.200113]},"properties":{"lines":"106, 116","color":"#0059a9","mode":"bus","arr":["106","116"],"angle":69.2,"extra":1,"ei":3}},{"type":"Feature","geometry":{"type":"Point","coordinates":[36.784062,-1.19838]},"properties":{"lines":"106, 116","color":"#0059a9","mode":"bus","arr":["106","116"],"angle":60.7,"extra":1,"ei":4}},{"type":"Feature","geometry":{"type":"Point","coordinates":[36.782725,-1.197077]},"properties":{"lines":"106, 116","color":"#0059a9","mode":"bus","arr":["106","116"],"angle":37,"extra":1,"ei":5}},{"type":"Feature","geometry":{"type":"Point","coordinates":[36.781208,-1.195952]},"properties":{"lines":"106, 116","color":"#0059a9","mode":"bus","arr":["106","116"],"angle":36.4,"extra":1,"ei":6}},{"type":"Feature","geometry":{"type":"Point","coordinates":[36.779685,-1.194835]},"properties":{"lines":"106, 116","color":"#0059a9","mode":"bus","arr":["106","116"],"angle":36.5,"extra":1,"ei":7}},{"type":"Feature","geometry":{"type":"Point","coordinates":[36.778169,-1.193708]},"properties":{"lines":"106, 116","color":"#0059a9","mode":"bus","arr":["106","116"],"angle":36.8,"extra":1,"ei":8}},{"type":"Feature","geometry":{"type":"Point","coordinates":[36.776645,-1.192593]},"properties":{"lines":"106, 116","color":"#0059a9","mode":"bus","arr":["106","116"],"angle":36.7,"extra":1,"ei":9}},{"type":"Feature","geometry":{"type":"Point","coordinates":[36.775147,-1.191443]},"properties":{"lines":"106, 116","color":"#0059a9","mode":"bus","arr":["106","116"],"angle":38.4,"extra":1,"ei":10}},{"type":"Feature","geometry":{"type":"Point","coordinates":[36.770714,-1.18795]},"properties":{"lines":"106, 116","color":"#0059a9","mode":"bus","arr":["106","116"],"angle":35.2,"extra":1,"ei":11}},{"type":"Feature","geometry":{"type":"Point","coordinates":[36.769089,-1.186994]},"properties":{"lines":"106, 116","color":"#0059a9","mode":"bus","arr":["106","116"],"angle":22.5,"extra":1,"ei":12}},{"type":"Feature","geometry":{"type":"Point","coordinates":[36.767339,-1.186284]},"properties":{"lines":"106, 116","color":"#0059a9","mode":"bus","arr":["106","116"],"angle":22.3,"extra":1,"ei":13}},{"type":"Feature","geometry":{"type":"Point","coordinates":[36.765599,-1.185548]},"properties":{"lines":"106, 116","color":"#0059a9","mode":"bus","arr":["106","116"],"angle":23.3,"extra":1,"ei":14}},{"type":"Feature","geometry":{"type":"Point","coordinates":[36.764085,-1.184457]},"properties":{"lines":"106, 116","color":"#0059a9","mode":"bus","arr":["106","116"],"angle":48.6,"extra":1,"ei":15}},{"type":"Feature","geometry":{"type":"Point","coordinates":[36.763067,-1.182875]},"properties":{"lines":"106, 116","color":"#0059a9","mode":"bus","arr":["106","116"],"angle":60.1,"extra":1,"ei":16}},{"type":"Feature","geometry":{"type":"Point","coordinates":[36.762118,-1.181241]},"properties":{"lines":"106, 116","color":"#0059a9","mode":"bus","arr":["106","116"],"angle":59.6,"extra":1,"ei":17}},{"type":"Feature","geometry":{"type":"Point","coordinates":[36.761178,-1.179603]},"properties":{"lines":"106, 116","color":"#0059a9","mode":"bus","arr":["106","116"],"angle":60.3,"extra":1,"ei":18}},{"type":"Feature","geometry":{"type":"Point","coordinates":[36.760285,-1.177941]},"properties":{"lines":"106, 116","color":"#0059a9","mode":"bus","arr":["106","116"],"angle":66.4,"extra":1,"ei":19}},{"type":"Feature","geometry":{"type":"Point","coordinates":[36.759619,-1.176174]},"properties":{"lines":"106, 116","color":"#0059a9","mode":"bus","arr":["106","116"],"angle":70.3,"extra":1,"ei":20}},{"type":"Feature","geometry":{"type":"Point","coordinates":[36.758958,-1.174406]},"properties":{"lines":"106, 116","color":"#0059a9","mode":"bus","arr":["106","116"],"angle":71.4,"extra":1,"ei":21}},{"type":"Feature","geometry":{"type":"Point","coordinates":[36.785932,-1.206858]},"properties":{"lines":"106, 116","color":"#0059a9","mode":"bus","arr":["106","116"],"angle":71.6}},{"type":"Feature","geometry":{"type":"Point","coordinates":[36.643468,-1.10834]},"properties":{"lines":"116","color":"#0059a9","mode":"bus","arr":["116"],"angle":75.8,"side":-1}},{"type":"Feature","geometry":{"type":"Point","coordinates":[36.813724,-1.24224]},"properties":{"lines":"106, 107, 114R, 116","color":"#0059a9","mode":"bus","arr":["106","107","114R","116"],"angle":79.7}},{"type":"Feature","geometry":{"type":"Point","coordinates":[36.73847,-1.194479]},"properties":{"lines":"107","color":"#0059a9","mode":"bus","arr":["107"],"angle":2.2}},{"type":"Feature","geometry":{"type":"Point","coordinates":[36.732937,-1.194296]},"properties":{"lines":"107","color":"#0059a9","mode":"bus","arr":["107"],"angle":2,"extra":1,"ei":0}},{"type":"Feature","geometry":{"type":"Point","coordinates":[36.734825,-1.194352]},"properties":{"lines":"107","color":"#0059a9","mode":"bus","arr":["107"],"angle":1.7,"extra":1,"ei":1}},{"type":"Feature","geometry":{"type":"Point","coordinates":[36.736713,-1.194416]},"properties":{"lines":"107","color":"#0059a9","mode":"bus","arr":["107"],"angle":2,"extra":1,"ei":2}},{"type":"Feature","geometry":{"type":"Point","coordinates":[36.740488,-1.194556]},"properties":{"lines":"107","color":"#0059a9","mode":"bus","arr":["107"],"angle":1.7,"extra":1,"ei":3}},{"type":"Feature","geometry":{"type":"Point","coordinates":[36.742367,-1.194493]},"properties":{"lines":"107","color":"#0059a9","mode":"bus","arr":["107"],"angle":-17.6,"extra":1,"ei":4}},{"type":"Feature","geometry":{"type":"Point","coordinates":[36.743576,-1.193161]},"properties":{"lines":"107","color":"#0059a9","mode":"bus","arr":["107"],"angle":-76.8,"extra":1,"ei":5}},{"type":"Feature","geometry":{"type":"Point","coordinates":[36.760868,-1.200569]},"properties":{"lines":"107, 114R","color":"#0059a9","mode":"bus","arr":["107","114R"],"angle":16.3,"side":-1}},{"type":"Feature","geometry":{"type":"Point","coordinates":[36.744929,-1.192323]},"properties":{"lines":"107, 114R","color":"#0059a9","mode":"bus","arr":["107","114R"],"angle":7.3,"extra":1,"ei":0}},{"type":"Feature","geometry":{"type":"Point","coordinates":[36.746796,-1.192601]},"properties":{"lines":"107, 114R","color":"#0059a9","mode":"bus","arr":["107","114R"],"angle":13,"extra":1,"ei":1}},{"type":"Feature","geometry":{"type":"Point","coordinates":[36.748576,-1.193224]},"properties":{"lines":"107, 114R","color":"#0059a9","mode":"bus","arr":["107","114R"],"angle":25.6,"extra":1,"ei":2}},{"type":"Feature","geometry":{"type":"Point","coordinates":[36.750186,-1.194205]},"properties":{"lines":"107, 114R","color":"#0059a9","mode":"bus","arr":["107","114R"],"angle":35.8,"extra":1,"ei":3}},{"type":"Feature","geometry":{"type":"Point","coordinates":[36.751721,-1.195307]},"properties":{"lines":"107, 114R","color":"#0059a9","mode":"bus","arr":["107","114R"],"angle":36.4,"extra":1,"ei":4}},{"type":"Feature","geometry":{"type":"Point","coordinates":[36.753245,-1.196422]},"properties":{"lines":"107, 114R","color":"#0059a9","mode":"bus","arr":["107","114R"],"angle":35.8,"extra":1,"ei":5}},{"type":"Feature","geometry":{"type":"Point","coordinates":[36.75478,-1.197523]},"properties":{"lines":"107, 114R","color":"#0059a9","mode":"bus","arr":["107","114R"],"angle":35.6,"extra":1,"ei":6}},{"type":"Feature","geometry":{"type":"Point","coordinates":[36.756315,-1.198624]},"properties":{"lines":"107, 114R","color":"#0059a9","mode":"bus","arr":["107","114R"],"angle":34.8,"extra":1,"ei":7}},{"type":"Feature","geometry":{"type":"Point","coordinates":[36.757958,-1.199545]},"properties":{"lines":"107, 114R","color":"#0059a9","mode":"bus","arr":["107","114R"],"angle":21.9,"extra":1,"ei":8}},{"type":"Feature","geometry":{"type":"Point","coordinates":[36.759756,-1.200119]},"properties":{"lines":"107, 114R","color":"#0059a9","mode":"bus","arr":["107","114R"],"angle":16,"extra":1,"ei":9}},{"type":"Feature","geometry":{"type":"Point","coordinates":[36.763388,-1.201159]},"properties":{"lines":"107, 114R","color":"#0059a9","mode":"bus","arr":["107","114R"],"angle":15.8,"extra":1,"ei":10}},{"type":"Feature","geometry":{"type":"Point","coordinates":[36.765206,-1.201674]},"properties":{"lines":"107, 114R","color":"#0059a9","mode":"bus","arr":["107","114R"],"angle":15.8,"extra":1,"ei":11}},{"type":"Feature","geometry":{"type":"Point","coordinates":[36.767023,-1.202189]},"properties":{"lines":"107, 114R","color":"#0059a9","mode":"bus","arr":["107","114R"],"angle":15.8,"extra":1,"ei":12}},{"type":"Feature","geometry":{"type":"Point","coordinates":[36.768841,-1.202703]},"properties":{"lines":"107, 114R","color":"#0059a9","mode":"bus","arr":["107","114R"],"angle":15.8,"extra":1,"ei":13}},{"type":"Feature","geometry":{"type":"Point","coordinates":[36.770658,-1.203218]},"properties":{"lines":"107, 114R","color":"#0059a9","mode":"bus","arr":["107","114R"],"angle":15.8,"extra":1,"ei":14}},{"type":"Feature","geometry":{"type":"Point","coordinates":[36.772476,-1.203733]},"properties":{"lines":"107, 114R","color":"#0059a9","mode":"bus","arr":["107","114R"],"angle":15.8,"extra":1,"ei":15}},{"type":"Feature","geometry":{"type":"Point","coordinates":[36.774293,-1.204247]},"properties":{"lines":"107, 114R","color":"#0059a9","mode":"bus","arr":["107","114R"],"angle":15.8,"extra":1,"ei":16}},{"type":"Feature","geometry":{"type":"Point","coordinates":[36.776111,-1.204762]},"properties":{"lines":"107, 114R","color":"#0059a9","mode":"bus","arr":["107","114R"],"angle":15.8,"extra":1,"ei":17}},{"type":"Feature","geometry":{"type":"Point","coordinates":[36.777944,-1.205216]},"properties":{"lines":"107, 114R","color":"#0059a9","mode":"bus","arr":["107","114R"],"angle":14.1,"extra":1,"ei":18}},{"type":"Feature","geometry":{"type":"Point","coordinates":[36.762007,-1.200915]},"properties":{"lines":"107, 114R","color":"#0059a9","mode":"bus","arr":["107","114R"],"angle":16.9,"extra":1,"ei":0,"side":-1}},{"type":"Feature","geometry":{"type":"Point","coordinates":[36.77866,-1.205324]},"properties":{"lines":"107, 114R","color":"#0059a9","mode":"bus","arr":["107","114R"],"angle":5.2}},{"type":"Feature","geometry":{"type":"Point","coordinates":[36.780033,-1.205872]},"properties":{"lines":"107, 107D, 114R","color":"#0059a9","mode":"bus","arr":["107","107D","114R"],"angle":62.5,"mi":1}},{"type":"Feature","geometry":{"type":"Point","coordinates":[36.782771,-1.206645]},"properties":{"lines":"107, 107D, 114R","color":"#0059a9","mode":"bus","arr":["107","107D","114R"],"angle":7}},{"type":"Feature","geometry":{"type":"Point","coordinates":[36.784957,-1.206854]},"properties":{"lines":"107, 107D, 114R","color":"#0059a9","mode":"bus","arr":["107","107D","114R"],"angle":11.8,"extra":1,"ei":0}},{"type":"Feature","geometry":{"type":"Point","coordinates":[36.781219,-1.206354]},"properties":{"lines":"107, 107D, 114R","color":"#0059a9","mode":"bus","arr":["107","107D","114R"],"angle":13.4,"extra":1,"ei":1}},{"type":"Feature","geometry":{"type":"Point","coordinates":[36.803492,-1.234669]},"properties":{"lines":"107, 108","color":"#0059a9","mode":"bus","arr":["107","108"],"angle":45.8,"side":-1}},{"type":"Feature","geometry":{"type":"Point","coordinates":[36.959476,-1.147829]},"properties":{"lines":"107D, 145, 145B, 145D","color":"#0059a9","mode":"bus","arr":["107D","145","145B","145D"],"angle":-46.3,"mi":2}},{"type":"Feature","geometry":{"type":"Point","coordinates":[36.959233,-1.148129]},"properties":{"lines":"107D, 145, 145B, 145D","color":"#0059a9","mode":"bus","arr":["107D","145","145B","145D"],"angle":76.6,"mi":1}},{"type":"Feature","geometry":{"type":"Point","coordinates":[36.959815,-1.148243]},"properties":{"lines":"107D","color":"#0059a9","mode":"bus","arr":["107D"],"angle":-11.6}},{"type":"Feature","geometry":{"type":"Point","coordinates":[36.959047,-1.148665]},"properties":{"lines":"107D, 145D","color":"#0059a9","mode":"bus","arr":["107D","145D"],"angle":-11.7,"side":-1}},{"type":"Feature","geometry":{"type":"Point","coordinates":[36.957309,-1.148726]},"properties":{"lines":"107D, 145, 145B, 145D","color":"#0059a9","mode":"bus","arr":["107D","145","145B","145D"],"angle":-10.9,"mi":3}},{"type":"Feature","geometry":{"type":"Point","coordinates":[36.938299,-1.151028]},"properties":{"lines":"107D, 145D","color":"#0059a9","mode":"bus","arr":["107D","145D"],"angle":-1.9}},{"type":"Feature","geometry":{"type":"Point","coordinates":[36.955997,-1.149001]},"properties":{"lines":"107D, 145D","color":"#0059a9","mode":"bus","arr":["107D","145D"],"angle":-12,"extra":1,"ei":0}},{"type":"Feature","geometry":{"type":"Point","coordinates":[36.954149,-1.149391]},"properties":{"lines":"107D, 145D","color":"#0059a9","mode":"bus","arr":["107D","145D"],"angle":-12.1,"extra":1,"ei":1}},{"type":"Feature","geometry":{"type":"Point","coordinates":[36.952302,-1.149787]},"properties":{"lines":"107D, 145D","color":"#0059a9","mode":"bus","arr":["107D","145D"],"angle":-12.1,"extra":1,"ei":2}},{"type":"Feature","geometry":{"type":"Point","coordinates":[36.950437,-1.149957]},"properties":{"lines":"107D, 145D","color":"#0059a9","mode":"bus","arr":["107D","145D"],"angle":7.6,"extra":1,"ei":3}},{"type":"Feature","geometry":{"type":"Point","coordinates":[36.948566,-1.149696]},"properties":{"lines":"107D, 145D","color":"#0059a9","mode":"bus","arr":["107D","145D"],"angle":8.1,"extra":1,"ei":4}},{"type":"Feature","geometry":{"type":"Point","coordinates":[36.946696,-1.149431]},"properties":{"lines":"107D, 145D","color":"#0059a9","mode":"bus","arr":["107D","145D"],"angle":5.1,"extra":1,"ei":5}},{"type":"Feature","geometry":{"type":"Point","coordinates":[36.944869,-1.149851]},"properties":{"lines":"107D, 145D","color":"#0059a9","mode":"bus","arr":["107D","145D"],"angle":-17.2,"extra":1,"ei":6}},{"type":"Feature","geometry":{"type":"Point","coordinates":[36.943075,-1.150442]},"properties":{"lines":"107D, 145D","color":"#0059a9","mode":"bus","arr":["107D","145D"],"angle":-18.2,"extra":1,"ei":7}},{"type":"Feature","geometry":{"type":"Point","coordinates":[36.941245,-1.150884]},"properties":{"lines":"107D, 145D","color":"#0059a9","mode":"bus","arr":["107D","145D"],"angle":-3.8,"extra":1,"ei":8}},{"type":"Feature","geometry":{"type":"Point","coordinates":[36.935584,-1.151146]},"properties":{"lines":"107D, 145D","color":"#0059a9","mode":"bus","arr":["107D","145D"],"angle":-4,"extra":1,"ei":9}},{"type":"Feature","geometry":{"type":"Point","coordinates":[36.933709,-1.151365]},"properties":{"lines":"107D, 145D","color":"#0059a9","mode":"bus","arr":["107D","145D"],"angle":-8.4,"extra":1,"ei":10}},{"type":"Feature","geometry":{"type":"Point","coordinates":[36.931839,-1.15163]},"properties":{"lines":"107D, 145D","color":"#0059a9","mode":"bus","arr":["107D","145D"],"angle":-8.1,"extra":1,"ei":11}},{"type":"Feature","geometry":{"type":"Point","coordinates":[36.929968,-1.151881]},"properties":{"lines":"107D, 145D","color":"#0059a9","mode":"bus","arr":["107D","145D"],"angle":-1.1,"extra":1,"ei":12}},{"type":"Feature","geometry":{"type":"Point","coordinates":[36.928087,-1.15172]},"properties":{"lines":"107D, 145D","color":"#0059a9","mode":"bus","arr":["107D","145D"],"angle":7,"extra":1,"ei":13}},{"type":"Feature","geometry":{"type":"Point","coordinates":[36.92624,-1.151333]},"properties":{"lines":"107D, 145D","color":"#0059a9","mode":"bus","arr":["107D","145D"],"angle":14.2,"extra":1,"ei":14}},{"type":"Feature","geometry":{"type":"Point","coordinates":[36.924408,-1.15087]},"properties":{"lines":"107D, 145D","color":"#0059a9","mode":"bus","arr":["107D","145D"],"angle":14.4,"extra":1,"ei":15}},{"type":"Feature","geometry":{"type":"Point","coordinates":[36.922585,-1.15089]},"properties":{"lines":"107D, 145D","color":"#0059a9","mode":"bus","arr":["107D","145D"],"angle":-25.5,"extra":1,"ei":16}},{"type":"Feature","geometry":{"type":"Point","coordinates":[36.920884,-1.15171]},"properties":{"lines":"107D, 145D","color":"#0059a9","mode":"bus","arr":["107D","145D"],"angle":-26,"extra":1,"ei":17}},{"type":"Feature","geometry":{"type":"Point","coordinates":[36.922718,-1.153853]},"properties":{"lines":"107D, 145D","color":"#0059a9","mode":"bus","arr":["107D","145D"],"angle":17.7}},{"type":"Feature","geometry":{"type":"Point","coordinates":[36.920255,-1.152988]},"properties":{"lines":"107D, 145D","color":"#0059a9","mode":"bus","arr":["107D","145D"],"angle":40.6,"extra":1,"ei":0}},{"type":"Feature","geometry":{"type":"Point","coordinates":[36.925621,-1.154773]},"properties":{"lines":"107D, 145D","color":"#0059a9","mode":"bus","arr":["107D","145D"],"angle":15.3,"extra":1,"ei":1}},{"type":"Feature","geometry":{"type":"Point","coordinates":[36.926239,-1.155301]},"properties":{"lines":"107D","color":"#0059a9","mode":"bus","arr":["107D"],"angle":9.3,"mi":1}},{"type":"Feature","geometry":{"type":"Point","coordinates":[36.797058,-1.207952]},"properties":{"lines":"107D","color":"#0059a9","mode":"bus","arr":["107D"],"angle":26}},{"type":"Feature","geometry":{"type":"Point","coordinates":[36.925952,-1.155348]},"properties":{"lines":"107D","color":"#0059a9","mode":"bus","arr":["107D"],"angle":-68.3}},{"type":"Feature","geometry":{"type":"Point","coordinates":[36.85026,-1.215588]},"properties":{"lines":"107D","color":"#0059a9","mode":"bus","arr":["107D"],"angle":-25.9,"mi":3}},{"type":"Feature","geometry":{"type":"Point","coordinates":[36.893542,-1.200854]},"properties":{"lines":"107D","color":"#0059a9","mode":"bus","arr":["107D"],"angle":-29}},{"type":"Feature","geometry":{"type":"Point","coordinates":[36.814188,-1.215365]},"properties":{"lines":"107D","color":"#0059a9","mode":"bus","arr":["107D"],"angle":12.5}},{"type":"Feature","geometry":{"type":"Point","coordinates":[36.917109,-1.170849]},"properties":{"lines":"107D","color":"#0059a9","mode":"bus","arr":["107D"],"angle":-54.6}},{"type":"Feature","geometry":{"type":"Point","coordinates":[36.863201,-1.215098]},"properties":{"lines":"107D","color":"#0059a9","mode":"bus","arr":["107D"],"angle":-1.3}},{"type":"Feature","geometry":{"type":"Point","coordinates":[36.788409,-1.204995]},"properties":{"lines":"107D","color":"#0059a9","mode":"bus","arr":["107D"],"angle":24}},{"type":"Feature","geometry":{"type":"Point","coordinates":[36.84404,-1.216338]},"properties":{"lines":"107D","color":"#0059a9","mode":"bus","arr":["107D"],"angle":6.2}},{"type":"Feature","geometry":{"type":"Point","coordinates":[36.925251,-1.156279]},"properties":{"lines":"107D","color":"#0059a9","mode":"bus","arr":["107D"],"angle":-51.7,"extra":1,"ei":0}},{"type":"Feature","geometry":{"type":"Point","coordinates":[36.924128,-1.157797]},"properties":{"lines":"107D","color":"#0059a9","mode":"bus","arr":["107D"],"angle":-51.7,"extra":1,"ei":1}},{"type":"Feature","geometry":{"type":"Point","coordinates":[36.922975,-1.159292]},"properties":{"lines":"107D","color":"#0059a9","mode":"bus","arr":["107D"],"angle":-55.4,"extra":1,"ei":2}},{"type":"Feature","geometry":{"type":"Point","coordinates":[36.922039,-1.16093]},"properties":{"lines":"107D","color":"#0059a9","mode":"bus","arr":["107D"],"angle":-64.7,"extra":1,"ei":3}},{"type":"Feature","geometry":{"type":"Point","coordinates":[36.921291,-1.162664]},"properties":{"lines":"107D","color":"#0059a9","mode":"bus","arr":["107D"],"angle":-67.2,"extra":1,"ei":4}},{"type":"Feature","geometry":{"type":"Point","coordinates":[36.920552,-1.164402]},"properties":{"lines":"107D","color":"#0059a9","mode":"bus","arr":["107D"],"angle":-67.4,"extra":1,"ei":5}},{"type":"Feature","geometry":{"type":"Point","coordinates":[36.919801,-1.166135]},"properties":{"lines":"107D","color":"#0059a9","mode":"bus","arr":["107D"],"angle":-66.3,"extra":1,"ei":6}},{"type":"Feature","geometry":{"type":"Point","coordinates":[36.919015,-1.167852]},"properties":{"lines":"107D","color":"#0059a9","mode":"bus","arr":["107D"],"angle":-62.4,"extra":1,"ei":7}},{"type":"Feature","geometry":{"type":"Point","coordinates":[36.918048,-1.169474]},"properties":{"lines":"107D","color":"#0059a9","mode":"bus","arr":["107D"],"angle":-57,"extra":1,"ei":8}},{"type":"Feature","geometry":{"type":"Point","coordinates":[36.915936,-1.172604]},"properties":{"lines":"107D","color":"#0059a9","mode":"bus","arr":["107D"],"angle":-55.1,"extra":1,"ei":9}},{"type":"Feature","geometry":{"type":"Point","coordinates":[36.914838,-1.174141]},"properties":{"lines":"107D","color":"#0059a9","mode":"bus","arr":["107D"],"angle":-55.4,"extra":1,"ei":10}},{"type":"Feature","geometry":{"type":"Point","coordinates":[36.913774,-1.175701]},"properties":{"lines":"107D","color":"#0059a9","mode":"bus","arr":["107D"],"angle":-55.5,"extra":1,"ei":11}},{"type":"Feature","geometry":{"type":"Point","coordinates":[36.9127,-1.177254]},"properties":{"lines":"107D","color":"#0059a9","mode":"bus","arr":["107D"],"angle":-54.3,"extra":1,"ei":12}},{"type":"Feature","geometry":{"type":"Point","coordinates":[36.911589,-1.178782]},"properties":{"lines":"107D","color":"#0059a9","mode":"bus","arr":["107D"],"angle":-53.1,"extra":1,"ei":13}},{"type":"Feature","geometry":{"type":"Point","coordinates":[36.91041,-1.180257]},"properties":{"lines":"107D","color":"#0059a9","mode":"bus","arr":["107D"],"angle":-50.1,"extra":1,"ei":14}},{"type":"Feature","geometry":{"type":"Point","coordinates":[36.90916,-1.181672]},"properties":{"lines":"107D","color":"#0059a9","mode":"bus","arr":["107D"],"angle":-51.4,"extra":1,"ei":15}},{"type":"Feature","geometry":{"type":"Point","coordinates":[36.908064,-1.183208]},"properties":{"lines":"107D","color":"#0059a9","mode":"bus","arr":["107D"],"angle":-58.2,"extra":1,"ei":16}},{"type":"Feature","geometry":{"type":"Point","coordinates":[36.907217,-1.184892]},"properties":{"lines":"107D","color":"#0059a9","mode":"bus","arr":["107D"],"angle":-68.5,"extra":1,"ei":17}},{"type":"Feature","geometry":{"type":"Point","coordinates":[36.906586,-1.186898]},"properties":{"lines":"107D","color":"#0059a9","mode":"bus","arr":["107D"],"angle":-76.8,"extra":1,"ei":0}},{"type":"Feature","geometry":{"type":"Point","coordinates":[36.906301,-1.188763]},"properties":{"lines":"107D","color":"#0059a9","mode":"bus","arr":["107D"],"angle":-84.8,"extra":1,"ei":1}},{"type":"Feature","geometry":{"type":"Point","coordinates":[36.906072,-1.190636]},"properties":{"lines":"107D","color":"#0059a9","mode":"bus","arr":["107D"],"angle":-77.2,"extra":1,"ei":2}},{"type":"Feature","geometry":{"type":"Point","coordinates":[36.905478,-1.192424]},"properties":{"lines":"107D","color":"#0059a9","mode":"bus","arr":["107D"],"angle":-63.9,"extra":1,"ei":3}},{"type":"Feature","geometry":{"type":"Point","coordinates":[36.904449,-1.194]},"properties":{"lines":"107D","color":"#0059a9","mode":"bus","arr":["107D"],"angle":-49.1,"extra":1,"ei":4}},{"type":"Feature","geometry":{"type":"Point","coordinates":[36.903044,-1.195251]},"properties":{"lines":"107D","color":"#0059a9","mode":"bus","arr":["107D"],"angle":-34,"extra":1,"ei":5}},{"type":"Feature","geometry":{"type":"Point","coordinates":[36.901416,-1.196205]},"properties":{"lines":"107D","color":"#0059a9","mode":"bus","arr":["107D"],"angle":-28.6,"extra":1,"ei":6}},{"type":"Feature","geometry":{"type":"Point","coordinates":[36.899756,-1.197107]},"properties":{"lines":"107D","color":"#0059a9","mode":"bus","arr":["107D"],"angle":-28.7,"extra":1,"ei":7}},{"type":"Feature","geometry":{"type":"Point","coordinates":[36.898127,-1.198063]},"properties":{"lines":"107D","color":"#0059a9","mode":"bus","arr":["107D"],"angle":-30.9,"extra":1,"ei":8}},{"type":"Feature","geometry":{"type":"Point","coordinates":[36.896531,-1.199074]},"properties":{"lines":"107D","color":"#0059a9","mode":"bus","arr":["107D"],"angle":-33.4,"extra":1,"ei":9}},{"type":"Feature","geometry":{"type":"Point","coordinates":[36.894923,-1.200062]},"properties":{"lines":"107D","color":"#0059a9","mode":"bus","arr":["107D"],"angle":-29.7,"extra":1,"ei":10}},{"type":"Feature","geometry":{"type":"Point","coordinates":[36.891629,-1.201911]},"properties":{"lines":"107D","color":"#0059a9","mode":"bus","arr":["107D"],"angle":-29.6,"extra":1,"ei":11}},{"type":"Feature","geometry":{"type":"Point","coordinates":[36.889959,-1.202793]},"properties":{"lines":"107D","color":"#0059a9","mode":"bus","arr":["107D"],"angle":-28.2,"extra":1,"ei":12}},{"type":"Feature","geometry":{"type":"Point","coordinates":[36.888303,-1.203702]},"properties":{"lines":"107D","color":"#0059a9","mode":"bus","arr":["107D"],"angle":-30,"extra":1,"ei":13}},{"type":"Feature","geometry":{"type":"Point","coordinates":[36.886645,-1.204607]},"properties":{"lines":"107D","color":"#0059a9","mode":"bus","arr":["107D"],"angle":-28.7,"extra":1,"ei":14}},{"type":"Feature","geometry":{"type":"Point","coordinates":[36.884991,-1.205519]},"properties":{"lines":"107D","color":"#0059a9","mode":"bus","arr":["107D"],"angle":-28.3,"extra":1,"ei":15}},{"type":"Feature","geometry":{"type":"Point","coordinates":[36.883325,-1.206409]},"properties":{"lines":"107D","color":"#0059a9","mode":"bus","arr":["107D"],"angle":-28.2,"extra":1,"ei":16}},{"type":"Feature","geometry":{"type":"Point","coordinates":[36.881664,-1.207309]},"properties":{"lines":"107D","color":"#0059a9","mode":"bus","arr":["107D"],"angle":-29.1,"extra":1,"ei":17}},{"type":"Feature","geometry":{"type":"Point","coordinates":[36.879994,-1.20819]},"properties":{"lines":"107D","color":"#0059a9","mode":"bus","arr":["107D"],"angle":-28.9,"extra":1,"ei":18}},{"type":"Feature","geometry":{"type":"Point","coordinates":[36.878331,-1.209077]},"properties":{"lines":"107D","color":"#0059a9","mode":"bus","arr":["107D"],"angle":-26.4,"extra":1,"ei":19}},{"type":"Feature","geometry":{"type":"Point","coordinates":[36.87668,-1.209994]},"properties":{"lines":"107D","color":"#0059a9","mode":"bus","arr":["107D"],"angle":-28.6,"extra":1,"ei":20}},{"type":"Feature","geometry":{"type":"Point","coordinates":[36.875019,-1.210894]},"properties":{"lines":"107D","color":"#0059a9","mode":"bus","arr":["107D"],"angle":-28.1,"extra":1,"ei":21}},{"type":"Feature","geometry":{"type":"Point","coordinates":[36.852046,-1.215332]},"properties":{"lines":"107D","color":"#0059a9","mode":"bus","arr":["107D"],"angle":-3.4,"extra":1,"ei":0}},{"type":"Feature","geometry":{"type":"Point","coordinates":[36.853935,-1.215285]},"properties":{"lines":"107D","color":"#0059a9","mode":"bus","arr":["107D"],"angle":-1.4,"extra":1,"ei":1}},{"type":"Feature","geometry":{"type":"Point","coordinates":[36.855823,-1.215235]},"properties":{"lines":"107D","color":"#0059a9","mode":"bus","arr":["107D"],"angle":-1.6,"extra":1,"ei":2}},{"type":"Feature","geometry":{"type":"Point","coordinates":[36.857712,-1.215192]},"properties":{"lines":"107D","color":"#0059a9","mode":"bus","arr":["107D"],"angle":-1.1,"extra":1,"ei":3}},{"type":"Feature","geometry":{"type":"Point","coordinates":[36.8596,-1.215156]},"properties":{"lines":"107D","color":"#0059a9","mode":"bus","arr":["107D"],"angle":-1,"extra":1,"ei":4}},{"type":"Feature","geometry":{"type":"Point","coordinates":[36.861489,-1.215132]},"properties":{"lines":"107D","color":"#0059a9","mode":"bus","arr":["107D"],"angle":-0.7,"extra":1,"ei":5}},{"type":"Feature","geometry":{"type":"Point","coordinates":[36.865267,-1.215061]},"properties":{"lines":"107D","color":"#0059a9","mode":"bus","arr":["107D"],"angle":-2.2,"extra":1,"ei":6}},{"type":"Feature","geometry":{"type":"Point","coordinates":[36.86714,-1.214848]},"properties":{"lines":"107D","color":"#0059a9","mode":"bus","arr":["107D"],"angle":-12.8,"extra":1,"ei":7}},{"type":"Feature","geometry":{"type":"Point","coordinates":[36.868904,-1.214189]},"properties":{"lines":"107D","color":"#0059a9","mode":"bus","arr":["107D"],"angle":-26.5,"extra":1,"ei":8}},{"type":"Feature","geometry":{"type":"Point","coordinates":[36.870571,-1.213302]},"properties":{"lines":"107D","color":"#0059a9","mode":"bus","arr":["107D"],"angle":-28.3,"extra":1,"ei":9}},{"type":"Feature","geometry":{"type":"Point","coordinates":[36.872223,-1.212386]},"properties":{"lines":"107D","color":"#0059a9","mode":"bus","arr":["107D"],"angle":-28.3,"extra":1,"ei":10}},{"type":"Feature","geometry":{"type":"Point","coordinates":[36.873894,-1.211506]},"properties":{"lines":"107D","color":"#0059a9","mode":"bus","arr":["107D"],"angle":-27.9,"extra":1,"ei":11}},{"type":"Feature","geometry":{"type":"Point","coordinates":[36.849182,-1.215915]},"properties":{"lines":"107D","color":"#0059a9","mode":"bus","arr":["107D"],"angle":-16.1,"extra":1,"ei":0}},{"type":"Feature","geometry":{"type":"Point","coordinates":[36.847349,-1.216365]},"properties":{"lines":"107D","color":"#0059a9","mode":"bus","arr":["107D"],"angle":-9.4,"extra":1,"ei":1}},{"type":"Feature","geometry":{"type":"Point","coordinates":[36.845467,-1.216481]},"properties":{"lines":"107D","color":"#0059a9","mode":"bus","arr":["107D"],"angle":2.8,"extra":1,"ei":2}},{"type":"Feature","geometry":{"type":"Point","coordinates":[36.84171,-1.21608]},"properties":{"lines":"107D","color":"#0059a9","mode":"bus","arr":["107D"],"angle":6.5,"extra":1,"ei":3}},{"type":"Feature","geometry":{"type":"Point","coordinates":[36.839833,-1.215866]},"properties":{"lines":"107D","color":"#0059a9","mode":"bus","arr":["107D"],"angle":6.8,"extra":1,"ei":4}},{"type":"Feature","geometry":{"type":"Point","coordinates":[36.837959,-1.215631]},"properties":{"lines":"107D","color":"#0059a9","mode":"bus","arr":["107D"],"angle":8.2,"extra":1,"ei":5}},{"type":"Feature","geometry":{"type":"Point","coordinates":[36.831258,-1.215953]},"properties":{"lines":"107D","color":"#0059a9","mode":"bus","arr":["107D"],"angle":-9.3,"extra":1,"ei":0}},{"type":"Feature","geometry":{"type":"Point","coordinates":[36.829386,-1.216199]},"properties":{"lines":"107D","color":"#0059a9","mode":"bus","arr":["107D"],"angle":-6.6,"extra":1,"ei":1}},{"type":"Feature","geometry":{"type":"Point","coordinates":[36.827505,-1.216374]},"properties":{"lines":"107D","color":"#0059a9","mode":"bus","arr":["107D"],"angle":-4.1,"extra":1,"ei":2}},{"type":"Feature","geometry":{"type":"Point","coordinates":[36.82562,-1.216478]},"properties":{"lines":"107D","color":"#0059a9","mode":"bus","arr":["107D"],"angle":-1.8,"extra":1,"ei":3}},{"type":"Feature","geometry":{"type":"Point","coordinates":[36.823742,-1.216501]},"properties":{"lines":"107D","color":"#0059a9","mode":"bus","arr":["107D"],"angle":0.8,"extra":1,"ei":4}},{"type":"Feature","geometry":{"type":"Point","coordinates":[36.821855,-1.216432]},"properties":{"lines":"107D","color":"#0059a9","mode":"bus","arr":["107D"],"angle":4.2,"extra":1,"ei":5}},{"type":"Feature","geometry":{"type":"Point","coordinates":[36.819969,-1.216315]},"properties":{"lines":"107D","color":"#0059a9","mode":"bus","arr":["107D"],"angle":5.2,"extra":1,"ei":6}},{"type":"Feature","geometry":{"type":"Point","coordinates":[36.818094,-1.216093]},"properties":{"lines":"107D","color":"#0059a9","mode":"bus","arr":["107D"],"angle":7.7,"extra":1,"ei":7}},{"type":"Feature","geometry":{"type":"Point","coordinates":[36.81623,-1.215786]},"properties":{"lines":"107D","color":"#0059a9","mode":"bus","arr":["107D"],"angle":10.6,"extra":1,"ei":8}},{"type":"Feature","geometry":{"type":"Point","coordinates":[36.812542,-1.214971]},"properties":{"lines":"107D","color":"#0059a9","mode":"bus","arr":["107D"],"angle":15.2,"extra":1,"ei":9}},{"type":"Feature","geometry":{"type":"Point","coordinates":[36.810731,-1.214436]},"properties":{"lines":"107D","color":"#0059a9","mode":"bus","arr":["107D"],"angle":18.2,"extra":1,"ei":10}},{"type":"Feature","geometry":{"type":"Point","coordinates":[36.80894,-1.213834]},"properties":{"lines":"107D","color":"#0059a9","mode":"bus","arr":["107D"],"angle":19.7,"extra":1,"ei":11}},{"type":"Feature","geometry":{"type":"Point","coordinates":[36.80718,-1.213148]},"properties":{"lines":"107D","color":"#0059a9","mode":"bus","arr":["107D"],"angle":23,"extra":1,"ei":12}},{"type":"Feature","geometry":{"type":"Point","coordinates":[36.805454,-1.212381]},"properties":{"lines":"107D","color":"#0059a9","mode":"bus","arr":["107D"],"angle":24.5,"extra":1,"ei":13}},{"type":"Feature","geometry":{"type":"Point","coordinates":[36.803755,-1.211557]},"properties":{"lines":"107D","color":"#0059a9","mode":"bus","arr":["107D"],"angle":26.9,"extra":1,"ei":14}},{"type":"Feature","geometry":{"type":"Point","coordinates":[36.802085,-1.210674]},"properties":{"lines":"107D","color":"#0059a9","mode":"bus","arr":["107D"],"angle":28.6,"extra":1,"ei":15}},{"type":"Feature","geometry":{"type":"Point","coordinates":[36.800427,-1.209769]},"properties":{"lines":"107D","color":"#0059a9","mode":"bus","arr":["107D"],"angle":28,"extra":1,"ei":16}},{"type":"Feature","geometry":{"type":"Point","coordinates":[36.798758,-1.208886]},"properties":{"lines":"107D","color":"#0059a9","mode":"bus","arr":["107D"],"angle":28,"extra":1,"ei":17}},{"type":"Feature","geometry":{"type":"Point","coordinates":[36.795383,-1.207306]},"properties":{"lines":"107D","color":"#0059a9","mode":"bus","arr":["107D"],"angle":14.3,"extra":1,"ei":0}},{"type":"Feature","geometry":{"type":"Point","coordinates":[36.793542,-1.20689]},"properties":{"lines":"107D","color":"#0059a9","mode":"bus","arr":["107D"],"angle":10.8,"extra":1,"ei":1}},{"type":"Feature","geometry":{"type":"Point","coordinates":[36.791695,-1.206499]},"properties":{"lines":"107D","color":"#0059a9","mode":"bus","arr":["107D"],"angle":15.7,"extra":1,"ei":2}},{"type":"Feature","geometry":{"type":"Point","coordinates":[36.789958,-1.205766]},"properties":{"lines":"107D","color":"#0059a9","mode":"bus","arr":["107D"],"angle":27.4,"extra":1,"ei":3}},{"type":"Feature","geometry":{"type":"Point","coordinates":[36.786441,-1.204467]},"properties":{"lines":"107D","color":"#0059a9","mode":"bus","arr":["107D"],"angle":8,"extra":1,"ei":4}},{"type":"Feature","geometry":{"type":"Point","coordinates":[36.784557,-1.204388]},"properties":{"lines":"107D","color":"#0059a9","mode":"bus","arr":["107D"],"angle":-3.3,"extra":1,"ei":5}},{"type":"Feature","geometry":{"type":"Point","coordinates":[36.782703,-1.204729]},"properties":{"lines":"107D","color":"#0059a9","mode":"bus","arr":["107D"],"angle":-15.3,"extra":1,"ei":6}},{"type":"Feature","geometry":{"type":"Point","coordinates":[36.780881,-1.205224]},"properties":{"lines":"107D","color":"#0059a9","mode":"bus","arr":["107D"],"angle":-11.7,"extra":1,"ei":7,"side":-1}},{"type":"Feature","geometry":{"type":"Point","coordinates":[36.835143,-1.215735]},"properties":{"lines":"107D","color":"#0059a9","mode":"bus","arr":["107D"],"angle":-1.9,"mi":1}},{"type":"Feature","geometry":{"type":"Point","coordinates":[36.837153,-1.215683]},"properties":{"lines":"107D","color":"#0059a9","mode":"bus","arr":["107D"],"angle":-1.9,"extra":1,"ei":0,"side":-1}},{"type":"Feature","geometry":{"type":"Point","coordinates":[36.833376,-1.215752]},"properties":{"lines":"107D","color":"#0059a9","mode":"bus","arr":["107D"],"angle":-2.5,"extra":1,"ei":1,"side":-1}},{"type":"Feature","geometry":{"type":"Point","coordinates":[36.834761,-1.215292]},"properties":{"lines":"107D","color":"#0059a9","mode":"bus","arr":["107D"],"angle":-6.2,"mi":2}},{"type":"Feature","geometry":{"type":"Point","coordinates":[36.832534,-1.215663]},"properties":{"lines":"107D","color":"#0059a9","mode":"bus","arr":["107D"],"angle":-11.3,"extra":1,"ei":0}},{"type":"Feature","geometry":{"type":"Point","coordinates":[36.836277,-1.215298]},"properties":{"lines":"107D","color":"#0059a9","mode":"bus","arr":["107D"],"angle":7.8,"extra":1,"ei":1}},{"type":"Feature","geometry":{"type":"Point","coordinates":[36.958494,-1.148513]},"properties":{"lines":"107D, 145, 145B, 145D","color":"#0059a9","mode":"bus","arr":["107D","145","145B","145D"],"angle":-10.4}},{"type":"Feature","geometry":{"type":"Point","coordinates":[36.772684,-1.219478]},"properties":{"lines":"108","color":"#0059a9","mode":"bus","arr":["108"],"angle":-27.2}},{"type":"Feature","geometry":{"type":"Point","coordinates":[36.767562,-1.219986]},"properties":{"lines":"108","color":"#0059a9","mode":"bus","arr":["108"],"angle":22.5,"extra":1,"ei":0}},{"type":"Feature","geometry":{"type":"Point","coordinates":[36.769371,-1.220464]},"properties":{"lines":"108","color":"#0059a9","mode":"bus","arr":["108"],"angle":-3.2,"extra":1,"ei":1}},{"type":"Feature","geometry":{"type":"Point","coordinates":[36.7712,-1.220004]},"properties":{"lines":"108","color":"#0059a9","mode":"bus","arr":["108"],"angle":-15.4,"extra":1,"ei":2}},{"type":"Feature","geometry":{"type":"Point","coordinates":[36.774619,-1.218433]},"properties":{"lines":"108","color":"#0059a9","mode":"bus","arr":["108"],"angle":-28.4,"extra":1,"ei":3}},{"type":"Feature","geometry":{"type":"Point","coordinates":[36.776278,-1.21753]},"properties":{"lines":"108","color":"#0059a9","mode":"bus","arr":["108"],"angle":-28.4,"extra":1,"ei":4}},{"type":"Feature","geometry":{"type":"Point","coordinates":[36.77801,-1.21728]},"properties":{"lines":"108","color":"#0059a9","mode":"bus","arr":["108"],"angle":21,"extra":1,"ei":5}},{"type":"Feature","geometry":{"type":"Point","coordinates":[36.798669,-1.22887]},"properties":{"lines":"108","color":"#0059a9","mode":"bus","arr":["108"],"angle":63.2}},{"type":"Feature","geometry":{"type":"Point","coordinates":[36.781271,-1.222671]},"properties":{"lines":"108","color":"#0059a9","mode":"bus","arr":["108"],"angle":32.4}},{"type":"Feature","geometry":{"type":"Point","coordinates":[36.790026,-1.225542]},"properties":{"lines":"108","color":"#0059a9","mode":"bus","arr":["108"],"angle":-0.3}},{"type":"Feature","geometry":{"type":"Point","coordinates":[36.777891,-1.21825]},"properties":{"lines":"108","color":"#0059a9","mode":"bus","arr":["108"],"angle":-72.7,"extra":1,"ei":0}},{"type":"Feature","geometry":{"type":"Point","coordinates":[36.778299,-1.220057]},"properties":{"lines":"108","color":"#0059a9","mode":"bus","arr":["108"],"angle":70,"extra":1,"ei":1}},{"type":"Feature","geometry":{"type":"Point","coordinates":[36.779391,-1.22151]},"properties":{"lines":"108","color":"#0059a9","mode":"bus","arr":["108"],"angle":31.6,"extra":1,"ei":2}},{"type":"Feature","geometry":{"type":"Point","coordinates":[36.782605,-1.223495]},"properties":{"lines":"108","color":"#0059a9","mode":"bus","arr":["108"],"angle":31.6,"extra":1,"ei":3}},{"type":"Feature","geometry":{"type":"Point","coordinates":[36.784198,-1.224508]},"properties":{"lines":"108","color":"#0059a9","mode":"bus","arr":["108"],"angle":31.5,"extra":1,"ei":4}},{"type":"Feature","geometry":{"type":"Point","coordinates":[36.785807,-1.225495]},"properties":{"lines":"108","color":"#0059a9","mode":"bus","arr":["108"],"angle":23.5,"extra":1,"ei":5}},{"type":"Feature","geometry":{"type":"Point","coordinates":[36.788606,-1.22557]},"properties":{"lines":"108","color":"#0059a9","mode":"bus","arr":["108"],"angle":-2.8,"extra":1,"ei":0}},{"type":"Feature","geometry":{"type":"Point","coordinates":[36.792382,-1.22548]},"properties":{"lines":"108","color":"#0059a9","mode":"bus","arr":["108"],"angle":-4.9,"extra":1,"ei":1}},{"type":"Feature","geometry":{"type":"Point","coordinates":[36.794199,-1.225778]},"properties":{"lines":"108","color":"#0059a9","mode":"bus","arr":["108"],"angle":26.6,"extra":1,"ei":0}},{"type":"Feature","geometry":{"type":"Point","coordinates":[36.795892,-1.226615]},"properties":{"lines":"108","color":"#0059a9","mode":"bus","arr":["108"],"angle":24.8,"extra":1,"ei":1}},{"type":"Feature","geometry":{"type":"Point","coordinates":[36.797611,-1.227398]},"properties":{"lines":"108","color":"#0059a9","mode":"bus","arr":["108"],"angle":28.2,"extra":1,"ei":2}},{"type":"Feature","geometry":{"type":"Point","coordinates":[36.798768,-1.230686]},"properties":{"lines":"108","color":"#0059a9","mode":"bus","arr":["108"],"angle":-72,"extra":1,"ei":3}},{"type":"Feature","geometry":{"type":"Point","coordinates":[36.7994,-1.232241]},"properties":{"lines":"108","color":"#0059a9","mode":"bus","arr":["108"],"angle":34.2,"extra":1,"ei":4}},{"type":"Feature","geometry":{"type":"Point","coordinates":[36.80096,-1.233306]},"properties":{"lines":"108","color":"#0059a9","mode":"bus","arr":["108"],"angle":34.7,"extra":1,"ei":5}},{"type":"Feature","geometry":{"type":"Point","coordinates":[36.802602,-1.234236]},"properties":{"lines":"108","color":"#0059a9","mode":"bus","arr":["108"],"angle":28,"extra":1,"ei":6}},{"type":"Feature","geometry":{"type":"Point","coordinates":[36.958228,-1.47658]},"properties":{"lines":"110, 110AK","color":"#0059a9","mode":"bus","arr":["110","110AK"],"angle":-77.6}},{"type":"Feature","geometry":{"type":"Point","coordinates":[36.959351,-1.472881]},"properties":{"lines":"110AK","color":"#0059a9","mode":"bus","arr":["110AK"],"angle":-71}},{"type":"Feature","geometry":{"type":"Point","coordinates":[36.958589,-1.475096]},"properties":{"lines":"110AK","color":"#0059a9","mode":"bus","arr":["110AK"],"angle":-74.4,"extra":1,"ei":0}},{"type":"Feature","geometry":{"type":"Point","coordinates":[36.959819,-1.471527]},"properties":{"lines":"110AK","color":"#0059a9","mode":"bus","arr":["110AK"],"angle":-71.7,"extra":1,"ei":1}},{"type":"Feature","geometry":{"type":"Point","coordinates":[36.968321,-1.451857]},"properties":{"lines":"110AK","color":"#0059a9","mode":"bus","arr":["110AK"],"angle":4.1,"mi":1}},{"type":"Feature","geometry":{"type":"Point","coordinates":[36.962483,-1.464237]},"properties":{"lines":"110, 110AK","color":"#0059a9","mode":"bus","arr":["110","110AK"],"angle":-66.1}},{"type":"Feature","geometry":{"type":"Point","coordinates":[36.958505,-1.476276]},"properties":{"lines":"110, 110AK","color":"#0059a9","mode":"bus","arr":["110","110AK"],"angle":-72.7,"extra":1,"ei":0,"side":-1}},{"type":"Feature","geometry":{"type":"Point","coordinates":[36.959063,-1.474472]},"properties":{"lines":"110, 110AK","color":"#0059a9","mode":"bus","arr":["110","110AK"],"angle":-73.3,"extra":1,"ei":1,"side":-1}},{"type":"Feature","geometry":{"type":"Point","coordinates":[36.959609,-1.472664]},"properties":{"lines":"110, 110AK","color":"#0059a9","mode":"bus","arr":["110","110AK"],"angle":-73.6,"extra":1,"ei":2}},{"type":"Feature","geometry":{"type":"Point","coordinates":[36.960148,-1.470854]},"properties":{"lines":"110, 110AK","color":"#0059a9","mode":"bus","arr":["110","110AK"],"angle":-73.1,"extra":1,"ei":3,"side":-1}},{"type":"Feature","geometry":{"type":"Point","coordinates":[36.960733,-1.469058]},"properties":{"lines":"110, 110AK","color":"#0059a9","mode":"bus","arr":["110","110AK"],"angle":-71.8,"extra":1,"ei":4}},{"type":"Feature","geometry":{"type":"Point","coordinates":[36.961319,-1.467263]},"properties":{"lines":"110, 110AK","color":"#0059a9","mode":"bus","arr":["110","110AK"],"angle":-71.1,"extra":1,"ei":5}},{"type":"Feature","geometry":{"type":"Point","coordinates":[36.961972,-1.465491]},"properties":{"lines":"110, 110AK","color":"#0059a9","mode":"bus","arr":["110","110AK"],"angle":-68.4,"extra":1,"ei":6}},{"type":"Feature","geometry":{"type":"Point","coordinates":[36.963529,-1.462052]},"properties":{"lines":"110, 110AK","color":"#0059a9","mode":"bus","arr":["110","110AK"],"angle":-63.4,"extra":1,"ei":7}},{"type":"Feature","geometry":{"type":"Point","coordinates":[36.964377,-1.460365]},"properties":{"lines":"110, 110AK","color":"#0059a9","mode":"bus","arr":["110","110AK"],"angle":-63.3,"extra":1,"ei":8}},{"type":"Feature","geometry":{"type":"Point","coordinates":[36.965234,-1.458682]},"properties":{"lines":"110, 110AK","color":"#0059a9","mode":"bus","arr":["110","110AK"],"angle":-62.9,"extra":1,"ei":9}},{"type":"Feature","geometry":{"type":"Point","coordinates":[36.966094,-1.457]},"properties":{"lines":"110, 110AK","color":"#0059a9","mode":"bus","arr":["110","110AK"],"angle":-63.2,"extra":1,"ei":10}},{"type":"Feature","geometry":{"type":"Point","coordinates":[36.966931,-1.455307]},"properties":{"lines":"110, 110AK","color":"#0059a9","mode":"bus","arr":["110","110AK"],"angle":-65.9,"extra":1,"ei":11}},{"type":"Feature","geometry":{"type":"Point","coordinates":[36.967613,-1.453547]},"properties":{"lines":"110, 110AK","color":"#0059a9","mode":"bus","arr":["110","110AK"],"angle":-71,"extra":1,"ei":12}},{"type":"Feature","geometry":{"type":"Point","coordinates":[36.968247,-1.446436]},"properties":{"lines":"110","color":"#0059a9","mode":"bus","arr":["110"],"angle":86.3}},{"type":"Feature","geometry":{"type":"Point","coordinates":[36.9682,-1.45095]},"properties":{"lines":"110","color":"#0059a9","mode":"bus","arr":["110"],"angle":-82.5,"extra":1,"ei":0}},{"type":"Feature","geometry":{"type":"Point","coordinates":[36.968323,-1.449067]},"properties":{"lines":"110","color":"#0059a9","mode":"bus","arr":["110"],"angle":-87,"extra":1,"ei":1}},{"type":"Feature","geometry":{"type":"Point","coordinates":[36.968425,-1.44342]},"properties":{"lines":"110","color":"#0059a9","mode":"bus","arr":["110"],"angle":-82.5,"extra":1,"ei":2}},{"type":"Feature","geometry":{"type":"Point","coordinates":[36.968605,-1.441543]},"properties":{"lines":"110","color":"#0059a9","mode":"bus","arr":["110"],"angle":88.2,"extra":1,"ei":3}},{"type":"Feature","geometry":{"type":"Point","coordinates":[36.968566,-1.440916]},"properties":{"lines":"110","color":"#0059a9","mode":"bus","arr":["110"],"angle":52.4,"mi":1}},{"type":"Feature","geometry":{"type":"Point","coordinates":[36.966563,-1.435246]},"properties":{"lines":"110","color":"#0059a9","mode":"bus","arr":["110"],"angle":83,"extra":1,"ei":0}},{"type":"Feature","geometry":{"type":"Point","coordinates":[36.966714,-1.437127]},"properties":{"lines":"110","color":"#0059a9","mode":"bus","arr":["110"],"angle":79.4,"extra":1,"ei":1}},{"type":"Feature","geometry":{"type":"Point","coordinates":[36.967366,-1.438885]},"properties":{"lines":"110","color":"#0059a9","mode":"bus","arr":["110"],"angle":61.4,"extra":1,"ei":2}},{"type":"Feature","geometry":{"type":"Point","coordinates":[36.964903,-1.432449]},"properties":{"lines":"110","color":"#0059a9","mode":"bus","arr":["110"],"angle":52.3,"mi":1}},{"type":"Feature","geometry":{"type":"Point","coordinates":[36.947052,-1.407523]},"properties":{"lines":"110, 110ATH","color":"#0059a9","mode":"bus","arr":["110","110ATH"],"angle":62.4,"side":-1}},{"type":"Feature","geometry":{"type":"Point","coordinates":[36.906194,-1.354068]},"properties":{"lines":"110, 110ATH","color":"#0059a9","mode":"bus","arr":["110","110ATH"],"angle":73}},{"type":"Feature","geometry":{"type":"Point","coordinates":[36.962936,-1.430464]},"properties":{"lines":"110, 110ATH","color":"#0059a9","mode":"bus","arr":["110","110ATH"],"angle":38.8,"extra":1,"ei":0,"side":-1}},{"type":"Feature","geometry":{"type":"Point","coordinates":[36.961476,-1.429265]},"properties":{"lines":"110, 110ATH","color":"#0059a9","mode":"bus","arr":["110","110ATH"],"angle":39.4,"extra":1,"ei":1,"side":-1}},{"type":"Feature","geometry":{"type":"Point","coordinates":[36.960077,-1.427997]},"properties":{"lines":"110, 110ATH","color":"#0059a9","mode":"bus","arr":["110","110ATH"],"angle":43.8,"extra":1,"ei":2,"side":-1}},{"type":"Feature","geometry":{"type":"Point","coordinates":[36.958749,-1.426654]},"properties":{"lines":"110, 110ATH","color":"#0059a9","mode":"bus","arr":["110","110ATH"],"angle":46.7,"extra":1,"ei":3,"side":-1}},{"type":"Feature","geometry":{"type":"Point","coordinates":[36.957487,-1.425249]},"properties":{"lines":"110, 110ATH","color":"#0059a9","mode":"bus","arr":["110","110ATH"],"angle":49.1,"extra":1,"ei":4,"side":-1}},{"type":"Feature","geometry":{"type":"Point","coordinates":[36.956312,-1.423771]},"properties":{"lines":"110, 110ATH","color":"#0059a9","mode":"bus","arr":["110","110ATH"],"angle":53,"extra":1,"ei":5,"side":-1}},{"type":"Feature","geometry":{"type":"Point","coordinates":[36.955214,-1.422235]},"properties":{"lines":"110, 110ATH","color":"#0059a9","mode":"bus","arr":["110","110ATH"],"angle":55.6,"extra":1,"ei":6,"side":-1}},{"type":"Feature","geometry":{"type":"Point","coordinates":[36.954191,-1.420648]},"properties":{"lines":"110, 110ATH","color":"#0059a9","mode":"bus","arr":["110","110ATH"],"angle":57.4,"extra":1,"ei":7,"side":-1}},{"type":"Feature","geometry":{"type":"Point","coordinates":[36.953245,-1.419014]},"properties":{"lines":"110, 110ATH","color":"#0059a9","mode":"bus","arr":["110","110ATH"],"angle":61.3,"extra":1,"ei":8,"side":-1}},{"type":"Feature","geometry":{"type":"Point","coordinates":[36.952339,-1.417357]},"properties":{"lines":"110, 110ATH","color":"#0059a9","mode":"bus","arr":["110","110ATH"],"angle":61.7,"extra":1,"ei":9,"side":-1}},{"type":"Feature","geometry":{"type":"Point","coordinates":[36.951443,-1.415695]},"properties":{"lines":"110, 110ATH","color":"#0059a9","mode":"bus","arr":["110","110ATH"],"angle":61.6,"extra":1,"ei":10,"side":-1}},{"type":"Feature","geometry":{"type":"Point","coordinates":[36.950549,-1.414031]},"properties":{"lines":"110, 110ATH","color":"#0059a9","mode":"bus","arr":["110","110ATH"],"angle":61.9,"extra":1,"ei":11,"side":-1}},{"type":"Feature","geometry":{"type":"Point","coordinates":[36.949659,-1.412365]},"properties":{"lines":"110, 110ATH","color":"#0059a9","mode":"bus","arr":["110","110ATH"],"angle":61.9,"extra":1,"ei":12,"side":-1}},{"type":"Feature","geometry":{"type":"Point","coordinates":[36.948757,-1.410706]},"properties":{"lines":"110, 110ATH","color":"#0059a9","mode":"bus","arr":["110","110ATH"],"angle":61.3,"extra":1,"ei":13,"side":-1}},{"type":"Feature","geometry":{"type":"Point","coordinates":[36.947851,-1.409049]},"properties":{"lines":"110, 110ATH","color":"#0059a9","mode":"bus","arr":["110","110ATH"],"angle":62.4,"extra":1,"ei":14,"side":-1}},{"type":"Feature","geometry":{"type":"Point","coordinates":[36.946099,-1.405702]},"properties":{"lines":"110, 110ATH","color":"#0059a9","mode":"bus","arr":["110","110ATH"],"angle":62.4,"extra":1,"ei":15,"side":-1}},{"type":"Feature","geometry":{"type":"Point","coordinates":[36.945219,-1.404031]},"properties":{"lines":"110, 110ATH","color":"#0059a9","mode":"bus","arr":["110","110ATH"],"angle":61.2,"extra":1,"ei":16,"side":-1}},{"type":"Feature","geometry":{"type":"Point","coordinates":[36.944275,-1.402397]},"properties":{"lines":"110, 110ATH","color":"#0059a9","mode":"bus","arr":["110","110ATH"],"angle":62.1,"extra":1,"ei":17,"side":-1}},{"type":"Feature","geometry":{"type":"Point","coordinates":[36.943374,-1.400739]},"properties":{"lines":"110, 110ATH","color":"#0059a9","mode":"bus","arr":["110","110ATH"],"angle":58,"extra":1,"ei":18,"side":-1}},{"type":"Feature","geometry":{"type":"Point","coordinates":[36.942434,-1.399104]},"properties":{"lines":"110, 110ATH","color":"#0059a9","mode":"bus","arr":["110","110ATH"],"angle":67.3,"extra":1,"ei":19}},{"type":"Feature","geometry":{"type":"Point","coordinates":[36.941563,-1.397431]},"properties":{"lines":"110, 110ATH","color":"#0059a9","mode":"bus","arr":["110","110ATH"],"angle":60.5,"extra":1,"ei":20}},{"type":"Feature","geometry":{"type":"Point","coordinates":[36.940619,-1.395795]},"properties":{"lines":"110, 110ATH","color":"#0059a9","mode":"bus","arr":["110","110ATH"],"angle":59.4,"extra":1,"ei":21}},{"type":"Feature","geometry":{"type":"Point","coordinates":[36.939638,-1.394182]},"properties":{"lines":"110, 110ATH","color":"#0059a9","mode":"bus","arr":["110","110ATH"],"angle":58.2,"extra":1,"ei":22}},{"type":"Feature","geometry":{"type":"Point","coordinates":[36.938591,-1.392612]},"properties":{"lines":"110, 110ATH","color":"#0059a9","mode":"bus","arr":["110","110ATH"],"angle":51.6,"extra":1,"ei":23}},{"type":"Feature","geometry":{"type":"Point","coordinates":[36.937552,-1.391036]},"properties":{"lines":"110, 110ATH","color":"#0059a9","mode":"bus","arr":["110","110ATH"],"angle":55.9,"extra":1,"ei":24}},{"type":"Feature","geometry":{"type":"Point","coordinates":[36.93644,-1.389509]},"properties":{"lines":"110, 110ATH","color":"#0059a9","mode":"bus","arr":["110","110ATH"],"angle":54.7,"extra":1,"ei":25}},{"type":"Feature","geometry":{"type":"Point","coordinates":[36.935313,-1.387995]},"properties":{"lines":"110, 110ATH","color":"#0059a9","mode":"bus","arr":["110","110ATH"],"angle":52.7,"extra":1,"ei":26}},{"type":"Feature","geometry":{"type":"Point","coordinates":[36.934144,-1.386511]},"properties":{"lines":"110, 110ATH","color":"#0059a9","mode":"bus","arr":["110","110ATH"],"angle":51.8,"extra":1,"ei":27}},{"type":"Feature","geometry":{"type":"Point","coordinates":[36.932976,-1.385027]},"properties":{"lines":"110, 110ATH","color":"#0059a9","mode":"bus","arr":["110","110ATH"],"angle":51.1,"extra":1,"ei":28}},{"type":"Feature","geometry":{"type":"Point","coordinates":[36.931708,-1.383629]},"properties":{"lines":"110, 110ATH","color":"#0059a9","mode":"bus","arr":["110","110ATH"],"angle":47,"extra":1,"ei":29}},{"type":"Feature","geometry":{"type":"Point","coordinates":[36.9086,-1.36157]},"properties":{"lines":"110, 110ATH","color":"#0059a9","mode":"bus","arr":["110","110ATH"],"angle":62.5,"extra":1,"ei":0}},{"type":"Feature","geometry":{"type":"Point","coordinates":[36.907864,-1.359833]},"properties":{"lines":"110, 110ATH","color":"#0059a9","mode":"bus","arr":["110","110ATH"],"angle":72.2,"extra":1,"ei":1}},{"type":"Feature","geometry":{"type":"Point","coordinates":[36.907345,-1.358018]},"properties":{"lines":"110, 110ATH","color":"#0059a9","mode":"bus","arr":["110","110ATH"],"angle":74.3,"extra":1,"ei":2}},{"type":"Feature","geometry":{"type":"Point","coordinates":[36.906833,-1.3562]},"properties":{"lines":"110, 110ATH","color":"#0059a9","mode":"bus","arr":["110","110ATH"],"angle":74.3,"extra":1,"ei":3}},{"type":"Feature","geometry":{"type":"Point","coordinates":[36.90583,-1.352561]},"properties":{"lines":"110, 110ATH","color":"#0059a9","mode":"bus","arr":["110","110ATH"],"angle":77.4,"extra":1,"ei":4}},{"type":"Feature","geometry":{"type":"Point","coordinates":[36.905268,-1.350763]},"properties":{"lines":"110, 110ATH","color":"#0059a9","mode":"bus","arr":["110","110ATH"],"angle":66.6,"extra":1,"ei":5}},{"type":"Feature","geometry":{"type":"Point","coordinates":[36.904382,-1.349098]},"properties":{"lines":"110, 110ATH","color":"#0059a9","mode":"bus","arr":["110","110ATH"],"angle":56.4,"extra":1,"ei":6}},{"type":"Feature","geometry":{"type":"Point","coordinates":[36.903266,-1.347577]},"properties":{"lines":"110, 110ATH","color":"#0059a9","mode":"bus","arr":["110","110ATH"],"angle":51.6,"extra":1,"ei":7}},{"type":"Feature","geometry":{"type":"Point","coordinates":[36.929676,-1.381367]},"properties":{"lines":"110, 110ATH","color":"#0059a9","mode":"bus","arr":["110","110ATH"],"angle":47.2}},{"type":"Feature","geometry":{"type":"Point","coordinates":[36.930672,-1.382468]},"properties":{"lines":"110, 110ATH","color":"#0059a9","mode":"bus","arr":["110","110ATH"],"angle":47.3,"extra":1,"ei":0}},{"type":"Feature","geometry":{"type":"Point","coordinates":[36.928149,-1.37966]},"properties":{"lines":"110, 110ATH","color":"#0059a9","mode":"bus","arr":["110","110ATH"],"angle":53.8,"extra":1,"ei":1}},{"type":"Feature","geometry":{"type":"Point","coordinates":[36.821055,-1.293069]},"properties":{"lines":"110, 110ATH","color":"#0059a9","mode":"bus","arr":["110","110ATH"],"angle":86.8}},{"type":"Feature","geometry":{"type":"Point","coordinates":[36.92055,-1.372749]},"properties":{"lines":"110, 110ATH","color":"#0059a9","mode":"bus","arr":["110","110ATH"],"angle":41.9,"side":-1}},{"type":"Feature","geometry":{"type":"Point","coordinates":[36.927407,-1.378873]},"properties":{"lines":"110, 110ATH","color":"#0059a9","mode":"bus","arr":["110","110ATH"],"angle":45.2,"extra":1,"ei":0,"side":-1}},{"type":"Feature","geometry":{"type":"Point","coordinates":[36.926044,-1.377567]},"properties":{"lines":"110, 110ATH","color":"#0059a9","mode":"bus","arr":["110","110ATH"],"angle":42.6,"extra":1,"ei":1,"side":-1}},{"type":"Feature","geometry":{"type":"Point","coordinates":[36.924634,-1.37631]},"properties":{"lines":"110, 110ATH","color":"#0059a9","mode":"bus","arr":["110","110ATH"],"angle":41.9,"extra":1,"ei":2,"side":-1}},{"type":"Feature","geometry":{"type":"Point","coordinates":[36.923211,-1.375068]},"properties":{"lines":"110, 110ATH","color":"#0059a9","mode":"bus","arr":["110","110ATH"],"angle":41.4,"extra":1,"ei":3,"side":-1}},{"type":"Feature","geometry":{"type":"Point","coordinates":[36.921794,-1.373819]},"properties":{"lines":"110, 110ATH","color":"#0059a9","mode":"bus","arr":["110","110ATH"],"angle":40.1,"extra":1,"ei":4,"side":-1}},{"type":"Feature","geometry":{"type":"Point","coordinates":[36.918932,-1.371354]},"properties":{"lines":"110, 110ATH","color":"#0059a9","mode":"bus","arr":["110","110ATH"],"angle":40.8,"extra":1,"ei":5,"side":-1}},{"type":"Feature","geometry":{"type":"Point","coordinates":[36.917514,-1.370106]},"properties":{"lines":"110, 110ATH","color":"#0059a9","mode":"bus","arr":["110","110ATH"],"angle":41.6,"extra":1,"ei":6,"side":-1}},{"type":"Feature","geometry":{"type":"Point","coordinates":[36.916106,-1.368847]},"properties":{"lines":"110, 110ATH","color":"#0059a9","mode":"bus","arr":["110","110ATH"],"angle":41.6,"extra":1,"ei":7,"side":-1}},{"type":"Feature","geometry":{"type":"Point","coordinates":[36.914679,-1.36761]},"properties":{"lines":"110, 110ATH","color":"#0059a9","mode":"bus","arr":["110","110ATH"],"angle":40.1,"extra":1,"ei":8,"side":-1}},{"type":"Feature","geometry":{"type":"Point","coordinates":[36.913236,-1.366391]},"properties":{"lines":"110, 110ATH","color":"#0059a9","mode":"bus","arr":["110","110ATH"],"angle":40.8,"extra":1,"ei":9,"side":-1}},{"type":"Feature","geometry":{"type":"Point","coordinates":[36.910824,-1.364406]},"properties":{"lines":"110, 110ATH","color":"#0059a9","mode":"bus","arr":["110","110ATH"],"angle":44.4}},{"type":"Feature","geometry":{"type":"Point","coordinates":[36.91213,-1.365545]},"properties":{"lines":"110, 110ATH","color":"#0059a9","mode":"bus","arr":["110","110ATH"],"angle":38.9,"extra":1,"ei":0}},{"type":"Feature","geometry":{"type":"Point","coordinates":[36.909464,-1.362885]},"properties":{"lines":"110, 110ATH","color":"#0059a9","mode":"bus","arr":["110","110ATH"],"angle":51.9,"extra":1,"ei":1}},{"type":"Feature","geometry":{"type":"Point","coordinates":[36.960534,-1.470355]},"properties":{"lines":"110","color":"#0059a9","mode":"bus","arr":["110"],"angle":-71.6,"side":-1}},{"type":"Feature","geometry":{"type":"Point","coordinates":[36.959627,-1.473066]},"properties":{"lines":"110","color":"#0059a9","mode":"bus","arr":["110"],"angle":-72.7,"side":-1,"mi":1}},{"type":"Feature","geometry":{"type":"Point","coordinates":[36.959124,-1.474313]},"properties":{"lines":"110","color":"#0059a9","mode":"bus","arr":["110"],"angle":-55.6,"extra":1,"ei":0}},{"type":"Feature","geometry":{"type":"Point","coordinates":[36.934001,-1.385789]},"properties":{"lines":"110, 110ATH","color":"#0059a9","mode":"bus","arr":["110","110ATH"],"angle":50.4,"mi":1}},{"type":"Feature","geometry":{"type":"Point","coordinates":[36.903123,-1.344792]},"properties":{"lines":"110, 110ATH","color":"#0059a9","mode":"bus","arr":["110","110ATH"],"angle":51.5,"extra":1,"ei":0,"side":-1}},{"type":"Feature","geometry":{"type":"Point","coordinates":[36.904164,-1.346364]},"properties":{"lines":"110, 110ATH","color":"#0059a9","mode":"bus","arr":["110","110ATH"],"angle":60.3,"extra":1,"ei":1}},{"type":"Feature","geometry":{"type":"Point","coordinates":[36.904926,-1.34809]},"properties":{"lines":"110, 110ATH","color":"#0059a9","mode":"bus","arr":["110","110ATH"],"angle":71.1,"extra":1,"ei":2,"side":-1}},{"type":"Feature","geometry":{"type":"Point","coordinates":[36.905456,-1.349902]},"properties":{"lines":"110, 110ATH","color":"#0059a9","mode":"bus","arr":["110","110ATH"],"angle":75.3,"extra":1,"ei":3}},{"type":"Feature","geometry":{"type":"Point","coordinates":[36.905937,-1.351728]},"properties":{"lines":"110, 110ATH","color":"#0059a9","mode":"bus","arr":["110","110ATH"],"angle":74.8,"extra":1,"ei":4}},{"type":"Feature","geometry":{"type":"Point","coordinates":[36.906445,-1.353547]},"properties":{"lines":"110, 110ATH","color":"#0059a9","mode":"bus","arr":["110","110ATH"],"angle":74.3,"extra":1,"ei":5}},{"type":"Feature","geometry":{"type":"Point","coordinates":[36.906936,-1.355371]},"properties":{"lines":"110, 110ATH","color":"#0059a9","mode":"bus","arr":["110","110ATH"],"angle":74.1,"extra":1,"ei":6}},{"type":"Feature","geometry":{"type":"Point","coordinates":[36.907429,-1.357194]},"properties":{"lines":"110, 110ATH","color":"#0059a9","mode":"bus","arr":["110","110ATH"],"angle":74.9,"extra":1,"ei":7}},{"type":"Feature","geometry":{"type":"Point","coordinates":[36.907927,-1.359015]},"properties":{"lines":"110, 110ATH","color":"#0059a9","mode":"bus","arr":["110","110ATH"],"angle":73.4,"extra":1,"ei":8}},{"type":"Feature","geometry":{"type":"Point","coordinates":[36.908599,-1.360778]},"properties":{"lines":"110, 110ATH","color":"#0059a9","mode":"bus","arr":["110","110ATH"],"angle":64,"extra":1,"ei":9}},{"type":"Feature","geometry":{"type":"Point","coordinates":[36.90956,-1.362398]},"properties":{"lines":"110, 110ATH","color":"#0059a9","mode":"bus","arr":["110","110ATH"],"angle":52.2,"extra":1,"ei":10}},{"type":"Feature","geometry":{"type":"Point","coordinates":[36.910791,-1.363827]},"properties":{"lines":"110, 110ATH","color":"#0059a9","mode":"bus","arr":["110","110ATH"],"angle":48.4,"extra":1,"ei":11}},{"type":"Feature","geometry":{"type":"Point","coordinates":[36.912155,-1.36513]},"properties":{"lines":"110, 110ATH","color":"#0059a9","mode":"bus","arr":["110","110ATH"],"angle":40.5,"extra":1,"ei":12}},{"type":"Feature","geometry":{"type":"Point","coordinates":[36.913569,-1.366382]},"properties":{"lines":"110, 110ATH","color":"#0059a9","mode":"bus","arr":["110","110ATH"],"angle":41.4,"extra":1,"ei":13}},{"type":"Feature","geometry":{"type":"Point","coordinates":[36.914999,-1.367615]},"properties":{"lines":"110, 110ATH","color":"#0059a9","mode":"bus","arr":["110","110ATH"],"angle":40.8,"extra":1,"ei":14}},{"type":"Feature","geometry":{"type":"Point","coordinates":[36.91643,-1.368849]},"properties":{"lines":"110, 110ATH","color":"#0059a9","mode":"bus","arr":["110","110ATH"],"angle":41,"extra":1,"ei":15}},{"type":"Feature","geometry":{"type":"Point","coordinates":[36.917853,-1.370091]},"properties":{"lines":"110, 110ATH","color":"#0059a9","mode":"bus","arr":["110","110ATH"],"angle":41.2,"extra":1,"ei":16}},{"type":"Feature","geometry":{"type":"Point","coordinates":[36.91928,-1.371328]},"properties":{"lines":"110, 110ATH","color":"#0059a9","mode":"bus","arr":["110","110ATH"],"angle":41.2,"extra":1,"ei":17}},{"type":"Feature","geometry":{"type":"Point","coordinates":[36.920701,-1.372572]},"properties":{"lines":"110, 110ATH","color":"#0059a9","mode":"bus","arr":["110","110ATH"],"angle":41.3,"extra":1,"ei":18}},{"type":"Feature","geometry":{"type":"Point","coordinates":[36.922119,-1.37382]},"properties":{"lines":"110, 110ATH","color":"#0059a9","mode":"bus","arr":["110","110ATH"],"angle":41.6,"extra":1,"ei":19}},{"type":"Feature","geometry":{"type":"Point","coordinates":[36.923535,-1.37507]},"properties":{"lines":"110, 110ATH","color":"#0059a9","mode":"bus","arr":["110","110ATH"],"angle":41.2,"extra":1,"ei":20}},{"type":"Feature","geometry":{"type":"Point","coordinates":[36.924944,-1.376328]},"properties":{"lines":"110, 110ATH","color":"#0059a9","mode":"bus","arr":["110","110ATH"],"angle":42,"extra":1,"ei":21}},{"type":"Feature","geometry":{"type":"Point","coordinates":[36.926347,-1.377593]},"properties":{"lines":"110, 110ATH","color":"#0059a9","mode":"bus","arr":["110","110ATH"],"angle":42.5,"extra":1,"ei":22}},{"type":"Feature","geometry":{"type":"Point","coordinates":[36.92773,-1.378879]},"properties":{"lines":"110, 110ATH","color":"#0059a9","mode":"bus","arr":["110","110ATH"],"angle":43.6,"extra":1,"ei":23}},{"type":"Feature","geometry":{"type":"Point","coordinates":[36.929117,-1.38016]},"properties":{"lines":"110, 110ATH","color":"#0059a9","mode":"bus","arr":["110","110ATH"],"angle":43.9,"extra":1,"ei":24}},{"type":"Feature","geometry":{"type":"Point","coordinates":[36.930418,-1.381528]},"properties":{"lines":"110, 110ATH","color":"#0059a9","mode":"bus","arr":["110","110ATH"],"angle":48.3,"extra":1,"ei":25}},{"type":"Feature","geometry":{"type":"Point","coordinates":[36.931656,-1.382951]},"properties":{"lines":"110, 110ATH","color":"#0059a9","mode":"bus","arr":["110","110ATH"],"angle":49.5,"extra":1,"ei":26}},{"type":"Feature","geometry":{"type":"Point","coordinates":[36.932858,-1.384408]},"properties":{"lines":"110, 110ATH","color":"#0059a9","mode":"bus","arr":["110","110ATH"],"angle":50.8,"extra":1,"ei":27}},{"type":"Feature","geometry":{"type":"Point","coordinates":[36.935245,-1.387335]},"properties":{"lines":"110, 110ATH","color":"#0059a9","mode":"bus","arr":["110","110ATH"],"angle":50.9,"extra":1,"ei":28}},{"type":"Feature","geometry":{"type":"Point","coordinates":[36.936392,-1.388835]},"properties":{"lines":"110, 110ATH","color":"#0059a9","mode":"bus","arr":["110","110ATH"],"angle":53.7,"extra":1,"ei":29}},{"type":"Feature","geometry":{"type":"Point","coordinates":[36.937492,-1.39037]},"properties":{"lines":"110, 110ATH","color":"#0059a9","mode":"bus","arr":["110","110ATH"],"angle":55.1,"extra":1,"ei":30}},{"type":"Feature","geometry":{"type":"Point","coordinates":[36.938557,-1.39193]},"properties":{"lines":"110, 110ATH","color":"#0059a9","mode":"bus","arr":["110","110ATH"],"angle":56.3,"extra":1,"ei":31}},{"type":"Feature","geometry":{"type":"Point","coordinates":[36.939593,-1.393509]},"properties":{"lines":"110, 110ATH","color":"#0059a9","mode":"bus","arr":["110","110ATH"],"angle":58.1,"extra":1,"ei":32}},{"type":"Feature","geometry":{"type":"Point","coordinates":[36.940584,-1.395117]},"properties":{"lines":"110, 110ATH","color":"#0059a9","mode":"bus","arr":["110","110ATH"],"angle":59.6,"extra":1,"ei":33}},{"type":"Feature","geometry":{"type":"Point","coordinates":[36.941531,-1.396751]},"properties":{"lines":"110, 110ATH","color":"#0059a9","mode":"bus","arr":["110","110ATH"],"angle":59.8,"extra":1,"ei":34}},{"type":"Feature","geometry":{"type":"Point","coordinates":[36.942479,-1.398384]},"properties":{"lines":"110, 110ATH","color":"#0059a9","mode":"bus","arr":["110","110ATH"],"angle":59,"extra":1,"ei":35}},{"type":"Feature","geometry":{"type":"Point","coordinates":[36.943399,-1.400027]},"properties":{"lines":"110, 110ATH","color":"#0059a9","mode":"bus","arr":["110","110ATH"],"angle":68.8,"extra":1,"ei":36}},{"type":"Feature","geometry":{"type":"Point","coordinates":[36.944205,-1.401731]},"properties":{"lines":"110, 110ATH","color":"#0059a9","mode":"bus","arr":["110","110ATH"],"angle":61.8,"extra":1,"ei":37}},{"type":"Feature","geometry":{"type":"Point","coordinates":[36.945101,-1.403394]},"properties":{"lines":"110, 110ATH","color":"#0059a9","mode":"bus","arr":["110","110ATH"],"angle":61.4,"extra":1,"ei":38}},{"type":"Feature","geometry":{"type":"Point","coordinates":[36.946006,-1.405052]},"properties":{"lines":"110, 110ATH","color":"#0059a9","mode":"bus","arr":["110","110ATH"],"angle":61.7,"extra":1,"ei":39}},{"type":"Feature","geometry":{"type":"Point","coordinates":[36.946877,-1.406728]},"properties":{"lines":"110, 110ATH","color":"#0059a9","mode":"bus","arr":["110","110ATH"],"angle":61.9,"extra":1,"ei":40}},{"type":"Feature","geometry":{"type":"Point","coordinates":[36.94777,-1.408392]},"properties":{"lines":"110, 110ATH","color":"#0059a9","mode":"bus","arr":["110","110ATH"],"angle":61.7,"extra":1,"ei":41}},{"type":"Feature","geometry":{"type":"Point","coordinates":[36.948666,-1.410054]},"properties":{"lines":"110, 110ATH","color":"#0059a9","mode":"bus","arr":["110","110ATH"],"angle":61.7,"extra":1,"ei":42}},{"type":"Feature","geometry":{"type":"Point","coordinates":[36.949565,-1.411716]},"properties":{"lines":"110, 110ATH","color":"#0059a9","mode":"bus","arr":["110","110ATH"],"angle":61.5,"extra":1,"ei":43}},{"type":"Feature","geometry":{"type":"Point","coordinates":[36.95046,-1.413379]},"properties":{"lines":"110, 110ATH","color":"#0059a9","mode":"bus","arr":["110","110ATH"],"angle":61.9,"extra":1,"ei":44}},{"type":"Feature","geometry":{"type":"Point","coordinates":[36.951357,-1.415041]},"properties":{"lines":"110, 110ATH","color":"#0059a9","mode":"bus","arr":["110","110ATH"],"angle":61.4,"extra":1,"ei":45}},{"type":"Feature","geometry":{"type":"Point","coordinates":[36.952265,-1.416697]},"properties":{"lines":"110, 110ATH","color":"#0059a9","mode":"bus","arr":["110","110ATH"],"angle":61.3,"extra":1,"ei":46}},{"type":"Feature","geometry":{"type":"Point","coordinates":[36.95315,-1.418365]},"properties":{"lines":"110, 110ATH","color":"#0059a9","mode":"bus","arr":["110","110ATH"],"angle":62.3,"extra":1,"ei":47}},{"type":"Feature","geometry":{"type":"Point","coordinates":[36.954058,-1.420021]},"properties":{"lines":"110, 110ATH","color":"#0059a9","mode":"bus","arr":["110","110ATH"],"angle":59.3,"extra":1,"ei":48}},{"type":"Feature","geometry":{"type":"Point","coordinates":[36.955062,-1.421621]},"properties":{"lines":"110, 110ATH","color":"#0059a9","mode":"bus","arr":["110","110ATH"],"angle":56.7,"extra":1,"ei":49}},{"type":"Feature","geometry":{"type":"Point","coordinates":[36.956143,-1.423169]},"properties":{"lines":"110, 110ATH","color":"#0059a9","mode":"bus","arr":["110","110ATH"],"angle":53.8,"extra":1,"ei":50}},{"type":"Feature","geometry":{"type":"Point","coordinates":[36.957296,-1.424665]},"properties":{"lines":"110, 110ATH","color":"#0059a9","mode":"bus","arr":["110","110ATH"],"angle":50.5,"extra":1,"ei":51}},{"type":"Feature","geometry":{"type":"Point","coordinates":[36.958538,-1.426086]},"properties":{"lines":"110, 110ATH","color":"#0059a9","mode":"bus","arr":["110","110ATH"],"angle":47.1,"extra":1,"ei":52}},{"type":"Feature","geometry":{"type":"Point","coordinates":[36.959848,-1.427446]},"properties":{"lines":"110, 110ATH","color":"#0059a9","mode":"bus","arr":["110","110ATH"],"angle":43.9,"extra":1,"ei":53}},{"type":"Feature","geometry":{"type":"Point","coordinates":[36.96124,-1.428722]},"properties":{"lines":"110, 110ATH","color":"#0059a9","mode":"bus","arr":["110","110ATH"],"angle":41.9,"extra":1,"ei":54}},{"type":"Feature","geometry":{"type":"Point","coordinates":[36.962692,-1.42993]},"properties":{"lines":"110, 110ATH","color":"#0059a9","mode":"bus","arr":["110","110ATH"],"angle":39.2,"extra":1,"ei":55}},{"type":"Feature","geometry":{"type":"Point","coordinates":[36.964834,-1.43132]},"properties":{"lines":"110","color":"#0059a9","mode":"bus","arr":["110"],"angle":33.2}},{"type":"Feature","geometry":{"type":"Point","coordinates":[36.9723,-1.45284]},"properties":{"lines":"110AK","color":"#0059a9","mode":"bus","arr":["110AK"],"angle":34.8}},{"type":"Feature","geometry":{"type":"Point","coordinates":[36.973822,-1.455219]},"properties":{"lines":"110AK","color":"#0059a9","mode":"bus","arr":["110AK"],"angle":62.1,"extra":1,"ei":0}},{"type":"Feature","geometry":{"type":"Point","coordinates":[36.969615,-1.452063]},"properties":{"lines":"110AK","color":"#0059a9","mode":"bus","arr":["110AK"],"angle":10,"extra":1,"ei":1}},{"type":"Feature","geometry":{"type":"Point","coordinates":[36.974507,-1.456509]},"properties":{"lines":"110AK","color":"#0059a9","mode":"bus","arr":["110AK"],"angle":62.3,"mi":2}},{"type":"Feature","geometry":{"type":"Point","coordinates":[36.979886,-1.450281]},"properties":{"lines":"110AK, 110ATH","color":"#0059a9","mode":"bus","arr":["110AK","110ATH"],"angle":89}},{"type":"Feature","geometry":{"type":"Point","coordinates":[36.988649,-1.444738]},"properties":{"lines":"110AK, 110ATH","color":"#0059a9","mode":"bus","arr":["110AK","110ATH"],"angle":-41.1,"extra":1,"ei":0}},{"type":"Feature","geometry":{"type":"Point","coordinates":[36.987243,-1.445998]},"properties":{"lines":"110AK, 110ATH","color":"#0059a9","mode":"bus","arr":["110AK","110ATH"],"angle":-41.7,"extra":1,"ei":1}},{"type":"Feature","geometry":{"type":"Point","coordinates":[36.985699,-1.447068]},"properties":{"lines":"110AK, 110ATH","color":"#0059a9","mode":"bus","arr":["110AK","110ATH"],"angle":-23.1,"extra":1,"ei":2}},{"type":"Feature","geometry":{"type":"Point","coordinates":[36.983862,-1.447479]},"properties":{"lines":"110AK, 110ATH","color":"#0059a9","mode":"bus","arr":["110AK","110ATH"],"angle":-9.1,"extra":1,"ei":3}},{"type":"Feature","geometry":{"type":"Point","coordinates":[36.981999,-1.447792]},"properties":{"lines":"110AK, 110ATH","color":"#0059a9","mode":"bus","arr":["110AK","110ATH"],"angle":-9.5,"extra":1,"ei":4}},{"type":"Feature","geometry":{"type":"Point","coordinates":[36.980358,-1.448613]},"properties":{"lines":"110AK, 110ATH","color":"#0059a9","mode":"bus","arr":["110AK","110ATH"],"angle":-48.1,"extra":1,"ei":5}},{"type":"Feature","geometry":{"type":"Point","coordinates":[36.979906,-1.452254]},"properties":{"lines":"110AK, 110ATH","color":"#0059a9","mode":"bus","arr":["110AK","110ATH"],"angle":86.9,"extra":1,"ei":6}},{"type":"Feature","geometry":{"type":"Point","coordinates":[36.979987,-1.454133]},"properties":{"lines":"110AK, 110ATH","color":"#0059a9","mode":"bus","arr":["110AK","110ATH"],"angle":-84.1,"extra":1,"ei":7}},{"type":"Feature","geometry":{"type":"Point","coordinates":[36.979787,-1.456011]},"properties":{"lines":"110AK, 110ATH","color":"#0059a9","mode":"bus","arr":["110AK","110ATH"],"angle":-84.8,"extra":1,"ei":8}},{"type":"Feature","geometry":{"type":"Point","coordinates":[36.978971,-1.457593]},"properties":{"lines":"110AK, 110ATH","color":"#0059a9","mode":"bus","arr":["110AK","110ATH"],"angle":-27.7,"extra":1,"ei":9}},{"type":"Feature","geometry":{"type":"Point","coordinates":[36.977113,-1.457858]},"properties":{"lines":"110AK, 110ATH","color":"#0059a9","mode":"bus","arr":["110AK","110ATH"],"angle":-1.9,"extra":1,"ei":10}},{"type":"Feature","geometry":{"type":"Point","coordinates":[36.97528,-1.457521]},"properties":{"lines":"110AK, 110ATH","color":"#0059a9","mode":"bus","arr":["110AK","110ATH"],"angle":32,"extra":1,"ei":11}},{"type":"Feature","geometry":{"type":"Point","coordinates":[36.974552,-1.457205]},"properties":{"lines":"110ATH","color":"#0059a9","mode":"bus","arr":["110ATH"],"angle":-50.3}},{"type":"Feature","geometry":{"type":"Point","coordinates":[36.989629,-1.443985]},"properties":{"lines":"110ATH","color":"#0059a9","mode":"bus","arr":["110ATH"],"angle":-36.8,"mi":18}},{"type":"Feature","geometry":{"type":"Point","coordinates":[36.987782,-1.443244]},"properties":{"lines":"110ATH","color":"#0059a9","mode":"bus","arr":["110ATH"],"angle":6.1,"mi":15}},{"type":"Feature","geometry":{"type":"Point","coordinates":[36.989341,-1.443385]},"properties":{"lines":"110ATH","color":"#0059a9","mode":"bus","arr":["110ATH"],"angle":3,"extra":1,"ei":0,"side":-1}},{"type":"Feature","geometry":{"type":"Point","coordinates":[36.985639,-1.442731]},"properties":{"lines":"110ATH","color":"#0059a9","mode":"bus","arr":["110ATH"],"angle":24.6,"extra":1,"ei":1}},{"type":"Feature","geometry":{"type":"Point","coordinates":[36.979788,-1.43958]},"properties":{"lines":"110ATH","color":"#0059a9","mode":"bus","arr":["110ATH"],"angle":40.1,"mi":4}},{"type":"Feature","geometry":{"type":"Point","coordinates":[36.97578,-1.437624]},"properties":{"lines":"110ATH","color":"#0059a9","mode":"bus","arr":["110ATH"],"angle":26.5,"side":-1,"mi":13}},{"type":"Feature","geometry":{"type":"Point","coordinates":[36.982004,-1.441005]},"properties":{"lines":"110ATH","color":"#0059a9","mode":"bus","arr":["110ATH"],"angle":30,"mi":2}},{"type":"Feature","geometry":{"type":"Point","coordinates":[36.984796,-1.442374]},"properties":{"lines":"110ATH","color":"#0059a9","mode":"bus","arr":["110ATH"],"angle":24.3,"mi":10}},{"type":"Feature","geometry":{"type":"Point","coordinates":[36.98088,-1.440374]},"properties":{"lines":"110ATH","color":"#0059a9","mode":"bus","arr":["110ATH"],"angle":28.6,"extra":1,"ei":0}},{"type":"Feature","geometry":{"type":"Point","coordinates":[36.978114,-1.438795]},"properties":{"lines":"110ATH","color":"#0059a9","mode":"bus","arr":["110ATH"],"angle":29.3,"extra":1,"ei":0,"side":-1}},{"type":"Feature","geometry":{"type":"Point","coordinates":[36.973044,-1.436265]},"properties":{"lines":"110ATH","color":"#0059a9","mode":"bus","arr":["110ATH"],"angle":26.5,"extra":1,"ei":1,"side":-1}},{"type":"Feature","geometry":{"type":"Point","coordinates":[36.968016,-1.433757]},"properties":{"lines":"110ATH","color":"#0059a9","mode":"bus","arr":["110ATH"],"angle":27.4,"side":-1,"mi":19}},{"type":"Feature","geometry":{"type":"Point","coordinates":[36.974756,-1.436842]},"properties":{"lines":"110ATH","color":"#0059a9","mode":"bus","arr":["110ATH"],"angle":26.9,"mi":14}},{"type":"Feature","geometry":{"type":"Point","coordinates":[36.979791,-1.439764]},"properties":{"lines":"110ATH","color":"#0059a9","mode":"bus","arr":["110ATH"],"angle":29.7,"side":-1,"mi":3}},{"type":"Feature","geometry":{"type":"Point","coordinates":[36.963714,-1.430738]},"properties":{"lines":"110ATH","color":"#0059a9","mode":"bus","arr":["110ATH"],"angle":37.2,"mi":21}},{"type":"Feature","geometry":{"type":"Point","coordinates":[36.9838,-1.441922]},"properties":{"lines":"110ATH","color":"#0059a9","mode":"bus","arr":["110ATH"],"angle":25.3,"mi":7}},{"type":"Feature","geometry":{"type":"Point","coordinates":[36.971752,-1.435618]},"properties":{"lines":"110ATH","color":"#0059a9","mode":"bus","arr":["110ATH"],"angle":26.6,"extra":1,"ei":0,"side":-1}},{"type":"Feature","geometry":{"type":"Point","coordinates":[36.97006,-1.434779]},"properties":{"lines":"110ATH","color":"#0059a9","mode":"bus","arr":["110ATH"],"angle":26,"extra":1,"ei":1,"side":-1}},{"type":"Feature","geometry":{"type":"Point","coordinates":[36.96671,-1.433035]},"properties":{"lines":"110ATH","color":"#0059a9","mode":"bus","arr":["110ATH"],"angle":30.2,"extra":1,"ei":2,"side":-1}},{"type":"Feature","geometry":{"type":"Point","coordinates":[36.965119,-1.432018]},"properties":{"lines":"110ATH","color":"#0059a9","mode":"bus","arr":["110ATH"],"angle":34.3,"extra":1,"ei":3,"side":-1}},{"type":"Feature","geometry":{"type":"Point","coordinates":[36.972926,-1.435927]},"properties":{"lines":"110ATH","color":"#0059a9","mode":"bus","arr":["110ATH"],"angle":26.7,"extra":1,"ei":0}},{"type":"Feature","geometry":{"type":"Point","coordinates":[36.976301,-1.437625]},"properties":{"lines":"110ATH","color":"#0059a9","mode":"bus","arr":["110ATH"],"angle":26.8,"extra":1,"ei":1}},{"type":"Feature","geometry":{"type":"Point","coordinates":[36.977989,-1.438473]},"properties":{"lines":"110ATH","color":"#0059a9","mode":"bus","arr":["110ATH"],"angle":26.7,"extra":1,"ei":2}},{"type":"Feature","geometry":{"type":"Point","coordinates":[36.967157,-1.433062]},"properties":{"lines":"110ATH","color":"#0059a9","mode":"bus","arr":["110ATH"],"angle":29.4,"mi":20}},{"type":"Feature","geometry":{"type":"Point","coordinates":[36.964916,-1.431623]},"properties":{"lines":"110ATH","color":"#0059a9","mode":"bus","arr":["110ATH"],"angle":35.8,"extra":1,"ei":0}},{"type":"Feature","geometry":{"type":"Point","coordinates":[36.969828,-1.434431]},"properties":{"lines":"110ATH","color":"#0059a9","mode":"bus","arr":["110ATH"],"angle":25.5,"extra":1,"ei":1}},{"type":"Feature","geometry":{"type":"Point","coordinates":[36.988127,-1.442975]},"properties":{"lines":"110ATH","color":"#0059a9","mode":"bus","arr":["110ATH"],"angle":8,"mi":16}},{"type":"Feature","geometry":{"type":"Point","coordinates":[36.989419,-1.44311]},"properties":{"lines":"110ATH","color":"#0059a9","mode":"bus","arr":["110ATH"],"angle":5.1,"extra":1,"ei":0}},{"type":"Feature","geometry":{"type":"Point","coordinates":[36.643643,-1.10832]},"properties":{"lines":"114R, 116","color":"#0059a9","mode":"bus","arr":["114R","116"],"angle":85.5,"mi":1}},{"type":"Feature","geometry":{"type":"Point","coordinates":[36.643559,-1.109236]},"properties":{"lines":"114R, 114W, 115, 116","color":"#0059a9","mode":"bus","arr":["114R","114W","115","116"],"angle":-81.3}},{"type":"Feature","geometry":{"type":"Point","coordinates":[36.643533,-1.112359]},"properties":{"lines":"114R, 116","color":"#0059a9","mode":"bus","arr":["114R","116"],"angle":-82.3}},{"type":"Feature","geometry":{"type":"Point","coordinates":[36.643797,-1.110685]},"properties":{"lines":"114R, 116","color":"#0059a9","mode":"bus","arr":["114R","116"],"angle":-83.3,"extra":1,"ei":0}},{"type":"Feature","geometry":{"type":"Point","coordinates":[36.643395,-1.114432]},"properties":{"lines":"114R, 116","color":"#0059a9","mode":"bus","arr":["114R","116"],"angle":89.3,"extra":1,"ei":1}},{"type":"Feature","geometry":{"type":"Point","coordinates":[36.643258,-1.117606]},"properties":{"lines":"114R, 116","color":"#0059a9","mode":"bus","arr":["114R","116"],"angle":-83.8,"mi":2}},{"type":"Feature","geometry":{"type":"Point","coordinates":[36.643396,-1.115934]},"properties":{"lines":"114R, 116","color":"#0059a9","mode":"bus","arr":["114R","116"],"angle":-88.8,"extra":1,"ei":0}},{"type":"Feature","geometry":{"type":"Point","coordinates":[36.643254,-1.11968]},"properties":{"lines":"114R, 116","color":"#0059a9","mode":"bus","arr":["114R","116"],"angle":70.4,"extra":1,"ei":1}},{"type":"Feature","geometry":{"type":"Point","coordinates":[36.642969,-1.126515]},"properties":{"lines":"114R","color":"#0059a9","mode":"bus","arr":["114R"],"angle":57.7}},{"type":"Feature","geometry":{"type":"Point","coordinates":[36.64263,-1.120643]},"properties":{"lines":"114R","color":"#0059a9","mode":"bus","arr":["114R"],"angle":-45.3,"extra":1,"ei":0}},{"type":"Feature","geometry":{"type":"Point","coordinates":[36.641915,-1.122368]},"properties":{"lines":"114R","color":"#0059a9","mode":"bus","arr":["114R"],"angle":-74.2,"extra":1,"ei":1}},{"type":"Feature","geometry":{"type":"Point","coordinates":[36.641729,-1.124221]},"properties":{"lines":"114R","color":"#0059a9","mode":"bus","arr":["114R"],"angle":77.7,"extra":1,"ei":2}},{"type":"Feature","geometry":{"type":"Point","coordinates":[36.64451,-1.129137]},"properties":{"lines":"114R","color":"#0059a9","mode":"bus","arr":["114R"],"angle":70.5,"extra":1,"ei":3}},{"type":"Feature","geometry":{"type":"Point","coordinates":[36.644453,-1.130972]},"properties":{"lines":"114R","color":"#0059a9","mode":"bus","arr":["114R"],"angle":-67.9,"extra":1,"ei":4}},{"type":"Feature","geometry":{"type":"Point","coordinates":[36.643743,-1.132723]},"properties":{"lines":"114R","color":"#0059a9","mode":"bus","arr":["114R"],"angle":-68,"extra":1,"ei":5}},{"type":"Feature","geometry":{"type":"Point","coordinates":[36.690228,-1.163738]},"properties":{"lines":"114R","color":"#0059a9","mode":"bus","arr":["114R"],"angle":37.5}},{"type":"Feature","geometry":{"type":"Point","coordinates":[36.74264,-1.19202]},"properties":{"lines":"114R","color":"#0059a9","mode":"bus","arr":["114R"],"angle":-45.3}},{"type":"Feature","geometry":{"type":"Point","coordinates":[36.644417,-1.133576]},"properties":{"lines":"114R","color":"#0059a9","mode":"bus","arr":["114R"],"angle":22.8,"extra":1,"ei":0}},{"type":"Feature","geometry":{"type":"Point","coordinates":[36.646164,-1.134294]},"properties":{"lines":"114R","color":"#0059a9","mode":"bus","arr":["114R"],"angle":22.2,"extra":1,"ei":1}},{"type":"Feature","geometry":{"type":"Point","coordinates":[36.647976,-1.134799]},"properties":{"lines":"114R","color":"#0059a9","mode":"bus","arr":["114R"],"angle":6.2,"extra":1,"ei":2}},{"type":"Feature","geometry":{"type":"Point","coordinates":[36.649849,-1.134662]},"properties":{"lines":"114R","color":"#0059a9","mode":"bus","arr":["114R"],"angle":-13,"extra":1,"ei":3}},{"type":"Feature","geometry":{"type":"Point","coordinates":[36.651625,-1.134027]},"properties":{"lines":"114R","color":"#0059a9","mode":"bus","arr":["114R"],"angle":-21.1,"extra":1,"ei":4}},{"type":"Feature","geometry":{"type":"Point","coordinates":[36.653471,-1.133689]},"properties":{"lines":"114R","color":"#0059a9","mode":"bus","arr":["114R"],"angle":-2,"extra":1,"ei":5}},{"type":"Feature","geometry":{"type":"Point","coordinates":[36.655331,-1.133958]},"properties":{"lines":"114R","color":"#0059a9","mode":"bus","arr":["114R"],"angle":16.3,"extra":1,"ei":6}},{"type":"Feature","geometry":{"type":"Point","coordinates":[36.657025,-1.134779]},"properties":{"lines":"114R","color":"#0059a9","mode":"bus","arr":["114R"],"angle":34.5,"extra":1,"ei":7}},{"type":"Feature","geometry":{"type":"Point","coordinates":[36.65833,-1.136129]},"properties":{"lines":"114R","color":"#0059a9","mode":"bus","arr":["114R"],"angle":54.3,"extra":1,"ei":8}},{"type":"Feature","geometry":{"type":"Point","coordinates":[36.659209,-1.137793]},"properties":{"lines":"114R","color":"#0059a9","mode":"bus","arr":["114R"],"angle":67.1,"extra":1,"ei":9}},{"type":"Feature","geometry":{"type":"Point","coordinates":[36.659978,-1.139518]},"properties":{"lines":"114R","color":"#0059a9","mode":"bus","arr":["114R"],"angle":67.4,"extra":1,"ei":10}},{"type":"Feature","geometry":{"type":"Point","coordinates":[36.66073,-1.14125]},"properties":{"lines":"114R","color":"#0059a9","mode":"bus","arr":["114R"],"angle":66.3,"extra":1,"ei":11}},{"type":"Feature","geometry":{"type":"Point","coordinates":[36.661482,-1.142983]},"properties":{"lines":"114R","color":"#0059a9","mode":"bus","arr":["114R"],"angle":65.1,"extra":1,"ei":12}},{"type":"Feature","geometry":{"type":"Point","coordinates":[36.662426,-1.144612]},"properties":{"lines":"114R","color":"#0059a9","mode":"bus","arr":["114R"],"angle":56.3,"extra":1,"ei":13}},{"type":"Feature","geometry":{"type":"Point","coordinates":[36.663697,-1.146]},"properties":{"lines":"114R","color":"#0059a9","mode":"bus","arr":["114R"],"angle":41,"extra":1,"ei":14}},{"type":"Feature","geometry":{"type":"Point","coordinates":[36.665115,-1.147248]},"properties":{"lines":"114R","color":"#0059a9","mode":"bus","arr":["114R"],"angle":41.2,"extra":1,"ei":15}},{"type":"Feature","geometry":{"type":"Point","coordinates":[36.66655,-1.148475]},"properties":{"lines":"114R","color":"#0059a9","mode":"bus","arr":["114R"],"angle":43.5,"extra":1,"ei":16}},{"type":"Feature","geometry":{"type":"Point","coordinates":[36.667752,-1.149921]},"properties":{"lines":"114R","color":"#0059a9","mode":"bus","arr":["114R"],"angle":56,"extra":1,"ei":17}},{"type":"Feature","geometry":{"type":"Point","coordinates":[36.668595,-1.151606]},"properties":{"lines":"114R","color":"#0059a9","mode":"bus","arr":["114R"],"angle":63,"extra":1,"ei":18}},{"type":"Feature","geometry":{"type":"Point","coordinates":[36.66966,-1.153155]},"properties":{"lines":"114R","color":"#0059a9","mode":"bus","arr":["114R"],"angle":44,"extra":1,"ei":19}},{"type":"Feature","geometry":{"type":"Point","coordinates":[36.671191,-1.154245]},"properties":{"lines":"114R","color":"#0059a9","mode":"bus","arr":["114R"],"angle":26.8,"extra":1,"ei":20}},{"type":"Feature","geometry":{"type":"Point","coordinates":[36.673008,-1.154712]},"properties":{"lines":"114R","color":"#0059a9","mode":"bus","arr":["114R"],"angle":5,"extra":1,"ei":21}},{"type":"Feature","geometry":{"type":"Point","coordinates":[36.674895,-1.154683]},"properties":{"lines":"114R","color":"#0059a9","mode":"bus","arr":["114R"],"angle":-5.8,"extra":1,"ei":22}},{"type":"Feature","geometry":{"type":"Point","coordinates":[36.676779,-1.154621]},"properties":{"lines":"114R","color":"#0059a9","mode":"bus","arr":["114R"],"angle":5,"extra":1,"ei":23}},{"type":"Feature","geometry":{"type":"Point","coordinates":[36.678604,-1.155076]},"properties":{"lines":"114R","color":"#0059a9","mode":"bus","arr":["114R"],"angle":21.9,"extra":1,"ei":24}},{"type":"Feature","geometry":{"type":"Point","coordinates":[36.680226,-1.156033]},"properties":{"lines":"114R","color":"#0059a9","mode":"bus","arr":["114R"],"angle":36.4,"extra":1,"ei":25}},{"type":"Feature","geometry":{"type":"Point","coordinates":[36.681727,-1.157179]},"properties":{"lines":"114R","color":"#0059a9","mode":"bus","arr":["114R"],"angle":37.6,"extra":1,"ei":26}},{"type":"Feature","geometry":{"type":"Point","coordinates":[36.68321,-1.158349]},"properties":{"lines":"114R","color":"#0059a9","mode":"bus","arr":["114R"],"angle":37.3,"extra":1,"ei":27}},{"type":"Feature","geometry":{"type":"Point","coordinates":[36.684707,-1.159501]},"properties":{"lines":"114R","color":"#0059a9","mode":"bus","arr":["114R"],"angle":37.4,"extra":1,"ei":28}},{"type":"Feature","geometry":{"type":"Point","coordinates":[36.686203,-1.160654]},"properties":{"lines":"114R","color":"#0059a9","mode":"bus","arr":["114R"],"angle":37.7,"extra":1,"ei":29}},{"type":"Feature","geometry":{"type":"Point","coordinates":[36.687703,-1.161803]},"properties":{"lines":"114R","color":"#0059a9","mode":"bus","arr":["114R"],"angle":37.5,"extra":1,"ei":30}},{"type":"Feature","geometry":{"type":"Point","coordinates":[36.689202,-1.162951]},"properties":{"lines":"114R","color":"#0059a9","mode":"bus","arr":["114R"],"angle":37.5,"extra":1,"ei":31}},{"type":"Feature","geometry":{"type":"Point","coordinates":[36.6922,-1.16525]},"properties":{"lines":"114R","color":"#0059a9","mode":"bus","arr":["114R"],"angle":37.5,"extra":1,"ei":32}},{"type":"Feature","geometry":{"type":"Point","coordinates":[36.693699,-1.166399]},"properties":{"lines":"114R","color":"#0059a9","mode":"bus","arr":["114R"],"angle":37.5,"extra":1,"ei":33}},{"type":"Feature","geometry":{"type":"Point","coordinates":[36.695203,-1.167542]},"properties":{"lines":"114R","color":"#0059a9","mode":"bus","arr":["114R"],"angle":35.6,"extra":1,"ei":34}},{"type":"Feature","geometry":{"type":"Point","coordinates":[36.696871,-1.16842]},"properties":{"lines":"114R","color":"#0059a9","mode":"bus","arr":["114R"],"angle":21.2,"extra":1,"ei":35}},{"type":"Feature","geometry":{"type":"Point","coordinates":[36.698656,-1.169036]},"properties":{"lines":"114R","color":"#0059a9","mode":"bus","arr":["114R"],"angle":18.5,"extra":1,"ei":36}},{"type":"Feature","geometry":{"type":"Point","coordinates":[36.700448,-1.169636]},"properties":{"lines":"114R","color":"#0059a9","mode":"bus","arr":["114R"],"angle":18.5,"extra":1,"ei":37}},{"type":"Feature","geometry":{"type":"Point","coordinates":[36.702257,-1.17017]},"properties":{"lines":"114R","color":"#0059a9","mode":"bus","arr":["114R"],"angle":10,"extra":1,"ei":38}},{"type":"Feature","geometry":{"type":"Point","coordinates":[36.704138,-1.170331]},"properties":{"lines":"114R","color":"#0059a9","mode":"bus","arr":["114R"],"angle":2.7,"extra":1,"ei":39}},{"type":"Feature","geometry":{"type":"Point","coordinates":[36.706025,-1.170413]},"properties":{"lines":"114R","color":"#0059a9","mode":"bus","arr":["114R"],"angle":3.5,"extra":1,"ei":40}},{"type":"Feature","geometry":{"type":"Point","coordinates":[36.707908,-1.170551]},"properties":{"lines":"114R","color":"#0059a9","mode":"bus","arr":["114R"],"angle":9.1,"extra":1,"ei":41}},{"type":"Feature","geometry":{"type":"Point","coordinates":[36.709706,-1.171108]},"properties":{"lines":"114R","color":"#0059a9","mode":"bus","arr":["114R"],"angle":26.4,"extra":1,"ei":42}},{"type":"Feature","geometry":{"type":"Point","coordinates":[36.711278,-1.172141]},"properties":{"lines":"114R","color":"#0059a9","mode":"bus","arr":["114R"],"angle":40.6,"extra":1,"ei":43}},{"type":"Feature","geometry":{"type":"Point","coordinates":[36.712669,-1.173419]},"properties":{"lines":"114R","color":"#0059a9","mode":"bus","arr":["114R"],"angle":43.4,"extra":1,"ei":44}},{"type":"Feature","geometry":{"type":"Point","coordinates":[36.7141,-1.17465]},"properties":{"lines":"114R","color":"#0059a9","mode":"bus","arr":["114R"],"angle":36.4,"extra":1,"ei":45}},{"type":"Feature","geometry":{"type":"Point","coordinates":[36.715745,-1.175571]},"properties":{"lines":"114R","color":"#0059a9","mode":"bus","arr":["114R"],"angle":24.7,"extra":1,"ei":46}},{"type":"Feature","geometry":{"type":"Point","coordinates":[36.717529,-1.176184]},"properties":{"lines":"114R","color":"#0059a9","mode":"bus","arr":["114R"],"angle":16.4,"extra":1,"ei":47}},{"type":"Feature","geometry":{"type":"Point","coordinates":[36.719343,-1.176714]},"properties":{"lines":"114R","color":"#0059a9","mode":"bus","arr":["114R"],"angle":16.5,"extra":1,"ei":48}},{"type":"Feature","geometry":{"type":"Point","coordinates":[36.721131,-1.177315]},"properties":{"lines":"114R","color":"#0059a9","mode":"bus","arr":["114R"],"angle":24.1,"extra":1,"ei":49}},{"type":"Feature","geometry":{"type":"Point","coordinates":[36.722787,-1.178218]},"properties":{"lines":"114R","color":"#0059a9","mode":"bus","arr":["114R"],"angle":33.7,"extra":1,"ei":50}},{"type":"Feature","geometry":{"type":"Point","coordinates":[36.724365,-1.179254]},"properties":{"lines":"114R","color":"#0059a9","mode":"bus","arr":["114R"],"angle":33.6,"extra":1,"ei":51}},{"type":"Feature","geometry":{"type":"Point","coordinates":[36.725939,-1.180299]},"properties":{"lines":"114R","color":"#0059a9","mode":"bus","arr":["114R"],"angle":33.5,"extra":1,"ei":52}},{"type":"Feature","geometry":{"type":"Point","coordinates":[36.727535,-1.181308]},"properties":{"lines":"114R","color":"#0059a9","mode":"bus","arr":["114R"],"angle":32.5,"extra":1,"ei":53}},{"type":"Feature","geometry":{"type":"Point","coordinates":[36.729119,-1.182338]},"properties":{"lines":"114R","color":"#0059a9","mode":"bus","arr":["114R"],"angle":33.1,"extra":1,"ei":54}},{"type":"Feature","geometry":{"type":"Point","coordinates":[36.7307,-1.183371]},"properties":{"lines":"114R","color":"#0059a9","mode":"bus","arr":["114R"],"angle":33.3,"extra":1,"ei":55}},{"type":"Feature","geometry":{"type":"Point","coordinates":[36.732269,-1.184422]},"properties":{"lines":"114R","color":"#0059a9","mode":"bus","arr":["114R"],"angle":36.4,"extra":1,"ei":56}},{"type":"Feature","geometry":{"type":"Point","coordinates":[36.733725,-1.185622]},"properties":{"lines":"114R","color":"#0059a9","mode":"bus","arr":["114R"],"angle":40.9,"extra":1,"ei":57}},{"type":"Feature","geometry":{"type":"Point","coordinates":[36.735141,-1.186873]},"properties":{"lines":"114R","color":"#0059a9","mode":"bus","arr":["114R"],"angle":42,"extra":1,"ei":58}},{"type":"Feature","geometry":{"type":"Point","coordinates":[36.736563,-1.188116]},"properties":{"lines":"114R","color":"#0059a9","mode":"bus","arr":["114R"],"angle":40.8,"extra":1,"ei":59}},{"type":"Feature","geometry":{"type":"Point","coordinates":[36.737987,-1.189356]},"properties":{"lines":"114R","color":"#0059a9","mode":"bus","arr":["114R"],"angle":41.2,"extra":1,"ei":60}},{"type":"Feature","geometry":{"type":"Point","coordinates":[36.739432,-1.190572]},"properties":{"lines":"114R","color":"#0059a9","mode":"bus","arr":["114R"],"angle":37.4,"extra":1,"ei":61}},{"type":"Feature","geometry":{"type":"Point","coordinates":[36.741062,-1.191515]},"properties":{"lines":"114R","color":"#0059a9","mode":"bus","arr":["114R"],"angle":23.8,"extra":1,"ei":62}},{"type":"Feature","geometry":{"type":"Point","coordinates":[36.643351,-1.108621]},"properties":{"lines":"114W, 115","color":"#0059a9","mode":"bus","arr":["114W","115"],"angle":16.4,"mi":1}},{"type":"Feature","geometry":{"type":"Point","coordinates":[36.632485,-1.110041]},"properties":{"lines":"114W, 115","color":"#0059a9","mode":"bus","arr":["114W","115"],"angle":-52}},{"type":"Feature","geometry":{"type":"Point","coordinates":[36.636985,-1.105804]},"properties":{"lines":"114W, 115, 135","color":"#0059a9","mode":"bus","arr":["114W","115","135"],"angle":35.3,"mi":3}},{"type":"Feature","geometry":{"type":"Point","coordinates":[36.630274,-1.109024]},"properties":{"lines":"114W, 115, 135","color":"#0059a9","mode":"bus","arr":["114W","115","135"],"angle":-8.8,"mi":1}},{"type":"Feature","geometry":{"type":"Point","coordinates":[36.642398,-1.108721]},"properties":{"lines":"114W, 115, 135","color":"#0059a9","mode":"bus","arr":["114W","115","135"],"angle":35.1,"extra":1,"ei":0}},{"type":"Feature","geometry":{"type":"Point","coordinates":[36.640607,-1.108192]},"properties":{"lines":"114W, 115, 135","color":"#0059a9","mode":"bus","arr":["114W","115","135"],"angle":5.1,"extra":1,"ei":1}},{"type":"Feature","geometry":{"type":"Point","coordinates":[36.638909,-1.107557]},"properties":{"lines":"114W, 115, 135","color":"#0059a9","mode":"bus","arr":["114W","115","135"],"angle":44.3,"extra":1,"ei":2}},{"type":"Feature","geometry":{"type":"Point","coordinates":[36.63432,-1.106478]},"properties":{"lines":"114W, 115, 135","color":"#0059a9","mode":"bus","arr":["114W","115","135"],"angle":-63.1,"extra":1,"ei":3}},{"type":"Feature","geometry":{"type":"Point","coordinates":[36.633407,-1.108121]},"properties":{"lines":"114W, 115, 135","color":"#0059a9","mode":"bus","arr":["114W","115","135"],"angle":-45.3,"extra":1,"ei":4}},{"type":"Feature","geometry":{"type":"Point","coordinates":[36.631691,-1.108796]},"properties":{"lines":"114W, 115, 135","color":"#0059a9","mode":"bus","arr":["114W","115","135"],"angle":-8.8,"extra":1,"ei":5}},{"type":"Feature","geometry":{"type":"Point","coordinates":[36.643262,-1.109576]},"properties":{"lines":"114W, 115","color":"#0059a9","mode":"bus","arr":["114W","115"],"angle":49.6,"side":-1}},{"type":"Feature","geometry":{"type":"Point","coordinates":[36.810604,-1.275027]},"properties":{"lines":"114W","color":"#0059a9","mode":"bus","arr":["114W"],"angle":56.2,"mi":2}},{"type":"Feature","geometry":{"type":"Point","coordinates":[36.811986,-1.274834]},"properties":{"lines":"114W","color":"#0059a9","mode":"bus","arr":["114W"],"angle":-41.9,"extra":1,"ei":0}},{"type":"Feature","geometry":{"type":"Point","coordinates":[36.809713,-1.27329]},"properties":{"lines":"114W","color":"#0059a9","mode":"bus","arr":["114W"],"angle":33.6,"extra":1,"ei":1,"side":-1}},{"type":"Feature","geometry":{"type":"Point","coordinates":[36.695925,-1.256216]},"properties":{"lines":"114W","color":"#0059a9","mode":"bus","arr":["114W"],"angle":20,"side":-1}},{"type":"Feature","geometry":{"type":"Point","coordinates":[36.684003,-1.249454]},"properties":{"lines":"114W","color":"#0059a9","mode":"bus","arr":["114W"],"angle":34.9,"side":-1}},{"type":"Feature","geometry":{"type":"Point","coordinates":[36.685228,-1.250306]},"properties":{"lines":"114W","color":"#0059a9","mode":"bus","arr":["114W"],"angle":35.4,"extra":1,"ei":0,"side":-1}},{"type":"Feature","geometry":{"type":"Point","coordinates":[36.682139,-1.248131]},"properties":{"lines":"114W","color":"#0059a9","mode":"bus","arr":["114W"],"angle":51.4,"extra":1,"ei":1,"side":-1}},{"type":"Feature","geometry":{"type":"Point","coordinates":[36.638943,-1.155068]},"properties":{"lines":"114W, 115, 135","color":"#0059a9","mode":"bus","arr":["114W","115","135"],"angle":79.2}},{"type":"Feature","geometry":{"type":"Point","coordinates":[36.651199,-1.193584]},"properties":{"lines":"114W, 115, 135","color":"#0059a9","mode":"bus","arr":["114W","115","135"],"angle":54.7}},{"type":"Feature","geometry":{"type":"Point","coordinates":[36.647367,-1.186702]},"properties":{"lines":"114W, 115, 135","color":"#0059a9","mode":"bus","arr":["114W","115","135"],"angle":62.5,"mi":2}},{"type":"Feature","geometry":{"type":"Point","coordinates":[36.634856,-1.132024]},"properties":{"lines":"114W, 115, 135","color":"#0059a9","mode":"bus","arr":["114W","115","135"],"angle":77.3,"extra":1,"ei":0}},{"type":"Feature","geometry":{"type":"Point","coordinates":[36.635278,-1.133865]},"properties":{"lines":"114W, 115, 135","color":"#0059a9","mode":"bus","arr":["114W","115","135"],"angle":75.7,"extra":1,"ei":1}},{"type":"Feature","geometry":{"type":"Point","coordinates":[36.635718,-1.135701]},"properties":{"lines":"114W, 115, 135","color":"#0059a9","mode":"bus","arr":["114W","115","135"],"angle":78.2,"extra":1,"ei":2}},{"type":"Feature","geometry":{"type":"Point","coordinates":[36.63606,-1.137558]},"properties":{"lines":"114W, 115, 135","color":"#0059a9","mode":"bus","arr":["114W","115","135"],"angle":79.7,"extra":1,"ei":3}},{"type":"Feature","geometry":{"type":"Point","coordinates":[36.636399,-1.139416]},"properties":{"lines":"114W, 115, 135","color":"#0059a9","mode":"bus","arr":["114W","115","135"],"angle":79.7,"extra":1,"ei":4}},{"type":"Feature","geometry":{"type":"Point","coordinates":[36.63672,-1.141277]},"properties":{"lines":"114W, 115, 135","color":"#0059a9","mode":"bus","arr":["114W","115","135"],"angle":80.4,"extra":1,"ei":5}},{"type":"Feature","geometry":{"type":"Point","coordinates":[36.637037,-1.143139]},"properties":{"lines":"114W, 115, 135","color":"#0059a9","mode":"bus","arr":["114W","115","135"],"angle":80.4,"extra":1,"ei":6}},{"type":"Feature","geometry":{"type":"Point","coordinates":[36.637333,-1.145004]},"properties":{"lines":"114W, 115, 135","color":"#0059a9","mode":"bus","arr":["114W","115","135"],"angle":82.1,"extra":1,"ei":7}},{"type":"Feature","geometry":{"type":"Point","coordinates":[36.637592,-1.146875]},"properties":{"lines":"114W, 115, 135","color":"#0059a9","mode":"bus","arr":["114W","115","135"],"angle":82.1,"extra":1,"ei":8}},{"type":"Feature","geometry":{"type":"Point","coordinates":[36.637887,-1.14874]},"properties":{"lines":"114W, 115, 135","color":"#0059a9","mode":"bus","arr":["114W","115","135"],"angle":80.6,"extra":1,"ei":9}},{"type":"Feature","geometry":{"type":"Point","coordinates":[36.638197,-1.150603]},"properties":{"lines":"114W, 115, 135","color":"#0059a9","mode":"bus","arr":["114W","115","135"],"angle":80.5,"extra":1,"ei":10}},{"type":"Feature","geometry":{"type":"Point","coordinates":[36.638507,-1.152466]},"properties":{"lines":"114W, 115, 135","color":"#0059a9","mode":"bus","arr":["114W","115","135"],"angle":80.5,"extra":1,"ei":11}},{"type":"Feature","geometry":{"type":"Point","coordinates":[36.639443,-1.158053]},"properties":{"lines":"114W, 115, 135","color":"#0059a9","mode":"bus","arr":["114W","115","135"],"angle":81.3,"extra":1,"ei":12}},{"type":"Feature","geometry":{"type":"Point","coordinates":[36.639737,-1.159919]},"properties":{"lines":"114W, 115, 135","color":"#0059a9","mode":"bus","arr":["114W","115","135"],"angle":80.8,"extra":1,"ei":13}},{"type":"Feature","geometry":{"type":"Point","coordinates":[36.640039,-1.161783]},"properties":{"lines":"114W, 115, 135","color":"#0059a9","mode":"bus","arr":["114W","115","135"],"angle":80.8,"extra":1,"ei":14}},{"type":"Feature","geometry":{"type":"Point","coordinates":[36.64034,-1.163647]},"properties":{"lines":"114W, 115, 135","color":"#0059a9","mode":"bus","arr":["114W","115","135"],"angle":80.8,"extra":1,"ei":15}},{"type":"Feature","geometry":{"type":"Point","coordinates":[36.640642,-1.165512]},"properties":{"lines":"114W, 115, 135","color":"#0059a9","mode":"bus","arr":["114W","115","135"],"angle":80.8,"extra":1,"ei":16}},{"type":"Feature","geometry":{"type":"Point","coordinates":[36.640943,-1.167376]},"properties":{"lines":"114W, 115, 135","color":"#0059a9","mode":"bus","arr":["114W","115","135"],"angle":80.8,"extra":1,"ei":17}},{"type":"Feature","geometry":{"type":"Point","coordinates":[36.641244,-1.169241]},"properties":{"lines":"114W, 115, 135","color":"#0059a9","mode":"bus","arr":["114W","115","135"],"angle":81.2,"extra":1,"ei":18}},{"type":"Feature","geometry":{"type":"Point","coordinates":[36.641567,-1.171101]},"properties":{"lines":"114W, 115, 135","color":"#0059a9","mode":"bus","arr":["114W","115","135"],"angle":79.7,"extra":1,"ei":19}},{"type":"Feature","geometry":{"type":"Point","coordinates":[36.641895,-1.172961]},"properties":{"lines":"114W, 115, 135","color":"#0059a9","mode":"bus","arr":["114W","115","135"],"angle":80.1,"extra":1,"ei":20}},{"type":"Feature","geometry":{"type":"Point","coordinates":[36.642194,-1.174826]},"properties":{"lines":"114W, 115, 135","color":"#0059a9","mode":"bus","arr":["114W","115","135"],"angle":81.1,"extra":1,"ei":21}},{"type":"Feature","geometry":{"type":"Point","coordinates":[36.642573,-1.176674]},"properties":{"lines":"114W, 115, 135","color":"#0059a9","mode":"bus","arr":["114W","115","135"],"angle":73.4,"extra":1,"ei":22}},{"type":"Feature","geometry":{"type":"Point","coordinates":[36.643353,-1.178393]},"properties":{"lines":"114W, 115, 135","color":"#0059a9","mode":"bus","arr":["114W","115","135"],"angle":63.9,"extra":1,"ei":23}},{"type":"Feature","geometry":{"type":"Point","coordinates":[36.648501,-1.188952]},"properties":{"lines":"114W, 115, 135","color":"#0059a9","mode":"bus","arr":["114W","115","135"],"angle":64.5,"extra":1,"ei":0}},{"type":"Feature","geometry":{"type":"Point","coordinates":[36.649307,-1.190659]},"properties":{"lines":"114W, 115, 135","color":"#0059a9","mode":"bus","arr":["114W","115","135"],"angle":62.4,"extra":1,"ei":1}},{"type":"Feature","geometry":{"type":"Point","coordinates":[36.650282,-1.192275]},"properties":{"lines":"114W, 115, 135","color":"#0059a9","mode":"bus","arr":["114W","115","135"],"angle":56.6,"extra":1,"ei":2}},{"type":"Feature","geometry":{"type":"Point","coordinates":[36.65237,-1.195419]},"properties":{"lines":"114W, 115, 135","color":"#0059a9","mode":"bus","arr":["114W","115","135"],"angle":62.8,"extra":1,"ei":3}},{"type":"Feature","geometry":{"type":"Point","coordinates":[36.65313,-1.197147]},"properties":{"lines":"114W, 115, 135","color":"#0059a9","mode":"bus","arr":["114W","115","135"],"angle":67.5,"extra":1,"ei":4}},{"type":"Feature","geometry":{"type":"Point","coordinates":[36.653843,-1.198896]},"properties":{"lines":"114W, 115, 135","color":"#0059a9","mode":"bus","arr":["114W","115","135"],"angle":68,"extra":1,"ei":5}},{"type":"Feature","geometry":{"type":"Point","coordinates":[36.646666,-1.185519]},"properties":{"lines":"114W, 115, 135","color":"#0059a9","mode":"bus","arr":["114W","115","135"],"angle":63.8,"extra":1,"ei":0,"side":-1}},{"type":"Feature","geometry":{"type":"Point","coordinates":[36.645831,-1.183825]},"properties":{"lines":"114W, 115, 135","color":"#0059a9","mode":"bus","arr":["114W","115","135"],"angle":63.8,"extra":1,"ei":1,"side":-1}},{"type":"Feature","geometry":{"type":"Point","coordinates":[36.64499,-1.182134]},"properties":{"lines":"114W, 115, 135","color":"#0059a9","mode":"bus","arr":["114W","115","135"],"angle":64.3,"extra":1,"ei":2}},{"type":"Feature","geometry":{"type":"Point","coordinates":[36.644175,-1.18043]},"properties":{"lines":"114W, 115, 135","color":"#0059a9","mode":"bus","arr":["114W","115","135"],"angle":64.5,"extra":1,"ei":3}},{"type":"Feature","geometry":{"type":"Point","coordinates":[36.646673,-1.185294]},"properties":{"lines":"115","color":"#0059a9","mode":"bus","arr":["115"],"angle":64.3,"side":-1}},{"type":"Feature","geometry":{"type":"Point","coordinates":[36.645281,-1.181944]},"properties":{"lines":"114W, 115, 135","color":"#0059a9","mode":"bus","arr":["114W","115","135"],"angle":69.2,"mi":3}},{"type":"Feature","geometry":{"type":"Point","coordinates":[36.644162,-1.179636]},"properties":{"lines":"114W, 115, 135","color":"#0059a9","mode":"bus","arr":["114W","115","135"],"angle":58.2,"extra":1,"ei":0}},{"type":"Feature","geometry":{"type":"Point","coordinates":[36.645755,-1.183055]},"properties":{"lines":"114W, 115, 135","color":"#0059a9","mode":"bus","arr":["114W","115","135"],"angle":69.1,"extra":1,"ei":1}},{"type":"Feature","geometry":{"type":"Point","coordinates":[36.646552,-1.184765]},"properties":{"lines":"114W, 115, 135","color":"#0059a9","mode":"bus","arr":["114W","115","135"],"angle":62.4,"extra":1,"ei":2}},{"type":"Feature","geometry":{"type":"Point","coordinates":[36.663575,-1.223975]},"properties":{"lines":"114W, 115, 135","color":"#0059a9","mode":"bus","arr":["114W","115","135"],"angle":82.1,"side":-1,"mi":1}},{"type":"Feature","geometry":{"type":"Point","coordinates":[36.656937,-1.206522]},"properties":{"lines":"114W, 115, 135","color":"#0059a9","mode":"bus","arr":["114W","115","135"],"angle":68.1,"mi":4}},{"type":"Feature","geometry":{"type":"Point","coordinates":[36.654465,-1.200379]},"properties":{"lines":"114W, 115, 135","color":"#0059a9","mode":"bus","arr":["114W","115","135"],"angle":66.4,"extra":1,"ei":0}},{"type":"Feature","geometry":{"type":"Point","coordinates":[36.655168,-1.202131]},"properties":{"lines":"114W, 115, 135","color":"#0059a9","mode":"bus","arr":["114W","115","135"],"angle":68.8,"extra":1,"ei":1}},{"type":"Feature","geometry":{"type":"Point","coordinates":[36.655865,-1.203887]},"properties":{"lines":"114W, 115, 135","color":"#0059a9","mode":"bus","arr":["114W","115","135"],"angle":67.9,"extra":1,"ei":2}},{"type":"Feature","geometry":{"type":"Point","coordinates":[36.657991,-1.209138]},"properties":{"lines":"114W, 115, 135","color":"#0059a9","mode":"bus","arr":["114W","115","135"],"angle":68,"extra":1,"ei":3}},{"type":"Feature","geometry":{"type":"Point","coordinates":[36.658697,-1.21089]},"properties":{"lines":"114W, 115, 135","color":"#0059a9","mode":"bus","arr":["114W","115","135"],"angle":68.1,"extra":1,"ei":4}},{"type":"Feature","geometry":{"type":"Point","coordinates":[36.659635,-1.212515]},"properties":{"lines":"114W, 115, 135","color":"#0059a9","mode":"bus","arr":["114W","115","135"],"angle":47.5,"extra":1,"ei":5}},{"type":"Feature","geometry":{"type":"Point","coordinates":[36.66527,-1.228427]},"properties":{"lines":"114W, 115, 135","color":"#0059a9","mode":"bus","arr":["114W","115","135"],"angle":36.6,"extra":1,"ei":0}},{"type":"Feature","geometry":{"type":"Point","coordinates":[36.66687,-1.229428]},"properties":{"lines":"114W, 115, 135","color":"#0059a9","mode":"bus","arr":["114W","115","135"],"angle":37,"extra":1,"ei":1}},{"type":"Feature","geometry":{"type":"Point","coordinates":[36.667961,-1.230938]},"properties":{"lines":"114W, 115, 135","color":"#0059a9","mode":"bus","arr":["114W","115","135"],"angle":67.5,"extra":1,"ei":2}},{"type":"Feature","geometry":{"type":"Point","coordinates":[36.668829,-1.232605]},"properties":{"lines":"114W, 115, 135","color":"#0059a9","mode":"bus","arr":["114W","115","135"],"angle":50.1,"extra":1,"ei":3}},{"type":"Feature","geometry":{"type":"Point","coordinates":[36.664011,-1.226768]},"properties":{"lines":"114W, 115, 135","color":"#0059a9","mode":"bus","arr":["114W","115","135"],"angle":75.8,"extra":1,"ei":0,"side":-1}},{"type":"Feature","geometry":{"type":"Point","coordinates":[36.66318,-1.221165]},"properties":{"lines":"114W, 115, 135","color":"#0059a9","mode":"bus","arr":["114W","115","135"],"angle":82,"extra":1,"ei":1,"side":-1}},{"type":"Feature","geometry":{"type":"Point","coordinates":[36.662923,-1.219294]},"properties":{"lines":"114W, 115, 135","color":"#0059a9","mode":"bus","arr":["114W","115","135"],"angle":82.4,"extra":1,"ei":2,"side":-1}},{"type":"Feature","geometry":{"type":"Point","coordinates":[36.662673,-1.217422]},"properties":{"lines":"114W, 115, 135","color":"#0059a9","mode":"bus","arr":["114W","115","135"],"angle":82.4,"extra":1,"ei":3,"side":-1}},{"type":"Feature","geometry":{"type":"Point","coordinates":[36.66233,-1.215569]},"properties":{"lines":"114W, 115, 135","color":"#0059a9","mode":"bus","arr":["114W","115","135"],"angle":71,"extra":1,"ei":4,"side":-1}},{"type":"Feature","geometry":{"type":"Point","coordinates":[36.661254,-1.214048]},"properties":{"lines":"114W, 115, 135","color":"#0059a9","mode":"bus","arr":["114W","115","135"],"angle":41,"extra":1,"ei":5,"side":-1}},{"type":"Feature","geometry":{"type":"Point","coordinates":[36.821728,-1.277131]},"properties":{"lines":"114W","color":"#0059a9","mode":"bus","arr":["114W"],"angle":-32.8,"mi":3}},{"type":"Feature","geometry":{"type":"Point","coordinates":[36.820254,-1.269153]},"properties":{"lines":"114W, 119A","color":"#0059a9","mode":"bus","arr":["114W","119A"],"angle":33,"side":-1,"mi":1}},{"type":"Feature","geometry":{"type":"Point","coordinates":[36.816626,-1.269388]},"properties":{"lines":"114W, 119A","color":"#0059a9","mode":"bus","arr":["114W","119A"],"angle":-20.8}},{"type":"Feature","geometry":{"type":"Point","coordinates":[36.819119,-1.269269]},"properties":{"lines":"114W, 119A","color":"#0059a9","mode":"bus","arr":["114W","119A"],"angle":-3.7,"extra":1,"ei":0}},{"type":"Feature","geometry":{"type":"Point","coordinates":[36.815602,-1.270113]},"properties":{"lines":"114W, 119A","color":"#0059a9","mode":"bus","arr":["114W","119A"],"angle":-46.5,"extra":1,"ei":1}},{"type":"Feature","geometry":{"type":"Point","coordinates":[36.814747,-1.27173]},"properties":{"lines":"114W, 119A","color":"#0059a9","mode":"bus","arr":["114W","119A"],"angle":-79.1,"extra":1,"ei":2}},{"type":"Feature","geometry":{"type":"Point","coordinates":[36.814291,-1.272963]},"properties":{"lines":"114W","color":"#0059a9","mode":"bus","arr":["114W"],"angle":-49.3}},{"type":"Feature","geometry":{"type":"Point","coordinates":[36.813167,-1.273766]},"properties":{"lines":"114W","color":"#0059a9","mode":"bus","arr":["114W"],"angle":-39.8,"mi":1}},{"type":"Feature","geometry":{"type":"Point","coordinates":[36.654639,-1.201094]},"properties":{"lines":"114W, 115, 135","color":"#0059a9","mode":"bus","arr":["114W","115","135"],"angle":68.1,"side":-1,"mi":1}},{"type":"Feature","geometry":{"type":"Point","coordinates":[36.654198,-1.200008]},"properties":{"lines":"114W, 115, 135","color":"#0059a9","mode":"bus","arr":["114W","115","135"],"angle":67.9,"extra":1,"ei":0,"side":-1}},{"type":"Feature","geometry":{"type":"Point","coordinates":[36.630619,-1.107539]},"properties":{"lines":"114W, 115","color":"#0059a9","mode":"bus","arr":["114W","115"],"angle":33.7,"side":-1,"mi":1}},{"type":"Feature","geometry":{"type":"Point","coordinates":[36.629601,-1.108073]},"properties":{"lines":"114W, 115, 135","color":"#0059a9","mode":"bus","arr":["114W","115","135"],"angle":-76.3,"mi":2}},{"type":"Feature","geometry":{"type":"Point","coordinates":[36.631018,-1.108906]},"properties":{"lines":"114W, 115, 135","color":"#0059a9","mode":"bus","arr":["114W","115","135"],"angle":-9.9}},{"type":"Feature","geometry":{"type":"Point","coordinates":[36.644235,-1.12229]},"properties":{"lines":"116","color":"#0059a9","mode":"bus","arr":["116"],"angle":69.9}},{"type":"Feature","geometry":{"type":"Point","coordinates":[36.643782,-1.12105]},"properties":{"lines":"116","color":"#0059a9","mode":"bus","arr":["116"],"angle":69.9,"extra":1,"ei":0}},{"type":"Feature","geometry":{"type":"Point","coordinates":[36.751819,-1.165928]},"properties":{"lines":"116","color":"#0059a9","mode":"bus","arr":["116"],"angle":28.1}},{"type":"Feature","geometry":{"type":"Point","coordinates":[36.75839,-1.172851]},"properties":{"lines":"116","color":"#0059a9","mode":"bus","arr":["116"],"angle":68.9,"extra":1,"ei":0}},{"type":"Feature","geometry":{"type":"Point","coordinates":[36.757725,-1.171084]},"properties":{"lines":"116","color":"#0059a9","mode":"bus","arr":["116"],"angle":68.3,"extra":1,"ei":1}},{"type":"Feature","geometry":{"type":"Point","coordinates":[36.756693,-1.169525]},"properties":{"lines":"116","color":"#0059a9","mode":"bus","arr":["116"],"angle":45.2,"extra":1,"ei":2}},{"type":"Feature","geometry":{"type":"Point","coordinates":[36.755237,-1.168329]},"properties":{"lines":"116","color":"#0059a9","mode":"bus","arr":["116"],"angle":35.7,"extra":1,"ei":3}},{"type":"Feature","geometry":{"type":"Point","coordinates":[36.753716,-1.167209]},"properties":{"lines":"116","color":"#0059a9","mode":"bus","arr":["116"],"angle":36.4,"extra":1,"ei":4}},{"type":"Feature","geometry":{"type":"Point","coordinates":[36.750484,-1.165274]},"properties":{"lines":"116","color":"#0059a9","mode":"bus","arr":["116"],"angle":26.8,"extra":1,"ei":5}},{"type":"Feature","geometry":{"type":"Point","coordinates":[36.748836,-1.164353]},"properties":{"lines":"116","color":"#0059a9","mode":"bus","arr":["116"],"angle":30.2,"extra":1,"ei":6}},{"type":"Feature","geometry":{"type":"Point","coordinates":[36.747215,-1.163382]},"properties":{"lines":"116","color":"#0059a9","mode":"bus","arr":["116"],"angle":31.1,"extra":1,"ei":7}},{"type":"Feature","geometry":{"type":"Point","coordinates":[36.745613,-1.162384]},"properties":{"lines":"116","color":"#0059a9","mode":"bus","arr":["116"],"angle":38.8,"extra":1,"ei":8}},{"type":"Feature","geometry":{"type":"Point","coordinates":[36.74464,-1.160792]},"properties":{"lines":"116","color":"#0059a9","mode":"bus","arr":["116"],"angle":65.1,"extra":1,"ei":9}},{"type":"Feature","geometry":{"type":"Point","coordinates":[36.705255,-1.22534]},"properties":{"lines":"118","color":"#0059a9","mode":"bus","arr":["118"],"angle":-17.1,"side":-1}},{"type":"Feature","geometry":{"type":"Point","coordinates":[36.735327,-1.2393]},"properties":{"lines":"118","color":"#0059a9","mode":"bus","arr":["118"],"angle":4.4}},{"type":"Feature","geometry":{"type":"Point","coordinates":[36.706409,-1.225872]},"properties":{"lines":"118","color":"#0059a9","mode":"bus","arr":["118"],"angle":47.8,"extra":1,"ei":0}},{"type":"Feature","geometry":{"type":"Point","coordinates":[36.707654,-1.227291]},"properties":{"lines":"118","color":"#0059a9","mode":"bus","arr":["118"],"angle":50.7,"extra":1,"ei":1}},{"type":"Feature","geometry":{"type":"Point","coordinates":[36.708886,-1.228723]},"properties":{"lines":"118","color":"#0059a9","mode":"bus","arr":["118"],"angle":46.5,"extra":1,"ei":2}},{"type":"Feature","geometry":{"type":"Point","coordinates":[36.710121,-1.230148]},"properties":{"lines":"118","color":"#0059a9","mode":"bus","arr":["118"],"angle":48.9,"extra":1,"ei":3}},{"type":"Feature","geometry":{"type":"Point","coordinates":[36.711352,-1.231581]},"properties":{"lines":"118","color":"#0059a9","mode":"bus","arr":["118"],"angle":50,"extra":1,"ei":4}},{"type":"Feature","geometry":{"type":"Point","coordinates":[36.71266,-1.23294]},"properties":{"lines":"118","color":"#0059a9","mode":"bus","arr":["118"],"angle":44.2,"extra":1,"ei":5}},{"type":"Feature","geometry":{"type":"Point","coordinates":[36.714112,-1.234145]},"properties":{"lines":"118","color":"#0059a9","mode":"bus","arr":["118"],"angle":36.7,"extra":1,"ei":6}},{"type":"Feature","geometry":{"type":"Point","coordinates":[36.715671,-1.23521]},"properties":{"lines":"118","color":"#0059a9","mode":"bus","arr":["118"],"angle":31.4,"extra":1,"ei":7}},{"type":"Feature","geometry":{"type":"Point","coordinates":[36.717332,-1.236107]},"properties":{"lines":"118","color":"#0059a9","mode":"bus","arr":["118"],"angle":24.4,"extra":1,"ei":8}},{"type":"Feature","geometry":{"type":"Point","coordinates":[36.719081,-1.236817]},"properties":{"lines":"118","color":"#0059a9","mode":"bus","arr":["118"],"angle":19.4,"extra":1,"ei":9}},{"type":"Feature","geometry":{"type":"Point","coordinates":[36.720861,-1.237448]},"properties":{"lines":"118","color":"#0059a9","mode":"bus","arr":["118"],"angle":19.5,"extra":1,"ei":10}},{"type":"Feature","geometry":{"type":"Point","coordinates":[36.72268,-1.237953]},"properties":{"lines":"118","color":"#0059a9","mode":"bus","arr":["118"],"angle":12.7,"extra":1,"ei":11}},{"type":"Feature","geometry":{"type":"Point","coordinates":[36.724535,-1.238304]},"properties":{"lines":"118","color":"#0059a9","mode":"bus","arr":["118"],"angle":9.5,"extra":1,"ei":12}},{"type":"Feature","geometry":{"type":"Point","coordinates":[36.726405,-1.238569]},"properties":{"lines":"118","color":"#0059a9","mode":"bus","arr":["118"],"angle":4.6,"extra":1,"ei":13}},{"type":"Feature","geometry":{"type":"Point","coordinates":[36.728278,-1.238749]},"properties":{"lines":"118","color":"#0059a9","mode":"bus","arr":["118"],"angle":6.6,"extra":1,"ei":14}},{"type":"Feature","geometry":{"type":"Point","coordinates":[36.730162,-1.238864]},"properties":{"lines":"118","color":"#0059a9","mode":"bus","arr":["118"],"angle":5.2,"extra":1,"ei":15}},{"type":"Feature","geometry":{"type":"Point","coordinates":[36.73204,-1.239035]},"properties":{"lines":"118","color":"#0059a9","mode":"bus","arr":["118"],"angle":4.7,"extra":1,"ei":16}},{"type":"Feature","geometry":{"type":"Point","coordinates":[36.733923,-1.239188]},"properties":{"lines":"118","color":"#0059a9","mode":"bus","arr":["118"],"angle":4.7,"extra":1,"ei":17}},{"type":"Feature","geometry":{"type":"Point","coordinates":[36.73769,-1.239476]},"properties":{"lines":"118","color":"#0059a9","mode":"bus","arr":["118"],"angle":4.1,"extra":1,"ei":18}},{"type":"Feature","geometry":{"type":"Point","coordinates":[36.739569,-1.23967]},"properties":{"lines":"118","color":"#0059a9","mode":"bus","arr":["118"],"angle":4.4,"extra":1,"ei":19}},{"type":"Feature","geometry":{"type":"Point","coordinates":[36.741439,-1.239611]},"properties":{"lines":"118","color":"#0059a9","mode":"bus","arr":["118"],"angle":-15,"extra":1,"ei":20}},{"type":"Feature","geometry":{"type":"Point","coordinates":[36.743287,-1.239593]},"properties":{"lines":"118","color":"#0059a9","mode":"bus","arr":["118"],"angle":19.9,"extra":1,"ei":21}},{"type":"Feature","geometry":{"type":"Point","coordinates":[36.745104,-1.240059]},"properties":{"lines":"118","color":"#0059a9","mode":"bus","arr":["118"],"angle":8,"extra":1,"ei":22}},{"type":"Feature","geometry":{"type":"Point","coordinates":[36.746921,-1.240559]},"properties":{"lines":"118","color":"#0059a9","mode":"bus","arr":["118"],"angle":18.9,"extra":1,"ei":23}},{"type":"Feature","geometry":{"type":"Point","coordinates":[36.748724,-1.240764]},"properties":{"lines":"118","color":"#0059a9","mode":"bus","arr":["118"],"angle":-22.5,"extra":1,"ei":24}},{"type":"Feature","geometry":{"type":"Point","coordinates":[36.750513,-1.240613]},"properties":{"lines":"118","color":"#0059a9","mode":"bus","arr":["118"],"angle":18.1,"extra":1,"ei":25}},{"type":"Feature","geometry":{"type":"Point","coordinates":[36.752307,-1.241203]},"properties":{"lines":"118","color":"#0059a9","mode":"bus","arr":["118"],"angle":16.2,"extra":1,"ei":26}},{"type":"Feature","geometry":{"type":"Point","coordinates":[36.754166,-1.241484]},"properties":{"lines":"118","color":"#0059a9","mode":"bus","arr":["118"],"angle":-0.7,"extra":1,"ei":27}},{"type":"Feature","geometry":{"type":"Point","coordinates":[36.756054,-1.24146]},"properties":{"lines":"118","color":"#0059a9","mode":"bus","arr":["118"],"angle":2.6,"extra":1,"ei":28}},{"type":"Feature","geometry":{"type":"Point","coordinates":[36.757888,-1.241831]},"properties":{"lines":"118","color":"#0059a9","mode":"bus","arr":["118"],"angle":29.4,"extra":1,"ei":29}},{"type":"Feature","geometry":{"type":"Point","coordinates":[36.759485,-1.242839]},"properties":{"lines":"118","color":"#0059a9","mode":"bus","arr":["118"],"angle":33.1,"extra":1,"ei":30}},{"type":"Feature","geometry":{"type":"Point","coordinates":[36.761083,-1.243841]},"properties":{"lines":"118","color":"#0059a9","mode":"bus","arr":["118"],"angle":24.9,"extra":1,"ei":31}},{"type":"Feature","geometry":{"type":"Point","coordinates":[36.762914,-1.244293]},"properties":{"lines":"118","color":"#0059a9","mode":"bus","arr":["118"],"angle":12.3,"extra":1,"ei":32}},{"type":"Feature","geometry":{"type":"Point","coordinates":[36.764768,-1.244654]},"properties":{"lines":"118","color":"#0059a9","mode":"bus","arr":["118"],"angle":9.7,"extra":1,"ei":33}},{"type":"Feature","geometry":{"type":"Point","coordinates":[36.766637,-1.244928]},"properties":{"lines":"118","color":"#0059a9","mode":"bus","arr":["118"],"angle":6.7,"extra":1,"ei":34}},{"type":"Feature","geometry":{"type":"Point","coordinates":[36.777196,-1.247392]},"properties":{"lines":"118, 119","color":"#0059a9","mode":"bus","arr":["118","119"],"angle":-6.3}},{"type":"Feature","geometry":{"type":"Point","coordinates":[36.791465,-1.253496]},"properties":{"lines":"118, 119","color":"#0059a9","mode":"bus","arr":["118","119"],"angle":27.6}},{"type":"Feature","geometry":{"type":"Point","coordinates":[36.800141,-1.256594]},"properties":{"lines":"118, 119","color":"#0059a9","mode":"bus","arr":["118","119"],"angle":26.7,"mi":1}},{"type":"Feature","geometry":{"type":"Point","coordinates":[36.801541,-1.258689]},"properties":{"lines":"118, 119","color":"#0059a9","mode":"bus","arr":["118","119"],"angle":54.3}},{"type":"Feature","geometry":{"type":"Point","coordinates":[36.769434,-1.245248]},"properties":{"lines":"118, 119","color":"#0059a9","mode":"bus","arr":["118","119"],"angle":8.3,"extra":1,"ei":0}},{"type":"Feature","geometry":{"type":"Point","coordinates":[36.77128,-1.245612]},"properties":{"lines":"118, 119","color":"#0059a9","mode":"bus","arr":["118","119"],"angle":17.3,"extra":1,"ei":1}},{"type":"Feature","geometry":{"type":"Point","coordinates":[36.773124,-1.245948]},"properties":{"lines":"118, 119","color":"#0059a9","mode":"bus","arr":["118","119"],"angle":2,"extra":1,"ei":2}},{"type":"Feature","geometry":{"type":"Point","coordinates":[36.77489,-1.246567]},"properties":{"lines":"118, 119","color":"#0059a9","mode":"bus","arr":["118","119"],"angle":25.3,"extra":1,"ei":3}},{"type":"Feature","geometry":{"type":"Point","coordinates":[36.778394,-1.247366]},"properties":{"lines":"118, 119","color":"#0059a9","mode":"bus","arr":["118","119"],"angle":-1.9,"extra":1,"ei":4}},{"type":"Feature","geometry":{"type":"Point","coordinates":[36.780144,-1.247964]},"properties":{"lines":"118, 119","color":"#0059a9","mode":"bus","arr":["118","119"],"angle":21.7,"extra":1,"ei":5}},{"type":"Feature","geometry":{"type":"Point","coordinates":[36.781885,-1.248695]},"properties":{"lines":"118, 119","color":"#0059a9","mode":"bus","arr":["118","119"],"angle":23.6,"extra":1,"ei":6}},{"type":"Feature","geometry":{"type":"Point","coordinates":[36.783636,-1.249403]},"properties":{"lines":"118, 119","color":"#0059a9","mode":"bus","arr":["118","119"],"angle":21.1,"extra":1,"ei":7}},{"type":"Feature","geometry":{"type":"Point","coordinates":[36.785137,-1.250452]},"properties":{"lines":"118, 119","color":"#0059a9","mode":"bus","arr":["118","119"],"angle":56.8,"extra":1,"ei":8}},{"type":"Feature","geometry":{"type":"Point","coordinates":[36.786805,-1.251408]},"properties":{"lines":"118, 119","color":"#0059a9","mode":"bus","arr":["118","119"],"angle":6.2,"extra":1,"ei":0}},{"type":"Feature","geometry":{"type":"Point","coordinates":[36.788675,-1.25167]},"properties":{"lines":"118, 119","color":"#0059a9","mode":"bus","arr":["118","119"],"angle":15.5,"extra":1,"ei":1}},{"type":"Feature","geometry":{"type":"Point","coordinates":[36.790234,-1.252711]},"properties":{"lines":"118, 119","color":"#0059a9","mode":"bus","arr":["118","119"],"angle":38.3,"extra":1,"ei":2}},{"type":"Feature","geometry":{"type":"Point","coordinates":[36.793552,-1.254459]},"properties":{"lines":"118, 119","color":"#0059a9","mode":"bus","arr":["118","119"],"angle":8.1,"extra":1,"ei":3}},{"type":"Feature","geometry":{"type":"Point","coordinates":[36.795369,-1.254933]},"properties":{"lines":"118, 119","color":"#0059a9","mode":"bus","arr":["118","119"],"angle":19.9,"extra":1,"ei":4}},{"type":"Feature","geometry":{"type":"Point","coordinates":[36.797202,-1.255316]},"properties":{"lines":"118, 119","color":"#0059a9","mode":"bus","arr":["118","119"],"angle":24.2,"extra":1,"ei":5}},{"type":"Feature","geometry":{"type":"Point","coordinates":[36.798661,-1.256044]},"properties":{"lines":"118, 119","color":"#0059a9","mode":"bus","arr":["118","119"],"angle":20.2,"extra":1,"ei":0}},{"type":"Feature","geometry":{"type":"Point","coordinates":[36.78586,-1.251272]},"properties":{"lines":"118, 119","color":"#0059a9","mode":"bus","arr":["118","119"],"angle":-56.6,"side":-1,"mi":1}},{"type":"Feature","geometry":{"type":"Point","coordinates":[36.802495,-1.260402]},"properties":{"lines":"118, 119, 119A","color":"#0059a9","mode":"bus","arr":["118","119","119A"],"angle":58.4,"side":-1,"mi":2}},{"type":"Feature","geometry":{"type":"Point","coordinates":[36.808079,-1.263532]},"properties":{"lines":"118, 119, 119A","color":"#0059a9","mode":"bus","arr":["118","119","119A"],"angle":-8.7}},{"type":"Feature","geometry":{"type":"Point","coordinates":[36.805479,-1.262983]},"properties":{"lines":"118, 119, 119A","color":"#0059a9","mode":"bus","arr":["118","119","119A"],"angle":21.7,"extra":1,"ei":0}},{"type":"Feature","geometry":{"type":"Point","coordinates":[36.810754,-1.264499]},"properties":{"lines":"118, 119, 119A","color":"#0059a9","mode":"bus","arr":["118","119","119A"],"angle":32.6,"extra":1,"ei":1}},{"type":"Feature","geometry":{"type":"Point","coordinates":[36.806613,-1.263307]},"properties":{"lines":"118","color":"#0059a9","mode":"bus","arr":["118"],"angle":18.4}},{"type":"Feature","geometry":{"type":"Point","coordinates":[36.811892,-1.266364]},"properties":{"lines":"118, 119, 119A","color":"#0059a9","mode":"bus","arr":["118","119","119A"],"angle":81.9,"mi":1}},{"type":"Feature","geometry":{"type":"Point","coordinates":[36.818638,-1.275492]},"properties":{"lines":"118","color":"#0059a9","mode":"bus","arr":["118"],"angle":45.9,"side":-1}},{"type":"Feature","geometry":{"type":"Point","coordinates":[36.820569,-1.277186]},"properties":{"lines":"118","color":"#0059a9","mode":"bus","arr":["118"],"angle":27.2,"extra":1,"ei":0,"side":-1}},{"type":"Feature","geometry":{"type":"Point","coordinates":[36.817758,-1.274685]},"properties":{"lines":"118","color":"#0059a9","mode":"bus","arr":["118"],"angle":38.9,"extra":1,"ei":1,"side":-1}},{"type":"Feature","geometry":{"type":"Point","coordinates":[36.81635,-1.273427]},"properties":{"lines":"118","color":"#0059a9","mode":"bus","arr":["118"],"angle":43.8,"extra":1,"ei":2,"side":-1}},{"type":"Feature","geometry":{"type":"Point","coordinates":[36.71246,-1.218982]},"properties":{"lines":"119","color":"#0059a9","mode":"bus","arr":["119"],"angle":-82.1,"mi":1}},{"type":"Feature","geometry":{"type":"Point","coordinates":[36.712671,-1.218773]},"properties":{"lines":"119","color":"#0059a9","mode":"bus","arr":["119"],"angle":2.2}},{"type":"Feature","geometry":{"type":"Point","coordinates":[36.714,-1.219586]},"properties":{"lines":"119","color":"#0059a9","mode":"bus","arr":["119"],"angle":44.4,"mi":2}},{"type":"Feature","geometry":{"type":"Point","coordinates":[36.736969,-1.232165]},"properties":{"lines":"119","color":"#0059a9","mode":"bus","arr":["119"],"angle":22.3}},{"type":"Feature","geometry":{"type":"Point","coordinates":[36.715832,-1.221024]},"properties":{"lines":"119","color":"#0059a9","mode":"bus","arr":["119"],"angle":23.4,"extra":1,"ei":0}},{"type":"Feature","geometry":{"type":"Point","coordinates":[36.717602,-1.221685]},"properties":{"lines":"119","color":"#0059a9","mode":"bus","arr":["119"],"angle":20.3,"extra":1,"ei":1}},{"type":"Feature","geometry":{"type":"Point","coordinates":[36.719371,-1.222346]},"properties":{"lines":"119","color":"#0059a9","mode":"bus","arr":["119"],"angle":20.5,"extra":1,"ei":2}},{"type":"Feature","geometry":{"type":"Point","coordinates":[36.721135,-1.223021]},"properties":{"lines":"119","color":"#0059a9","mode":"bus","arr":["119"],"angle":21.4,"extra":1,"ei":3}},{"type":"Feature","geometry":{"type":"Point","coordinates":[36.722905,-1.22368]},"properties":{"lines":"119","color":"#0059a9","mode":"bus","arr":["119"],"angle":20.3,"extra":1,"ei":4}},{"type":"Feature","geometry":{"type":"Point","coordinates":[36.72467,-1.224354]},"properties":{"lines":"119","color":"#0059a9","mode":"bus","arr":["119"],"angle":21.5,"extra":1,"ei":5}},{"type":"Feature","geometry":{"type":"Point","coordinates":[36.726397,-1.225115]},"properties":{"lines":"119","color":"#0059a9","mode":"bus","arr":["119"],"angle":27,"extra":1,"ei":6}},{"type":"Feature","geometry":{"type":"Point","coordinates":[36.727994,-1.226117]},"properties":{"lines":"119","color":"#0059a9","mode":"bus","arr":["119"],"angle":35.8,"extra":1,"ei":7}},{"type":"Feature","geometry":{"type":"Point","coordinates":[36.729523,-1.227226]},"properties":{"lines":"119","color":"#0059a9","mode":"bus","arr":["119"],"angle":35.6,"extra":1,"ei":8}},{"type":"Feature","geometry":{"type":"Point","coordinates":[36.731061,-1.228322]},"properties":{"lines":"119","color":"#0059a9","mode":"bus","arr":["119"],"angle":35.4,"extra":1,"ei":9}},{"type":"Feature","geometry":{"type":"Point","coordinates":[36.732594,-1.229426]},"properties":{"lines":"119","color":"#0059a9","mode":"bus","arr":["119"],"angle":36,"extra":1,"ei":10}},{"type":"Feature","geometry":{"type":"Point","coordinates":[36.734127,-1.230528]},"properties":{"lines":"119","color":"#0059a9","mode":"bus","arr":["119"],"angle":34.2,"extra":1,"ei":11}},{"type":"Feature","geometry":{"type":"Point","coordinates":[36.73571,-1.231556]},"properties":{"lines":"119","color":"#0059a9","mode":"bus","arr":["119"],"angle":29,"extra":1,"ei":12}},{"type":"Feature","geometry":{"type":"Point","coordinates":[36.739216,-1.232932]},"properties":{"lines":"119","color":"#0059a9","mode":"bus","arr":["119"],"angle":15.2,"extra":1,"ei":13}},{"type":"Feature","geometry":{"type":"Point","coordinates":[36.741058,-1.233348]},"properties":{"lines":"119","color":"#0059a9","mode":"bus","arr":["119"],"angle":11.4,"extra":1,"ei":14}},{"type":"Feature","geometry":{"type":"Point","coordinates":[36.742912,-1.233709]},"properties":{"lines":"119","color":"#0059a9","mode":"bus","arr":["119"],"angle":11.9,"extra":1,"ei":15}},{"type":"Feature","geometry":{"type":"Point","coordinates":[36.744755,-1.234122]},"properties":{"lines":"119","color":"#0059a9","mode":"bus","arr":["119"],"angle":11.9,"extra":1,"ei":16}},{"type":"Feature","geometry":{"type":"Point","coordinates":[36.746601,-1.234517]},"properties":{"lines":"119","color":"#0059a9","mode":"bus","arr":["119"],"angle":15.1,"extra":1,"ei":17}},{"type":"Feature","geometry":{"type":"Point","coordinates":[36.74834,-1.235244]},"properties":{"lines":"119","color":"#0059a9","mode":"bus","arr":["119"],"angle":25.4,"extra":1,"ei":18}},{"type":"Feature","geometry":{"type":"Point","coordinates":[36.750083,-1.235953]},"properties":{"lines":"119","color":"#0059a9","mode":"bus","arr":["119"],"angle":11,"extra":1,"ei":19}},{"type":"Feature","geometry":{"type":"Point","coordinates":[36.751959,-1.235841]},"properties":{"lines":"119","color":"#0059a9","mode":"bus","arr":["119"],"angle":-3.2,"extra":1,"ei":20}},{"type":"Feature","geometry":{"type":"Point","coordinates":[36.753845,-1.235901]},"properties":{"lines":"119","color":"#0059a9","mode":"bus","arr":["119"],"angle":11,"extra":1,"ei":21}},{"type":"Feature","geometry":{"type":"Point","coordinates":[36.755711,-1.236135]},"properties":{"lines":"119","color":"#0059a9","mode":"bus","arr":["119"],"angle":4.7,"extra":1,"ei":22}},{"type":"Feature","geometry":{"type":"Point","coordinates":[36.757537,-1.236601]},"properties":{"lines":"119","color":"#0059a9","mode":"bus","arr":["119"],"angle":5,"extra":1,"ei":23}},{"type":"Feature","geometry":{"type":"Point","coordinates":[36.759351,-1.236699]},"properties":{"lines":"119","color":"#0059a9","mode":"bus","arr":["119"],"angle":10.2,"extra":1,"ei":24}},{"type":"Feature","geometry":{"type":"Point","coordinates":[36.765443,-1.239753]},"properties":{"lines":"119","color":"#0059a9","mode":"bus","arr":["119"],"angle":58.5}},{"type":"Feature","geometry":{"type":"Point","coordinates":[36.761066,-1.238453]},"properties":{"lines":"119","color":"#0059a9","mode":"bus","arr":["119"],"angle":29.2,"extra":1,"ei":0}},{"type":"Feature","geometry":{"type":"Point","coordinates":[36.762733,-1.239191]},"properties":{"lines":"119","color":"#0059a9","mode":"bus","arr":["119"],"angle":-15.7,"extra":1,"ei":1}},{"type":"Feature","geometry":{"type":"Point","coordinates":[36.764443,-1.238592]},"properties":{"lines":"119","color":"#0059a9","mode":"bus","arr":["119"],"angle":26,"extra":1,"ei":2}},{"type":"Feature","geometry":{"type":"Point","coordinates":[36.766701,-1.241588]},"properties":{"lines":"119","color":"#0059a9","mode":"bus","arr":["119"],"angle":52,"extra":1,"ei":3}},{"type":"Feature","geometry":{"type":"Point","coordinates":[36.767808,-1.243116]},"properties":{"lines":"119","color":"#0059a9","mode":"bus","arr":["119"],"angle":57.1,"extra":1,"ei":4}},{"type":"Feature","geometry":{"type":"Point","coordinates":[36.768436,-1.244883]},"properties":{"lines":"119","color":"#0059a9","mode":"bus","arr":["119"],"angle":77.2,"extra":1,"ei":5}},{"type":"Feature","geometry":{"type":"Point","coordinates":[36.802568,-1.260372]},"properties":{"lines":"119","color":"#0059a9","mode":"bus","arr":["119"],"angle":59.7}},{"type":"Feature","geometry":{"type":"Point","coordinates":[36.758614,-1.226245]},"properties":{"lines":"119A","color":"#0059a9","mode":"bus","arr":["119A"],"angle":56.1}},{"type":"Feature","geometry":{"type":"Point","coordinates":[36.774791,-1.234006]},"properties":{"lines":"119A","color":"#0059a9","mode":"bus","arr":["119A"],"angle":8.3,"extra":1,"ei":0}},{"type":"Feature","geometry":{"type":"Point","coordinates":[36.772917,-1.233795]},"properties":{"lines":"119A","color":"#0059a9","mode":"bus","arr":["119A"],"angle":0.4,"extra":1,"ei":1}},{"type":"Feature","geometry":{"type":"Point","coordinates":[36.771029,-1.233758]},"properties":{"lines":"119A","color":"#0059a9","mode":"bus","arr":["119A"],"angle":4.8,"extra":1,"ei":2}},{"type":"Feature","geometry":{"type":"Point","coordinates":[36.769145,-1.233653]},"properties":{"lines":"119A","color":"#0059a9","mode":"bus","arr":["119A"],"angle":3.9,"extra":1,"ei":3}},{"type":"Feature","geometry":{"type":"Point","coordinates":[36.767326,-1.233192]},"properties":{"lines":"119A","color":"#0059a9","mode":"bus","arr":["119A"],"angle":16.6,"extra":1,"ei":4}},{"type":"Feature","geometry":{"type":"Point","coordinates":[36.765498,-1.232721]},"properties":{"lines":"119A","color":"#0059a9","mode":"bus","arr":["119A"],"angle":10.1,"extra":1,"ei":5}},{"type":"Feature","geometry":{"type":"Point","coordinates":[36.763642,-1.232885]},"properties":{"lines":"119A","color":"#0059a9","mode":"bus","arr":["119A"],"angle":12,"extra":1,"ei":6}},{"type":"Feature","geometry":{"type":"Point","coordinates":[36.762195,-1.231821]},"properties":{"lines":"119A","color":"#0059a9","mode":"bus","arr":["119A"],"angle":62.5,"extra":1,"ei":7}},{"type":"Feature","geometry":{"type":"Point","coordinates":[36.76132,-1.230147]},"properties":{"lines":"119A","color":"#0059a9","mode":"bus","arr":["119A"],"angle":63.3,"extra":1,"ei":8}},{"type":"Feature","geometry":{"type":"Point","coordinates":[36.759733,-1.229424]},"properties":{"lines":"119A","color":"#0059a9","mode":"bus","arr":["119A"],"angle":18.1,"extra":1,"ei":9}},{"type":"Feature","geometry":{"type":"Point","coordinates":[36.758749,-1.227996]},"properties":{"lines":"119A","color":"#0059a9","mode":"bus","arr":["119A"],"angle":-87.3,"extra":1,"ei":10}},{"type":"Feature","geometry":{"type":"Point","coordinates":[36.756977,-1.225152]},"properties":{"lines":"119A","color":"#0059a9","mode":"bus","arr":["119A"],"angle":30.1,"extra":1,"ei":11}},{"type":"Feature","geometry":{"type":"Point","coordinates":[36.755343,-1.224205]},"properties":{"lines":"119A","color":"#0059a9","mode":"bus","arr":["119A"],"angle":30.1,"extra":1,"ei":12}},{"type":"Feature","geometry":{"type":"Point","coordinates":[36.753593,-1.22355]},"properties":{"lines":"119A","color":"#0059a9","mode":"bus","arr":["119A"],"angle":10.8,"extra":1,"ei":13}},{"type":"Feature","geometry":{"type":"Point","coordinates":[36.751756,-1.223115]},"properties":{"lines":"119A","color":"#0059a9","mode":"bus","arr":["119A"],"angle":15.1,"extra":1,"ei":14}},{"type":"Feature","geometry":{"type":"Point","coordinates":[36.749953,-1.222633]},"properties":{"lines":"119A","color":"#0059a9","mode":"bus","arr":["119A"],"angle":33.1,"extra":1,"ei":15}},{"type":"Feature","geometry":{"type":"Point","coordinates":[36.748204,-1.222067]},"properties":{"lines":"119A","color":"#0059a9","mode":"bus","arr":["119A"],"angle":-7.9,"extra":1,"ei":16}},{"type":"Feature","geometry":{"type":"Point","coordinates":[36.746546,-1.221335]},"properties":{"lines":"119A","color":"#0059a9","mode":"bus","arr":["119A"],"angle":34.5,"extra":1,"ei":17}},{"type":"Feature","geometry":{"type":"Point","coordinates":[36.744934,-1.220355]},"properties":{"lines":"119A","color":"#0059a9","mode":"bus","arr":["119A"],"angle":24.5,"extra":1,"ei":18}},{"type":"Feature","geometry":{"type":"Point","coordinates":[36.743074,-1.220114]},"properties":{"lines":"119A","color":"#0059a9","mode":"bus","arr":["119A"],"angle":6.6,"extra":1,"ei":19}},{"type":"Feature","geometry":{"type":"Point","coordinates":[36.741252,-1.219637]},"properties":{"lines":"119A","color":"#0059a9","mode":"bus","arr":["119A"],"angle":12.8,"extra":1,"ei":20}},{"type":"Feature","geometry":{"type":"Point","coordinates":[36.739404,-1.219246]},"properties":{"lines":"119A","color":"#0059a9","mode":"bus","arr":["119A"],"angle":13,"extra":1,"ei":21}},{"type":"Feature","geometry":{"type":"Point","coordinates":[36.792899,-1.24434]},"properties":{"lines":"119A","color":"#0059a9","mode":"bus","arr":["119A"],"angle":15}},{"type":"Feature","geometry":{"type":"Point","coordinates":[36.776796,-1.234541]},"properties":{"lines":"119A","color":"#0059a9","mode":"bus","arr":["119A"],"angle":18}},{"type":"Feature","geometry":{"type":"Point","coordinates":[36.801944,-1.257935]},"properties":{"lines":"119A","color":"#0059a9","mode":"bus","arr":["119A"],"angle":-86.7}},{"type":"Feature","geometry":{"type":"Point","coordinates":[36.779253,-1.235633]},"properties":{"lines":"119A","color":"#0059a9","mode":"bus","arr":["119A"],"angle":26.5,"extra":1,"ei":0}},{"type":"Feature","geometry":{"type":"Point","coordinates":[36.780945,-1.236473]},"properties":{"lines":"119A","color":"#0059a9","mode":"bus","arr":["119A"],"angle":23.3,"extra":1,"ei":1}},{"type":"Feature","geometry":{"type":"Point","coordinates":[36.782755,-1.237006]},"properties":{"lines":"119A","color":"#0059a9","mode":"bus","arr":["119A"],"angle":14.3,"extra":1,"ei":2}},{"type":"Feature","geometry":{"type":"Point","coordinates":[36.784586,-1.23747]},"properties":{"lines":"119A","color":"#0059a9","mode":"bus","arr":["119A"],"angle":15,"extra":1,"ei":3}},{"type":"Feature","geometry":{"type":"Point","coordinates":[36.786265,-1.238301]},"properties":{"lines":"119A","color":"#0059a9","mode":"bus","arr":["119A"],"angle":32.5,"extra":1,"ei":4}},{"type":"Feature","geometry":{"type":"Point","coordinates":[36.787874,-1.239289]},"properties":{"lines":"119A","color":"#0059a9","mode":"bus","arr":["119A"],"angle":28.2,"extra":1,"ei":5}},{"type":"Feature","geometry":{"type":"Point","coordinates":[36.789558,-1.240139]},"properties":{"lines":"119A","color":"#0059a9","mode":"bus","arr":["119A"],"angle":16.8,"extra":1,"ei":6}},{"type":"Feature","geometry":{"type":"Point","coordinates":[36.791005,-1.241269]},"properties":{"lines":"119A","color":"#0059a9","mode":"bus","arr":["119A"],"angle":40.2,"extra":1,"ei":7}},{"type":"Feature","geometry":{"type":"Point","coordinates":[36.792137,-1.242666]},"properties":{"lines":"119A","color":"#0059a9","mode":"bus","arr":["119A"],"angle":82.1,"extra":1,"ei":8}},{"type":"Feature","geometry":{"type":"Point","coordinates":[36.794133,-1.245476]},"properties":{"lines":"119A","color":"#0059a9","mode":"bus","arr":["119A"],"angle":58.2,"extra":1,"ei":9}},{"type":"Feature","geometry":{"type":"Point","coordinates":[36.795525,-1.246728]},"properties":{"lines":"119A","color":"#0059a9","mode":"bus","arr":["119A"],"angle":50.9,"extra":1,"ei":10}},{"type":"Feature","geometry":{"type":"Point","coordinates":[36.796933,-1.247954]},"properties":{"lines":"119A","color":"#0059a9","mode":"bus","arr":["119A"],"angle":31.6,"extra":1,"ei":11}},{"type":"Feature","geometry":{"type":"Point","coordinates":[36.798594,-1.248846]},"properties":{"lines":"119A","color":"#0059a9","mode":"bus","arr":["119A"],"angle":20.9,"extra":1,"ei":12}},{"type":"Feature","geometry":{"type":"Point","coordinates":[36.800402,-1.249389]},"properties":{"lines":"119A","color":"#0059a9","mode":"bus","arr":["119A"],"angle":17.3,"extra":1,"ei":13}},{"type":"Feature","geometry":{"type":"Point","coordinates":[36.801322,-1.250645]},"properties":{"lines":"119A","color":"#0059a9","mode":"bus","arr":["119A"],"angle":-77.3,"extra":1,"ei":14}},{"type":"Feature","geometry":{"type":"Point","coordinates":[36.802159,-1.252132]},"properties":{"lines":"119A","color":"#0059a9","mode":"bus","arr":["119A"],"angle":36.8,"extra":1,"ei":15}},{"type":"Feature","geometry":{"type":"Point","coordinates":[36.802536,-1.253644]},"properties":{"lines":"119A","color":"#0059a9","mode":"bus","arr":["119A"],"angle":-69,"extra":1,"ei":16}},{"type":"Feature","geometry":{"type":"Point","coordinates":[36.802084,-1.255455]},"properties":{"lines":"119A","color":"#0059a9","mode":"bus","arr":["119A"],"angle":-89.2,"extra":1,"ei":17}},{"type":"Feature","geometry":{"type":"Point","coordinates":[36.802088,-1.254835]},"properties":{"lines":"119A","color":"#0059a9","mode":"bus","arr":["119A"],"angle":-81.2,"mi":1}},{"type":"Feature","geometry":{"type":"Point","coordinates":[36.817065,-1.157404]},"properties":{"lines":"120, 121","color":"#0059a9","mode":"bus","arr":["120","121"],"angle":31}},{"type":"Feature","geometry":{"type":"Point","coordinates":[36.824682,-1.166218]},"properties":{"lines":"120, 121","color":"#0059a9","mode":"bus","arr":["120","121"],"angle":55.4,"extra":1,"ei":0}},{"type":"Feature","geometry":{"type":"Point","coordinates":[36.823621,-1.164656]},"properties":{"lines":"120, 121","color":"#0059a9","mode":"bus","arr":["120","121"],"angle":57.3,"extra":1,"ei":1}},{"type":"Feature","geometry":{"type":"Point","coordinates":[36.822559,-1.163095]},"properties":{"lines":"120, 121","color":"#0059a9","mode":"bus","arr":["120","121"],"angle":56.2,"extra":1,"ei":2}},{"type":"Feature","geometry":{"type":"Point","coordinates":[36.821506,-1.161527]},"properties":{"lines":"120, 121","color":"#0059a9","mode":"bus","arr":["120","121"],"angle":56.7,"extra":1,"ei":3}},{"type":"Feature","geometry":{"type":"Point","coordinates":[36.820445,-1.159966]},"properties":{"lines":"120, 121","color":"#0059a9","mode":"bus","arr":["120","121"],"angle":52.3,"extra":1,"ei":4}},{"type":"Feature","geometry":{"type":"Point","coordinates":[36.819134,-1.158636]},"properties":{"lines":"120, 121","color":"#0059a9","mode":"bus","arr":["120","121"],"angle":32.1,"extra":1,"ei":5}},{"type":"Feature","geometry":{"type":"Point","coordinates":[36.815887,-1.156706]},"properties":{"lines":"120, 121","color":"#0059a9","mode":"bus","arr":["120","121"],"angle":30.1,"extra":1,"ei":6}},{"type":"Feature","geometry":{"type":"Point","coordinates":[36.814264,-1.155739]},"properties":{"lines":"120, 121","color":"#0059a9","mode":"bus","arr":["120","121"],"angle":31.1,"extra":1,"ei":7}},{"type":"Feature","geometry":{"type":"Point","coordinates":[36.812664,-1.154735]},"properties":{"lines":"120, 121","color":"#0059a9","mode":"bus","arr":["120","121"],"angle":32.7,"extra":1,"ei":8}},{"type":"Feature","geometry":{"type":"Point","coordinates":[36.811004,-1.153844]},"properties":{"lines":"120, 121","color":"#0059a9","mode":"bus","arr":["120","121"],"angle":21.4,"extra":1,"ei":9}},{"type":"Feature","geometry":{"type":"Point","coordinates":[36.809244,-1.153157]},"properties":{"lines":"120, 121","color":"#0059a9","mode":"bus","arr":["120","121"],"angle":21.3,"extra":1,"ei":10}},{"type":"Feature","geometry":{"type":"Point","coordinates":[36.807479,-1.152484]},"properties":{"lines":"120, 121","color":"#0059a9","mode":"bus","arr":["120","121"],"angle":20.5,"extra":1,"ei":11}},{"type":"Feature","geometry":{"type":"Point","coordinates":[36.805754,-1.15173]},"properties":{"lines":"120, 121","color":"#0059a9","mode":"bus","arr":["120","121"],"angle":33.3,"extra":1,"ei":12}},{"type":"Feature","geometry":{"type":"Point","coordinates":[36.80414,-1.106721]},"properties":{"lines":"120","color":"#0059a9","mode":"bus","arr":["120"],"angle":21}},{"type":"Feature","geometry":{"type":"Point","coordinates":[36.805694,-1.150605]},"properties":{"lines":"120","color":"#0059a9","mode":"bus","arr":["120"],"angle":-72.4,"extra":1,"ei":0}},{"type":"Feature","geometry":{"type":"Point","coordinates":[36.806596,-1.148963]},"properties":{"lines":"120","color":"#0059a9","mode":"bus","arr":["120"],"angle":-48.9,"extra":1,"ei":1}},{"type":"Feature","geometry":{"type":"Point","coordinates":[36.807985,-1.147691]},"properties":{"lines":"120","color":"#0059a9","mode":"bus","arr":["120"],"angle":-47.3,"extra":1,"ei":2}},{"type":"Feature","geometry":{"type":"Point","coordinates":[36.807908,-1.145916]},"properties":{"lines":"120","color":"#0059a9","mode":"bus","arr":["120"],"angle":83.4,"extra":1,"ei":3}},{"type":"Feature","geometry":{"type":"Point","coordinates":[36.808037,-1.144053]},"properties":{"lines":"120","color":"#0059a9","mode":"bus","arr":["120"],"angle":77.6,"extra":1,"ei":4}},{"type":"Feature","geometry":{"type":"Point","coordinates":[36.807197,-1.142379]},"properties":{"lines":"120","color":"#0059a9","mode":"bus","arr":["120"],"angle":54.6,"extra":1,"ei":5}},{"type":"Feature","geometry":{"type":"Point","coordinates":[36.805839,-1.141077]},"properties":{"lines":"120","color":"#0059a9","mode":"bus","arr":["120"],"angle":45.9,"extra":1,"ei":6}},{"type":"Feature","geometry":{"type":"Point","coordinates":[36.804541,-1.139705]},"properties":{"lines":"120","color":"#0059a9","mode":"bus","arr":["120"],"angle":42.9,"extra":1,"ei":7}},{"type":"Feature","geometry":{"type":"Point","coordinates":[36.803089,-1.1385]},"properties":{"lines":"120","color":"#0059a9","mode":"bus","arr":["120"],"angle":47,"extra":1,"ei":8}},{"type":"Feature","geometry":{"type":"Point","coordinates":[36.80241,-1.136767]},"properties":{"lines":"120","color":"#0059a9","mode":"bus","arr":["120"],"angle":76.3,"extra":1,"ei":9}},{"type":"Feature","geometry":{"type":"Point","coordinates":[36.802015,-1.134923]},"properties":{"lines":"120","color":"#0059a9","mode":"bus","arr":["120"],"angle":86.7,"extra":1,"ei":10}},{"type":"Feature","geometry":{"type":"Point","coordinates":[36.802132,-1.13304]},"properties":{"lines":"120","color":"#0059a9","mode":"bus","arr":["120"],"angle":-85.3,"extra":1,"ei":11}},{"type":"Feature","geometry":{"type":"Point","coordinates":[36.803327,-1.131822]},"properties":{"lines":"120","color":"#0059a9","mode":"bus","arr":["120"],"angle":-13.1,"extra":1,"ei":12}},{"type":"Feature","geometry":{"type":"Point","coordinates":[36.805164,-1.131381]},"properties":{"lines":"120","color":"#0059a9","mode":"bus","arr":["120"],"angle":-13.5,"extra":1,"ei":13}},{"type":"Feature","geometry":{"type":"Point","coordinates":[36.806953,-1.13079]},"properties":{"lines":"120","color":"#0059a9","mode":"bus","arr":["120"],"angle":-24.6,"extra":1,"ei":14}},{"type":"Feature","geometry":{"type":"Point","coordinates":[36.808669,-1.129999]},"properties":{"lines":"120","color":"#0059a9","mode":"bus","arr":["120"],"angle":-25.4,"extra":1,"ei":15}},{"type":"Feature","geometry":{"type":"Point","coordinates":[36.810382,-1.129204]},"properties":{"lines":"120","color":"#0059a9","mode":"bus","arr":["120"],"angle":-24.7,"extra":1,"ei":16}},{"type":"Feature","geometry":{"type":"Point","coordinates":[36.812088,-1.128394]},"properties":{"lines":"120","color":"#0059a9","mode":"bus","arr":["120"],"angle":-25.3,"extra":1,"ei":17}},{"type":"Feature","geometry":{"type":"Point","coordinates":[36.813597,-1.127325]},"properties":{"lines":"120","color":"#0059a9","mode":"bus","arr":["120"],"angle":-59,"extra":1,"ei":18}},{"type":"Feature","geometry":{"type":"Point","coordinates":[36.813703,-1.125516]},"properties":{"lines":"120","color":"#0059a9","mode":"bus","arr":["120"],"angle":66.2,"extra":1,"ei":19}},{"type":"Feature","geometry":{"type":"Point","coordinates":[36.813293,-1.123729]},"properties":{"lines":"120","color":"#0059a9","mode":"bus","arr":["120"],"angle":-78.4,"extra":1,"ei":20}},{"type":"Feature","geometry":{"type":"Point","coordinates":[36.814743,-1.122676]},"properties":{"lines":"120","color":"#0059a9","mode":"bus","arr":["120"],"angle":-21.1,"extra":1,"ei":21}},{"type":"Feature","geometry":{"type":"Point","coordinates":[36.816602,-1.122623]},"properties":{"lines":"120","color":"#0059a9","mode":"bus","arr":["120"],"angle":-3.6,"extra":1,"ei":22}},{"type":"Feature","geometry":{"type":"Point","coordinates":[36.818351,-1.121938]},"properties":{"lines":"120","color":"#0059a9","mode":"bus","arr":["120"],"angle":-26,"extra":1,"ei":23}},{"type":"Feature","geometry":{"type":"Point","coordinates":[36.819351,-1.120596]},"properties":{"lines":"120","color":"#0059a9","mode":"bus","arr":["120"],"angle":72.3,"extra":1,"ei":24}},{"type":"Feature","geometry":{"type":"Point","coordinates":[36.818399,-1.118993]},"properties":{"lines":"120","color":"#0059a9","mode":"bus","arr":["120"],"angle":43.8,"extra":1,"ei":25}},{"type":"Feature","geometry":{"type":"Point","coordinates":[36.816946,-1.117789]},"properties":{"lines":"120","color":"#0059a9","mode":"bus","arr":["120"],"angle":38.6,"extra":1,"ei":26}},{"type":"Feature","geometry":{"type":"Point","coordinates":[36.815356,-1.116785]},"properties":{"lines":"120","color":"#0059a9","mode":"bus","arr":["120"],"angle":21.5,"extra":1,"ei":27}},{"type":"Feature","geometry":{"type":"Point","coordinates":[36.813541,-1.116264]},"properties":{"lines":"120","color":"#0059a9","mode":"bus","arr":["120"],"angle":18.5,"extra":1,"ei":28}},{"type":"Feature","geometry":{"type":"Point","coordinates":[36.812135,-1.115053]},"properties":{"lines":"120","color":"#0059a9","mode":"bus","arr":["120"],"angle":51.2,"extra":1,"ei":29}},{"type":"Feature","geometry":{"type":"Point","coordinates":[36.810959,-1.113575]},"properties":{"lines":"120","color":"#0059a9","mode":"bus","arr":["120"],"angle":51.6,"extra":1,"ei":30}},{"type":"Feature","geometry":{"type":"Point","coordinates":[36.809867,-1.112041]},"properties":{"lines":"120","color":"#0059a9","mode":"bus","arr":["120"],"angle":63.9,"extra":1,"ei":31}},{"type":"Feature","geometry":{"type":"Point","coordinates":[36.808893,-1.110446]},"properties":{"lines":"120","color":"#0059a9","mode":"bus","arr":["120"],"angle":44.1,"extra":1,"ei":32}},{"type":"Feature","geometry":{"type":"Point","coordinates":[36.807512,-1.109158]},"properties":{"lines":"120","color":"#0059a9","mode":"bus","arr":["120"],"angle":45.1,"extra":1,"ei":33}},{"type":"Feature","geometry":{"type":"Point","coordinates":[36.806163,-1.107836]},"properties":{"lines":"120","color":"#0059a9","mode":"bus","arr":["120"],"angle":42.3,"extra":1,"ei":34}},{"type":"Feature","geometry":{"type":"Point","coordinates":[36.802843,-1.106087]},"properties":{"lines":"120","color":"#0059a9","mode":"bus","arr":["120"],"angle":33.2,"extra":1,"ei":35}},{"type":"Feature","geometry":{"type":"Point","coordinates":[36.801506,-1.104765]},"properties":{"lines":"120","color":"#0059a9","mode":"bus","arr":["120"],"angle":49.4,"extra":1,"ei":36}},{"type":"Feature","geometry":{"type":"Point","coordinates":[36.800277,-1.103331]},"properties":{"lines":"120","color":"#0059a9","mode":"bus","arr":["120"],"angle":49,"extra":1,"ei":37}},{"type":"Feature","geometry":{"type":"Point","coordinates":[36.798845,-1.102106]},"properties":{"lines":"120","color":"#0059a9","mode":"bus","arr":["120"],"angle":36.7,"extra":1,"ei":38}},{"type":"Feature","geometry":{"type":"Point","coordinates":[36.797315,-1.101001]},"properties":{"lines":"120","color":"#0059a9","mode":"bus","arr":["120"],"angle":37.6,"extra":1,"ei":39}},{"type":"Feature","geometry":{"type":"Point","coordinates":[36.79583,-1.099834]},"properties":{"lines":"120","color":"#0059a9","mode":"bus","arr":["120"],"angle":37.9,"extra":1,"ei":40}},{"type":"Feature","geometry":{"type":"Point","coordinates":[36.79429,-1.098747]},"properties":{"lines":"120","color":"#0059a9","mode":"bus","arr":["120"],"angle":28.2,"extra":1,"ei":41}},{"type":"Feature","geometry":{"type":"Point","coordinates":[36.792772,-1.097689]},"properties":{"lines":"120","color":"#0059a9","mode":"bus","arr":["120"],"angle":69.3,"extra":1,"ei":42}},{"type":"Feature","geometry":{"type":"Point","coordinates":[36.793138,-1.095888]},"properties":{"lines":"120","color":"#0059a9","mode":"bus","arr":["120"],"angle":-69.7,"extra":1,"ei":43}},{"type":"Feature","geometry":{"type":"Point","coordinates":[36.792249,-1.094579]},"properties":{"lines":"120","color":"#0059a9","mode":"bus","arr":["120"],"angle":26.3,"extra":1,"ei":44}},{"type":"Feature","geometry":{"type":"Point","coordinates":[36.790522,-1.093853]},"properties":{"lines":"120","color":"#0059a9","mode":"bus","arr":["120"],"angle":12.8,"extra":1,"ei":45}},{"type":"Feature","geometry":{"type":"Point","coordinates":[36.788682,-1.093423]},"properties":{"lines":"120","color":"#0059a9","mode":"bus","arr":["120"],"angle":14.1,"extra":1,"ei":46}},{"type":"Feature","geometry":{"type":"Point","coordinates":[36.78685,-1.092963]},"properties":{"lines":"120","color":"#0059a9","mode":"bus","arr":["120"],"angle":14.7,"extra":1,"ei":47}},{"type":"Feature","geometry":{"type":"Point","coordinates":[36.785026,-1.092471]},"properties":{"lines":"120","color":"#0059a9","mode":"bus","arr":["120"],"angle":15.1,"extra":1,"ei":48}},{"type":"Feature","geometry":{"type":"Point","coordinates":[36.783198,-1.091997]},"properties":{"lines":"120","color":"#0059a9","mode":"bus","arr":["120"],"angle":19.5,"extra":1,"ei":49}},{"type":"Feature","geometry":{"type":"Point","coordinates":[36.782281,-1.09052]},"properties":{"lines":"120","color":"#0059a9","mode":"bus","arr":["120"],"angle":-89.4,"extra":1,"ei":50}},{"type":"Feature","geometry":{"type":"Point","coordinates":[36.782228,-1.088633]},"properties":{"lines":"120","color":"#0059a9","mode":"bus","arr":["120"],"angle":84.2,"extra":1,"ei":51}},{"type":"Feature","geometry":{"type":"Point","coordinates":[36.78123,-1.087126]},"properties":{"lines":"120","color":"#0059a9","mode":"bus","arr":["120"],"angle":55.8,"extra":1,"ei":52}},{"type":"Feature","geometry":{"type":"Point","coordinates":[36.781825,-1.085547]},"properties":{"lines":"120","color":"#0059a9","mode":"bus","arr":["120"],"angle":-45.3,"extra":1,"ei":53}},{"type":"Feature","geometry":{"type":"Point","coordinates":[36.782049,-1.083719]},"properties":{"lines":"120","color":"#0059a9","mode":"bus","arr":["120"],"angle":88.5,"extra":1,"ei":54}},{"type":"Feature","geometry":{"type":"Point","coordinates":[36.781577,-1.081923]},"properties":{"lines":"120","color":"#0059a9","mode":"bus","arr":["120"],"angle":63.4,"extra":1,"ei":55}},{"type":"Feature","geometry":{"type":"Point","coordinates":[36.780793,-1.080211]},"properties":{"lines":"120","color":"#0059a9","mode":"bus","arr":["120"],"angle":82.6,"extra":1,"ei":56}},{"type":"Feature","geometry":{"type":"Point","coordinates":[36.780926,-1.078381]},"properties":{"lines":"120","color":"#0059a9","mode":"bus","arr":["120"],"angle":74.5,"extra":1,"ei":57}},{"type":"Feature","geometry":{"type":"Point","coordinates":[36.780538,-1.076536]},"properties":{"lines":"120","color":"#0059a9","mode":"bus","arr":["120"],"angle":80.9,"extra":1,"ei":58}},{"type":"Feature","geometry":{"type":"Point","coordinates":[36.780793,-1.074722]},"properties":{"lines":"120","color":"#0059a9","mode":"bus","arr":["120"],"angle":-54.2,"extra":1,"ei":59}},{"type":"Feature","geometry":{"type":"Point","coordinates":[36.782331,-1.073685]},"properties":{"lines":"120","color":"#0059a9","mode":"bus","arr":["120"],"angle":-12,"extra":1,"ei":60}},{"type":"Feature","geometry":{"type":"Point","coordinates":[36.78418,-1.073938]},"properties":{"lines":"120","color":"#0059a9","mode":"bus","arr":["120"],"angle":12.6,"extra":1,"ei":61}},{"type":"Feature","geometry":{"type":"Point","coordinates":[36.785752,-1.074908]},"properties":{"lines":"120","color":"#0059a9","mode":"bus","arr":["120"],"angle":53.2,"extra":1,"ei":62}},{"type":"Feature","geometry":{"type":"Point","coordinates":[36.786872,-1.075587]},"properties":{"lines":"120","color":"#0059a9","mode":"bus","arr":["120"],"angle":-78.7,"extra":1,"ei":63}},{"type":"Feature","geometry":{"type":"Point","coordinates":[36.786416,-1.073764]},"properties":{"lines":"120","color":"#0059a9","mode":"bus","arr":["120"],"angle":73.7,"extra":1,"ei":64}},{"type":"Feature","geometry":{"type":"Point","coordinates":[36.785486,-1.072234]},"properties":{"lines":"120","color":"#0059a9","mode":"bus","arr":["120"],"angle":29.1,"extra":1,"ei":65}},{"type":"Feature","geometry":{"type":"Point","coordinates":[36.784248,-1.070844]},"properties":{"lines":"120","color":"#0059a9","mode":"bus","arr":["120"],"angle":55.2,"extra":1,"ei":66}},{"type":"Feature","geometry":{"type":"Point","coordinates":[36.783194,-1.069283]},"properties":{"lines":"120","color":"#0059a9","mode":"bus","arr":["120"],"angle":53.8,"extra":1,"ei":67}},{"type":"Feature","geometry":{"type":"Point","coordinates":[36.782674,-1.067528]},"properties":{"lines":"120","color":"#0059a9","mode":"bus","arr":["120"],"angle":85.2,"extra":1,"ei":68}},{"type":"Feature","geometry":{"type":"Point","coordinates":[36.782326,-1.065682]},"properties":{"lines":"120","color":"#0059a9","mode":"bus","arr":["120"],"angle":-74.1,"extra":1,"ei":69}},{"type":"Feature","geometry":{"type":"Point","coordinates":[36.782694,-1.05954]},"properties":{"lines":"120","color":"#0059a9","mode":"bus","arr":["120"],"angle":65.8}},{"type":"Feature","geometry":{"type":"Point","coordinates":[36.783122,-1.063479]},"properties":{"lines":"120","color":"#0059a9","mode":"bus","arr":["120"],"angle":66.4,"extra":1,"ei":0}},{"type":"Feature","geometry":{"type":"Point","coordinates":[36.782988,-1.061731]},"properties":{"lines":"120","color":"#0059a9","mode":"bus","arr":["120"],"angle":-62.5,"extra":1,"ei":1}},{"type":"Feature","geometry":{"type":"Point","coordinates":[36.782101,-1.058208]},"properties":{"lines":"120","color":"#0059a9","mode":"bus","arr":["120"],"angle":62.4,"extra":1,"ei":2}},{"type":"Feature","geometry":{"type":"Point","coordinates":[36.780701,-1.056992]},"properties":{"lines":"120","color":"#0059a9","mode":"bus","arr":["120"],"angle":21.9,"extra":1,"ei":3}},{"type":"Feature","geometry":{"type":"Point","coordinates":[36.840942,-1.229227]},"properties":{"lines":"121","color":"#0059a9","mode":"bus","arr":["121"],"angle":61.9}},{"type":"Feature","geometry":{"type":"Point","coordinates":[36.842036,-1.230775]},"properties":{"lines":"121","color":"#0059a9","mode":"bus","arr":["121"],"angle":42.4,"mi":1}},{"type":"Feature","geometry":{"type":"Point","coordinates":[36.749563,-1.396582]},"properties":{"lines":"125","color":"#0059a9","mode":"bus","arr":["125"],"angle":-23.8}},{"type":"Feature","geometry":{"type":"Point","coordinates":[36.762164,-1.396174]},"properties":{"lines":"125","color":"#0059a9","mode":"bus","arr":["125"],"angle":-23,"side":-1}},{"type":"Feature","geometry":{"type":"Point","coordinates":[36.754679,-1.397099]},"properties":{"lines":"125, 126, 126RK","color":"#0059a9","mode":"bus","arr":["125","126","126RK"],"angle":4.1}},{"type":"Feature","geometry":{"type":"Point","coordinates":[36.750439,-1.3968]},"properties":{"lines":"125, 126, 126RK","color":"#0059a9","mode":"bus","arr":["125","126","126RK"],"angle":3.9,"extra":1,"ei":0}},{"type":"Feature","geometry":{"type":"Point","coordinates":[36.752323,-1.396927]},"properties":{"lines":"125, 126, 126RK","color":"#0059a9","mode":"bus","arr":["125","126","126RK"],"angle":4,"extra":1,"ei":1}},{"type":"Feature","geometry":{"type":"Point","coordinates":[36.756091,-1.3972]},"properties":{"lines":"125, 126, 126RK","color":"#0059a9","mode":"bus","arr":["125","126","126RK"],"angle":3.7,"extra":1,"ei":2}},{"type":"Feature","geometry":{"type":"Point","coordinates":[36.757975,-1.397334]},"properties":{"lines":"125, 126, 126RK","color":"#0059a9","mode":"bus","arr":["125","126","126RK"],"angle":2.2,"extra":1,"ei":3}},{"type":"Feature","geometry":{"type":"Point","coordinates":[36.759824,-1.397051]},"properties":{"lines":"125, 126, 126RK","color":"#0059a9","mode":"bus","arr":["125","126","126RK"],"angle":-18.5,"extra":1,"ei":4}},{"type":"Feature","geometry":{"type":"Point","coordinates":[36.768842,-1.372679]},"properties":{"lines":"125, 126","color":"#0059a9","mode":"bus","arr":["125","126"],"angle":64.5}},{"type":"Feature","geometry":{"type":"Point","coordinates":[36.765976,-1.344731]},"properties":{"lines":"125, 126","color":"#0059a9","mode":"bus","arr":["125","126"],"angle":-71.4,"mi":2}},{"type":"Feature","geometry":{"type":"Point","coordinates":[36.760689,-1.396666]},"properties":{"lines":"125, 126","color":"#0059a9","mode":"bus","arr":["125","126"],"angle":-24.4,"extra":1,"ei":0}},{"type":"Feature","geometry":{"type":"Point","coordinates":[36.762412,-1.395892]},"properties":{"lines":"125, 126","color":"#0059a9","mode":"bus","arr":["125","126"],"angle":-23.6,"extra":1,"ei":1}},{"type":"Feature","geometry":{"type":"Point","coordinates":[36.763956,-1.394875]},"properties":{"lines":"125, 126","color":"#0059a9","mode":"bus","arr":["125","126"],"angle":-52.5,"extra":1,"ei":2}},{"type":"Feature","geometry":{"type":"Point","coordinates":[36.765015,-1.393313]},"properties":{"lines":"125, 126","color":"#0059a9","mode":"bus","arr":["125","126"],"angle":-57.8,"extra":1,"ei":3}},{"type":"Feature","geometry":{"type":"Point","coordinates":[36.766002,-1.391702]},"properties":{"lines":"125, 126","color":"#0059a9","mode":"bus","arr":["125","126"],"angle":-56.2,"extra":1,"ei":4}},{"type":"Feature","geometry":{"type":"Point","coordinates":[36.767158,-1.390212]},"properties":{"lines":"125, 126","color":"#0059a9","mode":"bus","arr":["125","126"],"angle":-50.5,"extra":1,"ei":5}},{"type":"Feature","geometry":{"type":"Point","coordinates":[36.768594,-1.389022]},"properties":{"lines":"125, 126","color":"#0059a9","mode":"bus","arr":["125","126"],"angle":-26.1,"extra":1,"ei":6}},{"type":"Feature","geometry":{"type":"Point","coordinates":[36.770079,-1.387891]},"properties":{"lines":"125, 126","color":"#0059a9","mode":"bus","arr":["125","126"],"angle":-44.7,"extra":1,"ei":7}},{"type":"Feature","geometry":{"type":"Point","coordinates":[36.77111,-1.38636]},"properties":{"lines":"125, 126","color":"#0059a9","mode":"bus","arr":["125","126"],"angle":-82.3,"extra":1,"ei":8}},{"type":"Feature","geometry":{"type":"Point","coordinates":[36.770921,-1.384486]},"properties":{"lines":"125, 126","color":"#0059a9","mode":"bus","arr":["125","126"],"angle":82.3,"extra":1,"ei":9}},{"type":"Feature","geometry":{"type":"Point","coordinates":[36.770681,-1.382613]},"properties":{"lines":"125, 126","color":"#0059a9","mode":"bus","arr":["125","126"],"angle":82.4,"extra":1,"ei":10}},{"type":"Feature","geometry":{"type":"Point","coordinates":[36.770396,-1.380746]},"properties":{"lines":"125, 126","color":"#0059a9","mode":"bus","arr":["125","126"],"angle":81.7,"extra":1,"ei":11}},{"type":"Feature","geometry":{"type":"Point","coordinates":[36.770132,-1.378876]},"properties":{"lines":"125, 126","color":"#0059a9","mode":"bus","arr":["125","126"],"angle":81.7,"extra":1,"ei":12}},{"type":"Feature","geometry":{"type":"Point","coordinates":[36.769864,-1.377007]},"properties":{"lines":"125, 126","color":"#0059a9","mode":"bus","arr":["125","126"],"angle":82.2,"extra":1,"ei":13}},{"type":"Feature","geometry":{"type":"Point","coordinates":[36.769599,-1.375137]},"properties":{"lines":"125, 126","color":"#0059a9","mode":"bus","arr":["125","126"],"angle":81.5,"extra":1,"ei":14}},{"type":"Feature","geometry":{"type":"Point","coordinates":[36.768316,-1.371609]},"properties":{"lines":"125, 126","color":"#0059a9","mode":"bus","arr":["125","126"],"angle":62.7,"extra":1,"ei":15}},{"type":"Feature","geometry":{"type":"Point","coordinates":[36.767508,-1.369904]},"properties":{"lines":"125, 126","color":"#0059a9","mode":"bus","arr":["125","126"],"angle":73.6,"extra":1,"ei":16}},{"type":"Feature","geometry":{"type":"Point","coordinates":[36.767657,-1.368039]},"properties":{"lines":"125, 126","color":"#0059a9","mode":"bus","arr":["125","126"],"angle":-85.7,"extra":1,"ei":17}},{"type":"Feature","geometry":{"type":"Point","coordinates":[36.766996,-1.366308]},"properties":{"lines":"125, 126","color":"#0059a9","mode":"bus","arr":["125","126"],"angle":61.1,"extra":1,"ei":18}},{"type":"Feature","geometry":{"type":"Point","coordinates":[36.76607,-1.364662]},"properties":{"lines":"125, 126","color":"#0059a9","mode":"bus","arr":["125","126"],"angle":60.3,"extra":1,"ei":19}},{"type":"Feature","geometry":{"type":"Point","coordinates":[36.764915,-1.363177]},"properties":{"lines":"125, 126","color":"#0059a9","mode":"bus","arr":["125","126"],"angle":48.6,"extra":1,"ei":20}},{"type":"Feature","geometry":{"type":"Point","coordinates":[36.763647,-1.361777]},"properties":{"lines":"125, 126","color":"#0059a9","mode":"bus","arr":["125","126"],"angle":47.7,"extra":1,"ei":21}},{"type":"Feature","geometry":{"type":"Point","coordinates":[36.762685,-1.360197]},"properties":{"lines":"125, 126","color":"#0059a9","mode":"bus","arr":["125","126"],"angle":81.7,"extra":1,"ei":22}},{"type":"Feature","geometry":{"type":"Point","coordinates":[36.762564,-1.358313]},"properties":{"lines":"125, 126","color":"#0059a9","mode":"bus","arr":["125","126"],"angle":84.3,"extra":1,"ei":23}},{"type":"Feature","geometry":{"type":"Point","coordinates":[36.762169,-1.35647]},"properties":{"lines":"125, 126","color":"#0059a9","mode":"bus","arr":["125","126"],"angle":76.4,"extra":1,"ei":24}},{"type":"Feature","geometry":{"type":"Point","coordinates":[36.761892,-1.354618]},"properties":{"lines":"125, 126","color":"#0059a9","mode":"bus","arr":["125","126"],"angle":-77,"extra":1,"ei":25}},{"type":"Feature","geometry":{"type":"Point","coordinates":[36.762668,-1.352899]},"properties":{"lines":"125, 126","color":"#0059a9","mode":"bus","arr":["125","126"],"angle":-65.6,"extra":1,"ei":26}},{"type":"Feature","geometry":{"type":"Point","coordinates":[36.76318,-1.351091]},"properties":{"lines":"125, 126","color":"#0059a9","mode":"bus","arr":["125","126"],"angle":-62.2,"extra":1,"ei":27}},{"type":"Feature","geometry":{"type":"Point","coordinates":[36.76426,-1.349543]},"properties":{"lines":"125, 126","color":"#0059a9","mode":"bus","arr":["125","126"],"angle":-54.8,"extra":1,"ei":28}},{"type":"Feature","geometry":{"type":"Point","coordinates":[36.764972,-1.34781]},"properties":{"lines":"125, 126","color":"#0059a9","mode":"bus","arr":["125","126"],"angle":-70.7,"extra":1,"ei":29}},{"type":"Feature","geometry":{"type":"Point","coordinates":[36.765606,-1.346032]},"properties":{"lines":"125, 126","color":"#0059a9","mode":"bus","arr":["125","126"],"angle":-71.4,"extra":1,"ei":30}},{"type":"Feature","geometry":{"type":"Point","coordinates":[36.76642,-1.343599]},"properties":{"lines":"125, 126","color":"#0059a9","mode":"bus","arr":["125","126"],"angle":-70.1,"extra":1,"ei":0}},{"type":"Feature","geometry":{"type":"Point","coordinates":[36.768359,-1.341838]},"properties":{"lines":"125, 126","color":"#0059a9","mode":"bus","arr":["125","126"],"angle":-30,"mi":1}},{"type":"Feature","geometry":{"type":"Point","coordinates":[36.769432,-1.341123]},"properties":{"lines":"125, 126","color":"#0059a9","mode":"bus","arr":["125","126"],"angle":-29,"extra":1,"ei":0}},{"type":"Feature","geometry":{"type":"Point","coordinates":[36.766651,-1.342365]},"properties":{"lines":"125, 126","color":"#0059a9","mode":"bus","arr":["125","126"],"angle":-39.5}},{"type":"Feature","geometry":{"type":"Point","coordinates":[36.768481,-1.34216]},"properties":{"lines":"125","color":"#0059a9","mode":"bus","arr":["125"],"angle":-25.9,"side":-1,"mi":1}},{"type":"Feature","geometry":{"type":"Point","coordinates":[36.767352,-1.34263]},"properties":{"lines":"125","color":"#0059a9","mode":"bus","arr":["125"],"angle":-23.5,"extra":1,"ei":0,"side":-1}},{"type":"Feature","geometry":{"type":"Point","coordinates":[36.76659,-1.343614]},"properties":{"lines":"125","color":"#0059a9","mode":"bus","arr":["125"],"angle":-72.1,"side":-1}},{"type":"Feature","geometry":{"type":"Point","coordinates":[36.687272,-1.430052]},"properties":{"lines":"126, 126RK","color":"#0059a9","mode":"bus","arr":["126","126RK"],"angle":70.6,"mi":2}},{"type":"Feature","geometry":{"type":"Point","coordinates":[36.715124,-1.406821]},"properties":{"lines":"126, 126RK","color":"#0059a9","mode":"bus","arr":["126","126RK"],"angle":-43.6}},{"type":"Feature","geometry":{"type":"Point","coordinates":[36.688225,-1.429971]},"properties":{"lines":"126, 126RK","color":"#0059a9","mode":"bus","arr":["126","126RK"],"angle":-33.2,"extra":1,"ei":0}},{"type":"Feature","geometry":{"type":"Point","coordinates":[36.689623,-1.428715]},"properties":{"lines":"126, 126RK","color":"#0059a9","mode":"bus","arr":["126","126RK"],"angle":-48,"extra":1,"ei":1}},{"type":"Feature","geometry":{"type":"Point","coordinates":[36.690983,-1.427412]},"properties":{"lines":"126, 126RK","color":"#0059a9","mode":"bus","arr":["126","126RK"],"angle":-38.9,"extra":1,"ei":2}},{"type":"Feature","geometry":{"type":"Point","coordinates":[36.69245,-1.426222]},"properties":{"lines":"126, 126RK","color":"#0059a9","mode":"bus","arr":["126","126RK"],"angle":-39.8,"extra":1,"ei":3}},{"type":"Feature","geometry":{"type":"Point","coordinates":[36.693877,-1.424986]},"properties":{"lines":"126, 126RK","color":"#0059a9","mode":"bus","arr":["126","126RK"],"angle":-40.3,"extra":1,"ei":4}},{"type":"Feature","geometry":{"type":"Point","coordinates":[36.695329,-1.423777]},"properties":{"lines":"126, 126RK","color":"#0059a9","mode":"bus","arr":["126","126RK"],"angle":-39.8,"extra":1,"ei":5}},{"type":"Feature","geometry":{"type":"Point","coordinates":[36.696881,-1.422732]},"properties":{"lines":"126, 126RK","color":"#0059a9","mode":"bus","arr":["126","126RK"],"angle":-14.5,"extra":1,"ei":6}},{"type":"Feature","geometry":{"type":"Point","coordinates":[36.698743,-1.422435]},"properties":{"lines":"126, 126RK","color":"#0059a9","mode":"bus","arr":["126","126RK"],"angle":-18.7,"extra":1,"ei":7}},{"type":"Feature","geometry":{"type":"Point","coordinates":[36.700501,-1.421745]},"properties":{"lines":"126, 126RK","color":"#0059a9","mode":"bus","arr":["126","126RK"],"angle":-21.8,"extra":1,"ei":8}},{"type":"Feature","geometry":{"type":"Point","coordinates":[36.702247,-1.421025]},"properties":{"lines":"126, 126RK","color":"#0059a9","mode":"bus","arr":["126","126RK"],"angle":-21.8,"extra":1,"ei":9}},{"type":"Feature","geometry":{"type":"Point","coordinates":[36.703989,-1.420296]},"properties":{"lines":"126, 126RK","color":"#0059a9","mode":"bus","arr":["126","126RK"],"angle":-22.4,"extra":1,"ei":10}},{"type":"Feature","geometry":{"type":"Point","coordinates":[36.705723,-1.419548]},"properties":{"lines":"126, 126RK","color":"#0059a9","mode":"bus","arr":["126","126RK"],"angle":-24.7,"extra":1,"ei":11}},{"type":"Feature","geometry":{"type":"Point","coordinates":[36.707454,-1.418793]},"properties":{"lines":"126, 126RK","color":"#0059a9","mode":"bus","arr":["126","126RK"],"angle":-24.3,"extra":1,"ei":12}},{"type":"Feature","geometry":{"type":"Point","coordinates":[36.708962,-1.417681]},"properties":{"lines":"126, 126RK","color":"#0059a9","mode":"bus","arr":["126","126RK"],"angle":-43.9,"extra":1,"ei":13}},{"type":"Feature","geometry":{"type":"Point","coordinates":[36.71034,-1.41639]},"properties":{"lines":"126, 126RK","color":"#0059a9","mode":"bus","arr":["126","126RK"],"angle":-44.7,"extra":1,"ei":14}},{"type":"Feature","geometry":{"type":"Point","coordinates":[36.711117,-1.414711]},"properties":{"lines":"126, 126RK","color":"#0059a9","mode":"bus","arr":["126","126RK"],"angle":-76.4,"extra":1,"ei":15}},{"type":"Feature","geometry":{"type":"Point","coordinates":[36.711523,-1.412866]},"properties":{"lines":"126, 126RK","color":"#0059a9","mode":"bus","arr":["126","126RK"],"angle":-77,"extra":1,"ei":16}},{"type":"Feature","geometry":{"type":"Point","coordinates":[36.71197,-1.411031]},"properties":{"lines":"126, 126RK","color":"#0059a9","mode":"bus","arr":["126","126RK"],"angle":-75.5,"extra":1,"ei":17}},{"type":"Feature","geometry":{"type":"Point","coordinates":[36.712743,-1.409321]},"properties":{"lines":"126, 126RK","color":"#0059a9","mode":"bus","arr":["126","126RK"],"angle":-54.9,"extra":1,"ei":18}},{"type":"Feature","geometry":{"type":"Point","coordinates":[36.713986,-1.407905]},"properties":{"lines":"126, 126RK","color":"#0059a9","mode":"bus","arr":["126","126RK"],"angle":-43.6,"extra":1,"ei":19}},{"type":"Feature","geometry":{"type":"Point","coordinates":[36.71672,-1.405298]},"properties":{"lines":"126, 126RK","color":"#0059a9","mode":"bus","arr":["126","126RK"],"angle":-43.6,"extra":1,"ei":20}},{"type":"Feature","geometry":{"type":"Point","coordinates":[36.718087,-1.403995]},"properties":{"lines":"126, 126RK","color":"#0059a9","mode":"bus","arr":["126","126RK"],"angle":-43.6,"extra":1,"ei":21}},{"type":"Feature","geometry":{"type":"Point","coordinates":[36.719471,-1.40271]},"properties":{"lines":"126, 126RK","color":"#0059a9","mode":"bus","arr":["126","126RK"],"angle":-35.9,"extra":1,"ei":22}},{"type":"Feature","geometry":{"type":"Point","coordinates":[36.721143,-1.401837]},"properties":{"lines":"126, 126RK","color":"#0059a9","mode":"bus","arr":["126","126RK"],"angle":-24.7,"extra":1,"ei":23}},{"type":"Feature","geometry":{"type":"Point","coordinates":[36.722837,-1.401004]},"properties":{"lines":"126, 126RK","color":"#0059a9","mode":"bus","arr":["126","126RK"],"angle":-31,"extra":1,"ei":24}},{"type":"Feature","geometry":{"type":"Point","coordinates":[36.724274,-1.399795]},"properties":{"lines":"126, 126RK","color":"#0059a9","mode":"bus","arr":["126","126RK"],"angle":-45.8,"extra":1,"ei":25}},{"type":"Feature","geometry":{"type":"Point","coordinates":[36.725624,-1.398475]},"properties":{"lines":"126, 126RK","color":"#0059a9","mode":"bus","arr":["126","126RK"],"angle":-42.3,"extra":1,"ei":26}},{"type":"Feature","geometry":{"type":"Point","coordinates":[36.726976,-1.397156]},"properties":{"lines":"126, 126RK","color":"#0059a9","mode":"bus","arr":["126","126RK"],"angle":-44.3,"extra":1,"ei":27}},{"type":"Feature","geometry":{"type":"Point","coordinates":[36.728543,-1.396126]},"properties":{"lines":"126, 126RK","color":"#0059a9","mode":"bus","arr":["126","126RK"],"angle":-23.2,"extra":1,"ei":28}},{"type":"Feature","geometry":{"type":"Point","coordinates":[36.730369,-1.395655]},"properties":{"lines":"126, 126RK","color":"#0059a9","mode":"bus","arr":["126","126RK"],"angle":-12.5,"extra":1,"ei":29}},{"type":"Feature","geometry":{"type":"Point","coordinates":[36.732237,-1.395472]},"properties":{"lines":"126, 126RK","color":"#0059a9","mode":"bus","arr":["126","126RK"],"angle":3.6,"extra":1,"ei":30}},{"type":"Feature","geometry":{"type":"Point","coordinates":[36.734121,-1.395603]},"properties":{"lines":"126, 126RK","color":"#0059a9","mode":"bus","arr":["126","126RK"],"angle":5.7,"extra":1,"ei":31}},{"type":"Feature","geometry":{"type":"Point","coordinates":[36.736003,-1.39573]},"properties":{"lines":"126, 126RK","color":"#0059a9","mode":"bus","arr":["126","126RK"],"angle":3.4,"extra":1,"ei":32}},{"type":"Feature","geometry":{"type":"Point","coordinates":[36.737888,-1.395857]},"properties":{"lines":"126, 126RK","color":"#0059a9","mode":"bus","arr":["126","126RK"],"angle":4.3,"extra":1,"ei":33}},{"type":"Feature","geometry":{"type":"Point","coordinates":[36.739771,-1.395996]},"properties":{"lines":"126, 126RK","color":"#0059a9","mode":"bus","arr":["126","126RK"],"angle":4,"extra":1,"ei":34}},{"type":"Feature","geometry":{"type":"Point","coordinates":[36.741655,-1.396136]},"properties":{"lines":"126, 126RK","color":"#0059a9","mode":"bus","arr":["126","126RK"],"angle":4,"extra":1,"ei":35}},{"type":"Feature","geometry":{"type":"Point","coordinates":[36.743539,-1.39628]},"properties":{"lines":"126, 126RK","color":"#0059a9","mode":"bus","arr":["126","126RK"],"angle":4.8,"extra":1,"ei":36}},{"type":"Feature","geometry":{"type":"Point","coordinates":[36.745421,-1.396438]},"properties":{"lines":"126, 126RK","color":"#0059a9","mode":"bus","arr":["126","126RK"],"angle":5.3,"extra":1,"ei":37}},{"type":"Feature","geometry":{"type":"Point","coordinates":[36.747304,-1.396584]},"properties":{"lines":"126, 126RK","color":"#0059a9","mode":"bus","arr":["126","126RK"],"angle":4.5,"extra":1,"ei":38}},{"type":"Feature","geometry":{"type":"Point","coordinates":[36.749188,-1.396712]},"properties":{"lines":"126, 126RK","color":"#0059a9","mode":"bus","arr":["126","126RK"],"angle":3.4,"extra":1,"ei":39}},{"type":"Feature","geometry":{"type":"Point","coordinates":[36.739738,-1.396079]},"properties":{"lines":"126","color":"#0059a9","mode":"bus","arr":["126"],"angle":3.1,"side":-1}},{"type":"Feature","geometry":{"type":"Point","coordinates":[36.686029,-1.428338]},"properties":{"lines":"126","color":"#0059a9","mode":"bus","arr":["126"],"angle":-11.9}},{"type":"Feature","geometry":{"type":"Point","coordinates":[36.768427,-1.342093]},"properties":{"lines":"126","color":"#0059a9","mode":"bus","arr":["126"],"angle":-27.7,"side":-1,"mi":1}},{"type":"Feature","geometry":{"type":"Point","coordinates":[36.767278,-1.342566]},"properties":{"lines":"126","color":"#0059a9","mode":"bus","arr":["126"],"angle":-21,"extra":1,"ei":0,"side":-1}},{"type":"Feature","geometry":{"type":"Point","coordinates":[36.766521,-1.343571]},"properties":{"lines":"126","color":"#0059a9","mode":"bus","arr":["126"],"angle":-71.9}},{"type":"Feature","geometry":{"type":"Point","coordinates":[36.686567,-1.42994]},"properties":{"lines":"126, 126RK","color":"#0059a9","mode":"bus","arr":["126","126RK"],"angle":-28.3}},{"type":"Feature","geometry":{"type":"Point","coordinates":[36.685905,-1.429904]},"properties":{"lines":"126, 126RK","color":"#0059a9","mode":"bus","arr":["126","126RK"],"angle":72.1,"mi":1}},{"type":"Feature","geometry":{"type":"Point","coordinates":[36.685615,-1.429052]},"properties":{"lines":"126","color":"#0059a9","mode":"bus","arr":["126"],"angle":70.6,"mi":2}},{"type":"Feature","geometry":{"type":"Point","coordinates":[36.686781,-1.428637]},"properties":{"lines":"126","color":"#0059a9","mode":"bus","arr":["126"],"angle":71.4,"mi":1}},{"type":"Feature","geometry":{"type":"Point","coordinates":[36.682146,-1.391215]},"properties":{"lines":"126N","color":"#0059a9","mode":"bus","arr":["126N"],"angle":45.1}},{"type":"Feature","geometry":{"type":"Point","coordinates":[36.686326,-1.427343]},"properties":{"lines":"126N","color":"#0059a9","mode":"bus","arr":["126N"],"angle":69.4,"extra":1,"ei":0}},{"type":"Feature","geometry":{"type":"Point","coordinates":[36.685654,-1.425577]},"properties":{"lines":"126N","color":"#0059a9","mode":"bus","arr":["126N"],"angle":68.8,"extra":1,"ei":1}},{"type":"Feature","geometry":{"type":"Point","coordinates":[36.685237,-1.423767]},"properties":{"lines":"126N","color":"#0059a9","mode":"bus","arr":["126N"],"angle":-79.1,"extra":1,"ei":2}},{"type":"Feature","geometry":{"type":"Point","coordinates":[36.68555,-1.421938]},"properties":{"lines":"126N","color":"#0059a9","mode":"bus","arr":["126N"],"angle":85.8,"extra":1,"ei":3}},{"type":"Feature","geometry":{"type":"Point","coordinates":[36.685546,-1.420054]},"properties":{"lines":"126N","color":"#0059a9","mode":"bus","arr":["126N"],"angle":-81.9,"extra":1,"ei":4}},{"type":"Feature","geometry":{"type":"Point","coordinates":[36.685976,-1.418222]},"properties":{"lines":"126N","color":"#0059a9","mode":"bus","arr":["126N"],"angle":-68.6,"extra":1,"ei":5}},{"type":"Feature","geometry":{"type":"Point","coordinates":[36.686717,-1.416485]},"properties":{"lines":"126N","color":"#0059a9","mode":"bus","arr":["126N"],"angle":-66.5,"extra":1,"ei":6}},{"type":"Feature","geometry":{"type":"Point","coordinates":[36.687497,-1.414765]},"properties":{"lines":"126N","color":"#0059a9","mode":"bus","arr":["126N"],"angle":-65.8,"extra":1,"ei":7}},{"type":"Feature","geometry":{"type":"Point","coordinates":[36.687927,-1.412945]},"properties":{"lines":"126N","color":"#0059a9","mode":"bus","arr":["126N"],"angle":-90,"extra":1,"ei":8}},{"type":"Feature","geometry":{"type":"Point","coordinates":[36.687845,-1.411059]},"properties":{"lines":"126N","color":"#0059a9","mode":"bus","arr":["126N"],"angle":88.3,"extra":1,"ei":9}},{"type":"Feature","geometry":{"type":"Point","coordinates":[36.687837,-1.409171]},"properties":{"lines":"126N","color":"#0059a9","mode":"bus","arr":["126N"],"angle":-88.3,"extra":1,"ei":10}},{"type":"Feature","geometry":{"type":"Point","coordinates":[36.688043,-1.407295]},"properties":{"lines":"126N","color":"#0059a9","mode":"bus","arr":["126N"],"angle":-84.7,"extra":1,"ei":11}},{"type":"Feature","geometry":{"type":"Point","coordinates":[36.68804,-1.405416]},"properties":{"lines":"126N","color":"#0059a9","mode":"bus","arr":["126N"],"angle":82.1,"extra":1,"ei":12}},{"type":"Feature","geometry":{"type":"Point","coordinates":[36.687778,-1.403545]},"properties":{"lines":"126N","color":"#0059a9","mode":"bus","arr":["126N"],"angle":82,"extra":1,"ei":13}},{"type":"Feature","geometry":{"type":"Point","coordinates":[36.687506,-1.401676]},"properties":{"lines":"126N","color":"#0059a9","mode":"bus","arr":["126N"],"angle":81.5,"extra":1,"ei":14}},{"type":"Feature","geometry":{"type":"Point","coordinates":[36.687102,-1.399834]},"properties":{"lines":"126N","color":"#0059a9","mode":"bus","arr":["126N"],"angle":72.9,"extra":1,"ei":15}},{"type":"Feature","geometry":{"type":"Point","coordinates":[36.686422,-1.398073]},"properties":{"lines":"126N","color":"#0059a9","mode":"bus","arr":["126N"],"angle":67.9,"extra":1,"ei":16}},{"type":"Feature","geometry":{"type":"Point","coordinates":[36.685707,-1.396325]},"properties":{"lines":"126N","color":"#0059a9","mode":"bus","arr":["126N"],"angle":68,"extra":1,"ei":17}},{"type":"Feature","geometry":{"type":"Point","coordinates":[36.68497,-1.394587]},"properties":{"lines":"126N","color":"#0059a9","mode":"bus","arr":["126N"],"angle":63.5,"extra":1,"ei":18}},{"type":"Feature","geometry":{"type":"Point","coordinates":[36.683851,-1.393072]},"properties":{"lines":"126N","color":"#0059a9","mode":"bus","arr":["126N"],"angle":47.4,"extra":1,"ei":19}},{"type":"Feature","geometry":{"type":"Point","coordinates":[36.681276,-1.390311]},"properties":{"lines":"126N","color":"#0059a9","mode":"bus","arr":["126N"],"angle":48,"extra":1,"ei":20}},{"type":"Feature","geometry":{"type":"Point","coordinates":[36.680101,-1.388837]},"properties":{"lines":"126N","color":"#0059a9","mode":"bus","arr":["126N"],"angle":52.8,"extra":1,"ei":21}},{"type":"Feature","geometry":{"type":"Point","coordinates":[36.67909,-1.387243]},"properties":{"lines":"126N","color":"#0059a9","mode":"bus","arr":["126N"],"angle":58.9,"extra":1,"ei":22}},{"type":"Feature","geometry":{"type":"Point","coordinates":[36.678136,-1.385613]},"properties":{"lines":"126N","color":"#0059a9","mode":"bus","arr":["126N"],"angle":59.6,"extra":1,"ei":23}},{"type":"Feature","geometry":{"type":"Point","coordinates":[36.677227,-1.383961]},"properties":{"lines":"126N","color":"#0059a9","mode":"bus","arr":["126N"],"angle":66.8,"extra":1,"ei":24}},{"type":"Feature","geometry":{"type":"Point","coordinates":[36.676794,-1.382134]},"properties":{"lines":"126N","color":"#0059a9","mode":"bus","arr":["126N"],"angle":85.4,"extra":1,"ei":25}},{"type":"Feature","geometry":{"type":"Point","coordinates":[36.676643,-1.380251]},"properties":{"lines":"126N","color":"#0059a9","mode":"bus","arr":["126N"],"angle":85.5,"extra":1,"ei":26}},{"type":"Feature","geometry":{"type":"Point","coordinates":[36.676497,-1.378368]},"properties":{"lines":"126N","color":"#0059a9","mode":"bus","arr":["126N"],"angle":85.7,"extra":1,"ei":27}},{"type":"Feature","geometry":{"type":"Point","coordinates":[36.676339,-1.376486]},"properties":{"lines":"126N","color":"#0059a9","mode":"bus","arr":["126N"],"angle":79.9,"extra":1,"ei":28}},{"type":"Feature","geometry":{"type":"Point","coordinates":[36.675189,-1.375062]},"properties":{"lines":"126N","color":"#0059a9","mode":"bus","arr":["126N"],"angle":33,"extra":1,"ei":29}},{"type":"Feature","geometry":{"type":"Point","coordinates":[36.673462,-1.37431]},"properties":{"lines":"126N","color":"#0059a9","mode":"bus","arr":["126N"],"angle":20.2,"extra":1,"ei":30}},{"type":"Feature","geometry":{"type":"Point","coordinates":[36.672006,-1.373148]},"properties":{"lines":"126N","color":"#0059a9","mode":"bus","arr":["126N"],"angle":46.4,"extra":1,"ei":31}},{"type":"Feature","geometry":{"type":"Point","coordinates":[36.670668,-1.371816]},"properties":{"lines":"126N","color":"#0059a9","mode":"bus","arr":["126N"],"angle":44.6,"extra":1,"ei":32}},{"type":"Feature","geometry":{"type":"Point","coordinates":[36.669151,-1.370723]},"properties":{"lines":"126N","color":"#0059a9","mode":"bus","arr":["126N"],"angle":18.5,"extra":1,"ei":33}},{"type":"Feature","geometry":{"type":"Point","coordinates":[36.667278,-1.370525]},"properties":{"lines":"126N","color":"#0059a9","mode":"bus","arr":["126N"],"angle":1.6,"extra":1,"ei":34}},{"type":"Feature","geometry":{"type":"Point","coordinates":[36.665425,-1.370756]},"properties":{"lines":"126N","color":"#0059a9","mode":"bus","arr":["126N"],"angle":-25.1,"extra":1,"ei":35}},{"type":"Feature","geometry":{"type":"Point","coordinates":[36.663861,-1.371807]},"properties":{"lines":"126N","color":"#0059a9","mode":"bus","arr":["126N"],"angle":-32.2,"extra":1,"ei":36}},{"type":"Feature","geometry":{"type":"Point","coordinates":[36.662088,-1.372323]},"properties":{"lines":"126N","color":"#0059a9","mode":"bus","arr":["126N"],"angle":2.2,"extra":1,"ei":37}},{"type":"Feature","geometry":{"type":"Point","coordinates":[36.660418,-1.371574]},"properties":{"lines":"126N","color":"#0059a9","mode":"bus","arr":["126N"],"angle":47.3,"extra":1,"ei":38}},{"type":"Feature","geometry":{"type":"Point","coordinates":[36.659324,-1.370036]},"properties":{"lines":"126N","color":"#0059a9","mode":"bus","arr":["126N"],"angle":53.7,"extra":1,"ei":39}},{"type":"Feature","geometry":{"type":"Point","coordinates":[36.658195,-1.368522]},"properties":{"lines":"126N","color":"#0059a9","mode":"bus","arr":["126N"],"angle":54,"extra":1,"ei":40}},{"type":"Feature","geometry":{"type":"Point","coordinates":[36.656894,-1.365141]},"properties":{"lines":"126N","color":"#0059a9","mode":"bus","arr":["126N"],"angle":73.4}},{"type":"Feature","geometry":{"type":"Point","coordinates":[36.657599,-1.367408]},"properties":{"lines":"126N","color":"#0059a9","mode":"bus","arr":["126N"],"angle":68.8,"extra":1,"ei":0}},{"type":"Feature","geometry":{"type":"Point","coordinates":[36.65648,-1.363801]},"properties":{"lines":"126N","color":"#0059a9","mode":"bus","arr":["126N"],"angle":72.8,"extra":1,"ei":1}},{"type":"Feature","geometry":{"type":"Point","coordinates":[36.655383,-1.362342]},"properties":{"lines":"126N","color":"#0059a9","mode":"bus","arr":["126N"],"angle":35.4,"extra":1,"ei":2}},{"type":"Feature","geometry":{"type":"Point","coordinates":[36.655727,-1.361451]},"properties":{"lines":"126N","color":"#0059a9","mode":"bus","arr":["126N"],"angle":-74.9,"mi":1}},{"type":"Feature","geometry":{"type":"Point","coordinates":[36.63056,-1.107306]},"properties":{"lines":"135","color":"#0059a9","mode":"bus","arr":["135"],"angle":-57.3,"mi":2}},{"type":"Feature","geometry":{"type":"Point","coordinates":[36.630707,-1.107402]},"properties":{"lines":"135","color":"#0059a9","mode":"bus","arr":["135"],"angle":76.8,"mi":1}},{"type":"Feature","geometry":{"type":"Point","coordinates":[36.819684,-1.279981]},"properties":{"lines":"135","color":"#0059a9","mode":"bus","arr":["135"],"angle":-77.5,"side":-1}},{"type":"Feature","geometry":{"type":"Point","coordinates":[36.830665,-1.284681]},"properties":{"lines":"135","color":"#0059a9","mode":"bus","arr":["135"],"angle":31.6}},{"type":"Feature","geometry":{"type":"Point","coordinates":[36.629465,-1.109158]},"properties":{"lines":"135","color":"#0059a9","mode":"bus","arr":["135"],"angle":-10.8,"mi":3}},{"type":"Feature","geometry":{"type":"Point","coordinates":[36.959136,-1.147714]},"properties":{"lines":"145, 145B","color":"#0059a9","mode":"bus","arr":["145","145B"],"angle":77.1,"mi":4}},{"type":"Feature","geometry":{"type":"Point","coordinates":[36.959426,-1.146931]},"properties":{"lines":"145, 145B, 145D","color":"#0059a9","mode":"bus","arr":["145","145B","145D"],"angle":-40.3,"mi":2}},{"type":"Feature","geometry":{"type":"Point","coordinates":[36.960164,-1.154346]},"properties":{"lines":"145, 145B, 145D","color":"#0059a9","mode":"bus","arr":["145","145B","145D"],"angle":82.7,"side":-1,"mi":3}},{"type":"Feature","geometry":{"type":"Point","coordinates":[36.960286,-1.147459]},"properties":{"lines":"145, 145B, 145D","color":"#0059a9","mode":"bus","arr":["145","145B","145D"],"angle":77.6,"mi":1}},{"type":"Feature","geometry":{"type":"Point","coordinates":[36.961202,-1.147797]},"properties":{"lines":"145, 145B","color":"#0059a9","mode":"bus","arr":["145","145B"],"angle":-28.4,"mi":1}},{"type":"Feature","geometry":{"type":"Point","coordinates":[36.962286,-1.147213]},"properties":{"lines":"145, 145B","color":"#0059a9","mode":"bus","arr":["145","145B"],"angle":-28.1}},{"type":"Feature","geometry":{"type":"Point","coordinates":[36.9634,-1.146653]},"properties":{"lines":"145, 145B","color":"#0059a9","mode":"bus","arr":["145","145B"],"angle":-25.1,"mi":3}},{"type":"Feature","geometry":{"type":"Point","coordinates":[36.963141,-1.147586]},"properties":{"lines":"145, 145B","color":"#0059a9","mode":"bus","arr":["145","145B"],"angle":-75.6,"side":-1,"mi":2}},{"type":"Feature","geometry":{"type":"Point","coordinates":[36.959967,-1.156766]},"properties":{"lines":"145, 145B, 237","color":"#0059a9","mode":"bus","arr":["145","145B","237"],"angle":-73.2}},{"type":"Feature","geometry":{"type":"Point","coordinates":[36.962251,-1.150041]},"properties":{"lines":"145, 145B, 237","color":"#0059a9","mode":"bus","arr":["145","145B","237"],"angle":-70.5,"extra":1,"ei":0}},{"type":"Feature","geometry":{"type":"Point","coordinates":[36.961626,-1.151823]},"properties":{"lines":"145, 145B, 237","color":"#0059a9","mode":"bus","arr":["145","145B","237"],"angle":-70.5,"extra":1,"ei":1}},{"type":"Feature","geometry":{"type":"Point","coordinates":[36.961018,-1.153611]},"properties":{"lines":"145, 145B, 237","color":"#0059a9","mode":"bus","arr":["145","145B","237"],"angle":-71.5,"extra":1,"ei":2}},{"type":"Feature","geometry":{"type":"Point","coordinates":[36.960415,-1.155401]},"properties":{"lines":"145, 145B, 237","color":"#0059a9","mode":"bus","arr":["145","145B","237"],"angle":-70.7,"extra":1,"ei":3}},{"type":"Feature","geometry":{"type":"Point","coordinates":[36.959282,-1.159004]},"properties":{"lines":"145, 145B, 237","color":"#0059a9","mode":"bus","arr":["145","145B","237"],"angle":-73.4,"extra":1,"ei":4}},{"type":"Feature","geometry":{"type":"Point","coordinates":[36.958741,-1.160813]},"properties":{"lines":"145, 145B, 237","color":"#0059a9","mode":"bus","arr":["145","145B","237"],"angle":-74.8,"extra":1,"ei":5}},{"type":"Feature","geometry":{"type":"Point","coordinates":[36.958196,-1.162621]},"properties":{"lines":"145, 145B, 237","color":"#0059a9","mode":"bus","arr":["145","145B","237"],"angle":-76,"extra":1,"ei":6}},{"type":"Feature","geometry":{"type":"Point","coordinates":[36.957758,-1.164453]},"properties":{"lines":"145, 145B, 237","color":"#0059a9","mode":"bus","arr":["145","145B","237"],"angle":-67.6,"extra":1,"ei":7}},{"type":"Feature","geometry":{"type":"Point","coordinates":[36.956197,-1.166031]},"properties":{"lines":"145, 237","color":"#0059a9","mode":"bus","arr":["145","237"],"angle":-60.2}},{"type":"Feature","geometry":{"type":"Point","coordinates":[36.956644,-1.166249]},"properties":{"lines":"145, 237","color":"#0059a9","mode":"bus","arr":["145","237"],"angle":-46.9,"mi":1}},{"type":"Feature","geometry":{"type":"Point","coordinates":[36.841969,-1.261313]},"properties":{"lines":"145, 237","color":"#0059a9","mode":"bus","arr":["145","237"],"angle":-35,"side":-1}},{"type":"Feature","geometry":{"type":"Point","coordinates":[36.945276,-1.172938]},"properties":{"lines":"145, 237","color":"#0059a9","mode":"bus","arr":["145","237"],"angle":-31.3}},{"type":"Feature","geometry":{"type":"Point","coordinates":[36.948726,-1.171442]},"properties":{"lines":"145, 237","color":"#0059a9","mode":"bus","arr":["145","237"],"angle":-29.3,"mi":1}},{"type":"Feature","geometry":{"type":"Point","coordinates":[36.954943,-1.167863]},"properties":{"lines":"145, 237","color":"#0059a9","mode":"bus","arr":["145","237"],"angle":-35.1,"extra":1,"ei":0}},{"type":"Feature","geometry":{"type":"Point","coordinates":[36.953324,-1.168834]},"properties":{"lines":"145, 237","color":"#0059a9","mode":"bus","arr":["145","237"],"angle":-29.8,"extra":1,"ei":1}},{"type":"Feature","geometry":{"type":"Point","coordinates":[36.951682,-1.169769]},"properties":{"lines":"145, 237","color":"#0059a9","mode":"bus","arr":["145","237"],"angle":-29.5,"extra":1,"ei":2}},{"type":"Feature","geometry":{"type":"Point","coordinates":[36.950039,-1.170699]},"properties":{"lines":"145, 237","color":"#0059a9","mode":"bus","arr":["145","237"],"angle":-29.6,"extra":1,"ei":3}},{"type":"Feature","geometry":{"type":"Point","coordinates":[36.946799,-1.172635]},"properties":{"lines":"145, 237","color":"#0059a9","mode":"bus","arr":["145","237"],"angle":-37.9,"extra":1,"ei":4}},{"type":"Feature","geometry":{"type":"Point","coordinates":[36.944135,-1.17531]},"properties":{"lines":"145, 237","color":"#0059a9","mode":"bus","arr":["145","237"],"angle":-45.6,"extra":1,"ei":5}},{"type":"Feature","geometry":{"type":"Point","coordinates":[36.942841,-1.176686]},"properties":{"lines":"145, 237","color":"#0059a9","mode":"bus","arr":["145","237"],"angle":-46.9,"extra":1,"ei":6}},{"type":"Feature","geometry":{"type":"Point","coordinates":[36.941545,-1.17806]},"properties":{"lines":"145, 237","color":"#0059a9","mode":"bus","arr":["145","237"],"angle":-46.3,"extra":1,"ei":7}},{"type":"Feature","geometry":{"type":"Point","coordinates":[36.940253,-1.179437]},"properties":{"lines":"145, 237","color":"#0059a9","mode":"bus","arr":["145","237"],"angle":-47.3,"extra":1,"ei":8}},{"type":"Feature","geometry":{"type":"Point","coordinates":[36.938952,-1.180806]},"properties":{"lines":"145, 237","color":"#0059a9","mode":"bus","arr":["145","237"],"angle":-46.8,"extra":1,"ei":9}},{"type":"Feature","geometry":{"type":"Point","coordinates":[36.941586,-1.176331]},"properties":{"lines":"145, 237","color":"#0059a9","mode":"bus","arr":["145","237"],"angle":-51.4,"extra":1,"ei":0}},{"type":"Feature","geometry":{"type":"Point","coordinates":[36.942777,-1.174865]},"properties":{"lines":"145, 237","color":"#0059a9","mode":"bus","arr":["145","237"],"angle":-51,"extra":1,"ei":1}},{"type":"Feature","geometry":{"type":"Point","coordinates":[36.944172,-1.173613]},"properties":{"lines":"145, 237","color":"#0059a9","mode":"bus","arr":["145","237"],"angle":-31.9,"extra":1,"ei":2}},{"type":"Feature","geometry":{"type":"Point","coordinates":[36.827473,-1.282571]},"properties":{"lines":"145, 237","color":"#0059a9","mode":"bus","arr":["145","237"],"angle":32.9}},{"type":"Feature","geometry":{"type":"Point","coordinates":[36.827179,-1.282797]},"properties":{"lines":"145, 237","color":"#0059a9","mode":"bus","arr":["145","237"],"angle":-54.4,"mi":1}},{"type":"Feature","geometry":{"type":"Point","coordinates":[36.827874,-1.271699]},"properties":{"lines":"145","color":"#0059a9","mode":"bus","arr":["145"],"angle":-30.8}},{"type":"Feature","geometry":{"type":"Point","coordinates":[36.958668,-1.159535]},"properties":{"lines":"145, 145B, 145D, 237","color":"#0059a9","mode":"bus","arr":["145","145B","145D","237"],"angle":-73.2}},{"type":"Feature","geometry":{"type":"Point","coordinates":[36.957418,-1.163438]},"properties":{"lines":"145, 145B, 145D, 237","color":"#0059a9","mode":"bus","arr":["145","145B","145D","237"],"angle":-68.2,"extra":1,"ei":0}},{"type":"Feature","geometry":{"type":"Point","coordinates":[36.958022,-1.161649]},"properties":{"lines":"145, 145B, 145D, 237","color":"#0059a9","mode":"bus","arr":["145","145B","145D","237"],"angle":-73,"extra":1,"ei":1}},{"type":"Feature","geometry":{"type":"Point","coordinates":[36.959123,-1.158037]},"properties":{"lines":"145, 145B, 145D, 237","color":"#0059a9","mode":"bus","arr":["145","145B","145D","237"],"angle":-72.5,"extra":1,"ei":2}},{"type":"Feature","geometry":{"type":"Point","coordinates":[36.959693,-1.156237]},"properties":{"lines":"145, 145B, 145D, 237","color":"#0059a9","mode":"bus","arr":["145","145B","145D","237"],"angle":-72.4,"extra":1,"ei":3}},{"type":"Feature","geometry":{"type":"Point","coordinates":[36.957984,-1.151715]},"properties":{"lines":"145, 145B, 145D","color":"#0059a9","mode":"bus","arr":["145","145B","145D"],"angle":45.5}},{"type":"Feature","geometry":{"type":"Point","coordinates":[36.959663,-1.153138]},"properties":{"lines":"145, 145B, 145D","color":"#0059a9","mode":"bus","arr":["145","145B","145D"],"angle":52.4,"extra":1,"ei":0}},{"type":"Feature","geometry":{"type":"Point","coordinates":[36.957273,-1.150346]},"properties":{"lines":"145, 145B, 145D","color":"#0059a9","mode":"bus","arr":["145","145B","145D"],"angle":76.8,"extra":1,"ei":1}},{"type":"Feature","geometry":{"type":"Point","coordinates":[36.957792,-1.164785]},"properties":{"lines":"145B","color":"#0059a9","mode":"bus","arr":["145B"],"angle":67.1,"mi":1}},{"type":"Feature","geometry":{"type":"Point","coordinates":[36.983658,-1.262937]},"properties":{"lines":"145B","color":"#0059a9","mode":"bus","arr":["145B"],"angle":-68,"side":-1}},{"type":"Feature","geometry":{"type":"Point","coordinates":[36.990219,-1.219942]},"properties":{"lines":"145B","color":"#0059a9","mode":"bus","arr":["145B"],"angle":-84}},{"type":"Feature","geometry":{"type":"Point","coordinates":[36.941081,-1.159698]},"properties":{"lines":"145D","color":"#0059a9","mode":"bus","arr":["145D"],"angle":17.5}},{"type":"Feature","geometry":{"type":"Point","coordinates":[36.927385,-1.15533]},"properties":{"lines":"145D","color":"#0059a9","mode":"bus","arr":["145D"],"angle":17.6,"extra":1,"ei":0}},{"type":"Feature","geometry":{"type":"Point","coordinates":[36.929184,-1.155904]},"properties":{"lines":"145D","color":"#0059a9","mode":"bus","arr":["145D"],"angle":16.8,"extra":1,"ei":1}},{"type":"Feature","geometry":{"type":"Point","coordinates":[36.930982,-1.156484]},"properties":{"lines":"145D","color":"#0059a9","mode":"bus","arr":["145D"],"angle":16.9,"extra":1,"ei":2}},{"type":"Feature","geometry":{"type":"Point","coordinates":[36.932784,-1.15705]},"properties":{"lines":"145D","color":"#0059a9","mode":"bus","arr":["145D"],"angle":17.3,"extra":1,"ei":3}},{"type":"Feature","geometry":{"type":"Point","coordinates":[36.934583,-1.157627]},"properties":{"lines":"145D","color":"#0059a9","mode":"bus","arr":["145D"],"angle":17.9,"extra":1,"ei":4}},{"type":"Feature","geometry":{"type":"Point","coordinates":[36.936383,-1.1582]},"properties":{"lines":"145D","color":"#0059a9","mode":"bus","arr":["145D"],"angle":17,"extra":1,"ei":5}},{"type":"Feature","geometry":{"type":"Point","coordinates":[36.938182,-1.158775]},"properties":{"lines":"145D","color":"#0059a9","mode":"bus","arr":["145D"],"angle":17.7,"extra":1,"ei":6}},{"type":"Feature","geometry":{"type":"Point","coordinates":[36.943583,-1.160488]},"properties":{"lines":"145D","color":"#0059a9","mode":"bus","arr":["145D"],"angle":17.7,"extra":1,"ei":7}},{"type":"Feature","geometry":{"type":"Point","coordinates":[36.945384,-1.161058]},"properties":{"lines":"145D","color":"#0059a9","mode":"bus","arr":["145D"],"angle":17.5,"extra":1,"ei":8}},{"type":"Feature","geometry":{"type":"Point","coordinates":[36.947183,-1.161633]},"properties":{"lines":"145D","color":"#0059a9","mode":"bus","arr":["145D"],"angle":17.8,"extra":1,"ei":9}},{"type":"Feature","geometry":{"type":"Point","coordinates":[36.948983,-1.162205]},"properties":{"lines":"145D","color":"#0059a9","mode":"bus","arr":["145D"],"angle":17.3,"extra":1,"ei":10}},{"type":"Feature","geometry":{"type":"Point","coordinates":[36.950787,-1.162766]},"properties":{"lines":"145D","color":"#0059a9","mode":"bus","arr":["145D"],"angle":16.8,"extra":1,"ei":11}},{"type":"Feature","geometry":{"type":"Point","coordinates":[36.952595,-1.163312]},"properties":{"lines":"145D","color":"#0059a9","mode":"bus","arr":["145D"],"angle":16.8,"extra":1,"ei":12}},{"type":"Feature","geometry":{"type":"Point","coordinates":[36.954398,-1.163877]},"properties":{"lines":"145D","color":"#0059a9","mode":"bus","arr":["145D"],"angle":18.1,"extra":1,"ei":13}},{"type":"Feature","geometry":{"type":"Point","coordinates":[36.956064,-1.164402]},"properties":{"lines":"145D","color":"#0059a9","mode":"bus","arr":["145D"],"angle":16.1}},{"type":"Feature","geometry":{"type":"Point","coordinates":[37.077259,-1.035548]},"properties":{"lines":"237","color":"#0059a9","mode":"bus","arr":["237"],"angle":6.9,"mi":7}},{"type":"Feature","geometry":{"type":"Point","coordinates":[37.076551,-1.034935]},"properties":{"lines":"237","color":"#0059a9","mode":"bus","arr":["237"],"angle":-39.5,"mi":6}},{"type":"Feature","geometry":{"type":"Point","coordinates":[37.051828,-1.066773]},"properties":{"lines":"237","color":"#0059a9","mode":"bus","arr":["237"],"angle":-57.4}},{"type":"Feature","geometry":{"type":"Point","coordinates":[37.052921,-1.064894]},"properties":{"lines":"237","color":"#0059a9","mode":"bus","arr":["237"],"angle":-64.5,"extra":1,"ei":0,"side":-1}},{"type":"Feature","geometry":{"type":"Point","coordinates":[37.051055,-1.068171]},"properties":{"lines":"237","color":"#0059a9","mode":"bus","arr":["237"],"angle":-58,"extra":1,"ei":1}},{"type":"Feature","geometry":{"type":"Point","coordinates":[37.012347,-1.11251]},"properties":{"lines":"237","color":"#0059a9","mode":"bus","arr":["237"],"angle":-62,"mi":2}},{"type":"Feature","geometry":{"type":"Point","coordinates":[37.011382,-1.115504]},"properties":{"lines":"237","color":"#0059a9","mode":"bus","arr":["237"],"angle":-77.5}},{"type":"Feature","geometry":{"type":"Point","coordinates":[36.962574,-1.148713]},"properties":{"lines":"237","color":"#0059a9","mode":"bus","arr":["237"],"angle":-83.4}},{"type":"Feature","geometry":{"type":"Point","coordinates":[37.009303,-1.118878]},"properties":{"lines":"237","color":"#0059a9","mode":"bus","arr":["237"],"angle":-55.8,"mi":3}},{"type":"Feature","geometry":{"type":"Point","coordinates":[37.061978,-1.040766]},"properties":{"lines":"237","color":"#0059a9","mode":"bus","arr":["237"],"angle":20.9,"mi":12}},{"type":"Feature","geometry":{"type":"Point","coordinates":[37.072379,-1.037489]},"properties":{"lines":"237","color":"#0059a9","mode":"bus","arr":["237"],"angle":51}},{"type":"Feature","geometry":{"type":"Point","coordinates":[37.078371,-1.036727]},"properties":{"lines":"237","color":"#0059a9","mode":"bus","arr":["237"],"angle":-81.7,"mi":9}},{"type":"Feature","geometry":{"type":"Point","coordinates":[37.07628,-1.033861]},"properties":{"lines":"237","color":"#0059a9","mode":"bus","arr":["237"],"angle":7.7,"mi":8}},{"type":"Feature","geometry":{"type":"Point","coordinates":[37.075759,-1.034576]},"properties":{"lines":"237","color":"#0059a9","mode":"bus","arr":["237"],"angle":-82.8,"mi":5}},{"type":"Feature","geometry":{"type":"Point","coordinates":[37.075456,-1.036063]},"properties":{"lines":"237","color":"#0059a9","mode":"bus","arr":["237"],"angle":-82,"mi":4}},{"type":"Feature","geometry":{"type":"Point","coordinates":[37.075257,-1.037487]},"properties":{"lines":"237","color":"#0059a9","mode":"bus","arr":["237"],"angle":-82.8,"mi":2}},{"type":"Feature","geometry":{"type":"Point","coordinates":[37.071678,-1.040499]},"properties":{"lines":"237","color":"#0059a9","mode":"bus","arr":["237"],"angle":-74.3,"mi":1}},{"type":"Feature","geometry":{"type":"Point","coordinates":[37.075358,-1.037658]},"properties":{"lines":"237","color":"#0059a9","mode":"bus","arr":["237"],"angle":8.1,"side":-1,"mi":3}},{"type":"Feature","geometry":{"type":"Point","coordinates":[37.07355,-1.037447]},"properties":{"lines":"237","color":"#0059a9","mode":"bus","arr":["237"],"angle":7.2,"extra":1,"ei":0}},{"type":"Feature","geometry":{"type":"Point","coordinates":[37.077298,-1.037922]},"properties":{"lines":"237","color":"#0059a9","mode":"bus","arr":["237"],"angle":8.1,"extra":1,"ei":1}},{"type":"Feature","geometry":{"type":"Point","coordinates":[37.072262,-1.038455]},"properties":{"lines":"237","color":"#0059a9","mode":"bus","arr":["237"],"angle":-77.6,"extra":1,"ei":0}},{"type":"Feature","geometry":{"type":"Point","coordinates":[37.071221,-1.042085]},"properties":{"lines":"237","color":"#0059a9","mode":"bus","arr":["237"],"angle":-74.6,"extra":1,"ei":1}},{"type":"Feature","geometry":{"type":"Point","coordinates":[37.066536,-1.042673]},"properties":{"lines":"237","color":"#0059a9","mode":"bus","arr":["237"],"angle":13.9,"mi":10}},{"type":"Feature","geometry":{"type":"Point","coordinates":[37.061051,-1.037931]},"properties":{"lines":"237","color":"#0059a9","mode":"bus","arr":["237"],"angle":-21.3,"mi":13}},{"type":"Feature","geometry":{"type":"Point","coordinates":[37.069881,-1.043293]},"properties":{"lines":"237","color":"#0059a9","mode":"bus","arr":["237"],"angle":11,"extra":1,"ei":0}},{"type":"Feature","geometry":{"type":"Point","coordinates":[37.068023,-1.042956]},"properties":{"lines":"237","color":"#0059a9","mode":"bus","arr":["237"],"angle":8.8,"extra":1,"ei":1}},{"type":"Feature","geometry":{"type":"Point","coordinates":[37.064417,-1.041882]},"properties":{"lines":"237","color":"#0059a9","mode":"bus","arr":["237"],"angle":23.7,"extra":1,"ei":2}},{"type":"Feature","geometry":{"type":"Point","coordinates":[37.062704,-1.041087]},"properties":{"lines":"237","color":"#0059a9","mode":"bus","arr":["237"],"angle":25.4,"extra":1,"ei":3}},{"type":"Feature","geometry":{"type":"Point","coordinates":[37.062684,-1.039224]},"properties":{"lines":"237","color":"#0059a9","mode":"bus","arr":["237"],"angle":-89.6,"extra":1,"ei":0}},{"type":"Feature","geometry":{"type":"Point","coordinates":[37.060289,-1.038887]},"properties":{"lines":"237","color":"#0059a9","mode":"bus","arr":["237"],"angle":-81.4,"extra":1,"ei":1}},{"type":"Feature","geometry":{"type":"Point","coordinates":[37.061202,-1.040404]},"properties":{"lines":"237","color":"#0059a9","mode":"bus","arr":["237"],"angle":31.7,"extra":1,"ei":2}},{"type":"Feature","geometry":{"type":"Point","coordinates":[37.040758,-1.083133]},"properties":{"lines":"237","color":"#0059a9","mode":"bus","arr":["237"],"angle":-50.9}},{"type":"Feature","geometry":{"type":"Point","coordinates":[36.979736,-1.131192]},"properties":{"lines":"237","color":"#0059a9","mode":"bus","arr":["237"],"angle":-15.1}},{"type":"Feature","geometry":{"type":"Point","coordinates":[36.985832,-1.129998]},"properties":{"lines":"237","color":"#0059a9","mode":"bus","arr":["237"],"angle":-10.5,"side":-1,"mi":1}},{"type":"Feature","geometry":{"type":"Point","coordinates":[37.03282,-1.092126]},"properties":{"lines":"237","color":"#0059a9","mode":"bus","arr":["237"],"angle":-37.5,"side":-1}},{"type":"Feature","geometry":{"type":"Point","coordinates":[37.057797,-1.051196]},"properties":{"lines":"237","color":"#0059a9","mode":"bus","arr":["237"],"angle":-66.3}},{"type":"Feature","geometry":{"type":"Point","coordinates":[37.011777,-1.114058]},"properties":{"lines":"237","color":"#0059a9","mode":"bus","arr":["237"],"angle":-73.1,"mi":1}},{"type":"Feature","geometry":{"type":"Point","coordinates":[37.065224,-1.042364]},"properties":{"lines":"237","color":"#0059a9","mode":"bus","arr":["237"],"angle":16.9,"extra":1,"ei":0,"side":-1}},{"type":"Feature","geometry":{"type":"Point","coordinates":[37.063383,-1.042192]},"properties":{"lines":"237","color":"#0059a9","mode":"bus","arr":["237"],"angle":-19.3,"extra":1,"ei":1}},{"type":"Feature","geometry":{"type":"Point","coordinates":[37.062016,-1.043446]},"properties":{"lines":"237","color":"#0059a9","mode":"bus","arr":["237"],"angle":-51.6,"extra":1,"ei":2}},{"type":"Feature","geometry":{"type":"Point","coordinates":[37.06082,-1.044903]},"properties":{"lines":"237","color":"#0059a9","mode":"bus","arr":["237"],"angle":-56.4,"extra":1,"ei":3}},{"type":"Feature","geometry":{"type":"Point","coordinates":[37.059949,-1.046571]},"properties":{"lines":"237","color":"#0059a9","mode":"bus","arr":["237"],"angle":-67.3,"extra":1,"ei":4}},{"type":"Feature","geometry":{"type":"Point","coordinates":[37.059199,-1.048305]},"properties":{"lines":"237","color":"#0059a9","mode":"bus","arr":["237"],"angle":-65.3,"extra":1,"ei":5}},{"type":"Feature","geometry":{"type":"Point","coordinates":[37.058332,-1.049979]},"properties":{"lines":"237","color":"#0059a9","mode":"bus","arr":["237"],"angle":-65.1,"extra":1,"ei":6}},{"type":"Feature","geometry":{"type":"Point","coordinates":[37.056855,-1.053455]},"properties":{"lines":"237","color":"#0059a9","mode":"bus","arr":["237"],"angle":-68.9,"extra":1,"ei":7}},{"type":"Feature","geometry":{"type":"Point","coordinates":[37.056238,-1.055239]},"properties":{"lines":"237","color":"#0059a9","mode":"bus","arr":["237"],"angle":-72.7,"extra":1,"ei":8}},{"type":"Feature","geometry":{"type":"Point","coordinates":[37.055675,-1.057042]},"properties":{"lines":"237","color":"#0059a9","mode":"bus","arr":["237"],"angle":-71,"extra":1,"ei":9,"side":-1}},{"type":"Feature","geometry":{"type":"Point","coordinates":[37.055047,-1.058823]},"properties":{"lines":"237","color":"#0059a9","mode":"bus","arr":["237"],"angle":-70.3,"extra":1,"ei":10,"side":-1}},{"type":"Feature","geometry":{"type":"Point","coordinates":[37.05442,-1.060605]},"properties":{"lines":"237","color":"#0059a9","mode":"bus","arr":["237"],"angle":-71.1,"extra":1,"ei":11,"side":-1}},{"type":"Feature","geometry":{"type":"Point","coordinates":[37.053808,-1.062391]},"properties":{"lines":"237","color":"#0059a9","mode":"bus","arr":["237"],"angle":-71.1,"extra":1,"ei":12,"side":-1}},{"type":"Feature","geometry":{"type":"Point","coordinates":[37.049765,-1.07027]},"properties":{"lines":"237","color":"#0059a9","mode":"bus","arr":["237"],"angle":-59,"extra":1,"ei":0}},{"type":"Feature","geometry":{"type":"Point","coordinates":[37.048778,-1.07188]},"properties":{"lines":"237","color":"#0059a9","mode":"bus","arr":["237"],"angle":-58.4,"extra":1,"ei":1}},{"type":"Feature","geometry":{"type":"Point","coordinates":[37.047784,-1.073486]},"properties":{"lines":"237","color":"#0059a9","mode":"bus","arr":["237"],"angle":-57.4,"extra":1,"ei":2}},{"type":"Feature","geometry":{"type":"Point","coordinates":[37.046799,-1.075098]},"properties":{"lines":"237","color":"#0059a9","mode":"bus","arr":["237"],"angle":-58.7,"extra":1,"ei":3}},{"type":"Feature","geometry":{"type":"Point","coordinates":[37.045824,-1.076715]},"properties":{"lines":"237","color":"#0059a9","mode":"bus","arr":["237"],"angle":-58.7,"extra":1,"ei":4}},{"type":"Feature","geometry":{"type":"Point","coordinates":[37.044822,-1.078316]},"properties":{"lines":"237","color":"#0059a9","mode":"bus","arr":["237"],"angle":-58.5,"extra":1,"ei":5}},{"type":"Feature","geometry":{"type":"Point","coordinates":[37.04379,-1.079897]},"properties":{"lines":"237","color":"#0059a9","mode":"bus","arr":["237"],"angle":-55.2,"extra":1,"ei":6}},{"type":"Feature","geometry":{"type":"Point","coordinates":[37.042719,-1.081453]},"properties":{"lines":"237","color":"#0059a9","mode":"bus","arr":["237"],"angle":-54.5,"extra":1,"ei":7}},{"type":"Feature","geometry":{"type":"Point","coordinates":[37.040303,-1.084352]},"properties":{"lines":"237","color":"#0059a9","mode":"bus","arr":["237"],"angle":-44.3,"extra":1,"ei":8}},{"type":"Feature","geometry":{"type":"Point","coordinates":[37.038964,-1.085683]},"properties":{"lines":"237","color":"#0059a9","mode":"bus","arr":["237"],"angle":-46.7,"extra":1,"ei":9,"side":-1}},{"type":"Feature","geometry":{"type":"Point","coordinates":[37.037668,-1.087057]},"properties":{"lines":"237","color":"#0059a9","mode":"bus","arr":["237"],"angle":-46.5,"extra":1,"ei":10,"side":-1}},{"type":"Feature","geometry":{"type":"Point","coordinates":[37.03638,-1.088438]},"properties":{"lines":"237","color":"#0059a9","mode":"bus","arr":["237"],"angle":-48,"extra":1,"ei":11,"side":-1}},{"type":"Feature","geometry":{"type":"Point","coordinates":[37.035097,-1.089824]},"properties":{"lines":"237","color":"#0059a9","mode":"bus","arr":["237"],"angle":-46.9,"extra":1,"ei":12,"side":-1}},{"type":"Feature","geometry":{"type":"Point","coordinates":[37.033855,-1.091245]},"properties":{"lines":"237","color":"#0059a9","mode":"bus","arr":["237"],"angle":-44.5,"extra":1,"ei":13,"side":-1}},{"type":"Feature","geometry":{"type":"Point","coordinates":[37.031002,-1.09371]},"properties":{"lines":"237","color":"#0059a9","mode":"bus","arr":["237"],"angle":-38.6,"extra":1,"ei":14}},{"type":"Feature","geometry":{"type":"Point","coordinates":[37.029496,-1.09485]},"properties":{"lines":"237","color":"#0059a9","mode":"bus","arr":["237"],"angle":-37.1,"extra":1,"ei":15}},{"type":"Feature","geometry":{"type":"Point","coordinates":[37.02801,-1.096015]},"properties":{"lines":"237","color":"#0059a9","mode":"bus","arr":["237"],"angle":-37.9,"extra":1,"ei":16}},{"type":"Feature","geometry":{"type":"Point","coordinates":[37.02653,-1.097188]},"properties":{"lines":"237","color":"#0059a9","mode":"bus","arr":["237"],"angle":-39.7,"extra":1,"ei":17}},{"type":"Feature","geometry":{"type":"Point","coordinates":[37.025095,-1.098417]},"properties":{"lines":"237","color":"#0059a9","mode":"bus","arr":["237"],"angle":-41.9,"extra":1,"ei":18}},{"type":"Feature","geometry":{"type":"Point","coordinates":[37.023698,-1.099688]},"properties":{"lines":"237","color":"#0059a9","mode":"bus","arr":["237"],"angle":-42.9,"extra":1,"ei":19}},{"type":"Feature","geometry":{"type":"Point","coordinates":[37.022319,-1.100978]},"properties":{"lines":"237","color":"#0059a9","mode":"bus","arr":["237"],"angle":-42.7,"extra":1,"ei":20}},{"type":"Feature","geometry":{"type":"Point","coordinates":[37.020934,-1.102263]},"properties":{"lines":"237","color":"#0059a9","mode":"bus","arr":["237"],"angle":-42.9,"extra":1,"ei":21}},{"type":"Feature","geometry":{"type":"Point","coordinates":[37.019549,-1.103546]},"properties":{"lines":"237","color":"#0059a9","mode":"bus","arr":["237"],"angle":-42.7,"extra":1,"ei":22}},{"type":"Feature","geometry":{"type":"Point","coordinates":[37.018166,-1.104833]},"properties":{"lines":"237","color":"#0059a9","mode":"bus","arr":["237"],"angle":-40.7,"extra":1,"ei":23}},{"type":"Feature","geometry":{"type":"Point","coordinates":[37.016779,-1.106114]},"properties":{"lines":"237","color":"#0059a9","mode":"bus","arr":["237"],"angle":-43.7,"extra":1,"ei":24}},{"type":"Feature","geometry":{"type":"Point","coordinates":[37.015419,-1.107425]},"properties":{"lines":"237","color":"#0059a9","mode":"bus","arr":["237"],"angle":-42.7,"extra":1,"ei":25}},{"type":"Feature","geometry":{"type":"Point","coordinates":[37.01412,-1.10879]},"properties":{"lines":"237","color":"#0059a9","mode":"bus","arr":["237"],"angle":-52.5,"extra":1,"ei":26}},{"type":"Feature","geometry":{"type":"Point","coordinates":[37.013147,-1.1104]},"properties":{"lines":"237","color":"#0059a9","mode":"bus","arr":["237"],"angle":-67.6,"extra":1,"ei":27}},{"type":"Feature","geometry":{"type":"Point","coordinates":[37.011035,-1.116745]},"properties":{"lines":"237","color":"#0059a9","mode":"bus","arr":["237"],"angle":-71.6,"extra":1,"ei":0}},{"type":"Feature","geometry":{"type":"Point","coordinates":[37.010266,-1.118465]},"properties":{"lines":"237","color":"#0059a9","mode":"bus","arr":["237"],"angle":-59,"extra":1,"ei":1}},{"type":"Feature","geometry":{"type":"Point","coordinates":[37.00915,-1.119982]},"properties":{"lines":"237","color":"#0059a9","mode":"bus","arr":["237"],"angle":-48.9,"extra":1,"ei":2}},{"type":"Feature","geometry":{"type":"Point","coordinates":[37.007792,-1.121289]},"properties":{"lines":"237","color":"#0059a9","mode":"bus","arr":["237"],"angle":-40.8,"extra":1,"ei":3}},{"type":"Feature","geometry":{"type":"Point","coordinates":[37.006363,-1.122524]},"properties":{"lines":"237","color":"#0059a9","mode":"bus","arr":["237"],"angle":-41.3,"extra":1,"ei":4}},{"type":"Feature","geometry":{"type":"Point","coordinates":[37.004929,-1.123753]},"properties":{"lines":"237","color":"#0059a9","mode":"bus","arr":["237"],"angle":-41.5,"extra":1,"ei":5}},{"type":"Feature","geometry":{"type":"Point","coordinates":[37.003521,-1.125012]},"properties":{"lines":"237","color":"#0059a9","mode":"bus","arr":["237"],"angle":-42.3,"extra":1,"ei":6}},{"type":"Feature","geometry":{"type":"Point","coordinates":[37.00209,-1.126244]},"properties":{"lines":"237","color":"#0059a9","mode":"bus","arr":["237"],"angle":-39.6,"extra":1,"ei":7}},{"type":"Feature","geometry":{"type":"Point","coordinates":[37.000659,-1.127477]},"properties":{"lines":"237","color":"#0059a9","mode":"bus","arr":["237"],"angle":-40.5,"extra":1,"ei":8}},{"type":"Feature","geometry":{"type":"Point","coordinates":[36.999055,-1.128424]},"properties":{"lines":"237","color":"#0059a9","mode":"bus","arr":["237"],"angle":-23.8,"extra":1,"ei":9}},{"type":"Feature","geometry":{"type":"Point","coordinates":[36.997307,-1.129123]},"properties":{"lines":"237","color":"#0059a9","mode":"bus","arr":["237"],"angle":-14,"extra":1,"ei":10}},{"type":"Feature","geometry":{"type":"Point","coordinates":[36.995436,-1.129331]},"properties":{"lines":"237","color":"#0059a9","mode":"bus","arr":["237"],"angle":-2.1,"extra":1,"ei":11,"side":-1}},{"type":"Feature","geometry":{"type":"Point","coordinates":[36.993547,-1.129339]},"properties":{"lines":"237","color":"#0059a9","mode":"bus","arr":["237"],"angle":0.2,"extra":1,"ei":12,"side":-1}},{"type":"Feature","geometry":{"type":"Point","coordinates":[36.991659,-1.129373]},"properties":{"lines":"237","color":"#0059a9","mode":"bus","arr":["237"],"angle":-1.8,"extra":1,"ei":13,"side":-1}},{"type":"Feature","geometry":{"type":"Point","coordinates":[36.989773,-1.129484]},"properties":{"lines":"237","color":"#0059a9","mode":"bus","arr":["237"],"angle":-3.6,"extra":1,"ei":14,"side":-1}},{"type":"Feature","geometry":{"type":"Point","coordinates":[36.987895,-1.129677]},"properties":{"lines":"237","color":"#0059a9","mode":"bus","arr":["237"],"angle":-8.6,"extra":1,"ei":15,"side":-1}},{"type":"Feature","geometry":{"type":"Point","coordinates":[36.984162,-1.130256]},"properties":{"lines":"237","color":"#0059a9","mode":"bus","arr":["237"],"angle":-15,"extra":1,"ei":16,"side":-1}},{"type":"Feature","geometry":{"type":"Point","coordinates":[36.982353,-1.130778]},"properties":{"lines":"237","color":"#0059a9","mode":"bus","arr":["237"],"angle":-15.8,"extra":1,"ei":17}},{"type":"Feature","geometry":{"type":"Point","coordinates":[36.97871,-1.131777]},"properties":{"lines":"237","color":"#0059a9","mode":"bus","arr":["237"],"angle":-15.6,"extra":1,"ei":18}},{"type":"Feature","geometry":{"type":"Point","coordinates":[36.97689,-1.132283]},"properties":{"lines":"237","color":"#0059a9","mode":"bus","arr":["237"],"angle":-16.4,"extra":1,"ei":19}},{"type":"Feature","geometry":{"type":"Point","coordinates":[36.975097,-1.132873]},"properties":{"lines":"237","color":"#0059a9","mode":"bus","arr":["237"],"angle":-22.2,"extra":1,"ei":20}},{"type":"Feature","geometry":{"type":"Point","coordinates":[36.973471,-1.133818]},"properties":{"lines":"237","color":"#0059a9","mode":"bus","arr":["237"],"angle":-37.1,"extra":1,"ei":21}},{"type":"Feature","geometry":{"type":"Point","coordinates":[36.972161,-1.135171]},"properties":{"lines":"237","color":"#0059a9","mode":"bus","arr":["237"],"angle":-50.2,"extra":1,"ei":22}},{"type":"Feature","geometry":{"type":"Point","coordinates":[36.971108,-1.136736]},"properties":{"lines":"237","color":"#0059a9","mode":"bus","arr":["237"],"angle":-57,"extra":1,"ei":23}},{"type":"Feature","geometry":{"type":"Point","coordinates":[36.970089,-1.138326]},"properties":{"lines":"237","color":"#0059a9","mode":"bus","arr":["237"],"angle":-57.6,"extra":1,"ei":24}},{"type":"Feature","geometry":{"type":"Point","coordinates":[36.969063,-1.139912]},"properties":{"lines":"237","color":"#0059a9","mode":"bus","arr":["237"],"angle":-57.1,"extra":1,"ei":25}},{"type":"Feature","geometry":{"type":"Point","coordinates":[36.968038,-1.141497]},"properties":{"lines":"237","color":"#0059a9","mode":"bus","arr":["237"],"angle":-56.7,"extra":1,"ei":26}},{"type":"Feature","geometry":{"type":"Point","coordinates":[36.966864,-1.142971]},"properties":{"lines":"237","color":"#0059a9","mode":"bus","arr":["237"],"angle":-45,"extra":1,"ei":27}},{"type":"Feature","geometry":{"type":"Point","coordinates":[36.96544,-1.144211]},"properties":{"lines":"237","color":"#0059a9","mode":"bus","arr":["237"],"angle":-38.3,"extra":1,"ei":28}},{"type":"Feature","geometry":{"type":"Point","coordinates":[36.963952,-1.145343]},"properties":{"lines":"237","color":"#0059a9","mode":"bus","arr":["237"],"angle":-50.6,"extra":1,"ei":29,"side":-1}},{"type":"Feature","geometry":{"type":"Point","coordinates":[36.963096,-1.147012]},"properties":{"lines":"237","color":"#0059a9","mode":"bus","arr":["237"],"angle":-69.1,"extra":1,"ei":30,"side":-1}},{"type":"Feature","geometry":{"type":"Point","coordinates":[36.960494,-1.153832]},"properties":{"lines":"237","color":"#0059a9","mode":"bus","arr":["237"],"angle":-70.4,"extra":1,"ei":0}},{"type":"Feature","geometry":{"type":"Point","coordinates":[36.961211,-1.152086]},"properties":{"lines":"237","color":"#0059a9","mode":"bus","arr":["237"],"angle":-69.8,"extra":1,"ei":1}},{"type":"Feature","geometry":{"type":"Point","coordinates":[36.961818,-1.150298]},"properties":{"lines":"237","color":"#0059a9","mode":"bus","arr":["237"],"angle":-71,"extra":1,"ei":2}},{"type":"Feature","geometry":{"type":"Point","coordinates":[36.962423,-1.148509]},"properties":{"lines":"237","color":"#0059a9","mode":"bus","arr":["237"],"angle":-70.2,"extra":1,"ei":3}},{"type":"Feature","geometry":{"type":"Point","coordinates":[37.01103,-1.115221]},"properties":{"lines":"237","color":"#0059a9","mode":"bus","arr":["237"],"angle":-72,"extra":1,"ei":0}},{"type":"Feature","geometry":{"type":"Point","coordinates":[37.012217,-1.111635]},"properties":{"lines":"237","color":"#0059a9","mode":"bus","arr":["237"],"angle":-71.7,"extra":1,"ei":1}},{"type":"Feature","geometry":{"type":"Point","coordinates":[37.050543,-1.068251]},"properties":{"lines":"237","color":"#0059a9","mode":"bus","arr":["237"],"angle":-57.1,"extra":1,"ei":2}},{"type":"Feature","geometry":{"type":"Point","coordinates":[37.051513,-1.066631]},"properties":{"lines":"237","color":"#0059a9","mode":"bus","arr":["237"],"angle":-58.6,"extra":1,"ei":3}},{"type":"Feature","geometry":{"type":"Point","coordinates":[37.052533,-1.065044]},"properties":{"lines":"237","color":"#0059a9","mode":"bus","arr":["237"],"angle":-54,"extra":1,"ei":4}},{"type":"Feature","geometry":{"type":"Point","coordinates":[37.061442,-1.042223]},"properties":{"lines":"237","color":"#0059a9","mode":"bus","arr":["237"],"angle":-65,"extra":1,"ei":5}},{"type":"Feature","geometry":{"type":"Point","coordinates":[37.062289,-1.040694]},"properties":{"lines":"237","color":"#0059a9","mode":"bus","arr":["237"],"angle":-65,"mi":11}},{"type":"Feature","geometry":{"type":"Point","coordinates":[36.834039,-1.301095]},"properties":{"lines":"405","color":"#0059a9","mode":"bus","arr":["405"],"angle":-26,"side":-1,"mi":1}},{"type":"Feature","geometry":{"type":"Point","coordinates":[36.829497,-1.303325]},"properties":{"lines":"405","color":"#0059a9","mode":"bus","arr":["405"],"angle":-28.1}},{"type":"Feature","geometry":{"type":"Point","coordinates":[36.835787,-1.300231]},"properties":{"lines":"405","color":"#0059a9","mode":"bus","arr":["405"],"angle":-27.6,"extra":1,"ei":0,"side":-1}},{"type":"Feature","geometry":{"type":"Point","coordinates":[36.832401,-1.301906]},"properties":{"lines":"405","color":"#0059a9","mode":"bus","arr":["405"],"angle":-26.8,"extra":1,"ei":1,"side":-1}},{"type":"Feature","geometry":{"type":"Point","coordinates":[36.897955,-1.286588]},"properties":{"lines":"1960","color":"#0059a9","mode":"bus","arr":["1960"],"angle":-79.7,"side":-1}},{"type":"Feature","geometry":{"type":"Point","coordinates":[36.903837,-1.285275]},"properties":{"lines":"1961K, 1961Kd","color":"#0059a9","mode":"bus","arr":["1961K","1961Kd"],"angle":65.9}},{"type":"Feature","geometry":{"type":"Point","coordinates":[36.903216,-1.284072]},"properties":{"lines":"1961K, 1961Kd","color":"#0059a9","mode":"bus","arr":["1961K","1961Kd"],"angle":61.2,"extra":1,"ei":0}},{"type":"Feature","geometry":{"type":"Point","coordinates":[36.885302,-1.295093]},"properties":{"lines":"3560","color":"#0059a9","mode":"bus","arr":["3560"],"angle":-74.7,"side":-1}},{"type":"Feature","geometry":{"type":"Point","coordinates":[36.842187,-1.321928]},"properties":{"lines":"12C, 12D","color":"#0059a9","mode":"bus","arr":["12C","12D"],"angle":-11.9,"side":-1,"mi":8}},{"type":"Feature","geometry":{"type":"Point","coordinates":[36.877972,-1.246198]},"properties":{"lines":"25A","color":"#0059a9","mode":"bus","arr":["25A"],"angle":5.7,"mi":4}},{"type":"Feature","geometry":{"type":"Point","coordinates":[36.895814,-1.338861]},"properties":{"lines":"33B, 33FED, 33IMR, 33J, 33UTW","color":"#0059a9","mode":"bus","arr":["33B","33FED","33IMR","33J","33UTW"],"angle":-40.3,"mi":1}},{"type":"Feature","geometry":{"type":"Point","coordinates":[36.866054,-1.330698]},"properties":{"lines":"33DC","color":"#0059a9","mode":"bus","arr":["33DC"],"angle":-41.5}},{"type":"Feature","geometry":{"type":"Point","coordinates":[36.891829,-1.334878]},"properties":{"lines":"33MKR","color":"#0059a9","mode":"bus","arr":["33MKR"],"angle":-31.4,"side":-1}},{"type":"Feature","geometry":{"type":"Point","coordinates":[36.793516,-1.260932]},"properties":{"lines":"48K","color":"#0059a9","mode":"bus","arr":["48K"],"angle":-43.3,"mi":1}},{"type":"Feature","geometry":{"type":"Point","coordinates":[36.980812,-1.440338]},"properties":{"lines":"110ATH","color":"#0059a9","mode":"bus","arr":["110ATH"],"angle":28.9}},{"type":"Feature","geometry":{"type":"Point","coordinates":[36.981506,-1.440724]},"properties":{"lines":"110ATH","color":"#0059a9","mode":"bus","arr":["110ATH"],"angle":29.3,"mi":1}},{"type":"Feature","geometry":{"type":"Point","coordinates":[36.982243,-1.441143]},"properties":{"lines":"110ATH","color":"#0059a9","mode":"bus","arr":["110ATH"],"angle":29.8,"mi":5}},{"type":"Feature","geometry":{"type":"Point","coordinates":[36.983008,-1.441546]},"properties":{"lines":"110ATH","color":"#0059a9","mode":"bus","arr":["110ATH"],"angle":25.5,"mi":6}},{"type":"Feature","geometry":{"type":"Point","coordinates":[36.983998,-1.442016]},"properties":{"lines":"110ATH","color":"#0059a9","mode":"bus","arr":["110ATH"],"angle":25.3,"mi":8}},{"type":"Feature","geometry":{"type":"Point","coordinates":[36.984673,-1.442322]},"properties":{"lines":"110ATH","color":"#0059a9","mode":"bus","arr":["110ATH"],"angle":23.9,"mi":9}},{"type":"Feature","geometry":{"type":"Point","coordinates":[36.985593,-1.442644]},"properties":{"lines":"110ATH","color":"#0059a9","mode":"bus","arr":["110ATH"],"angle":14.7,"mi":11}},{"type":"Feature","geometry":{"type":"Point","coordinates":[36.986231,-1.442712]},"properties":{"lines":"110ATH","color":"#0059a9","mode":"bus","arr":["110ATH"],"angle":-5.6,"mi":12}},{"type":"Feature","geometry":{"type":"Point","coordinates":[36.989767,-1.443466]},"properties":{"lines":"110ATH","color":"#0059a9","mode":"bus","arr":["110ATH"],"angle":71.1,"mi":17}},{"type":"Feature","geometry":{"type":"Point","coordinates":[36.986606,-1.254174]},"properties":{"lines":"145B","color":"#0059a9","mode":"bus","arr":["145B"],"angle":-71.7}},{"type":"Feature","geometry":{"type":"Point","coordinates":[36.993308,-1.269183]},"properties":{"lines":"3738","color":"#0059a9","mode":"bus","arr":["3738"],"angle":28}},{"type":"Feature","geometry":{"type":"Point","coordinates":[36.992098,-1.26854]},"properties":{"lines":"3738","color":"#0059a9","mode":"bus","arr":["3738"],"angle":28,"extra":1,"ei":0,"side":-1}}]}