{"type":"FeatureCollection","features":[{"type":"Feature","properties":{"mode":"bus","n":10,"arr":["2","8","16","24","24C","32A","33NG","34L","102","111"],"lines":"2, 8, 16, 24, 24C, 32A, 33NG, 34L, 102, 111"},"geometry":{"type":"LineString","coordinates":[[36.802684,-1.297878],[36.802764,-1.297798],[36.802845,-1.297767],[36.802931,-1.297764],[36.803043,-1.297811]]}},{"type":"Feature","properties":{"mode":"bus","n":23,"arr":["2","8","12C","12D","14A","14B","15","16","24","33B","33C","33FED","33IMR","33MKR","33NG","33UTW","56","102","110","110ATH","111","125","126"],"lines":"2, 8, 12C, 12D, 14A, 14B, 15, 16, 24, 33B, 33C, 33FED, 33IMR, 33MKR, 33NG, 33UTW, 56, 102, 110, 110ATH, 111, 125, 126"},"geometry":{"type":"LineString","coordinates":[[36.820204,-1.292623],[36.82019,-1.292663]]}},{"type":"Feature","properties":{"mode":"bus","n":22,"arr":["2","8","12C","12D","14A","14B","15","16","24","33B","33C","33FED","33IMR","33MKR","33NG","56","102","110","110ATH","111","125","126"],"lines":"2, 8, 12C, 12D, 14A, 14B, 15, 16, 24, 33B, 33C, 33FED, 33IMR, 33MKR, 33NG, 56, 102, 110, 110ATH, 111, 125, 126"},"geometry":{"type":"LineString","coordinates":[[36.822301,-1.291878],[36.820818,-1.292586],[36.820727,-1.292605],[36.820553,-1.292589],[36.820427,-1.292509],[36.820354,-1.292512],[36.820241,-1.292572],[36.820204,-1.292623]]}},{"type":"Feature","properties":{"mode":"bus","n":22,"arr":["2","8","12C","12D","14A","14B","15","16","24","33B","33C","33FED","33IMR","33MKR","33NG","56","102","110","110ATH","111","125","126"],"lines":"2, 8, 12C, 12D, 14A, 14B, 15, 16, 24, 33B, 33C, 33FED, 33IMR, 33MKR, 33NG, 56, 102, 110, 110ATH, 111, 125, 126"},"geometry":{"type":"LineString","coordinates":[[36.827312,-1.289235],[36.827247,-1.289351],[36.827198,-1.289396],[36.826971,-1.289514]]}},{"type":"Feature","properties":{"mode":"bus","n":24,"arr":["2","8","12C","12D","14A","14B","15","16","23KS","24","33B","33C","33FED","33GTB","33IMR","33MKR","33NG","56","102","110","110ATH","111","125","126"],"lines":"2, 8, 12C, 12D, 14A, 14B, 15, 16, 23KS, 24, 33B, 33C, 33FED, 33GTB, 33IMR, 33MKR, 33NG, 56, 102, 110, 110ATH, 111, 125, 126"},"geometry":{"type":"LineString","coordinates":[[36.827446,-1.289009],[36.827372,-1.289054],[36.827331,-1.289111],[36.827312,-1.289235]]}},{"type":"Feature","properties":{"mode":"bus","n":26,"arr":["2","8","12C","12D","14A","14B","15","16","23KS","24","33B","33C","33FED","33GTB","33IMR","33MKR","33NG","33UTW","34J","56","102","110","110ATH","111","125","126"],"lines":"2, 8, 12C, 12D, 14A, 14B, 15, 16, 23KS, 24, 33B, 33C, 33FED, 33GTB, 33IMR, 33MKR, 33NG, 33UTW, 34J, 56, 102, 110, 110ATH, 111, 125, 126"},"geometry":{"type":"LineString","coordinates":[[36.827658,-1.289051],[36.827549,-1.288998],[36.827446,-1.289009]]}},{"type":"Feature","properties":{"mode":"bus","n":10,"arr":["2","8","24","33C","33UTW","56","102","111","125","126"],"lines":"2, 8, 24, 33C, 33UTW, 56, 102, 111, 125, 126"},"geometry":{"type":"LineString","coordinates":[[36.82772,-1.289167],[36.827658,-1.289051]]}},{"type":"Feature","properties":{"mode":"bus","n":27,"arr":["2","8","11","12C","12D","14A","14B","15","16","23KS","24","33B","33C","33FED","33GTB","33IMR","33MKR","33NG","33TP","33UTW","56","102","110","110ATH","111","125","126"],"lines":"2, 8, 11, 12C, 12D, 14A, 14B, 15, 16, 23KS, 24, 33B, 33C, 33FED, 33GTB, 33IMR, 33MKR, 33NG, 33TP, 33UTW, 56, 102, 110, 110ATH, 111, 125, 126"},"geometry":{"type":"LineString","coordinates":[[36.827721,-1.289232],[36.82772,-1.289167]]}},{"type":"Feature","properties":{"mode":"bus","n":27,"arr":["2","8","11","12C","12D","14A","14B","15","16","23KS","24","33B","33C","33FED","33GTB","33IMR","33MKR","33NG","33TP","33UTW","56","102","110","110ATH","111","125","126"],"lines":"2, 8, 11, 12C, 12D, 14A, 14B, 15, 16, 23KS, 24, 33B, 33C, 33FED, 33GTB, 33IMR, 33MKR, 33NG, 33TP, 33UTW, 56, 102, 110, 110ATH, 111, 125, 126"},"geometry":{"type":"LineString","coordinates":[[36.827418,-1.289385],[36.827468,-1.289404]]}},{"type":"Feature","properties":{"mode":"bus","n":6,"arr":["2","8","33NG","56","102","111"],"lines":"2, 8, 33NG, 56, 102, 111"},"geometry":{"type":"LineString","coordinates":[[36.820351,-1.292929],[36.820473,-1.292915],[36.820577,-1.292817],[36.820967,-1.292658]]}},{"type":"Feature","properties":{"mode":"bus","n":21,"arr":["2","8","12C","12D","14A","14B","15","33B","33C","33FED","33IMR","33MKR","33NG","33UTW","56","102","110","110ATH","111","125","126"],"lines":"2, 8, 12C, 12D, 14A, 14B, 15, 33B, 33C, 33FED, 33IMR, 33MKR, 33NG, 33UTW, 56, 102, 110, 110ATH, 111, 125, 126"},"geometry":{"type":"LineString","coordinates":[[36.820314,-1.292918],[36.820351,-1.292929]]}},{"type":"Feature","properties":{"mode":"bus","n":9,"arr":["2","4W","8","24C","32A","33NG","34L","102","111"],"lines":"2, 4W, 8, 24C, 32A, 33NG, 34L, 102, 111"},"geometry":{"type":"LineString","coordinates":[[36.803064,-1.298223],[36.80312,-1.298158],[36.803152,-1.298078]]}},{"type":"Feature","properties":{"mode":"bus","n":7,"arr":["2","4W","8","24C","32A","102","111"],"lines":"2, 4W, 8, 24C, 32A, 102, 111"},"geometry":{"type":"LineString","coordinates":[[36.802834,-1.298274],[36.802907,-1.298284],[36.80299,-1.298266],[36.803064,-1.298223]]}},{"type":"Feature","properties":{"mode":"bus","n":7,"arr":["2","4W","8","24C","32A","102","111"],"lines":"2, 4W, 8, 24C, 32A, 102, 111"},"geometry":{"type":"LineString","coordinates":[[36.792678,-1.299495],[36.795439,-1.299332],[36.795918,-1.299271],[36.797157,-1.299029],[36.797879,-1.298926],[36.799048,-1.298662],[36.800555,-1.29837],[36.802348,-1.298086],[36.802494,-1.298091],[36.802684,-1.298174]]}},{"type":"Feature","properties":{"mode":"bus","n":10,"arr":["2","4W","8","16","24C","32A","33NG","34L","102","111"],"lines":"2, 4W, 8, 16, 24C, 32A, 33NG, 34L, 102, 111"},"geometry":{"type":"LineString","coordinates":[[36.802684,-1.298174],[36.802745,-1.298235],[36.802834,-1.298274]]}},{"type":"Feature","properties":{"mode":"bus","n":14,"arr":["3N","7","14","16/62","17B","0027","32D","43","45G","100","120","121","1960","1961K"],"lines":"3N, 7, 14, 16/62, 17B, 0027, 32D, 43, 45G, 100, 120, 121, 1960, 1961K"},"geometry":{"type":"LineString","coordinates":[[36.832472,-1.280694],[36.832468,-1.28082]]}},{"type":"Feature","properties":{"mode":"bus","n":14,"arr":["3N","7","14","16/62","17B","0027","32D","43","45G","100","120","121","1960","1961K"],"lines":"3N, 7, 14, 16/62, 17B, 0027, 32D, 43, 45G, 100, 120, 121, 1960, 1961K"},"geometry":{"type":"LineString","coordinates":[[36.832226,-1.281055],[36.832297,-1.281036]]}},{"type":"Feature","properties":{"mode":"bus","n":10,"arr":["3N","7","14","16/62","0027","32D","45G","100","120","121"],"lines":"3N, 7, 14, 16/62, 0027, 32D, 45G, 100, 120, 121"},"geometry":{"type":"LineString","coordinates":[[36.832468,-1.28082],[36.832429,-1.28093],[36.832358,-1.281007],[36.832297,-1.281036]]}},{"type":"Feature","properties":{"mode":"bus","n":11,"arr":["3N","16/62","17B","0027","32D","43","100","120","121","1960","1961K"],"lines":"3N, 16/62, 17B, 0027, 32D, 43, 100, 120, 121, 1960, 1961K"},"geometry":{"type":"LineString","coordinates":[[36.832025,-1.280879],[36.832161,-1.281038],[36.832226,-1.281055]]}},{"type":"Feature","properties":{"mode":"bus","n":16,"arr":["3N","7","14","16/62","17B","0027","32D","43","45G","46B","46H","100","120","121","1960","1961K"],"lines":"3N, 7, 14, 16/62, 17B, 0027, 32D, 43, 45G, 46B, 46H, 100, 120, 121, 1960, 1961K"},"geometry":{"type":"LineString","coordinates":[[36.831936,-1.280712],[36.832025,-1.280879]]}},{"type":"Feature","properties":{"mode":"bus","n":16,"arr":["3N","7","14","16/62","17B","0027","32D","43","45G","46B","46H","100","120","121","1960","1961K"],"lines":"3N, 7, 14, 16/62, 17B, 0027, 32D, 43, 45G, 46B, 46H, 100, 120, 121, 1960, 1961K"},"geometry":{"type":"LineString","coordinates":[[36.832073,-1.280404],[36.832301,-1.280389],[36.832391,-1.28042]]}},{"type":"Feature","properties":{"mode":"bus","n":6,"arr":["3N","6","0027","100","100A","120"],"lines":"3N, 6, 0027, 100, 100A, 120"},"geometry":{"type":"LineString","coordinates":[[36.83045,-1.278366],[36.830453,-1.278317],[36.830459,-1.278293],[36.830474,-1.278274],[36.830516,-1.278237],[36.83055,-1.278167],[36.830554,-1.278083],[36.830519,-1.277999]]}},{"type":"Feature","properties":{"mode":"bus","n":9,"arr":["3N","7","14","16/62","17B","32D","43","45G","121"],"lines":"3N, 7, 14, 16/62, 17B, 32D, 43, 45G, 121"},"geometry":{"type":"LineString","coordinates":[[36.834571,-1.276828],[36.834929,-1.276952],[36.835322,-1.277033],[36.835404,-1.277068],[36.835469,-1.277148],[36.835484,-1.277251],[36.835445,-1.277346],[36.835353,-1.277413]]}},{"type":"Feature","properties":{"mode":"bus","n":9,"arr":["3N","7","14","16/62","17B","32D","43","45G","121"],"lines":"3N, 7, 14, 16/62, 17B, 32D, 43, 45G, 121"},"geometry":{"type":"LineString","coordinates":[[36.834947,-1.277714],[36.834025,-1.278799],[36.833163,-1.279765],[36.832659,-1.280413]]}},{"type":"Feature","properties":{"mode":"bus","n":6,"arr":["4W","5","46K","046P","46Y","56"],"lines":"4W, 5, 46K, 046P, 46Y, 56"},"geometry":{"type":"LineString","coordinates":[[36.79931,-1.29497],[36.800191,-1.295172],[36.80029,-1.295153],[36.800345,-1.295101],[36.80037,-1.295085],[36.8004,-1.295081],[36.800459,-1.295086],[36.800601,-1.295202],[36.800741,-1.295235],[36.80222,-1.2952],[36.802251,-1.295191],[36.802274,-1.295168],[36.802306,-1.29511],[36.802507,-1.294908]]}},{"type":"Feature","properties":{"mode":"bus","n":6,"arr":["4W","5","46K","046P","46Y","56"],"lines":"4W, 5, 46K, 046P, 46Y, 56"},"geometry":{"type":"LineString","coordinates":[[36.809538,-1.290047],[36.809798,-1.289831],[36.810015,-1.28959],[36.81016,-1.289512],[36.810729,-1.289391],[36.811363,-1.289297],[36.81178,-1.289197]]}},{"type":"Feature","properties":{"mode":"bus","n":6,"arr":["4W","5","46K","046P","46Y","56"],"lines":"4W, 5, 46K, 046P, 46Y, 56"},"geometry":{"type":"LineString","coordinates":[[36.787802,-1.292371],[36.788398,-1.292515],[36.792654,-1.293403],[36.794393,-1.293811],[36.795011,-1.293927],[36.795553,-1.294058],[36.796224,-1.294265],[36.796968,-1.29442],[36.799013,-1.29493]]}},{"type":"Feature","properties":{"mode":"bus","n":9,"arr":["4W","5","7C","24C","32A","33UTW","46K","046P","46Y"],"lines":"4W, 5, 7C, 24C, 32A, 33UTW, 46K, 046P, 46Y"},"geometry":{"type":"LineString","coordinates":[[36.817111,-1.286564],[36.817143,-1.286416],[36.817197,-1.286354],[36.817268,-1.286313],[36.817396,-1.286303],[36.817487,-1.286352],[36.81752,-1.286362],[36.817553,-1.286357],[36.81777,-1.286277],[36.818188,-1.286072]]}},{"type":"Feature","properties":{"mode":"bus","n":7,"arr":["4W","5","7C","24C","32A","46K","46Y"],"lines":"4W, 5, 7C, 24C, 32A, 46K, 46Y"},"geometry":{"type":"LineString","coordinates":[[36.817324,-1.286776],[36.817467,-1.286746],[36.817525,-1.2867],[36.817564,-1.286644],[36.817581,-1.286546],[36.817593,-1.286516],[36.817619,-1.286495],[36.819271,-1.285663]]}},{"type":"Feature","properties":{"mode":"bus","n":7,"arr":["4W","5","7C","24C","32A","46K","46Y"],"lines":"4W, 5, 7C, 24C, 32A, 46K, 46Y"},"geometry":{"type":"LineString","coordinates":[[36.811811,-1.289348],[36.812289,-1.289173],[36.814711,-1.288019],[36.816179,-1.287225],[36.8172,-1.286739]]}},{"type":"Feature","properties":{"mode":"bus","n":8,"arr":["4W","5","7C","24C","32A","33UTW","46K","46Y"],"lines":"4W, 5, 7C, 24C, 32A, 33UTW, 46K, 46Y"},"geometry":{"type":"LineString","coordinates":[[36.8172,-1.286739],[36.817248,-1.286774],[36.817324,-1.286776]]}},{"type":"Feature","properties":{"mode":"bus","n":5,"arr":["5","24C","46K","46Y","56"],"lines":"5, 24C, 46K, 46Y, 56"},"geometry":{"type":"LineString","coordinates":[[36.809538,-1.290047],[36.809742,-1.289973],[36.810085,-1.289753],[36.810226,-1.289727],[36.810366,-1.289652],[36.810703,-1.289541],[36.810991,-1.289468],[36.811811,-1.289348]]}},{"type":"Feature","properties":{"mode":"bus","n":5,"arr":["5","24C","46K","46Y","56"],"lines":"5, 24C, 46K, 46Y, 56"},"geometry":{"type":"LineString","coordinates":[[36.802552,-1.295368],[36.802601,-1.29529]]}},{"type":"Feature","properties":{"mode":"bus","n":6,"arr":["6","14","16/62","32D","46B","46H"],"lines":"6, 14, 16/62, 32D, 46B, 46H"},"geometry":{"type":"LineString","coordinates":[[36.843865,-1.267296],[36.843909,-1.267348],[36.843921,-1.267422],[36.843856,-1.267524],[36.843815,-1.267541],[36.84373,-1.267532],[36.843668,-1.267477],[36.843649,-1.267398]]}},{"type":"Feature","properties":{"mode":"bus","n":6,"arr":["6","14","16/62","32D","46B","46H"],"lines":"6, 14, 16/62, 32D, 46B, 46H"},"geometry":{"type":"LineString","coordinates":[[36.84771,-1.266497],[36.846048,-1.266827],[36.844429,-1.267186],[36.843865,-1.267296],[36.843823,-1.267276],[36.843739,-1.267279],[36.843678,-1.267323],[36.843649,-1.267398],[36.843421,-1.267573],[36.842264,-1.268685],[36.841911,-1.268949],[36.841573,-1.269062],[36.83889,-1.269731],[36.837812,-1.270021]]}},{"type":"Feature","properties":{"mode":"bus","n":6,"arr":["6","14","16/62","32D","46B","46H"],"lines":"6, 14, 16/62, 32D, 46B, 46H"},"geometry":{"type":"LineString","coordinates":[[36.836986,-1.270257],[36.837686,-1.270098],[36.837781,-1.27004],[36.837791,-1.270033],[36.837795,-1.270027],[36.837794,-1.270023],[36.837788,-1.270021],[36.837776,-1.270019],[36.837678,-1.270015],[36.836692,-1.270223]]}},{"type":"Feature","properties":{"mode":"bus","n":14,"arr":["7","14","16/62","17B","0027","32D","43","45G","46B","46H","120","121","1960","1961K"],"lines":"7, 14, 16/62, 17B, 0027, 32D, 43, 45G, 46B, 46H, 120, 121, 1960, 1961K"},"geometry":{"type":"LineString","coordinates":[[36.832073,-1.280404],[36.831936,-1.280503],[36.831915,-1.28056],[36.831936,-1.280712]]}},{"type":"Feature","properties":{"mode":"bus","n":17,"arr":["10","19Cdc","23KS","33DP","33GTB","33TP","34B","34J","35/60","36","38/39","39SK","58","69","70/71","1960","1961K"],"lines":"10, 19Cdc, 23KS, 33DP, 33GTB, 33TP, 34B, 34J, 35/60, 36, 38/39, 39SK, 58, 69, 70/71, 1960, 1961K"},"geometry":{"type":"LineString","coordinates":[[36.841266,-1.292124],[36.841154,-1.292244]]}},{"type":"Feature","properties":{"mode":"bus","n":16,"arr":["10","19Cdc","23KS","33DP","33GTB","33TP","34B","34J","35/60","36","38/39","39SK","58","70/71","1960","1961K"],"lines":"10, 19Cdc, 23KS, 33DP, 33GTB, 33TP, 34B, 34J, 35/60, 36, 38/39, 39SK, 58, 70/71, 1960, 1961K"},"geometry":{"type":"LineString","coordinates":[[36.841154,-1.292244],[36.840991,-1.292295],[36.840914,-1.292278],[36.840819,-1.292209]]}},{"type":"Feature","properties":{"mode":"bus","n":16,"arr":["10","19Cdc","23KS","33DP","33GTB","33TP","34B","34J","35/60","36","38/39","39SK","58","70/71","1960","1961K"],"lines":"10, 19Cdc, 23KS, 33DP, 33GTB, 33TP, 34B, 34J, 35/60, 36, 38/39, 39SK, 58, 70/71, 1960, 1961K"},"geometry":{"type":"LineString","coordinates":[[36.851697,-1.294346],[36.851109,-1.294201],[36.846999,-1.293308],[36.841696,-1.292124],[36.84149,-1.292099],[36.841344,-1.2921],[36.841266,-1.292124]]}},{"type":"Feature","properties":{"mode":"bus","n":18,"arr":["10","11","19Cdc","23KS","33DP","33GTB","33TP","34B","34J","35/60","36","38/39","39SK","58","69","70/71","1960","1961K"],"lines":"10, 11, 19Cdc, 23KS, 33DP, 33GTB, 33TP, 34B, 34J, 35/60, 36, 38/39, 39SK, 58, 69, 70/71, 1960, 1961K"},"geometry":{"type":"LineString","coordinates":[[36.840819,-1.292209],[36.840745,-1.292085],[36.840692,-1.291901]]}},{"type":"Feature","properties":{"mode":"bus","n":18,"arr":["10","11","19Cdc","23KS","33DP","33GTB","33TP","34B","34J","35/60","36","38/39","39SK","58","69","70/71","1960","1961K"],"lines":"10, 11, 19Cdc, 23KS, 33DP, 33GTB, 33TP, 34B, 34J, 35/60, 36, 38/39, 39SK, 58, 69, 70/71, 1960, 1961K"},"geometry":{"type":"LineString","coordinates":[[36.840798,-1.2916],[36.840858,-1.291548]]}},{"type":"Feature","properties":{"mode":"bus","n":6,"arr":["10","33DP","36","38/39","69","70/71"],"lines":"10, 33DP, 36, 38/39, 69, 70/71"},"geometry":{"type":"LineString","coordinates":[[36.840858,-1.291548],[36.840947,-1.291496],[36.84102,-1.291484],[36.84119,-1.291529]]}},{"type":"Feature","properties":{"mode":"bus","n":16,"arr":["10","19Cdc","23KS","33DP","33GTB","34B","34J","35/60","36","38/39","39SK","58","69","70/71","1960","1961K"],"lines":"10, 19Cdc, 23KS, 33DP, 33GTB, 34B, 34J, 35/60, 36, 38/39, 39SK, 58, 69, 70/71, 1960, 1961K"},"geometry":{"type":"LineString","coordinates":[[36.84119,-1.291529],[36.841265,-1.291611],[36.841321,-1.291789]]}},{"type":"Feature","properties":{"mode":"bus","n":16,"arr":["11","19Cdc","23KS","33GTB","33TP","34B","34J","35/60","36","38/39","39SK","58","69","70/71","1960","1961K"],"lines":"11, 19Cdc, 23KS, 33GTB, 33TP, 34B, 34J, 35/60, 36, 38/39, 39SK, 58, 69, 70/71, 1960, 1961K"},"geometry":{"type":"LineString","coordinates":[[36.840692,-1.291901],[36.840724,-1.291737],[36.840798,-1.2916]]}},{"type":"Feature","properties":{"mode":"bus","n":14,"arr":["11","17B","19Cdc","23KS","33GTB","33TP","34B","34J","35/60","39SK","43","58","1960","1961K"],"lines":"11, 17B, 19Cdc, 23KS, 33GTB, 33TP, 34B, 34J, 35/60, 39SK, 43, 58, 1960, 1961K"},"geometry":{"type":"LineString","coordinates":[[36.832435,-1.285842],[36.832288,-1.285876]]}},{"type":"Feature","properties":{"mode":"bus","n":11,"arr":["11","19Cdc","33TP","34B","34J","35/60","39SK","43","58","1960","1961K"],"lines":"11, 19Cdc, 33TP, 34B, 34J, 35/60, 39SK, 43, 58, 1960, 1961K"},"geometry":{"type":"LineString","coordinates":[[36.832129,-1.285755],[36.832222,-1.285855],[36.832288,-1.285876]]}},{"type":"Feature","properties":{"mode":"bus","n":18,"arr":["11","16/62","17B","19Cdc","23KS","33GTB","33TP","34B","34J","35/60","39SK","43","58","100","120","121","1960","1961K"],"lines":"11, 16/62, 17B, 19Cdc, 23KS, 33GTB, 33TP, 34B, 34J, 35/60, 39SK, 43, 58, 100, 120, 121, 1960, 1961K"},"geometry":{"type":"LineString","coordinates":[[36.832117,-1.285718],[36.832129,-1.285755]]}},{"type":"Feature","properties":{"mode":"bus","n":23,"arr":["11","14A","14B","15","16","17B","19Cdc","23KS","33B","33FED","33GTB","33IMR","33MKR","33NG","33TP","34B","34J","35/60","39SK","43","58","110","110ATH"],"lines":"11, 14A, 14B, 15, 16, 17B, 19Cdc, 23KS, 33B, 33FED, 33GTB, 33IMR, 33MKR, 33NG, 33TP, 34B, 34J, 35/60, 39SK, 43, 58, 110, 110ATH"},"geometry":{"type":"LineString","coordinates":[[36.830122,-1.287659],[36.830089,-1.287731],[36.830103,-1.287809]]}},{"type":"Feature","properties":{"mode":"bus","n":22,"arr":["11","14A","14B","15","16","16/62","19Cdc","23KS","33B","33FED","33GTB","33IMR","33MKR","33TP","34B","34J","35/60","39SK","43","58","110","110ATH"],"lines":"11, 14A, 14B, 15, 16, 16/62, 19Cdc, 23KS, 33B, 33FED, 33GTB, 33IMR, 33MKR, 33TP, 34B, 34J, 35/60, 39SK, 43, 58, 110, 110ATH"},"geometry":{"type":"LineString","coordinates":[[36.83028,-1.28763],[36.830169,-1.287626],[36.830122,-1.287659]]}},{"type":"Feature","properties":{"mode":"bus","n":29,"arr":["11","12C","12D","14A","14B","15","16","16/62","17B","19Cdc","23KS","33B","33FED","33GTB","33IMR","33MKR","33NG","33TP","34B","34J","35/60","39SK","43","58","100","110","110ATH","120","121"],"lines":"11, 12C, 12D, 14A, 14B, 15, 16, 16/62, 17B, 19Cdc, 23KS, 33B, 33FED, 33GTB, 33IMR, 33MKR, 33NG, 33TP, 34B, 34J, 35/60, 39SK, 43, 58, 100, 110, 110ATH, 120, 121"},"geometry":{"type":"LineString","coordinates":[[36.830333,-1.287682],[36.83028,-1.28763]]}},{"type":"Feature","properties":{"mode":"bus","n":15,"arr":["11","12C","12D","14A","14B","15","16","33B","33FED","33IMR","33MKR","33NG","33TP","110","110ATH"],"lines":"11, 12C, 12D, 14A, 14B, 15, 16, 33B, 33FED, 33IMR, 33MKR, 33NG, 33TP, 110, 110ATH"},"geometry":{"type":"LineString","coordinates":[[36.830333,-1.287682],[36.83035,-1.287741],[36.830339,-1.287801]]}},{"type":"Feature","properties":{"mode":"bus","n":18,"arr":["11","12C","12D","14A","14B","15","16","17B","23KS","33B","33FED","33GTB","33IMR","33MKR","33NG","33TP","110","110ATH"],"lines":"11, 12C, 12D, 14A, 14B, 15, 16, 17B, 23KS, 33B, 33FED, 33GTB, 33IMR, 33MKR, 33NG, 33TP, 110, 110ATH"},"geometry":{"type":"LineString","coordinates":[[36.830339,-1.287801],[36.830254,-1.287874],[36.830175,-1.287871]]}},{"type":"Feature","properties":{"mode":"bus","n":20,"arr":["11","12C","12D","14A","14B","15","16","23KS","24","33B","33C","33FED","33GTB","33IMR","33MKR","33NG","33TP","33UTW","110","110ATH"],"lines":"11, 12C, 12D, 14A, 14B, 15, 16, 23KS, 24, 33B, 33C, 33FED, 33GTB, 33IMR, 33MKR, 33NG, 33TP, 33UTW, 110, 110ATH"},"geometry":{"type":"LineString","coordinates":[[36.827468,-1.289404],[36.827581,-1.289399],[36.827633,-1.289374],[36.827705,-1.289287],[36.827721,-1.289232]]}},{"type":"Feature","properties":{"mode":"bus","n":19,"arr":["11","12C","12D","14A","14B","15","16","24","33B","33C","33FED","33IMR","33MKR","33TP","33UTW","110","110ATH","125","126"],"lines":"11, 12C, 12D, 14A, 14B, 15, 16, 24, 33B, 33C, 33FED, 33IMR, 33MKR, 33TP, 33UTW, 110, 110ATH, 125, 126"},"geometry":{"type":"LineString","coordinates":[[36.824318,-1.299663],[36.82427,-1.299639],[36.824248,-1.299622],[36.824236,-1.299598],[36.824029,-1.298908],[36.82381,-1.298412],[36.82337,-1.29757],[36.822778,-1.296568],[36.821846,-1.295087],[36.820922,-1.293446]]}},{"type":"Feature","properties":{"mode":"bus","n":18,"arr":["11A","11B","23KG","23W","25A","30","48A","48B","48C","48O","105","106","107","115","118","119","119A","135"],"lines":"11A, 11B, 23KG, 23W, 25A, 30, 48A, 48B, 48C, 48O, 105, 106, 107, 115, 118, 119, 119A, 135"},"geometry":{"type":"LineString","coordinates":[[36.821524,-1.279487],[36.821838,-1.279154],[36.821918,-1.279031],[36.822004,-1.27883],[36.822033,-1.278635],[36.822,-1.278362],[36.821876,-1.278117],[36.821754,-1.278]]}},{"type":"Feature","properties":{"mode":"bus","n":5,"arr":["11B","106","107","114R","116"],"lines":"11B, 106, 107, 114R, 116"},"geometry":{"type":"LineString","coordinates":[[36.821375,-1.24995],[36.821437,-1.25002],[36.821442,-1.250115],[36.821403,-1.250174],[36.821379,-1.250198],[36.821347,-1.250209],[36.821267,-1.250221]]}},{"type":"Feature","properties":{"mode":"bus","n":5,"arr":["11B","106","107","114R","116"],"lines":"11B, 106, 107, 114R, 116"},"geometry":{"type":"LineString","coordinates":[[36.82047,-1.250386],[36.820062,-1.250454],[36.819401,-1.250666],[36.819049,-1.250824],[36.817851,-1.251454],[36.817699,-1.251578],[36.817667,-1.251623],[36.817647,-1.251641],[36.81762,-1.251645],[36.817585,-1.251643],[36.817567,-1.251638],[36.817552,-1.251626],[36.817529,-1.251597]]}},{"type":"Feature","properties":{"mode":"bus","n":5,"arr":["11B","106","107","114R","116"],"lines":"11B, 106, 107, 114R, 116"},"geometry":{"type":"LineString","coordinates":[[36.817644,-1.251486],[36.817587,-1.251484],[36.817546,-1.251522],[36.817534,-1.251538],[36.81753,-1.251557],[36.817529,-1.251597],[36.817481,-1.25168],[36.817484,-1.251843],[36.817503,-1.251888],[36.817617,-1.251979],[36.817865,-1.252088],[36.818042,-1.252113],[36.818602,-1.252097],[36.819413,-1.252016],[36.819631,-1.252052],[36.819904,-1.252155],[36.820814,-1.252844],[36.82132,-1.25315],[36.821892,-1.25353],[36.822466,-1.253948],[36.822635,-1.254095],[36.823726,-1.254828],[36.824072,-1.254967],[36.824813,-1.255161],[36.824955,-1.25522],[36.825629,-1.255628],[36.825759,-1.255732],[36.82587,-1.255871],[36.826065,-1.256357],[36.82607,-1.256364],[36.826074,-1.256367],[36.82608,-1.256366],[36.826087,-1.256361],[36.826112,-1.256332],[36.826157,-1.256327],[36.826172,-1.256328],[36.826184,-1.256334],[36.826193,-1.256345],[36.826494,-1.256855],[36.82696,-1.257774],[36.826966,-1.257794],[36.826962,-1.257813],[36.826949,-1.257829],[36.826895,-1.257875],[36.826823,-1.257883],[36.826811,-1.257885],[36.826804,-1.257889],[36.826802,-1.257895],[36.826806,-1.257902],[36.826814,-1.257911],[36.826959,-1.25804],[36.82711,-1.258322],[36.82712,-1.258355],[36.827116,-1.258388],[36.826983,-1.258818],[36.826807,-1.259142],[36.825103,-1.262947]]}},{"type":"Feature","properties":{"mode":"bus","n":5,"arr":["11B","106","107","114R","116"],"lines":"11B, 106, 107, 114R, 116"},"geometry":{"type":"LineString","coordinates":[[36.813842,-1.24307],[36.813967,-1.243601],[36.814064,-1.243845],[36.814223,-1.244065],[36.814668,-1.244567],[36.814998,-1.24511],[36.815523,-1.246576],[36.815934,-1.24765],[36.816268,-1.248192],[36.816644,-1.248492],[36.816841,-1.248607],[36.816981,-1.248657],[36.817492,-1.248708],[36.817931,-1.248815],[36.818208,-1.248924],[36.818391,-1.248909],[36.818519,-1.248956],[36.819584,-1.249156],[36.820759,-1.249496],[36.821066,-1.24963],[36.821145,-1.249727],[36.821176,-1.249831],[36.821196,-1.249977],[36.821158,-1.250068],[36.82098,-1.250194],[36.820433,-1.250275]]}},{"type":"Feature","properties":{"mode":"bus","n":5,"arr":["11B","106","107","114R","116"],"lines":"11B, 106, 107, 114R, 116"},"geometry":{"type":"LineString","coordinates":[[36.785962,-1.207185],[36.786729,-1.207713],[36.787342,-1.208258],[36.788946,-1.209785],[36.789727,-1.210575],[36.791249,-1.211989],[36.792792,-1.213185],[36.793674,-1.213774],[36.794167,-1.214051],[36.794843,-1.21448],[36.796522,-1.215321],[36.796846,-1.215457],[36.798038,-1.215764],[36.798349,-1.215883],[36.798585,-1.216015],[36.798665,-1.216021],[36.799907,-1.216755],[36.80079,-1.217351],[36.801118,-1.217621],[36.801353,-1.217875],[36.801525,-1.218118],[36.801684,-1.218444],[36.801812,-1.218875],[36.801831,-1.21905],[36.801794,-1.219641],[36.801425,-1.220752],[36.80133,-1.221208],[36.801334,-1.221621],[36.801429,-1.221967],[36.801678,-1.222427],[36.801807,-1.222596],[36.801996,-1.222791],[36.802291,-1.222994],[36.802816,-1.223293],[36.803557,-1.223637],[36.803812,-1.223819],[36.803984,-1.223985],[36.804216,-1.224293],[36.804306,-1.224456],[36.804654,-1.22535],[36.804982,-1.226259],[36.805031,-1.226457],[36.80506,-1.226626],[36.805054,-1.227145],[36.804856,-1.227762]]}},{"type":"Feature","properties":{"mode":"bus","n":5,"arr":["11B","106","107","114R","116"],"lines":"11B, 106, 107, 114R, 116"},"geometry":{"type":"LineString","coordinates":[[36.803157,-1.232266],[36.8031,-1.232648],[36.803098,-1.23285],[36.803168,-1.233243],[36.80327,-1.233614],[36.803459,-1.234095],[36.803638,-1.234437]]}},{"type":"Feature","properties":{"mode":"bus","n":5,"arr":["11B","106","107","114R","116"],"lines":"11B, 106, 107, 114R, 116"},"geometry":{"type":"LineString","coordinates":[[36.809209,-1.237623],[36.809324,-1.237661],[36.810478,-1.238323],[36.810497,-1.23834],[36.810506,-1.238364],[36.810514,-1.238414],[36.810968,-1.238793],[36.811822,-1.239437],[36.812885,-1.240302],[36.81311,-1.240563],[36.81339,-1.241007],[36.813521,-1.241428]]}},{"type":"Feature","properties":{"mode":"bus","n":16,"arr":["11C","17B","25","25A","29/30","43","44G","44Z","45G","45K","49","100","100A","120","121","237"],"lines":"11C, 17B, 25, 25A, 29/30, 43, 44G, 44Z, 45G, 45K, 49, 100, 100A, 120, 121, 237"},"geometry":{"type":"LineString","coordinates":[[36.840021,-1.261812],[36.839962,-1.261824],[36.839882,-1.261891],[36.839844,-1.262116],[36.839779,-1.262264],[36.839417,-1.262657],[36.837672,-1.263695],[36.836864,-1.264327]]}},{"type":"Feature","properties":{"mode":"bus","n":17,"arr":["12C","12D","14A","14B","15","16","24","33B","33C","33FED","33IMR","33MKR","33UTW","110","110ATH","125","126"],"lines":"12C, 12D, 14A, 14B, 15, 16, 24, 33B, 33C, 33FED, 33IMR, 33MKR, 33UTW, 110, 110ATH, 125, 126"},"geometry":{"type":"LineString","coordinates":[[36.826395,-1.305154],[36.826449,-1.305169]]}},{"type":"Feature","properties":{"mode":"bus","n":10,"arr":["12C","12D","33B","33C","33FED","33IMR","33MKR","33UTW","110","110ATH"],"lines":"12C, 12D, 33B, 33C, 33FED, 33IMR, 33MKR, 33UTW, 110, 110ATH"},"geometry":{"type":"LineString","coordinates":[[36.826251,-1.304832],[36.826244,-1.304986],[36.826328,-1.305115],[36.826395,-1.305154]]}},{"type":"Feature","properties":{"mode":"bus","n":10,"arr":["12C","12D","33B","33C","33FED","33IMR","33MKR","33UTW","110","110ATH"],"lines":"12C, 12D, 33B, 33C, 33FED, 33IMR, 33MKR, 33UTW, 110, 110ATH"},"geometry":{"type":"LineString","coordinates":[[36.826449,-1.305169],[36.826642,-1.305503],[36.828999,-1.310528]]}},{"type":"Feature","properties":{"mode":"bus","n":15,"arr":["12C","12D","14A","14B","15","33B","33C","33FED","33IMR","33MKR","33UTW","110","110ATH","125","126"],"lines":"12C, 12D, 14A, 14B, 15, 33B, 33C, 33FED, 33IMR, 33MKR, 33UTW, 110, 110ATH, 125, 126"},"geometry":{"type":"LineString","coordinates":[[36.820351,-1.292929],[36.820502,-1.293084],[36.820651,-1.293279],[36.821163,-1.294099],[36.823714,-1.298506],[36.823824,-1.298801],[36.823979,-1.299459],[36.823939,-1.29971],[36.823884,-1.299816],[36.823875,-1.2999],[36.823893,-1.299983],[36.823939,-1.300061],[36.824065,-1.300146],[36.824271,-1.300441],[36.826243,-1.304612],[36.82628,-1.304739],[36.826283,-1.304764],[36.826275,-1.304788],[36.826251,-1.304832]]}},{"type":"Feature","properties":{"mode":"bus","n":16,"arr":["12C","12D","14A","14B","15","24","33B","33C","33FED","33IMR","33MKR","33UTW","110","110ATH","125","126"],"lines":"12C, 12D, 14A, 14B, 15, 24, 33B, 33C, 33FED, 33IMR, 33MKR, 33UTW, 110, 110ATH, 125, 126"},"geometry":{"type":"LineString","coordinates":[[36.82019,-1.292663],[36.820184,-1.29277],[36.820211,-1.292833],[36.820314,-1.292918]]}},{"type":"Feature","properties":{"mode":"bus","n":18,"arr":["12C","12D","14A","14B","15","16","24","33B","33C","33FED","33IMR","33MKR","33TP","33UTW","110","110ATH","125","126"],"lines":"12C, 12D, 14A, 14B, 15, 16, 24, 33B, 33C, 33FED, 33IMR, 33MKR, 33TP, 33UTW, 110, 110ATH, 125, 126"},"geometry":{"type":"LineString","coordinates":[[36.826691,-1.30507],[36.826741,-1.304942],[36.826722,-1.304822],[36.826632,-1.304711],[36.826516,-1.304668],[36.826455,-1.304573],[36.824845,-1.30114],[36.824509,-1.300326],[36.8244,-1.299992],[36.824416,-1.29983],[36.824389,-1.299756],[36.824318,-1.299663]]}},{"type":"Feature","properties":{"mode":"bus","n":6,"arr":["14A","14B","15","33SB","125","126"],"lines":"14A, 14B, 15, 33SB, 125, 126"},"geometry":{"type":"LineString","coordinates":[[36.819628,-1.306884],[36.819573,-1.306905],[36.819492,-1.30699],[36.819471,-1.307115],[36.819493,-1.30718]]}},{"type":"Feature","properties":{"mode":"bus","n":7,"arr":["14A","14B","15","16","24","125","126"],"lines":"14A, 14B, 15, 16, 24, 125, 126"},"geometry":{"type":"LineString","coordinates":[[36.826449,-1.305169],[36.82658,-1.305155],[36.826691,-1.30507]]}},{"type":"Feature","properties":{"mode":"bus","n":7,"arr":["14A","14B","15","16","24","125","126"],"lines":"14A, 14B, 15, 16, 24, 125, 126"},"geometry":{"type":"LineString","coordinates":[[36.823773,-1.305723],[36.825515,-1.30547],[36.826222,-1.305246],[36.826341,-1.305187]]}},{"type":"Feature","properties":{"mode":"bus","n":7,"arr":["14A","15","16","24","33SB","125","126"],"lines":"14A, 15, 16, 24, 33SB, 125, 126"},"geometry":{"type":"LineString","coordinates":[[36.819727,-1.307284],[36.81978,-1.307262]]}},{"type":"Feature","properties":{"mode":"bus","n":8,"arr":["14B","15","16","24","33SB","34L","125","126"],"lines":"14B, 15, 16, 24, 33SB, 34L, 125, 126"},"geometry":{"type":"LineString","coordinates":[[36.815952,-1.312869],[36.816042,-1.312748]]}},{"type":"Feature","properties":{"mode":"bus","n":8,"arr":["14B","15","16","24C","33SB","34L","125","126"],"lines":"14B, 15, 16, 24C, 33SB, 34L, 125, 126"},"geometry":{"type":"LineString","coordinates":[[36.815623,-1.312792],[36.815641,-1.312819]]}},{"type":"Feature","properties":{"mode":"bus","n":6,"arr":["14B","15","33SB","34L","125","126"],"lines":"14B, 15, 33SB, 34L, 125, 126"},"geometry":{"type":"LineString","coordinates":[[36.815821,-1.312446],[36.815708,-1.312478],[36.815653,-1.312522]]}},{"type":"Feature","properties":{"mode":"bus","n":6,"arr":["15","16","24","33SB","125","126"],"lines":"15, 16, 24, 33SB, 125, 126"},"geometry":{"type":"LineString","coordinates":[[36.819878,-1.307118],[36.819876,-1.307039]]}},{"type":"Feature","properties":{"mode":"bus","n":6,"arr":["15","16","24","33SB","125","126"],"lines":"15, 16, 24, 33SB, 125, 126"},"geometry":{"type":"LineString","coordinates":[[36.81604,-1.312601],[36.816195,-1.312427],[36.817063,-1.311238],[36.818701,-1.309158],[36.818955,-1.308755],[36.819505,-1.307459],[36.819591,-1.307355],[36.819727,-1.307284]]}},{"type":"Feature","properties":{"mode":"bus","n":5,"arr":["15","16","24","125","126"],"lines":"15, 16, 24, 125, 126"},"geometry":{"type":"LineString","coordinates":[[36.81978,-1.307262],[36.81986,-1.307175],[36.819878,-1.307118]]}},{"type":"Feature","properties":{"mode":"bus","n":5,"arr":["15","16","24","125","126"],"lines":"15, 16, 24, 125, 126"},"geometry":{"type":"LineString","coordinates":[[36.819876,-1.307039],[36.820003,-1.306829],[36.820074,-1.306751],[36.820425,-1.306537],[36.820734,-1.30641],[36.822507,-1.305919],[36.823773,-1.305723]]}},{"type":"Feature","properties":{"mode":"bus","n":7,"arr":["15","16","24","33SB","34L","125","126"],"lines":"15, 16, 24, 33SB, 34L, 125, 126"},"geometry":{"type":"LineString","coordinates":[[36.816042,-1.312748],[36.81604,-1.312601]]}},{"type":"Feature","properties":{"mode":"bus","n":13,"arr":["16/62","17Aky","18C","23KS","26","26S","0027","32D","36","41","42","2030","3738"],"lines":"16/62, 17Aky, 18C, 23KS, 26, 26S, 0027, 32D, 36, 41, 42, 2030, 3738"},"geometry":{"type":"LineString","coordinates":[[36.879277,-1.262568],[36.879341,-1.262471]]}},{"type":"Feature","properties":{"mode":"bus","n":13,"arr":["16/62","17Aky","18C","23KS","26","26S","0027","32D","36","41","42","2030","3738"],"lines":"16/62, 17Aky, 18C, 23KS, 26, 26S, 0027, 32D, 36, 41, 42, 2030, 3738"},"geometry":{"type":"LineString","coordinates":[[36.879383,-1.262142],[36.879351,-1.262069]]}},{"type":"Feature","properties":{"mode":"bus","n":8,"arr":["16/62","18C","0027","32D","41","42","2030","3738"],"lines":"16/62, 18C, 0027, 32D, 41, 42, 2030, 3738"},"geometry":{"type":"LineString","coordinates":[[36.878856,-1.262701],[36.878975,-1.262741],[36.879058,-1.26273],[36.879141,-1.262702],[36.879277,-1.262568]]}},{"type":"Feature","properties":{"mode":"bus","n":12,"arr":["16/62","18C","23KS","26","26S","0027","32D","36","41","42","2030","3738"],"lines":"16/62, 18C, 23KS, 26, 26S, 0027, 32D, 36, 41, 42, 2030, 3738"},"geometry":{"type":"LineString","coordinates":[[36.878811,-1.262672],[36.878856,-1.262701]]}},{"type":"Feature","properties":{"mode":"bus","n":17,"arr":["16/62","17B","19Cdc","23KS","0027","33GTB","34B","34J","35/60","39SK","43","58","100","120","121","1960","1961K"],"lines":"16/62, 17B, 19Cdc, 23KS, 0027, 33GTB, 34B, 34J, 35/60, 39SK, 43, 58, 100, 120, 121, 1960, 1961K"},"geometry":{"type":"LineString","coordinates":[[36.832145,-1.285559],[36.832121,-1.285608],[36.832117,-1.285718]]}},{"type":"Feature","properties":{"mode":"bus","n":18,"arr":["16/62","17B","19Cdc","23KS","0027","32D","33GTB","34B","34J","35/60","39SK","43","58","100","120","121","1960","1961K"],"lines":"16/62, 17B, 19Cdc, 23KS, 0027, 32D, 33GTB, 34B, 34J, 35/60, 39SK, 43, 58, 100, 120, 121, 1960, 1961K"},"geometry":{"type":"LineString","coordinates":[[36.832234,-1.285484],[36.832145,-1.285559]]}},{"type":"Feature","properties":{"mode":"bus","n":12,"arr":["16/62","17Aky","18C","23KS","26","26S","0027","32D","36","41","42","2030"],"lines":"16/62, 17Aky, 18C, 23KS, 26, 26S, 0027, 32D, 36, 41, 42, 2030"},"geometry":{"type":"LineString","coordinates":[[36.878858,-1.262031],[36.878721,-1.262259]]}},{"type":"Feature","properties":{"mode":"bus","n":12,"arr":["16/62","17Aky","18C","23KS","26","26S","0027","32D","36","41","42","2030"],"lines":"16/62, 17Aky, 18C, 23KS, 26, 26S, 0027, 32D, 36, 41, 42, 2030"},"geometry":{"type":"LineString","coordinates":[[36.879351,-1.262069],[36.879296,-1.262001],[36.879206,-1.261942]]}},{"type":"Feature","properties":{"mode":"bus","n":7,"arr":["16/62","17Aky","18C","23KS","32D","36","41"],"lines":"16/62, 17Aky, 18C, 23KS, 32D, 36, 41"},"geometry":{"type":"LineString","coordinates":[[36.879206,-1.261942],[36.879067,-1.261918],[36.878984,-1.261939],[36.878858,-1.262031]]}},{"type":"Feature","properties":{"mode":"bus","n":6,"arr":["17A","17Aky","23KS","26","26S","36"],"lines":"17A, 17Aky, 23KS, 26, 26S, 36"},"geometry":{"type":"LineString","coordinates":[[36.881011,-1.26924],[36.880938,-1.269216],[36.88077,-1.269034],[36.880707,-1.268956],[36.880636,-1.268792],[36.87949,-1.264037],[36.87932,-1.263063]]}},{"type":"Feature","properties":{"mode":"bus","n":6,"arr":["17A","17Aky","23KS","26","26S","36"],"lines":"17A, 17Aky, 23KS, 26, 26S, 36"},"geometry":{"type":"LineString","coordinates":[[36.88134,-1.271526],[36.880893,-1.269803],[36.880904,-1.269628],[36.880982,-1.269496],[36.881012,-1.269481]]}},{"type":"Feature","properties":{"mode":"bus","n":6,"arr":["17A","17Aky","23KS","26","26S","36"],"lines":"17A, 17Aky, 23KS, 26, 26S, 36"},"geometry":{"type":"LineString","coordinates":[[36.879592,-1.265867],[36.880964,-1.271385]]}},{"type":"Feature","properties":{"mode":"bus","n":5,"arr":["17A","17Aky","19C2","38/39","39SK"],"lines":"17A, 17Aky, 19C2, 38/39, 39SK"},"geometry":{"type":"LineString","coordinates":[[36.883672,-1.27838],[36.883384,-1.278344],[36.882978,-1.278249],[36.882911,-1.278225],[36.882812,-1.278106]]}},{"type":"Feature","properties":{"mode":"bus","n":5,"arr":["17A","17Aky","19C2","38/39","39SK"],"lines":"17A, 17Aky, 19C2, 38/39, 39SK"},"geometry":{"type":"LineString","coordinates":[[36.882921,-1.27877],[36.882993,-1.278629],[36.883175,-1.278518],[36.883313,-1.278463],[36.883592,-1.27841],[36.883972,-1.278295],[36.884279,-1.278127],[36.884573,-1.277878],[36.885508,-1.276843],[36.885863,-1.276529],[36.886204,-1.276301],[36.886508,-1.276134],[36.886959,-1.275945],[36.887257,-1.275863]]}},{"type":"Feature","properties":{"mode":"bus","n":5,"arr":["17A","17Aky","19C2","38/39","39SK"],"lines":"17A, 17Aky, 19C2, 38/39, 39SK"},"geometry":{"type":"LineString","coordinates":[[36.882191,-1.278263],[36.88214,-1.278359],[36.882146,-1.278567],[36.882231,-1.278752],[36.882316,-1.278852]]}},{"type":"Feature","properties":{"mode":"bus","n":7,"arr":["17A","17Aky","19Cdc","20","1960","1961K","1961Kd"],"lines":"17A, 17Aky, 19Cdc, 20, 1960, 1961K, 1961Kd"},"geometry":{"type":"LineString","coordinates":[[36.902623,-1.282764],[36.902666,-1.28278],[36.902817,-1.282775],[36.902888,-1.282755],[36.902898,-1.282752],[36.902904,-1.282752],[36.902907,-1.282753],[36.902906,-1.282756],[36.902902,-1.28276],[36.902894,-1.282766],[36.902816,-1.282823],[36.902733,-1.282999]]}},{"type":"Feature","properties":{"mode":"bus","n":7,"arr":["17A","17Aky","19Cdc","20","1960","1961K","1961Kd"],"lines":"17A, 17Aky, 19Cdc, 20, 1960, 1961K, 1961Kd"},"geometry":{"type":"LineString","coordinates":[[36.90257,-1.283084],[36.902528,-1.283073]]}},{"type":"Feature","properties":{"mode":"bus","n":7,"arr":["17A","17Aky","19Cdc","20","1960","1961K","1961Kd"],"lines":"17A, 17Aky, 19Cdc, 20, 1960, 1961K, 1961Kd"},"geometry":{"type":"LineString","coordinates":[[36.902433,-1.282883],[36.902428,-1.282936]]}},{"type":"Feature","properties":{"mode":"bus","n":7,"arr":["17A","17Aky","19Cdc","20","1960","1961K","1961Kd"],"lines":"17A, 17Aky, 19Cdc, 20, 1960, 1961K, 1961Kd"},"geometry":{"type":"LineString","coordinates":[[36.902923,-1.282745],[36.905053,-1.281584],[36.905197,-1.281487],[36.905339,-1.281345],[36.905475,-1.281144],[36.90604,-1.27999],[36.906189,-1.279758],[36.906808,-1.279244],[36.907447,-1.278667],[36.907964,-1.278112]]}},{"type":"Feature","properties":{"mode":"bus","n":5,"arr":["17A","17Aky","19Cdc","20","1960"],"lines":"17A, 17Aky, 19Cdc, 20, 1960"},"geometry":{"type":"LineString","coordinates":[[36.902733,-1.282999],[36.902665,-1.283067],[36.90257,-1.283084]]}},{"type":"Feature","properties":{"mode":"bus","n":6,"arr":["17A","17Aky","20","1960","1961K","1961Kd"],"lines":"17A, 17Aky, 20, 1960, 1961K, 1961Kd"},"geometry":{"type":"LineString","coordinates":[[36.902428,-1.282936],[36.902459,-1.283019],[36.902528,-1.283073]]}},{"type":"Feature","properties":{"mode":"bus","n":7,"arr":["17Aky","23KS","26","26S","0027","36","2030"],"lines":"17Aky, 23KS, 26, 26S, 0027, 36, 2030"},"geometry":{"type":"LineString","coordinates":[[36.879341,-1.262471],[36.879386,-1.262307],[36.879383,-1.262142]]}},{"type":"Feature","properties":{"mode":"bus","n":9,"arr":["17B","43","44G","44Z","45G","45K","49","145","237"],"lines":"17B, 43, 44G, 44Z, 45G, 45K, 49, 145, 237"},"geometry":{"type":"LineString","coordinates":[[36.873898,-1.234952],[36.873897,-1.234849]]}},{"type":"Feature","properties":{"mode":"bus","n":9,"arr":["17B","43","44G","44Z","45G","45K","49","145","237"],"lines":"17B, 43, 44G, 44Z, 45G, 45K, 49, 145, 237"},"geometry":{"type":"LineString","coordinates":[[36.869975,-1.239092],[36.87091,-1.237045],[36.871117,-1.236677],[36.871492,-1.236094],[36.871856,-1.235645],[36.872176,-1.235294],[36.872531,-1.234959],[36.872944,-1.234625],[36.873087,-1.234485],[36.873164,-1.234356],[36.873182,-1.234118],[36.873117,-1.234039],[36.872941,-1.233946],[36.872806,-1.233789],[36.872706,-1.233628]]}},{"type":"Feature","properties":{"mode":"bus","n":9,"arr":["17B","43","44G","44Z","45G","45K","49","145","237"],"lines":"17B, 43, 44G, 44Z, 45G, 45K, 49, 145, 237"},"geometry":{"type":"LineString","coordinates":[[36.873301,-1.233099],[36.873464,-1.233067],[36.873617,-1.233119]]}},{"type":"Feature","properties":{"mode":"bus","n":9,"arr":["17B","43","44G","44Z","45G","45K","49","145","237"],"lines":"17B, 43, 44G, 44Z, 45G, 45K, 49, 145, 237"},"geometry":{"type":"LineString","coordinates":[[36.868154,-1.243894],[36.868421,-1.243559],[36.868586,-1.243308],[36.868758,-1.24303],[36.868903,-1.242732],[36.869801,-1.240679],[36.870029,-1.240093],[36.870124,-1.239933],[36.870639,-1.238793],[36.871035,-1.237822],[36.871576,-1.236806],[36.871805,-1.236453],[36.872139,-1.236021],[36.872537,-1.235586],[36.872838,-1.235293],[36.873035,-1.235134]]}},{"type":"Feature","properties":{"mode":"bus","n":9,"arr":["17B","43","44G","44Z","45G","45K","49","145","237"],"lines":"17B, 43, 44G, 44Z, 45G, 45K, 49, 145, 237"},"geometry":{"type":"LineString","coordinates":[[36.867075,-1.244256],[36.867446,-1.243926],[36.8677,-1.243668],[36.867923,-1.243424],[36.868071,-1.24321],[36.868385,-1.242712],[36.868682,-1.242028],[36.869164,-1.241099]]}},{"type":"Feature","properties":{"mode":"bus","n":8,"arr":["17B","44G","44Z","45G","45K","49","145","237"],"lines":"17B, 44G, 44Z, 45G, 45K, 49, 145, 237"},"geometry":{"type":"LineString","coordinates":[[36.873035,-1.235134],[36.873193,-1.235027],[36.873322,-1.234981],[36.873646,-1.235011],[36.873754,-1.235055],[36.873842,-1.235026],[36.873898,-1.234952]]}},{"type":"Feature","properties":{"mode":"bus","n":8,"arr":["17B","44G","44Z","45G","45K","49","145","237"],"lines":"17B, 44G, 44Z, 45G, 45K, 49, 145, 237"},"geometry":{"type":"LineString","coordinates":[[36.873617,-1.233119],[36.873823,-1.233079],[36.874295,-1.233096],[36.874677,-1.233139],[36.874797,-1.233104],[36.874892,-1.233044],[36.876835,-1.231481],[36.877379,-1.231078],[36.879804,-1.229145],[36.880358,-1.228771],[36.884352,-1.225901],[36.886447,-1.224316],[36.887277,-1.223608],[36.88792,-1.222981],[36.888463,-1.222428],[36.889328,-1.221459],[36.889599,-1.220823],[36.88982,-1.220368],[36.889841,-1.220342],[36.889871,-1.220329],[36.889919,-1.22032],[36.889946,-1.220319],[36.88997,-1.22033],[36.890014,-1.22036],[36.890028,-1.220405],[36.890035,-1.220419],[36.890046,-1.220428],[36.890061,-1.220431],[36.890207,-1.220436],[36.890373,-1.220398],[36.890522,-1.220319],[36.891162,-1.219629],[36.891161,-1.219519],[36.891192,-1.21943],[36.891248,-1.219354],[36.891325,-1.2193],[36.891414,-1.219271],[36.891538,-1.219279]]}},{"type":"Feature","properties":{"mode":"bus","n":8,"arr":["17B","44G","44Z","45G","45K","49","145","237"],"lines":"17B, 44G, 44Z, 45G, 45K, 49, 145, 237"},"geometry":{"type":"LineString","coordinates":[[36.891806,-1.219649],[36.891808,-1.219575]]}},{"type":"Feature","properties":{"mode":"bus","n":8,"arr":["17B","44G","44Z","45G","45K","49","145","237"],"lines":"17B, 44G, 44Z, 45G, 45K, 49, 145, 237"},"geometry":{"type":"LineString","coordinates":[[36.873897,-1.234849],[36.873903,-1.234647],[36.87397,-1.234462],[36.874313,-1.234107],[36.879686,-1.22978],[36.881468,-1.228465],[36.884589,-1.22626],[36.886726,-1.224663],[36.887746,-1.223805],[36.88837,-1.223226],[36.8888,-1.222791],[36.889906,-1.221578],[36.890862,-1.220491]]}},{"type":"Feature","properties":{"mode":"bus","n":8,"arr":["17B","44G","44Z","45G","45K","49","145","237"],"lines":"17B, 44G, 44Z, 45G, 45K, 49, 145, 237"},"geometry":{"type":"LineString","coordinates":[[36.868658,-1.243191],[36.868594,-1.243422],[36.868582,-1.243561],[36.868158,-1.2443]]}},{"type":"Feature","properties":{"mode":"bus","n":10,"arr":["17B","19Cdc","23KS","33GTB","34B","34J","35/60","39SK","43","58"],"lines":"17B, 19Cdc, 23KS, 33GTB, 34B, 34J, 35/60, 39SK, 43, 58"},"geometry":{"type":"LineString","coordinates":[[36.832429,-1.285489],[36.832474,-1.285524]]}},{"type":"Feature","properties":{"mode":"bus","n":10,"arr":["17B","43","44G","44Z","45G","45K","49","53","145","237"],"lines":"17B, 43, 44G, 44Z, 45G, 45K, 49, 53, 145, 237"},"geometry":{"type":"LineString","coordinates":[[36.872706,-1.233628],[36.873062,-1.233274],[36.873301,-1.233099]]}},{"type":"Feature","properties":{"mode":"bus","n":8,"arr":["19Cdc","23KS","33GTB","34B","34J","35/60","39SK","58"],"lines":"19Cdc, 23KS, 33GTB, 34B, 34J, 35/60, 39SK, 58"},"geometry":{"type":"LineString","coordinates":[[36.832429,-1.285489],[36.832298,-1.285467],[36.832234,-1.285484]]}},{"type":"Feature","properties":{"mode":"bus","n":8,"arr":["19Cdc","23KS","33GTB","34B","34J","35/60","39SK","58"],"lines":"19Cdc, 23KS, 33GTB, 34B, 34J, 35/60, 39SK, 58"},"geometry":{"type":"LineString","coordinates":[[36.832474,-1.285524],[36.832754,-1.285472]]}},{"type":"Feature","properties":{"mode":"bus","n":5,"arr":["19Cdc","20","1960","1961K","1961Kd"],"lines":"19Cdc, 20, 1960, 1961K, 1961Kd"},"geometry":{"type":"LineString","coordinates":[[36.902623,-1.282764],[36.902504,-1.282785],[36.902433,-1.282883]]}},{"type":"Feature","properties":{"mode":"bus","n":8,"arr":["23KG","30","046P","48K","105","114W","115","135"],"lines":"23KG, 30, 046P, 48K, 105, 114W, 115, 135"},"geometry":{"type":"LineString","coordinates":[[36.78638,-1.259756],[36.780915,-1.259027],[36.780659,-1.259078],[36.77981,-1.259004],[36.779308,-1.258988],[36.778599,-1.259011],[36.777178,-1.259185],[36.776333,-1.259336],[36.775972,-1.259423],[36.775842,-1.25957],[36.775691,-1.259627],[36.77553,-1.259616],[36.77537,-1.259518],[36.77512,-1.25954]]}},{"type":"Feature","properties":{"mode":"bus","n":8,"arr":["23KG","30","046P","48K","105","114W","115","135"],"lines":"23KG, 30, 046P, 48K, 105, 114W, 115, 135"},"geometry":{"type":"LineString","coordinates":[[36.801544,-1.264118],[36.801305,-1.263777],[36.80048,-1.262775]]}},{"type":"Feature","properties":{"mode":"bus","n":10,"arr":["23KG","30","48A","48B","48C","48O","105","114W","115","135"],"lines":"23KG, 30, 48A, 48B, 48C, 48O, 105, 114W, 115, 135"},"geometry":{"type":"LineString","coordinates":[[36.805829,-1.26871],[36.806419,-1.269366],[36.807921,-1.271113],[36.80889,-1.272044],[36.809125,-1.272377],[36.809546,-1.272774],[36.809915,-1.273072],[36.811449,-1.27392],[36.812086,-1.274475],[36.812158,-1.274508],[36.812549,-1.274938],[36.813134,-1.275723],[36.813359,-1.276143],[36.813674,-1.276852],[36.813947,-1.277653],[36.814045,-1.278154],[36.814199,-1.279247],[36.814311,-1.279737],[36.814551,-1.280461],[36.814716,-1.280855],[36.814995,-1.281424],[36.815063,-1.281532],[36.815114,-1.281569],[36.815143,-1.281581],[36.815173,-1.281575],[36.81544,-1.281457],[36.818542,-1.279896],[36.818744,-1.279866],[36.819233,-1.279959],[36.819381,-1.279926],[36.820471,-1.279279],[36.820561,-1.279175],[36.820601,-1.279063]]}},{"type":"Feature","properties":{"mode":"bus","n":11,"arr":["23KG","30","48A","48B","48C","48O","105","114W","115","118","135"],"lines":"23KG, 30, 48A, 48B, 48C, 48O, 105, 114W, 115, 118, 135"},"geometry":{"type":"LineString","coordinates":[[36.820601,-1.279063],[36.820496,-1.278827],[36.820452,-1.278543],[36.820462,-1.278417],[36.820608,-1.278075],[36.820759,-1.277904],[36.820823,-1.27787]]}},{"type":"Feature","properties":{"mode":"bus","n":9,"arr":["23KG","30","48A","48B","48C","48O","105","115","135"],"lines":"23KG, 30, 48A, 48B, 48C, 48O, 105, 115, 135"},"geometry":{"type":"LineString","coordinates":[[36.820823,-1.27787],[36.821092,-1.277806],[36.821361,-1.277806],[36.821652,-1.277918],[36.821754,-1.278]]}},{"type":"Feature","properties":{"mode":"bus","n":10,"arr":["23KG","30","046P","48A","48B","48C","48O","105","115","135"],"lines":"23KG, 30, 046P, 48A, 48B, 48C, 48O, 105, 115, 135"},"geometry":{"type":"LineString","coordinates":[[36.819189,-1.280061],[36.818868,-1.279988],[36.818651,-1.280011],[36.815352,-1.281691],[36.815196,-1.281778],[36.815177,-1.281832],[36.815098,-1.281919],[36.814982,-1.281952],[36.814868,-1.281919],[36.814823,-1.281881],[36.814771,-1.281778],[36.814774,-1.281492],[36.814715,-1.281328],[36.814418,-1.280658],[36.814077,-1.279814],[36.813935,-1.279306],[36.813763,-1.278089],[36.813634,-1.277443],[36.813364,-1.276583],[36.813228,-1.276226],[36.812982,-1.275785],[36.812741,-1.275403],[36.812318,-1.274851],[36.811955,-1.274475],[36.811527,-1.274104],[36.811003,-1.273785],[36.809415,-1.272979]]}},{"type":"Feature","properties":{"mode":"bus","n":5,"arr":["23KS","26","26S","36","58"],"lines":"23KS, 26, 26S, 36, 58"},"geometry":{"type":"LineString","coordinates":[[36.877566,-1.277426],[36.877594,-1.277345]]}},{"type":"Feature","properties":{"mode":"bus","n":8,"arr":["23KS","26","26S","0027","36","42","2030","3738"],"lines":"23KS, 26, 26S, 0027, 36, 42, 2030, 3738"},"geometry":{"type":"LineString","coordinates":[[36.878691,-1.262384],[36.87871,-1.262525],[36.878811,-1.262672]]}},{"type":"Feature","properties":{"mode":"bus","n":9,"arr":["23KS","26","26S","0027","36","42","46B","2030","3738"],"lines":"23KS, 26, 26S, 0027, 36, 42, 46B, 2030, 3738"},"geometry":{"type":"LineString","coordinates":[[36.878721,-1.262259],[36.878691,-1.262384]]}},{"type":"Feature","properties":{"mode":"bus","n":5,"arr":["0027","100","120","1960","1961K"],"lines":"0027, 100, 120, 1960, 1961K"},"geometry":{"type":"LineString","coordinates":[[36.832391,-1.28042],[36.832451,-1.280494],[36.832472,-1.280694]]}},{"type":"Feature","properties":{"mode":"bus","n":6,"arr":["33B","33FED","33H","33J","33UTW","0039"],"lines":"33B, 33FED, 33H, 33J, 33UTW, 0039"},"geometry":{"type":"LineString","coordinates":[[36.923324,-1.313133],[36.923474,-1.313105],[36.923543,-1.313053],[36.923591,-1.312981],[36.92361,-1.312832],[36.923573,-1.312733],[36.923498,-1.312657],[36.9234,-1.312617],[36.923277,-1.312624],[36.923179,-1.312679],[36.923113,-1.312771],[36.923067,-1.313157],[36.922893,-1.31348],[36.922418,-1.314264],[36.922059,-1.314793],[36.921522,-1.315449],[36.921077,-1.315862],[36.920411,-1.31639],[36.919515,-1.317036],[36.918408,-1.317752],[36.917462,-1.3182],[36.916947,-1.318377],[36.916411,-1.318537],[36.915412,-1.318731],[36.914649,-1.318802],[36.913932,-1.318798],[36.913483,-1.318765],[36.912594,-1.318623]]}},{"type":"Feature","properties":{"mode":"bus","n":6,"arr":["33B","33FED","33H","33J","33UTW","0039"],"lines":"33B, 33FED, 33H, 33J, 33UTW, 0039"},"geometry":{"type":"LineString","coordinates":[[36.913277,-1.318859],[36.91272,-1.318841],[36.91253,-1.318814]]}},{"type":"Feature","properties":{"mode":"bus","n":6,"arr":["44G","44K","44Z","45K","145","237"],"lines":"44G, 44K, 44Z, 45K, 145, 237"},"geometry":{"type":"LineString","coordinates":[[36.931596,-1.188524],[36.931544,-1.18861],[36.931539,-1.188623],[36.93154,-1.188636],[36.931546,-1.188649],[36.931558,-1.188666],[36.931567,-1.188686],[36.931567,-1.188708],[36.931558,-1.188743],[36.931547,-1.188766],[36.931526,-1.188782],[36.931505,-1.188791],[36.931479,-1.188796],[36.931455,-1.188789],[36.931422,-1.188769],[36.931402,-1.188761],[36.931383,-1.188763],[36.931364,-1.188774],[36.931091,-1.189019],[36.930704,-1.189445],[36.922848,-1.197635],[36.921067,-1.199427],[36.919722,-1.200898],[36.91881,-1.201964],[36.91765,-1.203386],[36.9175,-1.20346],[36.917362,-1.203619],[36.917104,-1.204093]]}},{"type":"Feature","properties":{"mode":"bus","n":6,"arr":["44G","44K","44Z","45K","145","237"],"lines":"44G, 44K, 44Z, 45K, 145, 237"},"geometry":{"type":"LineString","coordinates":[[36.916875,-1.204358],[36.916929,-1.204336]]}},{"type":"Feature","properties":{"mode":"bus","n":6,"arr":["44G","44K","44Z","45K","145","237"],"lines":"44G, 44K, 44Z, 45K, 145, 237"},"geometry":{"type":"LineString","coordinates":[[36.91676,-1.203716],[36.917079,-1.203486],[36.917254,-1.203323],[36.917441,-1.203079],[36.917545,-1.202812],[36.919071,-1.200976],[36.919964,-1.199999],[36.927077,-1.192615],[36.930238,-1.18927],[36.930744,-1.188758],[36.931181,-1.188351],[36.931667,-1.187806],[36.933512,-1.185851],[36.935895,-1.183378],[36.936952,-1.18225]]}},{"type":"Feature","properties":{"mode":"bus","n":7,"arr":["44G","44K","44Z","45G","45K","145","237"],"lines":"44G, 44K, 44Z, 45G, 45K, 145, 237"},"geometry":{"type":"LineString","coordinates":[[36.917104,-1.204093],[36.91703,-1.204255],[36.916929,-1.204336]]}},{"type":"Feature","properties":{"mode":"bus","n":7,"arr":["44G","44K","44Z","45G","45K","145","237"],"lines":"44G, 44K, 44Z, 45G, 45K, 145, 237"},"geometry":{"type":"LineString","coordinates":[[36.894287,-1.21734],[36.896189,-1.215658],[36.896893,-1.2151],[36.897396,-1.214778],[36.897934,-1.21447],[36.898744,-1.214095],[36.904075,-1.212297],[36.905357,-1.211891],[36.910109,-1.210312],[36.910616,-1.210129],[36.911265,-1.20982],[36.91162,-1.20959],[36.912162,-1.20915],[36.912979,-1.208356],[36.915937,-1.205254],[36.916012,-1.205157],[36.916057,-1.205029],[36.916273,-1.204787],[36.916475,-1.204606],[36.916817,-1.204369],[36.916875,-1.204358]]}},{"type":"Feature","properties":{"mode":"bus","n":7,"arr":["44G","44K","44Z","45G","45K","145","237"],"lines":"44G, 44K, 44Z, 45G, 45K, 145, 237"},"geometry":{"type":"LineString","coordinates":[[36.893975,-1.217029],[36.895416,-1.215738],[36.896663,-1.214707],[36.897259,-1.214336],[36.898327,-1.213778],[36.898773,-1.213606],[36.900033,-1.213176],[36.903602,-1.211978],[36.909595,-1.210009],[36.910428,-1.209716],[36.910878,-1.209501],[36.911427,-1.209169],[36.912024,-1.208699],[36.914891,-1.205682],[36.916006,-1.204532],[36.916172,-1.204378],[36.916242,-1.204341],[36.916451,-1.204041],[36.916491,-1.203887],[36.916541,-1.203818],[36.916607,-1.203765],[36.91676,-1.203716]]}},{"type":"Feature","properties":{"mode":"bus","n":6,"arr":["44G","44Z","45G","45K","145","237"],"lines":"44G, 44Z, 45G, 45K, 145, 237"},"geometry":{"type":"LineString","coordinates":[[36.890862,-1.220491],[36.890837,-1.220464],[36.890831,-1.220454],[36.89083,-1.220444],[36.890836,-1.220434],[36.891159,-1.220075],[36.891351,-1.219908],[36.89138,-1.219891],[36.891413,-1.21989],[36.891516,-1.219907],[36.89165,-1.219861],[36.891756,-1.219758],[36.891806,-1.219649]]}},{"type":"Feature","properties":{"mode":"bus","n":6,"arr":["44G","44Z","45G","45K","145","237"],"lines":"44G, 44Z, 45G, 45K, 145, 237"},"geometry":{"type":"LineString","coordinates":[[36.891808,-1.219575],[36.891861,-1.219436],[36.892047,-1.219251],[36.892406,-1.218936],[36.892425,-1.218926],[36.892447,-1.218928],[36.892466,-1.218934],[36.892488,-1.218936],[36.892508,-1.218927],[36.89266,-1.218806],[36.894287,-1.21734]]}},{"type":"Feature","properties":{"mode":"bus","n":6,"arr":["44G","44Z","45G","45K","145","237"],"lines":"44G, 44Z, 45G, 45K, 145, 237"},"geometry":{"type":"LineString","coordinates":[[36.891538,-1.219279],[36.891667,-1.219209],[36.892064,-1.218844],[36.892071,-1.218835],[36.892073,-1.218827],[36.892071,-1.218819],[36.892064,-1.21881],[36.892049,-1.218796],[36.892042,-1.218787],[36.89204,-1.218779],[36.892042,-1.21877],[36.892048,-1.218761],[36.892156,-1.21865],[36.893975,-1.217029]]}},{"type":"Feature","properties":{"mode":"bus","n":5,"arr":["2","3U/3","046P","102","103"],"lines":"2, 3U/3, 046P, 102, 103"},"geometry":{"type":"LineString","coordinates":[[36.737836,-1.284716],[36.738122,-1.284972],[36.738389,-1.285259],[36.738705,-1.28551],[36.740461,-1.286719]]}},{"type":"Feature","properties":{"mode":"bus","n":5,"arr":["2","3U/3","4W","102","103"],"lines":"2, 3U/3, 4W, 102, 103"},"geometry":{"type":"LineString","coordinates":[[36.756334,-1.296745],[36.756637,-1.297252],[36.756864,-1.297565],[36.756962,-1.297657],[36.757403,-1.297894],[36.757655,-1.297987],[36.758836,-1.298258],[36.759354,-1.298343],[36.759781,-1.298382]]}},{"type":"Feature","properties":{"mode":"bus","n":5,"arr":["2","4W","24","102","111"],"lines":"2, 4W, 24, 102, 111"},"geometry":{"type":"LineString","coordinates":[[36.760278,-1.298629],[36.760456,-1.298981],[36.760469,-1.298998],[36.760486,-1.299005],[36.760507,-1.299003],[36.760768,-1.298929],[36.761334,-1.298844],[36.762966,-1.299147],[36.763051,-1.299208],[36.76338,-1.299272],[36.764865,-1.299518],[36.766023,-1.299765],[36.766338,-1.299783],[36.766457,-1.299822],[36.766505,-1.29989],[36.766509,-1.299991]]}},{"type":"Feature","properties":{"mode":"bus","n":6,"arr":["2","4W","5","24","102","111"],"lines":"2, 4W, 5, 24, 102, 111"},"geometry":{"type":"LineString","coordinates":[[36.766509,-1.299991],[36.766441,-1.300067]]}},{"type":"Feature","properties":{"mode":"bus","n":6,"arr":["2","4W","5","24","102","111"],"lines":"2, 4W, 5, 24, 102, 111"},"geometry":{"type":"LineString","coordinates":[[36.779331,-1.29994],[36.779468,-1.299937],[36.779489,-1.29994],[36.779502,-1.299952],[36.779508,-1.299972],[36.779521,-1.300078]]}},{"type":"Feature","properties":{"mode":"bus","n":7,"arr":["2","4W","5","24","24C","102","111"],"lines":"2, 4W, 5, 24, 24C, 102, 111"},"geometry":{"type":"LineString","coordinates":[[36.766441,-1.300067],[36.7667,-1.300035],[36.767002,-1.30007],[36.768904,-1.300453],[36.769445,-1.300496],[36.770715,-1.300482],[36.774072,-1.300333],[36.776599,-1.300172],[36.779689,-1.300082],[36.782661,-1.299909],[36.783843,-1.29981],[36.784712,-1.29977]]}},{"type":"Feature","properties":{"mode":"bus","n":5,"arr":["2","4W","5","24","111"],"lines":"2, 4W, 5, 24, 111"},"geometry":{"type":"LineString","coordinates":[[36.779504,-1.299936],[36.779643,-1.299927]]}},{"type":"Feature","properties":{"mode":"bus","n":6,"arr":["2","4W","5","24C","102","111"],"lines":"2, 4W, 5, 24C, 102, 111"},"geometry":{"type":"LineString","coordinates":[[36.784712,-1.29977],[36.786616,-1.299754],[36.787626,-1.299701]]}},{"type":"Feature","properties":{"mode":"bus","n":6,"arr":["2","4W","5","24C","102","111"],"lines":"2, 4W, 5, 24C, 102, 111"},"geometry":{"type":"LineString","coordinates":[[36.779521,-1.300078],[36.779534,-1.300198]]}},{"type":"Feature","properties":{"mode":"bus","n":5,"arr":["2","8","24","32A","102"],"lines":"2, 8, 24, 32A, 102"},"geometry":{"type":"LineString","coordinates":[[36.792013,-1.299395],[36.793605,-1.299309],[36.794951,-1.299294],[36.795616,-1.29924],[36.796649,-1.299059],[36.799006,-1.298529]]}},{"type":"Feature","properties":{"mode":"bus","n":6,"arr":["2","8","24","32A","102","111"],"lines":"2, 8, 24, 32A, 102, 111"},"geometry":{"type":"LineString","coordinates":[[36.799006,-1.298529],[36.801143,-1.29819],[36.802684,-1.297878]]}},{"type":"Feature","properties":{"mode":"bus","n":9,"arr":["2","8","16","24","24C","32A","33NG","34L","102"],"lines":"2, 8, 16, 24, 24C, 32A, 33NG, 34L, 102"},"geometry":{"type":"LineString","coordinates":[[36.803043,-1.297811],[36.803317,-1.297824],[36.803483,-1.297766],[36.804919,-1.297488]]}},{"type":"Feature","properties":{"mode":"bus","n":8,"arr":["2","8","16","24","24C","32A","33NG","102"],"lines":"2, 8, 16, 24, 24C, 32A, 33NG, 102"},"geometry":{"type":"LineString","coordinates":[[36.804919,-1.297488],[36.807055,-1.297017],[36.807313,-1.296921]]}},{"type":"Feature","properties":{"mode":"bus","n":9,"arr":["2","8","16","24","24C","32A","33NG","102","111"],"lines":"2, 8, 16, 24, 24C, 32A, 33NG, 102, 111"},"geometry":{"type":"LineString","coordinates":[[36.807313,-1.296921],[36.807536,-1.296815],[36.808402,-1.29629],[36.808588,-1.296131]]}},{"type":"Feature","properties":{"mode":"bus","n":8,"arr":["2","8","16","24","24C","33NG","102","111"],"lines":"2, 8, 16, 24, 24C, 33NG, 102, 111"},"geometry":{"type":"LineString","coordinates":[[36.808588,-1.296131],[36.809296,-1.295517],[36.809551,-1.295371],[36.810089,-1.295126]]}},{"type":"Feature","properties":{"mode":"bus","n":10,"arr":["2","7C","8","16","24","24C","32A","33NG","102","111"],"lines":"2, 7C, 8, 16, 24, 24C, 32A, 33NG, 102, 111"},"geometry":{"type":"LineString","coordinates":[[36.810089,-1.295126],[36.811042,-1.294523],[36.81156,-1.294069],[36.811703,-1.293912]]}},{"type":"Feature","properties":{"mode":"bus","n":7,"arr":["2","8","16","24","33NG","102","111"],"lines":"2, 8, 16, 24, 33NG, 102, 111"},"geometry":{"type":"LineString","coordinates":[[36.811703,-1.293912],[36.811835,-1.293868],[36.811913,-1.293873],[36.812071,-1.293966]]}},{"type":"Feature","properties":{"mode":"bus","n":11,"arr":["2","4W","7C","8","16","24","32A","33NG","56","102","111"],"lines":"2, 4W, 7C, 8, 16, 24, 32A, 33NG, 56, 102, 111"},"geometry":{"type":"LineString","coordinates":[[36.812071,-1.293966],[36.812235,-1.294695]]}},{"type":"Feature","properties":{"mode":"bus","n":8,"arr":["2","8","16","24","32A","33NG","56","102"],"lines":"2, 8, 16, 24, 32A, 33NG, 56, 102"},"geometry":{"type":"LineString","coordinates":[[36.812235,-1.294695],[36.81252,-1.295127],[36.812567,-1.29516],[36.812856,-1.295128]]}},{"type":"Feature","properties":{"mode":"bus","n":7,"arr":["2","8","24","32A","33NG","56","102"],"lines":"2, 8, 24, 32A, 33NG, 56, 102"},"geometry":{"type":"LineString","coordinates":[[36.81288,-1.295204],[36.812856,-1.295128]]}},{"type":"Feature","properties":{"mode":"bus","n":7,"arr":["2","8","24","33NG","56","102","111"],"lines":"2, 8, 24, 33NG, 56, 102, 111"},"geometry":{"type":"LineString","coordinates":[[36.81288,-1.295204],[36.813098,-1.295152],[36.813385,-1.295133],[36.813535,-1.295101],[36.813905,-1.294943]]}},{"type":"Feature","properties":{"mode":"bus","n":7,"arr":["2","8","24","33NG","56","102","111"],"lines":"2, 8, 24, 33NG, 56, 102, 111"},"geometry":{"type":"LineString","coordinates":[[36.820314,-1.292918],[36.820039,-1.292872],[36.81984,-1.292895]]}},{"type":"Feature","properties":{"mode":"bus","n":6,"arr":["2","8","24","56","102","111"],"lines":"2, 8, 24, 56, 102, 111"},"geometry":{"type":"LineString","coordinates":[[36.813905,-1.294943],[36.813826,-1.294776]]}},{"type":"Feature","properties":{"mode":"bus","n":8,"arr":["2","8","16","24","33NG","56","102","111"],"lines":"2, 8, 16, 24, 33NG, 56, 102, 111"},"geometry":{"type":"LineString","coordinates":[[36.813826,-1.294776],[36.813967,-1.294723],[36.814216,-1.294587],[36.814409,-1.29439],[36.814573,-1.294167],[36.81475,-1.293994],[36.81491,-1.293886],[36.815195,-1.293769]]}},{"type":"Feature","properties":{"mode":"bus","n":8,"arr":["2","8","16","24","33NG","56","102","111"],"lines":"2, 8, 16, 24, 33NG, 56, 102, 111"},"geometry":{"type":"LineString","coordinates":[[36.81984,-1.292895],[36.817534,-1.293312],[36.816976,-1.293431],[36.81605,-1.293671]]}},{"type":"Feature","properties":{"mode":"bus","n":7,"arr":["2","8","16","33NG","56","102","111"],"lines":"2, 8, 16, 33NG, 56, 102, 111"},"geometry":{"type":"LineString","coordinates":[[36.814048,-1.294864],[36.813967,-1.294723]]}},{"type":"Feature","properties":{"mode":"bus","n":7,"arr":["2","8","16","33NG","56","102","111"],"lines":"2, 8, 16, 33NG, 56, 102, 111"},"geometry":{"type":"LineString","coordinates":[[36.82019,-1.292663],[36.82006,-1.292776],[36.81984,-1.292895]]}},{"type":"Feature","properties":{"mode":"bus","n":6,"arr":["16","24","33NG","56","102","111"],"lines":"16, 24, 33NG, 56, 102, 111"},"geometry":{"type":"LineString","coordinates":[[36.815195,-1.293769],[36.815667,-1.293619],[36.815901,-1.293633],[36.81605,-1.293671]]}},{"type":"Feature","properties":{"mode":"bus","n":5,"arr":["2","33B","33MKR","102","111"],"lines":"2, 33B, 33MKR, 102, 111"},"geometry":{"type":"LineString","coordinates":[[36.82407,-1.290794],[36.822489,-1.291604],[36.822301,-1.291878]]}},{"type":"Feature","properties":{"mode":"bus","n":21,"arr":["2","8","12C","12D","14A","14B","15","16","24","33B","33C","33FED","33IMR","33NG","56","102","110","110ATH","111","125","126"],"lines":"2, 8, 12C, 12D, 14A, 14B, 15, 16, 24, 33B, 33C, 33FED, 33IMR, 33NG, 56, 102, 110, 110ATH, 111, 125, 126"},"geometry":{"type":"LineString","coordinates":[[36.826971,-1.289514],[36.8239,-1.291064]]}},{"type":"Feature","properties":{"mode":"bus","n":7,"arr":["2","8","56","102","111","125","126"],"lines":"2, 8, 56, 102, 111, 125, 126"},"geometry":{"type":"LineString","coordinates":[[36.828485,-1.29079],[36.827721,-1.289232]]}},{"type":"Feature","properties":{"mode":"bus","n":7,"arr":["2","8","56","102","111","125","126"],"lines":"2, 8, 56, 102, 111, 125, 126"},"geometry":{"type":"LineString","coordinates":[[36.827468,-1.289404],[36.827548,-1.289622],[36.827923,-1.290416]]}},{"type":"Feature","properties":{"mode":"bus","n":6,"arr":["2","8","102","111","125","126"],"lines":"2, 8, 102, 111, 125, 126"},"geometry":{"type":"LineString","coordinates":[[36.827923,-1.290416],[36.828479,-1.29144],[36.828488,-1.291451],[36.828499,-1.291457],[36.828512,-1.291458],[36.828553,-1.291453],[36.828742,-1.29135],[36.828754,-1.29134],[36.82876,-1.291326],[36.828765,-1.291295],[36.828485,-1.29079]]}},{"type":"Feature","properties":{"mode":"bus","n":25,"arr":["2","8","11","12C","12D","14A","14B","15","16","24","33B","33C","33FED","33IMR","33MKR","33NG","33TP","33UTW","56","102","110","110ATH","111","125","126"],"lines":"2, 8, 11, 12C, 12D, 14A, 14B, 15, 16, 24, 33B, 33C, 33FED, 33IMR, 33MKR, 33NG, 33TP, 33UTW, 56, 102, 110, 110ATH, 111, 125, 126"},"geometry":{"type":"LineString","coordinates":[[36.825364,-1.290426],[36.827418,-1.289385]]}},{"type":"Feature","properties":{"mode":"bus","n":25,"arr":["2","8","11","12C","12D","14A","14B","15","16","24","33B","33C","33FED","33IMR","33MKR","33NG","33TP","33UTW","56","102","110","110ATH","111","125","126"],"lines":"2, 8, 11, 12C, 12D, 14A, 14B, 15, 16, 24, 33B, 33C, 33FED, 33IMR, 33MKR, 33NG, 33TP, 33UTW, 56, 102, 110, 110ATH, 111, 125, 126"},"geometry":{"type":"LineString","coordinates":[[36.821103,-1.292597],[36.821833,-1.292207],[36.825238,-1.290496]]}},{"type":"Feature","properties":{"mode":"bus","n":24,"arr":["2","8","11","12C","12D","14A","14B","15","16","24","33B","33C","33FED","33MKR","33NG","33TP","33UTW","56","102","110","110ATH","111","125","126"],"lines":"2, 8, 11, 12C, 12D, 14A, 14B, 15, 16, 24, 33B, 33C, 33FED, 33MKR, 33NG, 33TP, 33UTW, 56, 102, 110, 110ATH, 111, 125, 126"},"geometry":{"type":"LineString","coordinates":[[36.825238,-1.290496],[36.825364,-1.290426]]}},{"type":"Feature","properties":{"mode":"bus","n":23,"arr":["2","8","11","12C","12D","14A","14B","15","16","24","33B","33C","33FED","33IMR","33MKR","33NG","33TP","33UTW","56","102","111","125","126"],"lines":"2, 8, 11, 12C, 12D, 14A, 14B, 15, 16, 24, 33B, 33C, 33FED, 33IMR, 33MKR, 33NG, 33TP, 33UTW, 56, 102, 111, 125, 126"},"geometry":{"type":"LineString","coordinates":[[36.820967,-1.292658],[36.821103,-1.292597]]}},{"type":"Feature","properties":{"mode":"bus","n":8,"arr":["2","8","24","32A","33NG","56","102","111"],"lines":"2, 8, 24, 32A, 33NG, 56, 102, 111"},"geometry":{"type":"LineString","coordinates":[[36.812477,-1.295294],[36.81288,-1.295204]]}},{"type":"Feature","properties":{"mode":"bus","n":6,"arr":["2","8","32A","33NG","102","111"],"lines":"2, 8, 32A, 33NG, 102, 111"},"geometry":{"type":"LineString","coordinates":[[36.812181,-1.295343],[36.812477,-1.295294]]}},{"type":"Feature","properties":{"mode":"bus","n":8,"arr":["2","4W","7C","8","32A","33NG","102","111"],"lines":"2, 4W, 7C, 8, 32A, 33NG, 102, 111"},"geometry":{"type":"LineString","coordinates":[[36.810104,-1.295419],[36.81101,-1.295431],[36.812181,-1.295343]]}},{"type":"Feature","properties":{"mode":"bus","n":6,"arr":["2","4W","8","33NG","102","111"],"lines":"2, 4W, 8, 33NG, 102, 111"},"geometry":{"type":"LineString","coordinates":[[36.808781,-1.296091],[36.80917,-1.295714],[36.809418,-1.295523],[36.809721,-1.295441],[36.810104,-1.295419]]}},{"type":"Feature","properties":{"mode":"bus","n":7,"arr":["2","4W","8","32A","33NG","102","111"],"lines":"2, 4W, 8, 32A, 33NG, 102, 111"},"geometry":{"type":"LineString","coordinates":[[36.804986,-1.297536],[36.806813,-1.297164],[36.807178,-1.29707],[36.807503,-1.296925],[36.80828,-1.296503],[36.808467,-1.296376],[36.808781,-1.296091]]}},{"type":"Feature","properties":{"mode":"bus","n":8,"arr":["2","4W","8","32A","33NG","34L","102","111"],"lines":"2, 4W, 8, 32A, 33NG, 34L, 102, 111"},"geometry":{"type":"LineString","coordinates":[[36.803152,-1.298078],[36.803358,-1.297908],[36.803633,-1.297874],[36.804176,-1.297715],[36.804986,-1.297536]]}},{"type":"Feature","properties":{"mode":"bus","n":6,"arr":["2","4W","24C","32A","102","111"],"lines":"2, 4W, 24C, 32A, 102, 111"},"geometry":{"type":"LineString","coordinates":[[36.788245,-1.299671],[36.790923,-1.299527],[36.792015,-1.299528],[36.792678,-1.299495]]}},{"type":"Feature","properties":{"mode":"bus","n":7,"arr":["2","4W","5","24C","32A","102","111"],"lines":"2, 4W, 5, 24C, 32A, 102, 111"},"geometry":{"type":"LineString","coordinates":[[36.787626,-1.299701],[36.788245,-1.299671]]}},{"type":"Feature","properties":{"mode":"bus","n":5,"arr":["2","4W","24C","102","111"],"lines":"2, 4W, 24C, 102, 111"},"geometry":{"type":"LineString","coordinates":[[36.760563,-1.299267],[36.76085,-1.29917],[36.761329,-1.299113],[36.761466,-1.299116],[36.761954,-1.299193]]}},{"type":"Feature","properties":{"mode":"bus","n":8,"arr":["3N","7","14","16/62","32D","43","45G","121"],"lines":"3N, 7, 14, 16/62, 32D, 43, 45G, 121"},"geometry":{"type":"LineString","coordinates":[[36.835353,-1.277413],[36.834947,-1.277714]]}},{"type":"Feature","properties":{"mode":"bus","n":10,"arr":["3N","7","14","16/62","17B","32D","43","45G","100","121"],"lines":"3N, 7, 14, 16/62, 17B, 32D, 43, 45G, 100, 121"},"geometry":{"type":"LineString","coordinates":[[36.832472,-1.280694],[36.832659,-1.280413]]}},{"type":"Feature","properties":{"mode":"bus","n":5,"arr":["3N","0027","100","100A","120"],"lines":"3N, 0027, 100, 100A, 120"},"geometry":{"type":"LineString","coordinates":[[36.830432,-1.27858],[36.83045,-1.278366]]}},{"type":"Feature","properties":{"mode":"bus","n":13,"arr":["3N","7","14","16/62","17B","0027","32D","43","45G","46B","46H","120","121"],"lines":"3N, 7, 14, 16/62, 17B, 0027, 32D, 43, 45G, 46B, 46H, 120, 121"},"geometry":{"type":"LineString","coordinates":[[36.834052,-1.277479],[36.833874,-1.278259],[36.833749,-1.278668],[36.83363,-1.278992],[36.833518,-1.279192],[36.832864,-1.279965],[36.83253,-1.280307],[36.832391,-1.28042]]}},{"type":"Feature","properties":{"mode":"bus","n":5,"arr":["4W","46K","046P","46Y","56"],"lines":"4W, 46K, 046P, 46Y, 56"},"geometry":{"type":"LineString","coordinates":[[36.787802,-1.292371],[36.78759,-1.292295]]}},{"type":"Feature","properties":{"mode":"bus","n":5,"arr":["4W","5","46K","46Y","56"],"lines":"4W, 5, 46K, 46Y, 56"},"geometry":{"type":"LineString","coordinates":[[36.799013,-1.29493],[36.79931,-1.29497]]}},{"type":"Feature","properties":{"mode":"bus","n":7,"arr":["4W","5","24C","46K","046P","46Y","56"],"lines":"4W, 5, 24C, 46K, 046P, 46Y, 56"},"geometry":{"type":"LineString","coordinates":[[36.802507,-1.294908],[36.802649,-1.294253],[36.802759,-1.293961],[36.802899,-1.293762],[36.80311,-1.293551],[36.803311,-1.293411],[36.80552,-1.292177],[36.806451,-1.291703],[36.807127,-1.291322],[36.809538,-1.290047]]}},{"type":"Feature","properties":{"mode":"bus","n":7,"arr":["4W","5","7C","32A","46K","046P","46Y"],"lines":"4W, 5, 7C, 32A, 46K, 046P, 46Y"},"geometry":{"type":"LineString","coordinates":[[36.81178,-1.289197],[36.811893,-1.28916]]}},{"type":"Feature","properties":{"mode":"bus","n":8,"arr":["4W","5","7C","24C","32A","46K","046P","46Y"],"lines":"4W, 5, 7C, 24C, 32A, 46K, 046P, 46Y"},"geometry":{"type":"LineString","coordinates":[[36.811893,-1.28916],[36.812351,-1.28897],[36.812992,-1.288625],[36.813812,-1.288249],[36.815689,-1.287325],[36.816981,-1.286657],[36.817111,-1.286564]]}},{"type":"Feature","properties":{"mode":"bus","n":6,"arr":["24C","32A","33UTW","46K","046P","46Y"],"lines":"24C, 32A, 33UTW, 46K, 046P, 46Y"},"geometry":{"type":"LineString","coordinates":[[36.818188,-1.286072],[36.81949,-1.285449]]}},{"type":"Feature","properties":{"mode":"bus","n":7,"arr":["4W","24C","32A","33UTW","46K","046P","46Y"],"lines":"4W, 24C, 32A, 33UTW, 46K, 046P, 46Y"},"geometry":{"type":"LineString","coordinates":[[36.81949,-1.285449],[36.820586,-1.284854]]}},{"type":"Feature","properties":{"mode":"bus","n":8,"arr":["4W","5","24C","32A","33UTW","46K","046P","46Y"],"lines":"4W, 5, 24C, 32A, 33UTW, 46K, 046P, 46Y"},"geometry":{"type":"LineString","coordinates":[[36.820586,-1.284854],[36.821449,-1.284433]]}},{"type":"Feature","properties":{"mode":"bus","n":7,"arr":["4W","5","32A","33UTW","46K","046P","46Y"],"lines":"4W, 5, 32A, 33UTW, 46K, 046P, 46Y"},"geometry":{"type":"LineString","coordinates":[[36.821449,-1.284433],[36.82157,-1.284369]]}},{"type":"Feature","properties":{"mode":"bus","n":6,"arr":["7C","32A","33UTW","46K","046P","46Y"],"lines":"7C, 32A, 33UTW, 46K, 046P, 46Y"},"geometry":{"type":"LineString","coordinates":[[36.82157,-1.284369],[36.822714,-1.283817]]}},{"type":"Feature","properties":{"mode":"bus","n":5,"arr":["7C","32A","33UTW","46K","46Y"],"lines":"7C, 32A, 33UTW, 46K, 46Y"},"geometry":{"type":"LineString","coordinates":[[36.822714,-1.283817],[36.822797,-1.283781]]}},{"type":"Feature","properties":{"mode":"bus","n":6,"arr":["4W","5","7C","24C","32A","46Y"],"lines":"4W, 5, 7C, 24C, 32A, 46Y"},"geometry":{"type":"LineString","coordinates":[[36.821513,-1.284482],[36.822234,-1.284117],[36.822781,-1.28387]]}},{"type":"Feature","properties":{"mode":"bus","n":6,"arr":["4W","5","7C","24C","32A","46Y"],"lines":"4W, 5, 7C, 24C, 32A, 46Y"},"geometry":{"type":"LineString","coordinates":[[36.822864,-1.283839],[36.822936,-1.2839]]}},{"type":"Feature","properties":{"mode":"bus","n":5,"arr":["4W","5","7C","32A","46Y"],"lines":"4W, 5, 7C, 32A, 46Y"},"geometry":{"type":"LineString","coordinates":[[36.819271,-1.285663],[36.820615,-1.284916],[36.821513,-1.284482]]}},{"type":"Feature","properties":{"mode":"bus","n":5,"arr":["4W","5","7C","32A","46Y"],"lines":"4W, 5, 7C, 32A, 46Y"},"geometry":{"type":"LineString","coordinates":[[36.822936,-1.2839],[36.823185,-1.284141],[36.823784,-1.28463]]}},{"type":"Feature","properties":{"mode":"bus","n":7,"arr":["4W","5","7C","24C","32A","046P","46Y"],"lines":"4W, 5, 7C, 24C, 32A, 046P, 46Y"},"geometry":{"type":"LineString","coordinates":[[36.823784,-1.28463],[36.824222,-1.284964],[36.824416,-1.28499]]}},{"type":"Feature","properties":{"mode":"bus","n":7,"arr":["4W","5","7C","24C","32A","046P","46Y"],"lines":"4W, 5, 7C, 24C, 32A, 046P, 46Y"},"geometry":{"type":"LineString","coordinates":[[36.822781,-1.28387],[36.822862,-1.28394]]}},{"type":"Feature","properties":{"mode":"bus","n":8,"arr":["4W","5","7C","24C","32A","34J","046P","46Y"],"lines":"4W, 5, 7C, 24C, 32A, 34J, 046P, 46Y"},"geometry":{"type":"LineString","coordinates":[[36.825048,-1.284688],[36.824416,-1.28499]]}},{"type":"Feature","properties":{"mode":"bus","n":10,"arr":["4W","5","7C","24C","30","32A","34J","046P","46Y","135"],"lines":"4W, 5, 7C, 24C, 30, 32A, 34J, 046P, 46Y, 135"},"geometry":{"type":"LineString","coordinates":[[36.825122,-1.28465],[36.825048,-1.284688]]}},{"type":"Feature","properties":{"mode":"bus","n":15,"arr":["4W","5","7C","23KG","24C","30","32A","33UTW","34J","46K","046P","46Y","48A","48B","135"],"lines":"4W, 5, 7C, 23KG, 24C, 30, 32A, 33UTW, 34J, 46K, 046P, 46Y, 48A, 48B, 135"},"geometry":{"type":"LineString","coordinates":[[36.825122,-1.28465],[36.825337,-1.284896],[36.825545,-1.285299]]}},{"type":"Feature","properties":{"mode":"bus","n":9,"arr":["4W","5","7C","32A","34B","34J","46K","046P","46Y"],"lines":"4W, 5, 7C, 32A, 34B, 34J, 46K, 046P, 46Y"},"geometry":{"type":"LineString","coordinates":[[36.825545,-1.285299],[36.825463,-1.285341]]}},{"type":"Feature","properties":{"mode":"bus","n":8,"arr":["4W","5","7C","32A","34B","34J","46K","46Y"],"lines":"4W, 5, 7C, 32A, 34B, 34J, 46K, 46Y"},"geometry":{"type":"LineString","coordinates":[[36.824785,-1.285666],[36.825002,-1.285546],[36.825463,-1.285341]]}},{"type":"Feature","properties":{"mode":"bus","n":7,"arr":["4W","5","7C","32A","34J","46K","46Y"],"lines":"4W, 5, 7C, 32A, 34J, 46K, 46Y"},"geometry":{"type":"LineString","coordinates":[[36.82402,-1.285197],[36.823956,-1.285239],[36.823932,-1.285263],[36.823921,-1.285295],[36.823907,-1.285383],[36.82392,-1.285504],[36.824058,-1.285817],[36.824077,-1.285844],[36.824107,-1.28586],[36.824207,-1.285888],[36.824424,-1.285868],[36.824785,-1.285666]]}},{"type":"Feature","properties":{"mode":"bus","n":5,"arr":["7C","24C","46K","046P","46Y"],"lines":"7C, 24C, 46K, 046P, 46Y"},"geometry":{"type":"LineString","coordinates":[[36.823191,-1.284216],[36.823751,-1.284681]]}},{"type":"Feature","properties":{"mode":"bus","n":5,"arr":["4W","7C","24C","32A","56"],"lines":"4W, 7C, 24C, 32A, 56"},"geometry":{"type":"LineString","coordinates":[[36.811811,-1.289348],[36.811827,-1.289428],[36.811882,-1.289532],[36.811957,-1.289612],[36.812254,-1.289778],[36.812404,-1.289824],[36.813235,-1.289827],[36.813483,-1.28985],[36.813724,-1.289954],[36.813984,-1.290166],[36.814247,-1.290451],[36.814347,-1.290631],[36.814367,-1.290761],[36.814368,-1.290906],[36.814336,-1.291028],[36.814218,-1.291232],[36.814133,-1.291293],[36.813618,-1.291479],[36.813478,-1.291549],[36.813232,-1.291744],[36.813195,-1.291824],[36.812997,-1.292059],[36.812393,-1.293031],[36.81211,-1.293421]]}},{"type":"Feature","properties":{"mode":"bus","n":5,"arr":["5","46K","046P","46Y","56"],"lines":"5, 46K, 046P, 46Y, 56"},"geometry":{"type":"LineString","coordinates":[[36.799013,-1.29493],[36.799266,-1.295056]]}},{"type":"Feature","properties":{"mode":"bus","n":6,"arr":["6","11C","46B","46H","100","100A"],"lines":"6, 11C, 46B, 46H, 100, 100A"},"geometry":{"type":"LineString","coordinates":[[36.835643,-1.270267],[36.833069,-1.269545]]}},{"type":"Feature","properties":{"mode":"bus","n":13,"arr":["6","11C","25","25A","44G","44Z","45K","46B","46H","49","116","145","237"],"lines":"6, 11C, 25, 25A, 44G, 44Z, 45K, 46B, 46H, 49, 116, 145, 237"},"geometry":{"type":"LineString","coordinates":[[36.823114,-1.275821],[36.823203,-1.275631]]}},{"type":"Feature","properties":{"mode":"bus","n":12,"arr":["6","11C","25","44G","44Z","45K","46B","46H","49","116","145","237"],"lines":"6, 11C, 25, 44G, 44Z, 45K, 46B, 46H, 49, 116, 145, 237"},"geometry":{"type":"LineString","coordinates":[[36.822279,-1.280968],[36.821981,-1.28074],[36.821691,-1.280482],[36.821485,-1.280257],[36.821374,-1.280075],[36.821273,-1.279825],[36.821226,-1.279547],[36.821224,-1.279197],[36.821294,-1.277928],[36.821325,-1.277817],[36.821428,-1.277613],[36.821596,-1.277407],[36.821859,-1.277218],[36.822466,-1.276851],[36.822715,-1.276627],[36.822889,-1.27637],[36.823114,-1.275821]]}},{"type":"Feature","properties":{"mode":"bus","n":29,"arr":["6","11A","11B","11C","23KG","23W","25","25A","30","44G","44Z","45K","46B","46H","48A","48B","48C","48O","49","105","106","107","115","116","118","119","119A","145","237"],"lines":"6, 11A, 11B, 11C, 23KG, 23W, 25, 25A, 30, 44G, 44Z, 45K, 46B, 46H, 48A, 48B, 48C, 48O, 49, 105, 106, 107, 115, 116, 118, 119, 119A, 145, 237"},"geometry":{"type":"LineString","coordinates":[[36.822555,-1.281049],[36.822279,-1.280968]]}},{"type":"Feature","properties":{"mode":"bus","n":28,"arr":["6","11A","11B","11C","23KG","23W","25","25A","30","44G","44Z","45K","46B","46H","48A","48B","48C","48O","49","105","106","107","116","118","119","119A","145","237"],"lines":"6, 11A, 11B, 11C, 23KG, 23W, 25, 25A, 30, 44G, 44Z, 45K, 46B, 46H, 48A, 48B, 48C, 48O, 49, 105, 106, 107, 116, 118, 119, 119A, 145, 237"},"geometry":{"type":"LineString","coordinates":[[36.822718,-1.281137],[36.822555,-1.281049]]}},{"type":"Feature","properties":{"mode":"bus","n":5,"arr":["6","106","116","119","119A"],"lines":"6, 106, 116, 119, 119A"},"geometry":{"type":"LineString","coordinates":[[36.822536,-1.281348],[36.822718,-1.281137]]}},{"type":"Feature","properties":{"mode":"bus","n":17,"arr":["6","11A","11B","11C","23W","25","44G","44Z","45K","48C","49","105","107","118","119","145","237"],"lines":"6, 11A, 11B, 11C, 23W, 25, 44G, 44Z, 45K, 48C, 49, 105, 107, 118, 119, 145, 237"},"geometry":{"type":"LineString","coordinates":[[36.822447,-1.281511],[36.822515,-1.281571]]}},{"type":"Feature","properties":{"mode":"bus","n":18,"arr":["6","11A","11B","11C","23W","25","44G","44Z","45K","48C","49","105","107","118","119","119A","145","237"],"lines":"6, 11A, 11B, 11C, 23W, 25, 44G, 44Z, 45K, 48C, 49, 105, 107, 118, 119, 119A, 145, 237"},"geometry":{"type":"LineString","coordinates":[[36.82239,-1.281452],[36.822447,-1.281511]]}},{"type":"Feature","properties":{"mode":"bus","n":20,"arr":["6","11A","11B","11C","23W","25","44G","44Z","45K","48C","49","105","106","107","116","118","119","119A","145","237"],"lines":"6, 11A, 11B, 11C, 23W, 25, 44G, 44Z, 45K, 48C, 49, 105, 106, 107, 116, 118, 119, 119A, 145, 237"},"geometry":{"type":"LineString","coordinates":[[36.82237,-1.281429],[36.82239,-1.281452]]}},{"type":"Feature","properties":{"mode":"bus","n":21,"arr":["6","11A","11B","11C","23W","25","25A","44G","44Z","45K","48C","49","105","106","107","116","118","119","119A","145","237"],"lines":"6, 11A, 11B, 11C, 23W, 25, 25A, 44G, 44Z, 45K, 48C, 49, 105, 106, 107, 116, 118, 119, 119A, 145, 237"},"geometry":{"type":"LineString","coordinates":[[36.822246,-1.281046],[36.82237,-1.281429]]}},{"type":"Feature","properties":{"mode":"bus","n":20,"arr":["6","11A","11B","11C","23W","25","25A","44G","44Z","45K","49","105","106","107","116","118","119","119A","145","237"],"lines":"6, 11A, 11B, 11C, 23W, 25, 25A, 44G, 44Z, 45K, 49, 105, 106, 107, 116, 118, 119, 119A, 145, 237"},"geometry":{"type":"LineString","coordinates":[[36.821139,-1.279428],[36.821185,-1.279808],[36.821292,-1.28009],[36.821409,-1.280302],[36.821573,-1.280493],[36.822246,-1.281046]]}},{"type":"Feature","properties":{"mode":"bus","n":18,"arr":["6","11A","11B","11C","23W","25","25A","44G","44Z","45K","49","106","107","116","119","119A","145","237"],"lines":"6, 11A, 11B, 11C, 23W, 25, 25A, 44G, 44Z, 45K, 49, 106, 107, 116, 119, 119A, 145, 237"},"geometry":{"type":"LineString","coordinates":[[36.822644,-1.276565],[36.822413,-1.276783],[36.821571,-1.277316],[36.821386,-1.277513],[36.821316,-1.277638],[36.821263,-1.277757],[36.821197,-1.278117],[36.821139,-1.279428]]}},{"type":"Feature","properties":{"mode":"bus","n":19,"arr":["6","11A","11B","11C","23W","25","25A","44G","44Z","45K","49","106","107","114W","116","119","119A","145","237"],"lines":"6, 11A, 11B, 11C, 23W, 25, 25A, 44G, 44Z, 45K, 49, 106, 107, 114W, 116, 119, 119A, 145, 237"},"geometry":{"type":"LineString","coordinates":[[36.823056,-1.275719],[36.822823,-1.276291],[36.822644,-1.276565]]}},{"type":"Feature","properties":{"mode":"bus","n":17,"arr":["6","11A","11B","11C","25","25A","44G","44Z","45K","49","106","107","114W","116","119A","145","237"],"lines":"6, 11A, 11B, 11C, 25, 25A, 44G, 44Z, 45K, 49, 106, 107, 114W, 116, 119A, 145, 237"},"geometry":{"type":"LineString","coordinates":[[36.823188,-1.275445],[36.823056,-1.275719]]}},{"type":"Feature","properties":{"mode":"bus","n":10,"arr":["6","11C","25","25A","44G","44Z","45K","49","145","237"],"lines":"6, 11C, 25, 25A, 44G, 44Z, 45K, 49, 145, 237"},"geometry":{"type":"LineString","coordinates":[[36.824595,-1.27427],[36.823586,-1.275043],[36.823188,-1.275445]]}},{"type":"Feature","properties":{"mode":"bus","n":12,"arr":["6","11C","25","25A","29/30","44G","44Z","45K","49","116","145","237"],"lines":"6, 11C, 25, 25A, 29/30, 44G, 44Z, 45K, 49, 116, 145, 237"},"geometry":{"type":"LineString","coordinates":[[36.827746,-1.27193],[36.826419,-1.272877],[36.824595,-1.27427]]}},{"type":"Feature","properties":{"mode":"bus","n":12,"arr":["6","11C","25","25A","29/30","44G","44Z","45K","49","116","145","237"],"lines":"6, 11C, 25, 25A, 29/30, 44G, 44Z, 45K, 49, 116, 145, 237"},"geometry":{"type":"LineString","coordinates":[[36.834085,-1.267141],[36.833066,-1.26841],[36.832642,-1.268841],[36.832452,-1.268996],[36.828127,-1.271703]]}},{"type":"Feature","properties":{"mode":"bus","n":11,"arr":["6","11C","25","25A","29/30","44G","44Z","45K","49","116","237"],"lines":"6, 11C, 25, 25A, 29/30, 44G, 44Z, 45K, 49, 116, 237"},"geometry":{"type":"LineString","coordinates":[[36.828127,-1.271703],[36.827746,-1.27193]]}},{"type":"Feature","properties":{"mode":"bus","n":8,"arr":["6","25","0027","100","100A","116","120","145"],"lines":"6, 25, 0027, 100, 100A, 116, 120, 145"},"geometry":{"type":"LineString","coordinates":[[36.832589,-1.269115],[36.832713,-1.269023]]}},{"type":"Feature","properties":{"mode":"bus","n":5,"arr":["6","11C","46B","100","100A"],"lines":"6, 11C, 46B, 100, 100A"},"geometry":{"type":"LineString","coordinates":[[36.833069,-1.269545],[36.832943,-1.269516]]}},{"type":"Feature","properties":{"mode":"bus","n":5,"arr":["6","11C","46H","100","100A"],"lines":"6, 11C, 46H, 100, 100A"},"geometry":{"type":"LineString","coordinates":[[36.836139,-1.270317],[36.835643,-1.270267]]}},{"type":"Feature","properties":{"mode":"bus","n":6,"arr":["6","11C","14","16/62","32D","46B"],"lines":"6, 11C, 14, 16/62, 32D, 46B"},"geometry":{"type":"LineString","coordinates":[[36.836692,-1.270223],[36.836573,-1.270249]]}},{"type":"Feature","properties":{"mode":"bus","n":8,"arr":["6","14","16/62","28","32D","41","46B","46H"],"lines":"6, 14, 16/62, 28, 32D, 41, 46B, 46H"},"geometry":{"type":"LineString","coordinates":[[36.847797,-1.266483],[36.84771,-1.266497]]}},{"type":"Feature","properties":{"mode":"bus","n":16,"arr":["6E","10","19Cdc","23KS","33DP","33GTB","34B","34J","35/60","36","38/39","39SK","58","70/71","1960","1961K"],"lines":"6E, 10, 19Cdc, 23KS, 33DP, 33GTB, 34B, 34J, 35/60, 36, 38/39, 39SK, 58, 70/71, 1960, 1961K"},"geometry":{"type":"LineString","coordinates":[[36.852292,-1.294153],[36.852431,-1.294236]]}},{"type":"Feature","properties":{"mode":"bus","n":16,"arr":["6E","10","19Cdc","23KS","33DP","33GTB","34B","34J","35/60","36","38/39","39SK","58","70/71","1960","1961K"],"lines":"6E, 10, 19Cdc, 23KS, 33DP, 33GTB, 34B, 34J, 35/60, 36, 38/39, 39SK, 58, 70/71, 1960, 1961K"},"geometry":{"type":"LineString","coordinates":[[36.851699,-1.294088],[36.851909,-1.294072]]}},{"type":"Feature","properties":{"mode":"bus","n":15,"arr":["6E","10","19Cdc","33DP","33GTB","34B","34J","35/60","36","38/39","39SK","58","70/71","1960","1961K"],"lines":"6E, 10, 19Cdc, 33DP, 33GTB, 34B, 34J, 35/60, 36, 38/39, 39SK, 58, 70/71, 1960, 1961K"},"geometry":{"type":"LineString","coordinates":[[36.852431,-1.294236],[36.85271,-1.294397],[36.852938,-1.294487]]}},{"type":"Feature","properties":{"mode":"bus","n":14,"arr":["10","19Cdc","33DP","33GTB","34B","34J","35/60","36","38/39","39SK","58","70/71","1960","1961K"],"lines":"10, 19Cdc, 33DP, 33GTB, 34B, 34J, 35/60, 36, 38/39, 39SK, 58, 70/71, 1960, 1961K"},"geometry":{"type":"LineString","coordinates":[[36.852938,-1.294487],[36.854886,-1.294909],[36.855383,-1.294929],[36.855684,-1.294967],[36.856012,-1.295079]]}},{"type":"Feature","properties":{"mode":"bus","n":14,"arr":["10","19Cdc","33DP","33GTB","34B","34J","35/60","36","38/39","39SK","58","70/71","1960","1961K"],"lines":"10, 19Cdc, 33DP, 33GTB, 34B, 34J, 35/60, 36, 38/39, 39SK, 58, 70/71, 1960, 1961K"},"geometry":{"type":"LineString","coordinates":[[36.851909,-1.294072],[36.85212,-1.294094]]}},{"type":"Feature","properties":{"mode":"bus","n":17,"arr":["6E","10","19Cdc","23KS","33DP","33GTB","33TP","34B","34J","35/60","36","38/39","39SK","58","70/71","1960","1961K"],"lines":"6E, 10, 19Cdc, 23KS, 33DP, 33GTB, 33TP, 34B, 34J, 35/60, 36, 38/39, 39SK, 58, 70/71, 1960, 1961K"},"geometry":{"type":"LineString","coordinates":[[36.852321,-1.294474],[36.851697,-1.294346]]}},{"type":"Feature","properties":{"mode":"bus","n":9,"arr":["7","14","16/62","0027","32D","45G","100","120","121"],"lines":"7, 14, 16/62, 0027, 32D, 45G, 100, 120, 121"},"geometry":{"type":"LineString","coordinates":[[36.832226,-1.281055],[36.832117,-1.281316],[36.831606,-1.282895],[36.831241,-1.28414],[36.831165,-1.284342]]}},{"type":"Feature","properties":{"mode":"bus","n":8,"arr":["7","14","16/62","32D","45G","100","120","121"],"lines":"7, 14, 16/62, 32D, 45G, 100, 120, 121"},"geometry":{"type":"LineString","coordinates":[[36.831165,-1.284342],[36.831012,-1.284811]]}},{"type":"Feature","properties":{"mode":"bus","n":7,"arr":["7","14","16/62","45G","100","120","121"],"lines":"7, 14, 16/62, 45G, 100, 120, 121"},"geometry":{"type":"LineString","coordinates":[[36.831012,-1.284811],[36.830984,-1.284904]]}},{"type":"Feature","properties":{"mode":"bus","n":8,"arr":["7","14","16/62","45G","100","120","121","135"],"lines":"7, 14, 16/62, 45G, 100, 120, 121, 135"},"geometry":{"type":"LineString","coordinates":[[36.830929,-1.285157],[36.830984,-1.284904]]}},{"type":"Feature","properties":{"mode":"bus","n":17,"arr":["7","11","14","16/62","19Cdc","33TP","34B","34J","35/60","39SK","43","45G","58","100","120","121","135"],"lines":"7, 11, 14, 16/62, 19Cdc, 33TP, 34B, 34J, 35/60, 39SK, 43, 45G, 58, 100, 120, 121, 135"},"geometry":{"type":"LineString","coordinates":[[36.830869,-1.285341],[36.830929,-1.285157]]}},{"type":"Feature","properties":{"mode":"bus","n":19,"arr":["7","11","12C","12D","14","16/62","19Cdc","33TP","34B","34J","35/60","39SK","43","45G","58","100","120","121","135"],"lines":"7, 11, 12C, 12D, 14, 16/62, 19Cdc, 33TP, 34B, 34J, 35/60, 39SK, 43, 45G, 58, 100, 120, 121, 135"},"geometry":{"type":"LineString","coordinates":[[36.830526,-1.286478],[36.830869,-1.285341]]}},{"type":"Feature","properties":{"mode":"bus","n":16,"arr":["7","11","12C","12D","14","16/62","19Cdc","33TP","34B","34J","35/60","39SK","43","45G","58","135"],"lines":"7, 11, 12C, 12D, 14, 16/62, 19Cdc, 33TP, 34B, 34J, 35/60, 39SK, 43, 45G, 58, 135"},"geometry":{"type":"LineString","coordinates":[[36.830526,-1.286478],[36.830442,-1.28654],[36.830282,-1.286592]]}},{"type":"Feature","properties":{"mode":"bus","n":22,"arr":["7","11","12C","12D","14","14A","14B","15","16","16/62","19Cdc","33MKR","33NG","33TP","34B","34J","35/60","39SK","43","45G","58","135"],"lines":"7, 11, 12C, 12D, 14, 14A, 14B, 15, 16, 16/62, 19Cdc, 33MKR, 33NG, 33TP, 34B, 34J, 35/60, 39SK, 43, 45G, 58, 135"},"geometry":{"type":"LineString","coordinates":[[36.830282,-1.286592],[36.829605,-1.286352]]}},{"type":"Feature","properties":{"mode":"bus","n":11,"arr":["7","14","19Cdc","33TP","34B","34J","35/60","39SK","45G","58","135"],"lines":"7, 14, 19Cdc, 33TP, 34B, 34J, 35/60, 39SK, 45G, 58, 135"},"geometry":{"type":"LineString","coordinates":[[36.829605,-1.286352],[36.829295,-1.286246],[36.829251,-1.286211],[36.828825,-1.285335]]}},{"type":"Feature","properties":{"mode":"bus","n":8,"arr":["7","19Cdc","34B","34J","35/60","39SK","58","135"],"lines":"7, 19Cdc, 34B, 34J, 35/60, 39SK, 58, 135"},"geometry":{"type":"LineString","coordinates":[[36.828825,-1.285335],[36.82871,-1.28534],[36.828145,-1.285633]]}},{"type":"Feature","properties":{"mode":"bus","n":9,"arr":["7","19Cdc","34B","34J","35/60","39SK","46B","58","135"],"lines":"7, 19Cdc, 34B, 34J, 35/60, 39SK, 46B, 58, 135"},"geometry":{"type":"LineString","coordinates":[[36.828145,-1.285633],[36.827559,-1.285917]]}},{"type":"Feature","properties":{"mode":"bus","n":5,"arr":["7","14","45G","46B","46H"],"lines":"7, 14, 45G, 46B, 46H"},"geometry":{"type":"LineString","coordinates":[[36.832025,-1.280879],[36.832079,-1.281116],[36.832,-1.281473],[36.831773,-1.282128],[36.831227,-1.283913],[36.831133,-1.284059],[36.831055,-1.284111],[36.830331,-1.284481]]}},{"type":"Feature","properties":{"mode":"bus","n":17,"arr":["8","12C","12D","14A","14B","15","16","24","33C","33FED","33IMR","33NG","56","110","110ATH","125","126"],"lines":"8, 12C, 12D, 14A, 14B, 15, 16, 24, 33C, 33FED, 33IMR, 33NG, 56, 110, 110ATH, 125, 126"},"geometry":{"type":"LineString","coordinates":[[36.8239,-1.291064],[36.822301,-1.291878]]}},{"type":"Feature","properties":{"mode":"bus","n":14,"arr":["10","19Cdc","26","33DP","33GTB","34B","34J","35/60","36","38/39","39SK","58","1960","1961K"],"lines":"10, 19Cdc, 26, 33DP, 33GTB, 34B, 34J, 35/60, 36, 38/39, 39SK, 58, 1960, 1961K"},"geometry":{"type":"LineString","coordinates":[[36.862028,-1.296362],[36.863085,-1.296561]]}},{"type":"Feature","properties":{"mode":"bus","n":14,"arr":["10","19Cdc","33DP","33GTB","33TP","34B","34J","35/60","36","38/39","39SK","58","1960","1961K"],"lines":"10, 19Cdc, 33DP, 33GTB, 33TP, 34B, 34J, 35/60, 36, 38/39, 39SK, 58, 1960, 1961K"},"geometry":{"type":"LineString","coordinates":[[36.863044,-1.296719],[36.858652,-1.295822],[36.856339,-1.295325],[36.856167,-1.295299],[36.855908,-1.295308]]}},{"type":"Feature","properties":{"mode":"bus","n":14,"arr":["10","19Cdc","33DP","33GTB","33TP","34B","34J","35/60","36","38/39","39SK","58","1960","1961K"],"lines":"10, 19Cdc, 33DP, 33GTB, 33TP, 34B, 34J, 35/60, 36, 38/39, 39SK, 58, 1960, 1961K"},"geometry":{"type":"LineString","coordinates":[[36.855732,-1.295323],[36.85554,-1.295314],[36.855382,-1.29526]]}},{"type":"Feature","properties":{"mode":"bus","n":15,"arr":["10","19Cdc","33DP","33GTB","33TP","34B","34J","35/60","36","38/39","39SK","58","70/71","1960","1961K"],"lines":"10, 19Cdc, 33DP, 33GTB, 33TP, 34B, 34J, 35/60, 36, 38/39, 39SK, 58, 70/71, 1960, 1961K"},"geometry":{"type":"LineString","coordinates":[[36.855908,-1.295308],[36.855732,-1.295323]]}},{"type":"Feature","properties":{"mode":"bus","n":15,"arr":["10","19Cdc","33DP","33GTB","33TP","34B","34J","35/60","36","38/39","39SK","58","70/71","1960","1961K"],"lines":"10, 19Cdc, 33DP, 33GTB, 33TP, 34B, 34J, 35/60, 36, 38/39, 39SK, 58, 70/71, 1960, 1961K"},"geometry":{"type":"LineString","coordinates":[[36.855382,-1.29526],[36.855034,-1.29511],[36.854714,-1.295009],[36.852321,-1.294474]]}},{"type":"Feature","properties":{"mode":"bus","n":5,"arr":["10","33DP","38/39","69","70/71"],"lines":"10, 33DP, 38/39, 69, 70/71"},"geometry":{"type":"LineString","coordinates":[[36.833659,-1.28847],[36.834159,-1.288677],[36.83427,-1.288692],[36.834684,-1.288661],[36.835623,-1.28878],[36.836036,-1.288877],[36.836379,-1.289006],[36.836559,-1.289097],[36.836954,-1.28937],[36.838062,-1.290344],[36.838808,-1.290862],[36.839368,-1.291364],[36.839627,-1.291453],[36.840447,-1.29166],[36.840638,-1.291661],[36.840798,-1.2916]]}},{"type":"Feature","properties":{"mode":"bus","n":15,"arr":["10","19Cdc","23KS","33DP","33GTB","34B","34J","35/60","36","38/39","39SK","58","70/71","1960","1961K"],"lines":"10, 19Cdc, 23KS, 33DP, 33GTB, 34B, 34J, 35/60, 36, 38/39, 39SK, 58, 70/71, 1960, 1961K"},"geometry":{"type":"LineString","coordinates":[[36.841321,-1.291789],[36.841595,-1.291945],[36.841714,-1.291982],[36.845434,-1.292814],[36.851254,-1.294079],[36.851699,-1.294088]]}},{"type":"Feature","properties":{"mode":"bus","n":15,"arr":["10","19Cdc","23KS","33DP","33GTB","34B","34J","35/60","36","38/39","39SK","58","70/71","1960","1961K"],"lines":"10, 19Cdc, 23KS, 33DP, 33GTB, 34B, 34J, 35/60, 36, 38/39, 39SK, 58, 70/71, 1960, 1961K"},"geometry":{"type":"LineString","coordinates":[[36.85212,-1.294094],[36.852292,-1.294153]]}},{"type":"Feature","properties":{"mode":"bus","n":13,"arr":["10","19Cdc","33DP","33GTB","34B","34J","35/60","36","38/39","39SK","58","1960","1961K"],"lines":"10, 19Cdc, 33DP, 33GTB, 34B, 34J, 35/60, 36, 38/39, 39SK, 58, 1960, 1961K"},"geometry":{"type":"LineString","coordinates":[[36.856012,-1.295079],[36.856335,-1.295195],[36.856547,-1.295244],[36.860778,-1.296123],[36.862028,-1.296362]]}},{"type":"Feature","properties":{"mode":"bus","n":12,"arr":["11","19Cdc","23KS","33GTB","33TP","34B","34J","35/60","39SK","58","1960","1961K"],"lines":"11, 19Cdc, 23KS, 33GTB, 33TP, 34B, 34J, 35/60, 39SK, 58, 1960, 1961K"},"geometry":{"type":"LineString","coordinates":[[36.832608,-1.285856],[36.833244,-1.285938],[36.833957,-1.286157],[36.835236,-1.286639],[36.836903,-1.287321],[36.839303,-1.288678],[36.840664,-1.289305],[36.841002,-1.289528],[36.841157,-1.2897],[36.841208,-1.289794],[36.841258,-1.290025],[36.841229,-1.290326],[36.841062,-1.291079],[36.841021,-1.291223],[36.840858,-1.291548]]}},{"type":"Feature","properties":{"mode":"bus","n":13,"arr":["11","19Cdc","23KS","33GTB","33TP","34B","34J","35/60","39SK","43","58","1960","1961K"],"lines":"11, 19Cdc, 23KS, 33GTB, 33TP, 34B, 34J, 35/60, 39SK, 43, 58, 1960, 1961K"},"geometry":{"type":"LineString","coordinates":[[36.832435,-1.285842],[36.832608,-1.285856]]}},{"type":"Feature","properties":{"mode":"bus","n":10,"arr":["11","19Cdc","0027","33TP","34B","34J","35/60","39SK","43","58"],"lines":"11, 19Cdc, 0027, 33TP, 34B, 34J, 35/60, 39SK, 43, 58"},"geometry":{"type":"LineString","coordinates":[[36.832117,-1.285718],[36.831987,-1.285701],[36.831173,-1.285177],[36.831021,-1.285136]]}},{"type":"Feature","properties":{"mode":"bus","n":9,"arr":["11","19Cdc","33TP","34B","34J","35/60","39SK","43","58"],"lines":"11, 19Cdc, 33TP, 34B, 34J, 35/60, 39SK, 43, 58"},"geometry":{"type":"LineString","coordinates":[[36.830929,-1.285157],[36.831021,-1.285136]]}},{"type":"Feature","properties":{"mode":"bus","n":7,"arr":["14A","14B","15","16","16/62","33MKR","33NG"],"lines":"14A, 14B, 15, 16, 16/62, 33MKR, 33NG"},"geometry":{"type":"LineString","coordinates":[[36.830277,-1.287134],[36.830368,-1.286809]]}},{"type":"Feature","properties":{"mode":"bus","n":6,"arr":["14A","14B","15","16","33MKR","33NG"],"lines":"14A, 14B, 15, 16, 33MKR, 33NG"},"geometry":{"type":"LineString","coordinates":[[36.830368,-1.286809],[36.83037,-1.286722],[36.830341,-1.286642]]}},{"type":"Feature","properties":{"mode":"bus","n":12,"arr":["11","14","14A","14B","15","16","16/62","19Cdc","33MKR","33NG","35/60","135"],"lines":"11, 14, 14A, 14B, 15, 16, 16/62, 19Cdc, 33MKR, 33NG, 35/60, 135"},"geometry":{"type":"LineString","coordinates":[[36.830341,-1.286642],[36.830282,-1.286592]]}},{"type":"Feature","properties":{"mode":"bus","n":9,"arr":["11","12C","12D","14A","14B","15","16","33MKR","43"],"lines":"11, 12C, 12D, 14A, 14B, 15, 16, 33MKR, 43"},"geometry":{"type":"LineString","coordinates":[[36.829605,-1.286352],[36.82949,-1.286781]]}},{"type":"Feature","properties":{"mode":"bus","n":9,"arr":["11","12C","12D","14A","14B","15","16","33MKR","43"],"lines":"11, 12C, 12D, 14A, 14B, 15, 16, 33MKR, 43"},"geometry":{"type":"LineString","coordinates":[[36.82927,-1.28705],[36.828976,-1.287144]]}},{"type":"Feature","properties":{"mode":"bus","n":9,"arr":["11","12C","12D","14A","14B","15","16","33MKR","43"],"lines":"11, 12C, 12D, 14A, 14B, 15, 16, 33MKR, 43"},"geometry":{"type":"LineString","coordinates":[[36.828745,-1.287268],[36.828488,-1.287406],[36.828462,-1.287427],[36.828447,-1.287458],[36.828423,-1.287548]]}},{"type":"Feature","properties":{"mode":"bus","n":8,"arr":["11","12C","12D","14A","14B","15","16","33MKR"],"lines":"11, 12C, 12D, 14A, 14B, 15, 16, 33MKR"},"geometry":{"type":"LineString","coordinates":[[36.82949,-1.286781],[36.82941,-1.287027],[36.8294,-1.287045],[36.829384,-1.287056],[36.829363,-1.287058],[36.82927,-1.28705]]}},{"type":"Feature","properties":{"mode":"bus","n":8,"arr":["11","12C","12D","14A","14B","15","33MKR","43"],"lines":"11, 12C, 12D, 14A, 14B, 15, 33MKR, 43"},"geometry":{"type":"LineString","coordinates":[[36.828976,-1.287144],[36.828745,-1.287268]]}},{"type":"Feature","properties":{"mode":"bus","n":11,"arr":["11","19Cdc","33B","33FED","33GTB","33IMR","33TP","34B","35/60","39SK","58"],"lines":"11, 19Cdc, 33B, 33FED, 33GTB, 33IMR, 33TP, 34B, 35/60, 39SK, 58"},"geometry":{"type":"LineString","coordinates":[[36.827683,-1.287783],[36.82824,-1.288777]]}},{"type":"Feature","properties":{"mode":"bus","n":22,"arr":["11","12D","14A","14B","15","16","19Cdc","23KS","33B","33FED","33GTB","33IMR","33MKR","33NG","33TP","34B","34J","35/60","39SK","58","110","110ATH"],"lines":"11, 12D, 14A, 14B, 15, 16, 19Cdc, 23KS, 33B, 33FED, 33GTB, 33IMR, 33MKR, 33NG, 33TP, 34B, 34J, 35/60, 39SK, 58, 110, 110ATH"},"geometry":{"type":"LineString","coordinates":[[36.828887,-1.288438],[36.82824,-1.288777]]}},{"type":"Feature","properties":{"mode":"bus","n":22,"arr":["11","14A","14B","15","16","19Cdc","23KS","33B","33FED","33GTB","33IMR","33MKR","33NG","33TP","34B","34J","35/60","39SK","43","58","110","110ATH"],"lines":"11, 14A, 14B, 15, 16, 19Cdc, 23KS, 33B, 33FED, 33GTB, 33IMR, 33MKR, 33NG, 33TP, 34B, 34J, 35/60, 39SK, 43, 58, 110, 110ATH"},"geometry":{"type":"LineString","coordinates":[[36.830103,-1.287809],[36.828887,-1.288438]]}},{"type":"Feature","properties":{"mode":"bus","n":17,"arr":["11","12C","12D","14A","14B","15","16","23KS","33B","33FED","33GTB","33IMR","33MKR","33NG","33TP","110","110ATH"],"lines":"11, 12C, 12D, 14A, 14B, 15, 16, 23KS, 33B, 33FED, 33GTB, 33IMR, 33MKR, 33NG, 33TP, 110, 110ATH"},"geometry":{"type":"LineString","coordinates":[[36.828927,-1.288526],[36.830175,-1.287871]]}},{"type":"Feature","properties":{"mode":"bus","n":17,"arr":["11","12C","12D","14A","14B","15","16","23KS","33B","33FED","33GTB","33IMR","33MKR","33NG","33TP","110","110ATH"],"lines":"11, 12C, 12D, 14A, 14B, 15, 16, 23KS, 33B, 33FED, 33GTB, 33IMR, 33MKR, 33NG, 33TP, 110, 110ATH"},"geometry":{"type":"LineString","coordinates":[[36.82772,-1.289167],[36.828155,-1.28893]]}},{"type":"Feature","properties":{"mode":"bus","n":15,"arr":["11","12C","12D","14A","14B","15","16","23KS","33B","33FED","33GTB","33MKR","33NG","33TP","110"],"lines":"11, 12C, 12D, 14A, 14B, 15, 16, 23KS, 33B, 33FED, 33GTB, 33MKR, 33NG, 33TP, 110"},"geometry":{"type":"LineString","coordinates":[[36.82862,-1.28868],[36.828927,-1.288526]]}},{"type":"Feature","properties":{"mode":"bus","n":14,"arr":["11","12C","12D","14A","14B","15","16","23KS","33B","33FED","33GTB","33MKR","33NG","33TP"],"lines":"11, 12C, 12D, 14A, 14B, 15, 16, 23KS, 33B, 33FED, 33GTB, 33MKR, 33NG, 33TP"},"geometry":{"type":"LineString","coordinates":[[36.828155,-1.28893],[36.82862,-1.28868]]}},{"type":"Feature","properties":{"mode":"bus","n":17,"arr":["11","12C","12D","14A","14B","15","16","24","33B","33C","33FED","33IMR","33MKR","33TP","33UTW","125","126"],"lines":"11, 12C, 12D, 14A, 14B, 15, 16, 24, 33B, 33C, 33FED, 33IMR, 33MKR, 33TP, 33UTW, 125, 126"},"geometry":{"type":"LineString","coordinates":[[36.820922,-1.293446],[36.820782,-1.293193],[36.820744,-1.292929],[36.820794,-1.292842],[36.820967,-1.292658]]}},{"type":"Feature","properties":{"mode":"bus","n":6,"arr":["11A","11B","106","107","114R","116"],"lines":"11A, 11B, 106, 107, 114R, 116"},"geometry":{"type":"LineString","coordinates":[[36.825103,-1.262947],[36.824718,-1.26389],[36.824463,-1.264403],[36.824183,-1.26506],[36.823045,-1.266707],[36.822838,-1.266927],[36.822604,-1.267128],[36.822103,-1.267496],[36.821311,-1.267985],[36.82075,-1.268435],[36.820626,-1.268593],[36.820515,-1.268797],[36.820415,-1.269136],[36.820401,-1.26932]]}},{"type":"Feature","properties":{"mode":"bus","n":6,"arr":["11A","11B","106","107","114R","116"],"lines":"11A, 11B, 106, 107, 114R, 116"},"geometry":{"type":"LineString","coordinates":[[36.820571,-1.269309],[36.820787,-1.268658],[36.820923,-1.268494],[36.821195,-1.26823]]}},{"type":"Feature","properties":{"mode":"bus","n":7,"arr":["11A","11B","29/30","106","107","114R","116"],"lines":"11A, 11B, 29/30, 106, 107, 114R, 116"},"geometry":{"type":"LineString","coordinates":[[36.823342,-1.27359],[36.823203,-1.273458],[36.823018,-1.273181],[36.821957,-1.271502],[36.821675,-1.27123],[36.820821,-1.270597],[36.820628,-1.270422],[36.820561,-1.270273],[36.820531,-1.26986],[36.820571,-1.269309]]}},{"type":"Feature","properties":{"mode":"bus","n":6,"arr":["11A","11B","29/30","106","107","114R"],"lines":"11A, 11B, 29/30, 106, 107, 114R"},"geometry":{"type":"LineString","coordinates":[[36.823532,-1.273894],[36.823342,-1.27359]]}},{"type":"Feature","properties":{"mode":"bus","n":5,"arr":["11A","11B","106","107","114R"],"lines":"11A, 11B, 106, 107, 114R"},"geometry":{"type":"LineString","coordinates":[[36.823302,-1.273999],[36.823401,-1.274017],[36.823455,-1.273993],[36.823532,-1.273894]]}},{"type":"Feature","properties":{"mode":"bus","n":8,"arr":["11A","11B","106","107","114R","114W","116","119A"],"lines":"11A, 11B, 106, 107, 114R, 114W, 116, 119A"},"geometry":{"type":"LineString","coordinates":[[36.820401,-1.26932],[36.820438,-1.270293],[36.8205,-1.270444],[36.820635,-1.270584],[36.821562,-1.271272],[36.821808,-1.271499],[36.822063,-1.271855],[36.822937,-1.273251],[36.823171,-1.273656],[36.823302,-1.273999]]}},{"type":"Feature","properties":{"mode":"bus","n":6,"arr":["11A","11B","23W","106","107","119"],"lines":"11A, 11B, 23W, 106, 107, 119"},"geometry":{"type":"LineString","coordinates":[[36.819032,-1.273926],[36.819672,-1.274327]]}},{"type":"Feature","properties":{"mode":"bus","n":8,"arr":["11A","11B","23W","106","107","118","119","119A"],"lines":"11A, 11B, 23W, 106, 107, 118, 119, 119A"},"geometry":{"type":"LineString","coordinates":[[36.821729,-1.27787],[36.821655,-1.277748],[36.821603,-1.277706],[36.821115,-1.277409],[36.820427,-1.277038],[36.820085,-1.276807],[36.818221,-1.274999]]}},{"type":"Feature","properties":{"mode":"bus","n":9,"arr":["11A","11B","23W","25A","106","107","118","119","119A"],"lines":"11A, 11B, 23W, 25A, 106, 107, 118, 119, 119A"},"geometry":{"type":"LineString","coordinates":[[36.821754,-1.278],[36.821729,-1.27787]]}},{"type":"Feature","properties":{"mode":"bus","n":17,"arr":["11A","11B","23KG","23W","25A","30","48A","48B","48C","48O","105","106","107","115","118","119","119A"],"lines":"11A, 11B, 23KG, 23W, 25A, 30, 48A, 48B, 48C, 48O, 105, 106, 107, 115, 118, 119, 119A"},"geometry":{"type":"LineString","coordinates":[[36.822279,-1.280968],[36.822167,-1.280836],[36.821609,-1.280326],[36.821521,-1.280204],[36.821427,-1.280017],[36.821377,-1.279862],[36.821412,-1.279666],[36.821524,-1.279487]]}},{"type":"Feature","properties":{"mode":"bus","n":22,"arr":["11A","11B","11C","23KG","23W","25","25A","30","44G","44Z","45K","46B","46H","48A","48B","48C","48O","49","105","107","145","237"],"lines":"11A, 11B, 11C, 23KG, 23W, 25, 25A, 30, 44G, 44Z, 45K, 46B, 46H, 48A, 48B, 48C, 48O, 49, 105, 107, 145, 237"},"geometry":{"type":"LineString","coordinates":[[36.822943,-1.281335],[36.822718,-1.281137]]}},{"type":"Feature","properties":{"mode":"bus","n":19,"arr":["11A","11B","11C","23KG","23W","25","25A","44G","44Z","45K","46B","46H","48A","48B","48C","49","107","145","237"],"lines":"11A, 11B, 11C, 23KG, 23W, 25, 25A, 44G, 44Z, 45K, 46B, 46H, 48A, 48B, 48C, 49, 107, 145, 237"},"geometry":{"type":"LineString","coordinates":[[36.822769,-1.281655],[36.822934,-1.281497],[36.822959,-1.281395],[36.822943,-1.281335]]}},{"type":"Feature","properties":{"mode":"bus","n":15,"arr":["11A","11B","11C","23KG","25","25A","44G","44Z","45K","46B","46H","48A","48B","107","145"],"lines":"11A, 11B, 11C, 23KG, 25, 25A, 44G, 44Z, 45K, 46B, 46H, 48A, 48B, 107, 145"},"geometry":{"type":"LineString","coordinates":[[36.822861,-1.28176],[36.822769,-1.281655]]}},{"type":"Feature","properties":{"mode":"bus","n":14,"arr":["11A","11B","11C","23KG","25","25A","44G","44Z","45K","46B","46H","48A","48B","107"],"lines":"11A, 11B, 11C, 23KG, 25, 25A, 44G, 44Z, 45K, 46B, 46H, 48A, 48B, 107"},"geometry":{"type":"LineString","coordinates":[[36.823444,-1.282265],[36.822861,-1.28176]]}},{"type":"Feature","properties":{"mode":"bus","n":11,"arr":["11A","11B","11C","23KG","25","44G","46B","46H","48A","48B","107"],"lines":"11A, 11B, 11C, 23KG, 25, 44G, 46B, 46H, 48A, 48B, 107"},"geometry":{"type":"LineString","coordinates":[[36.824257,-1.282903],[36.823444,-1.282265]]}},{"type":"Feature","properties":{"mode":"bus","n":11,"arr":["11A","11B","11C","23KG","25A","44G","46B","46H","48A","48B","107"],"lines":"11A, 11B, 11C, 23KG, 25A, 44G, 46B, 46H, 48A, 48B, 107"},"geometry":{"type":"LineString","coordinates":[[36.824495,-1.283104],[36.824257,-1.282903]]}},{"type":"Feature","properties":{"mode":"bus","n":10,"arr":["11A","11B","11C","23KG","44G","46B","46H","48A","48B","107"],"lines":"11A, 11B, 11C, 23KG, 44G, 46B, 46H, 48A, 48B, 107"},"geometry":{"type":"LineString","coordinates":[[36.824613,-1.283209],[36.824495,-1.283104]]}},{"type":"Feature","properties":{"mode":"bus","n":5,"arr":["11A","30","46B","46H","48A"],"lines":"11A, 30, 46B, 46H, 48A"},"geometry":{"type":"LineString","coordinates":[[36.824728,-1.283296],[36.824613,-1.283209]]}},{"type":"Feature","properties":{"mode":"bus","n":8,"arr":["11A","11B","11C","23KG","44G","48A","48B","107"],"lines":"11A, 11B, 11C, 23KG, 44G, 48A, 48B, 107"},"geometry":{"type":"LineString","coordinates":[[36.824613,-1.283209],[36.824738,-1.283063]]}},{"type":"Feature","properties":{"mode":"bus","n":5,"arr":["11A","23KG","30","48B","105"],"lines":"11A, 23KG, 30, 48B, 105"},"geometry":{"type":"LineString","coordinates":[[36.824951,-1.283018],[36.825075,-1.282853]]}},{"type":"Feature","properties":{"mode":"bus","n":7,"arr":["11A","23KG","30","48A","48B","48O","105"],"lines":"11A, 23KG, 30, 48A, 48B, 48O, 105"},"geometry":{"type":"LineString","coordinates":[[36.824728,-1.283296],[36.824951,-1.283018]]}},{"type":"Feature","properties":{"mode":"bus","n":6,"arr":["11A","30","48A","48B","48O","105"],"lines":"11A, 30, 48A, 48B, 48O, 105"},"geometry":{"type":"LineString","coordinates":[[36.824695,-1.283337],[36.824728,-1.283296]]}},{"type":"Feature","properties":{"mode":"bus","n":14,"arr":["11A","11B","11C","23W","25","44G","44Z","45K","48C","49","105","107","145","237"],"lines":"11A, 11B, 11C, 23W, 25, 44G, 44Z, 45K, 48C, 49, 105, 107, 145, 237"},"geometry":{"type":"LineString","coordinates":[[36.822594,-1.281624],[36.822695,-1.281676]]}},{"type":"Feature","properties":{"mode":"bus","n":16,"arr":["11A","11B","11C","23W","25","44G","44Z","45K","48C","49","105","107","118","119","145","237"],"lines":"11A, 11B, 11C, 23W, 25, 44G, 44Z, 45K, 48C, 49, 105, 107, 118, 119, 145, 237"},"geometry":{"type":"LineString","coordinates":[[36.822515,-1.281571],[36.822594,-1.281624]]}},{"type":"Feature","properties":{"mode":"bus","n":7,"arr":["11A","11B","106","107","114W","116","119A"],"lines":"11A, 11B, 106, 107, 114W, 116, 119A"},"geometry":{"type":"LineString","coordinates":[[36.823302,-1.273999],[36.823304,-1.274263],[36.823197,-1.275121],[36.823188,-1.275445]]}},{"type":"Feature","properties":{"mode":"bus","n":6,"arr":["11B","106","107","108","114R","116"],"lines":"11B, 106, 107, 108, 114R, 116"},"geometry":{"type":"LineString","coordinates":[[36.803638,-1.234437],[36.803771,-1.234661],[36.8039,-1.234823],[36.804254,-1.235074],[36.809209,-1.237623]]}},{"type":"Feature","properties":{"mode":"bus","n":6,"arr":["11B","106","107","108","114R","116"],"lines":"11B, 106, 107, 108, 114R, 116"},"geometry":{"type":"LineString","coordinates":[[36.809991,-1.238116],[36.810412,-1.238457]]}},{"type":"Feature","properties":{"mode":"bus","n":7,"arr":["11B","11C","23KG","44G","48A","48B","107"],"lines":"11B, 11C, 23KG, 44G, 48A, 48B, 107"},"geometry":{"type":"LineString","coordinates":[[36.824738,-1.283063],[36.824838,-1.282934]]}},{"type":"Feature","properties":{"mode":"bus","n":10,"arr":["11B","11C","23KG","44Z","45K","48A","48B","48O","49","107"],"lines":"11B, 11C, 23KG, 44Z, 45K, 48A, 48B, 48O, 49, 107"},"geometry":{"type":"LineString","coordinates":[[36.824838,-1.282934],[36.825008,-1.282709]]}},{"type":"Feature","properties":{"mode":"bus","n":8,"arr":["11B","11C","30","44Z","45K","48C","49","107"],"lines":"11B, 11C, 30, 44Z, 45K, 48C, 49, 107"},"geometry":{"type":"LineString","coordinates":[[36.825008,-1.282709],[36.825347,-1.282249]]}},{"type":"Feature","properties":{"mode":"bus","n":7,"arr":["11B","11C","44Z","45K","48C","49","107"],"lines":"11B, 11C, 44Z, 45K, 48C, 49, 107"},"geometry":{"type":"LineString","coordinates":[[36.825347,-1.282249],[36.825858,-1.281513]]}},{"type":"Feature","properties":{"mode":"bus","n":12,"arr":["11B","11C","30","44Z","45K","48C","48O","49","105","107","145","237"],"lines":"11B, 11C, 30, 44Z, 45K, 48C, 48O, 49, 105, 107, 145, 237"},"geometry":{"type":"LineString","coordinates":[[36.825858,-1.281513],[36.825686,-1.281395],[36.825515,-1.281369],[36.823598,-1.28134],[36.82318,-1.281378],[36.822943,-1.281335]]}},{"type":"Feature","properties":{"mode":"bus","n":12,"arr":["11B","11C","23W","25","44G","44Z","45K","48C","49","107","145","237"],"lines":"11B, 11C, 23W, 25, 44G, 44Z, 45K, 48C, 49, 107, 145, 237"},"geometry":{"type":"LineString","coordinates":[[36.822695,-1.281676],[36.822769,-1.281655]]}},{"type":"Feature","properties":{"mode":"bus","n":5,"arr":["11C","17B","43","45G","121"],"lines":"11C, 17B, 43, 45G, 121"},"geometry":{"type":"LineString","coordinates":[[36.835454,-1.268092],[36.836446,-1.269508],[36.836586,-1.269786],[36.836692,-1.270223]]}},{"type":"Feature","properties":{"mode":"bus","n":5,"arr":["11C","46B","100","100A","120"],"lines":"11C, 46B, 100, 100A, 120"},"geometry":{"type":"LineString","coordinates":[[36.832765,-1.269618],[36.832848,-1.269551],[36.832943,-1.269516]]}},{"type":"Feature","properties":{"mode":"bus","n":7,"arr":["11C","25","0027","46B","46H","116","145"],"lines":"11C, 25, 0027, 46B, 46H, 116, 145"},"geometry":{"type":"LineString","coordinates":[[36.827624,-1.272248],[36.832362,-1.269279]]}},{"type":"Feature","properties":{"mode":"bus","n":6,"arr":["11C","25","46B","46H","116","145"],"lines":"11C, 25, 46B, 46H, 116, 145"},"geometry":{"type":"LineString","coordinates":[[36.825038,-1.274063],[36.825159,-1.274051],[36.825278,-1.274003],[36.827624,-1.272248]]}},{"type":"Feature","properties":{"mode":"bus","n":12,"arr":["11C","25","25A","44G","44Z","45K","46B","46H","49","116","145","237"],"lines":"11C, 25, 25A, 44G, 44Z, 45K, 46B, 46H, 49, 116, 145, 237"},"geometry":{"type":"LineString","coordinates":[[36.823203,-1.275631],[36.823345,-1.275428],[36.823762,-1.275062],[36.825038,-1.274063]]}},{"type":"Feature","properties":{"mode":"bus","n":6,"arr":["11C","30","48O","105","145","237"],"lines":"11C, 30, 48O, 105, 145, 237"},"geometry":{"type":"LineString","coordinates":[[36.825947,-1.281576],[36.825858,-1.281513]]}},{"type":"Feature","properties":{"mode":"bus","n":10,"arr":["11C","25","25A","29/30","44G","44Z","45K","49","145","237"],"lines":"11C, 25, 25A, 29/30, 44G, 44Z, 45K, 49, 145, 237"},"geometry":{"type":"LineString","coordinates":[[36.834949,-1.266055],[36.834623,-1.266379],[36.8345,-1.266529],[36.834085,-1.267141]]}},{"type":"Feature","properties":{"mode":"bus","n":18,"arr":["11C","17B","25","25A","0027","29/30","43","44G","44Z","45G","45K","49","100","100A","120","121","145","237"],"lines":"11C, 17B, 25, 25A, 0027, 29/30, 43, 44G, 44Z, 45G, 45K, 49, 100, 100A, 120, 121, 145, 237"},"geometry":{"type":"LineString","coordinates":[[36.836864,-1.264327],[36.835947,-1.265048],[36.835267,-1.265674],[36.835153,-1.265835],[36.834949,-1.266055]]}},{"type":"Feature","properties":{"mode":"bus","n":18,"arr":["11C","17B","25","25A","0027","29/30","43","44G","44Z","45G","45K","49","100","100A","120","121","145","237"],"lines":"11C, 17B, 25, 25A, 0027, 29/30, 43, 44G, 44Z, 45G, 45K, 49, 100, 100A, 120, 121, 145, 237"},"geometry":{"type":"LineString","coordinates":[[36.837575,-1.264172],[36.838182,-1.263793],[36.839262,-1.263189]]}},{"type":"Feature","properties":{"mode":"bus","n":14,"arr":["11C","17B","25","25A","0027","29/30","43","44G","44Z","45G","45K","49","145","237"],"lines":"11C, 17B, 25, 25A, 0027, 29/30, 43, 44G, 44Z, 45G, 45K, 49, 145, 237"},"geometry":{"type":"LineString","coordinates":[[36.839262,-1.263189],[36.839642,-1.26299],[36.840483,-1.262733],[36.840536,-1.262687],[36.84056,-1.26262]]}},{"type":"Feature","properties":{"mode":"bus","n":7,"arr":["11C","17B","0027","43","45G","49","121"],"lines":"11C, 17B, 0027, 43, 45G, 49, 121"},"geometry":{"type":"LineString","coordinates":[[36.837575,-1.264172],[36.837314,-1.264357]]}},{"type":"Feature","properties":{"mode":"bus","n":9,"arr":["12C","14A","14B","15","16","24","33FED","125","126"],"lines":"12C, 14A, 14B, 15, 16, 24, 33FED, 125, 126"},"geometry":{"type":"LineString","coordinates":[[36.826395,-1.305154],[36.826341,-1.305187]]}},{"type":"Feature","properties":{"mode":"bus","n":18,"arr":["12C","12D","14A","14B","15","16","23KS","24","33B","33C","33FED","33GTB","33IMR","33MKR","33NG","34J","110","110ATH"],"lines":"12C, 12D, 14A, 14B, 15, 16, 23KS, 24, 33B, 33C, 33FED, 33GTB, 33IMR, 33MKR, 33NG, 34J, 110, 110ATH"},"geometry":{"type":"LineString","coordinates":[[36.827798,-1.288984],[36.827658,-1.289051]]}},{"type":"Feature","properties":{"mode":"bus","n":17,"arr":["12C","12D","14A","14B","15","16","23KS","33B","33C","33FED","33GTB","33IMR","33MKR","33NG","34J","110","110ATH"],"lines":"12C, 12D, 14A, 14B, 15, 16, 23KS, 33B, 33C, 33FED, 33GTB, 33IMR, 33MKR, 33NG, 34J, 110, 110ATH"},"geometry":{"type":"LineString","coordinates":[[36.828105,-1.288853],[36.827798,-1.288984]]}},{"type":"Feature","properties":{"mode":"bus","n":7,"arr":["12C","23KS","33B","33C","33FED","33GTB","33IMR"],"lines":"12C, 23KS, 33B, 33C, 33FED, 33GTB, 33IMR"},"geometry":{"type":"LineString","coordinates":[[36.827564,-1.287824],[36.828105,-1.288853]]}},{"type":"Feature","properties":{"mode":"bus","n":11,"arr":["12C","19Cdc","33B","33FED","33GTB","33IMR","33TP","34B","35/60","39SK","58"],"lines":"12C, 19Cdc, 33B, 33FED, 33GTB, 33IMR, 33TP, 34B, 35/60, 39SK, 58"},"geometry":{"type":"LineString","coordinates":[[36.827671,-1.287764],[36.827683,-1.287783]]}},{"type":"Feature","properties":{"mode":"bus","n":6,"arr":["12C","12D","16/62","100","120","121"],"lines":"12C, 12D, 16/62, 100, 120, 121"},"geometry":{"type":"LineString","coordinates":[[36.830429,-1.286823],[36.830526,-1.286478]]}},{"type":"Feature","properties":{"mode":"bus","n":5,"arr":["12C","12D","100","120","121"],"lines":"12C, 12D, 100, 120, 121"},"geometry":{"type":"LineString","coordinates":[[36.830266,-1.287359],[36.830429,-1.286823]]}},{"type":"Feature","properties":{"mode":"bus","n":6,"arr":["12C","12D","33NG","100","120","121"],"lines":"12C, 12D, 33NG, 100, 120, 121"},"geometry":{"type":"LineString","coordinates":[[36.830255,-1.287516],[36.830266,-1.287359]]}},{"type":"Feature","properties":{"mode":"bus","n":7,"arr":["12C","12D","17B","33NG","100","120","121"],"lines":"12C, 12D, 17B, 33NG, 100, 120, 121"},"geometry":{"type":"LineString","coordinates":[[36.83028,-1.28763],[36.830255,-1.287516]]}},{"type":"Feature","properties":{"mode":"bus","n":11,"arr":["12C","12D","33B","33C","33FED","33IMR","33MKR","33TP","33UTW","110","110ATH"],"lines":"12C, 12D, 33B, 33C, 33FED, 33IMR, 33MKR, 33TP, 33UTW, 110, 110ATH"},"geometry":{"type":"LineString","coordinates":[[36.829834,-1.311753],[36.829324,-1.310719],[36.828898,-1.309714],[36.826691,-1.30507]]}},{"type":"Feature","properties":{"mode":"bus","n":9,"arr":["33B","33C","33FED","33IMR","33MKR","33TP","33UTW","110","110ATH"],"lines":"33B, 33C, 33FED, 33IMR, 33MKR, 33TP, 33UTW, 110, 110ATH"},"geometry":{"type":"LineString","coordinates":[[36.850533,-1.326495],[36.849083,-1.325641],[36.848514,-1.325378],[36.845439,-1.323581],[36.845028,-1.323218],[36.844818,-1.323064],[36.843759,-1.322422],[36.843536,-1.322293],[36.842845,-1.321994],[36.841298,-1.32117],[36.839671,-1.320243],[36.839053,-1.319854],[36.837844,-1.319157],[36.834965,-1.31745],[36.834566,-1.317195],[36.833202,-1.316449],[36.832633,-1.315995],[36.832036,-1.315441],[36.831671,-1.315033],[36.83122,-1.314441],[36.830648,-1.313545],[36.829934,-1.312023],[36.829834,-1.311753]]}},{"type":"Feature","properties":{"mode":"bus","n":8,"arr":["33B","33C","33FED","33IMR","33MKR","33UTW","110","110ATH"],"lines":"33B, 33C, 33FED, 33IMR, 33MKR, 33UTW, 110, 110ATH"},"geometry":{"type":"LineString","coordinates":[[36.844466,-1.323541],[36.845821,-1.324258],[36.847194,-1.32508],[36.84786,-1.325453],[36.848521,-1.325878],[36.849202,-1.32628],[36.850634,-1.327078],[36.851169,-1.327461]]}},{"type":"Feature","properties":{"mode":"bus","n":8,"arr":["33B","33C","33FED","33IMR","33MKR","33UTW","110","110ATH"],"lines":"33B, 33C, 33FED, 33IMR, 33MKR, 33UTW, 110, 110ATH"},"geometry":{"type":"LineString","coordinates":[[36.828999,-1.310528],[36.83013,-1.313034],[36.83064,-1.314017],[36.83093,-1.3145],[36.831317,-1.315028],[36.831431,-1.315168],[36.831952,-1.315661]]}},{"type":"Feature","properties":{"mode":"bus","n":7,"arr":["33B","33C","33IMR","33MKR","33UTW","110","110ATH"],"lines":"33B, 33C, 33IMR, 33MKR, 33UTW, 110, 110ATH"},"geometry":{"type":"LineString","coordinates":[[36.842192,-1.322125],[36.843068,-1.322801],[36.843424,-1.323023],[36.84379,-1.323228],[36.844466,-1.323541]]}},{"type":"Feature","properties":{"mode":"bus","n":7,"arr":["33B","33C","33IMR","33MKR","33UTW","110","110ATH"],"lines":"33B, 33C, 33IMR, 33MKR, 33UTW, 110, 110ATH"},"geometry":{"type":"LineString","coordinates":[[36.831952,-1.315661],[36.832568,-1.316228],[36.833092,-1.316622],[36.833853,-1.317111],[36.838102,-1.319617]]}},{"type":"Feature","properties":{"mode":"bus","n":9,"arr":["12C","12D","33B","33C","33IMR","33MKR","33UTW","110","110ATH"],"lines":"12C, 12D, 33B, 33C, 33IMR, 33MKR, 33UTW, 110, 110ATH"},"geometry":{"type":"LineString","coordinates":[[36.838102,-1.319617],[36.840492,-1.321068],[36.841383,-1.321658],[36.842192,-1.322125]]}},{"type":"Feature","properties":{"mode":"bus","n":12,"arr":["12D","14A","14B","15","16","23KS","33MKR","33NG","34J","58","110","110ATH"],"lines":"12D, 14A, 14B, 15, 16, 23KS, 33MKR, 33NG, 34J, 58, 110, 110ATH"},"geometry":{"type":"LineString","coordinates":[[36.82824,-1.288777],[36.828105,-1.288853]]}},{"type":"Feature","properties":{"mode":"bus","n":7,"arr":["12D","14A","14B","15","16","33MKR","43"],"lines":"12D, 14A, 14B, 15, 16, 33MKR, 43"},"geometry":{"type":"LineString","coordinates":[[36.828423,-1.287548],[36.828887,-1.288438]]}},{"type":"Feature","properties":{"mode":"bus","n":9,"arr":["14","16/62","17Aky","18C","28","32D","41","46B","46H"],"lines":"14, 16/62, 17Aky, 18C, 28, 32D, 41, 46B, 46H"},"geometry":{"type":"LineString","coordinates":[[36.874011,-1.262042],[36.869936,-1.261429],[36.869744,-1.261415],[36.869533,-1.261437],[36.868142,-1.261814],[36.866025,-1.262437],[36.862118,-1.263532],[36.861714,-1.263629],[36.860611,-1.26399],[36.860283,-1.264152],[36.859974,-1.264359],[36.859652,-1.264683],[36.859338,-1.265139]]}},{"type":"Feature","properties":{"mode":"bus","n":9,"arr":["14","16/62","17Aky","18C","28","32D","41","46B","46H"],"lines":"14, 16/62, 17Aky, 18C, 28, 32D, 41, 46B, 46H"},"geometry":{"type":"LineString","coordinates":[[36.858597,-1.265835],[36.858407,-1.26587],[36.858037,-1.265886],[36.857115,-1.26587],[36.856687,-1.265893],[36.850645,-1.265933],[36.850247,-1.265956],[36.849196,-1.266174]]}},{"type":"Feature","properties":{"mode":"bus","n":8,"arr":["14","17Aky","18C","28","32D","41","46B","46H"],"lines":"14, 17Aky, 18C, 28, 32D, 41, 46B, 46H"},"geometry":{"type":"LineString","coordinates":[[36.859338,-1.265139],[36.859113,-1.265523],[36.85901,-1.265631],[36.858748,-1.265792],[36.858597,-1.265835]]}},{"type":"Feature","properties":{"mode":"bus","n":7,"arr":["14","16/62","28","32D","41","46B","46H"],"lines":"14, 16/62, 28, 32D, 41, 46B, 46H"},"geometry":{"type":"LineString","coordinates":[[36.849196,-1.266174],[36.847797,-1.266483]]}},{"type":"Feature","properties":{"mode":"bus","n":7,"arr":["14","16/62","17B","32D","43","45G","121"],"lines":"14, 16/62, 17B, 32D, 43, 45G, 121"},"geometry":{"type":"LineString","coordinates":[[36.836657,-1.270793],[36.83618,-1.272096],[36.834481,-1.276546],[36.834491,-1.276687],[36.834571,-1.276828]]}},{"type":"Feature","properties":{"mode":"bus","n":5,"arr":["14","33TP","34J","35/60","135"],"lines":"14, 33TP, 34J, 35/60, 135"},"geometry":{"type":"LineString","coordinates":[[36.828825,-1.285335],[36.828852,-1.285236]]}},{"type":"Feature","properties":{"mode":"bus","n":5,"arr":["14","45G","46B","46H","135"],"lines":"14, 45G, 46B, 46H, 135"},"geometry":{"type":"LineString","coordinates":[[36.830331,-1.284481],[36.829858,-1.284703],[36.828852,-1.285236]]}},{"type":"Feature","properties":{"mode":"bus","n":11,"arr":["14","16/62","17B","0027","32D","43","45G","46B","46H","120","121"],"lines":"14, 16/62, 17B, 0027, 32D, 43, 45G, 46B, 46H, 120, 121"},"geometry":{"type":"LineString","coordinates":[[36.836573,-1.270249],[36.836583,-1.270496],[36.836562,-1.27075],[36.836507,-1.270966],[36.836041,-1.27211],[36.835086,-1.274673],[36.834726,-1.275561],[36.834173,-1.277021],[36.834075,-1.277333],[36.834052,-1.277479]]}},{"type":"Feature","properties":{"mode":"bus","n":6,"arr":["14","16/62","17Aky","28","32D","46H"],"lines":"14, 16/62, 17Aky, 28, 32D, 46H"},"geometry":{"type":"LineString","coordinates":[[36.859338,-1.265139],[36.859297,-1.265169],[36.859135,-1.265398],[36.858914,-1.265635],[36.858597,-1.265835]]}},{"type":"Feature","properties":{"mode":"bus","n":5,"arr":["14A","14B","15","125","126"],"lines":"14A, 14B, 15, 125, 126"},"geometry":{"type":"LineString","coordinates":[[36.826251,-1.304832],[36.825827,-1.305179],[36.825627,-1.305242],[36.824964,-1.305357],[36.822811,-1.305668],[36.821541,-1.305991],[36.820963,-1.306163],[36.820488,-1.306334],[36.819628,-1.306884]]}},{"type":"Feature","properties":{"mode":"bus","n":8,"arr":["14A","14B","15","16","16/62","17B","33MKR","33NG"],"lines":"14A, 14B, 15, 16, 16/62, 17B, 33MKR, 33NG"},"geometry":{"type":"LineString","coordinates":[[36.830277,-1.287134],[36.830122,-1.287659]]}},{"type":"Feature","properties":{"mode":"bus","n":5,"arr":["15","24C","34L","125","126"],"lines":"15, 24C, 34L, 125, 126"},"geometry":{"type":"LineString","coordinates":[[36.815628,-1.312884],[36.815548,-1.313164],[36.814614,-1.315118],[36.81418,-1.315741],[36.812487,-1.317359],[36.808614,-1.321266],[36.808091,-1.321756],[36.807751,-1.321984],[36.80759,-1.322078],[36.807249,-1.322194],[36.805552,-1.322568],[36.804952,-1.322666],[36.80338,-1.322794],[36.80246,-1.322985],[36.80177,-1.323086],[36.800939,-1.323238],[36.797613,-1.323907],[36.79736,-1.32399],[36.796918,-1.324158],[36.796081,-1.32462],[36.795184,-1.325159],[36.794178,-1.325716],[36.793823,-1.325946],[36.793149,-1.326306],[36.791094,-1.327487],[36.790335,-1.327875],[36.789674,-1.328148],[36.789428,-1.328273],[36.788982,-1.328545]]}},{"type":"Feature","properties":{"mode":"bus","n":6,"arr":["14B","15","24C","34L","125","126"],"lines":"14B, 15, 24C, 34L, 125, 126"},"geometry":{"type":"LineString","coordinates":[[36.815641,-1.312819],[36.815628,-1.312884]]}},{"type":"Feature","properties":{"mode":"bus","n":5,"arr":["14B","15","33SB","125","126"],"lines":"14B, 15, 33SB, 125, 126"},"geometry":{"type":"LineString","coordinates":[[36.819493,-1.30718],[36.818931,-1.308539],[36.818782,-1.308851],[36.818553,-1.30922],[36.817224,-1.310893],[36.816977,-1.31116],[36.816844,-1.311268],[36.816127,-1.312192],[36.815821,-1.312446]]}},{"type":"Feature","properties":{"mode":"bus","n":5,"arr":["15","24","34L","125","126"],"lines":"15, 24, 34L, 125, 126"},"geometry":{"type":"LineString","coordinates":[[36.789134,-1.328776],[36.790092,-1.328269],[36.790585,-1.327958],[36.792878,-1.32662],[36.793545,-1.326258],[36.795065,-1.325369],[36.796753,-1.324416],[36.797108,-1.324255],[36.797481,-1.324136],[36.799901,-1.323653],[36.80064,-1.32353],[36.801818,-1.323258],[36.803804,-1.322907],[36.804796,-1.322777],[36.806227,-1.322531],[36.807492,-1.322235],[36.80784,-1.322081],[36.808047,-1.32196],[36.80846,-1.321641],[36.809545,-1.320554],[36.811577,-1.318416],[36.812951,-1.317125],[36.814408,-1.315662],[36.814758,-1.315202],[36.815952,-1.312869]]}},{"type":"Feature","properties":{"mode":"bus","n":5,"arr":["16","24C","33NG","33SB","34L"],"lines":"16, 24C, 33NG, 33SB, 34L"},"geometry":{"type":"LineString","coordinates":[[36.802861,-1.304556],[36.803129,-1.305714],[36.803264,-1.306178],[36.803357,-1.306405],[36.803795,-1.307282]]}},{"type":"Feature","properties":{"mode":"bus","n":7,"arr":["16/62","17A","17Aky","18C","19C2","19Cdc","1960"],"lines":"16/62, 17A, 17Aky, 18C, 19C2, 19Cdc, 1960"},"geometry":{"type":"LineString","coordinates":[[36.916072,-1.266393],[36.915947,-1.266557],[36.91511,-1.267466],[36.914581,-1.267943],[36.913861,-1.268698],[36.913709,-1.268878],[36.913603,-1.269082]]}},{"type":"Feature","properties":{"mode":"bus","n":7,"arr":["16/62","17A","17Aky","18C","20","1960","1961K"],"lines":"16/62, 17A, 17Aky, 18C, 20, 1960, 1961K"},"geometry":{"type":"LineString","coordinates":[[36.920016,-1.269825],[36.920512,-1.268608]]}},{"type":"Feature","properties":{"mode":"bus","n":8,"arr":["16/62","17A","17Aky","18C","20","1960","1961K","1961Kd"],"lines":"16/62, 17A, 17Aky, 18C, 20, 1960, 1961K, 1961Kd"},"geometry":{"type":"LineString","coordinates":[[36.915829,-1.277388],[36.916346,-1.27676],[36.916725,-1.276363],[36.917199,-1.275746],[36.917386,-1.275427],[36.917594,-1.274978],[36.917733,-1.274599],[36.917798,-1.27433],[36.918178,-1.273108],[36.918351,-1.272626],[36.918578,-1.272106],[36.918888,-1.271617],[36.919566,-1.270748],[36.919768,-1.270394],[36.920016,-1.269825]]}},{"type":"Feature","properties":{"mode":"bus","n":6,"arr":["16/62","17A","17Aky","18C","19Cdc","1960"],"lines":"16/62, 17A, 17Aky, 18C, 19Cdc, 1960"},"geometry":{"type":"LineString","coordinates":[[36.913603,-1.269082],[36.913309,-1.269986],[36.913258,-1.270199],[36.913075,-1.270687],[36.91261,-1.271175],[36.912265,-1.27158],[36.911463,-1.272451],[36.911233,-1.272715],[36.911047,-1.272974],[36.910788,-1.27382],[36.910505,-1.274605]]}},{"type":"Feature","properties":{"mode":"bus","n":5,"arr":["16/62","18C","41","42","3738"],"lines":"16/62, 18C, 41, 42, 3738"},"geometry":{"type":"LineString","coordinates":[[36.897822,-1.25667],[36.895362,-1.257526],[36.894311,-1.257844],[36.893399,-1.258161]]}},{"type":"Feature","properties":{"mode":"bus","n":7,"arr":["16/62","18C","32D","36","41","42","3738"],"lines":"16/62, 18C, 32D, 36, 41, 42, 3738"},"geometry":{"type":"LineString","coordinates":[[36.893399,-1.258161],[36.893231,-1.258237],[36.893029,-1.258363],[36.891095,-1.259822],[36.890587,-1.260133],[36.890499,-1.260228],[36.889309,-1.260654],[36.888241,-1.260977],[36.886759,-1.261315],[36.886388,-1.261418]]}},{"type":"Feature","properties":{"mode":"bus","n":6,"arr":["16/62","18C","32D","41","42","3738"],"lines":"16/62, 18C, 32D, 41, 42, 3738"},"geometry":{"type":"LineString","coordinates":[[36.886388,-1.261418],[36.885012,-1.261708],[36.882408,-1.262046],[36.881004,-1.262201],[36.879694,-1.262319],[36.879532,-1.262244],[36.879383,-1.262142]]}},{"type":"Feature","properties":{"mode":"bus","n":6,"arr":["16/62","18C","32D","41","42","3738"],"lines":"16/62, 18C, 32D, 41, 42, 3738"},"geometry":{"type":"LineString","coordinates":[[36.879694,-1.262319],[36.879546,-1.262354],[36.879414,-1.262424]]}},{"type":"Feature","properties":{"mode":"bus","n":7,"arr":["16/62","18C","0027","32D","41","42","3738"],"lines":"16/62, 18C, 0027, 32D, 41, 42, 3738"},"geometry":{"type":"LineString","coordinates":[[36.879414,-1.262424],[36.879341,-1.262471]]}},{"type":"Feature","properties":{"mode":"bus","n":6,"arr":["16/62","17Aky","18C","32D","41","46B"],"lines":"16/62, 17Aky, 18C, 32D, 41, 46B"},"geometry":{"type":"LineString","coordinates":[[36.878551,-1.26243],[36.878391,-1.262532],[36.877643,-1.262555],[36.877282,-1.26254],[36.876252,-1.262426],[36.874011,-1.262042]]}},{"type":"Feature","properties":{"mode":"bus","n":14,"arr":["16/62","17B","19Cdc","23KS","33GTB","34B","34J","35/60","39SK","43","58","100","120","121"],"lines":"16/62, 17B, 19Cdc, 23KS, 33GTB, 34B, 34J, 35/60, 39SK, 43, 58, 100, 120, 121"},"geometry":{"type":"LineString","coordinates":[[36.83204,-1.285834],[36.831519,-1.286828],[36.831306,-1.287134],[36.831209,-1.287228],[36.830771,-1.287475],[36.830333,-1.287682]]}},{"type":"Feature","properties":{"mode":"bus","n":15,"arr":["16/62","17B","19Cdc","23KS","33GTB","33TP","34B","34J","35/60","39SK","43","58","100","120","121"],"lines":"16/62, 17B, 19Cdc, 23KS, 33GTB, 33TP, 34B, 34J, 35/60, 39SK, 43, 58, 100, 120, 121"},"geometry":{"type":"LineString","coordinates":[[36.832129,-1.285755],[36.83204,-1.285834]]}},{"type":"Feature","properties":{"mode":"bus","n":10,"arr":["16/62","17B","0027","32D","43","100","120","121","1960","1961K"],"lines":"16/62, 17B, 0027, 32D, 43, 100, 120, 121, 1960, 1961K"},"geometry":{"type":"LineString","coordinates":[[36.832297,-1.281036],[36.832539,-1.281226],[36.832815,-1.281491],[36.833079,-1.281824],[36.833172,-1.282024],[36.833257,-1.28228],[36.833297,-1.282593],[36.833297,-1.282828],[36.833253,-1.28339],[36.833173,-1.283672],[36.833095,-1.283863],[36.832285,-1.285326],[36.832234,-1.285484]]}},{"type":"Feature","properties":{"mode":"bus","n":7,"arr":["16/62","17Aky","18C","32D","41","46B","3738"],"lines":"16/62, 17Aky, 18C, 32D, 41, 46B, 3738"},"geometry":{"type":"LineString","coordinates":[[36.878721,-1.262259],[36.878551,-1.26243]]}},{"type":"Feature","properties":{"mode":"bus","n":5,"arr":["17Aky","23KS","26","26S","36"],"lines":"17Aky, 23KS, 26, 26S, 36"},"geometry":{"type":"LineString","coordinates":[[36.87932,-1.263063],[36.87927,-1.262674],[36.879277,-1.262568]]}},{"type":"Feature","properties":{"mode":"bus","n":5,"arr":["17Aky","23KS","26","26S","36"],"lines":"17Aky, 23KS, 26, 26S, 36"},"geometry":{"type":"LineString","coordinates":[[36.878981,-1.262884],[36.879148,-1.263913],[36.879592,-1.265867]]}},{"type":"Feature","properties":{"mode":"bus","n":5,"arr":["17A","17Aky","23KS","26","26S"],"lines":"17A, 17Aky, 23KS, 26, 26S"},"geometry":{"type":"LineString","coordinates":[[36.881413,-1.271762],[36.88134,-1.271526]]}},{"type":"Feature","properties":{"mode":"bus","n":5,"arr":["17A","17Aky","20","1960","1961K"],"lines":"17A, 17Aky, 20, 1960, 1961K"},"geometry":{"type":"LineString","coordinates":[[36.919459,-1.262086],[36.919035,-1.262698],[36.918503,-1.263318],[36.918092,-1.263673],[36.91712,-1.264398],[36.916725,-1.264719],[36.916644,-1.264797],[36.916619,-1.264894]]}},{"type":"Feature","properties":{"mode":"bus","n":7,"arr":["17A","17Aky","19C2","19Cdc","20","1960","1961K"],"lines":"17A, 17Aky, 19C2, 19Cdc, 20, 1960, 1961K"},"geometry":{"type":"LineString","coordinates":[[36.916072,-1.266393],[36.916181,-1.266184]]}},{"type":"Feature","properties":{"mode":"bus","n":7,"arr":["17A","17Aky","19C2","19Cdc","20","1960","1961K"],"lines":"17A, 17Aky, 19C2, 19Cdc, 20, 1960, 1961K"},"geometry":{"type":"LineString","coordinates":[[36.916356,-1.265682],[36.916493,-1.265285]]}},{"type":"Feature","properties":{"mode":"bus","n":5,"arr":["17A","19Cdc","20","1960","1961K"],"lines":"17A, 19Cdc, 20, 1960, 1961K"},"geometry":{"type":"LineString","coordinates":[[36.916181,-1.266184],[36.916263,-1.265955]]}},{"type":"Feature","properties":{"mode":"bus","n":5,"arr":["17Aky","19Cdc","20","1960","1961K"],"lines":"17Aky, 19Cdc, 20, 1960, 1961K"},"geometry":{"type":"LineString","coordinates":[[36.916493,-1.265285],[36.916619,-1.264894]]}},{"type":"Feature","properties":{"mode":"bus","n":6,"arr":["17A","17Aky","19Cdc","1960","1961K","1961Kd"],"lines":"17A, 17Aky, 19Cdc, 1960, 1961K, 1961Kd"},"geometry":{"type":"LineString","coordinates":[[36.907964,-1.278112],[36.908143,-1.277779],[36.908646,-1.276411],[36.90874,-1.276256],[36.908856,-1.276122],[36.90979,-1.275295],[36.910505,-1.274605]]}},{"type":"Feature","properties":{"mode":"bus","n":12,"arr":["17B","25","25A","29/30","44G","44Z","45G","45K","49","145","237","2030"],"lines":"17B, 25, 25A, 29/30, 44G, 44Z, 45G, 45K, 49, 145, 237, 2030"},"geometry":{"type":"LineString","coordinates":[[36.867847,-1.245144],[36.867878,-1.245014],[36.86811,-1.244469],[36.868148,-1.244335],[36.868151,-1.244323],[36.86815,-1.244316],[36.868147,-1.244314],[36.86814,-1.244317],[36.868131,-1.244324],[36.868016,-1.244426],[36.867619,-1.244961]]}},{"type":"Feature","properties":{"mode":"bus","n":6,"arr":["25","25A","29/30","145","237","2030"],"lines":"25, 25A, 29/30, 145, 237, 2030"},"geometry":{"type":"LineString","coordinates":[[36.867619,-1.244961],[36.867553,-1.245018]]}},{"type":"Feature","properties":{"mode":"bus","n":14,"arr":["17B","25","25A","0027","29/30","42","44G","44Z","45G","45K","49","145","237","2030"],"lines":"17B, 25, 25A, 0027, 29/30, 42, 44G, 44Z, 45G, 45K, 49, 145, 237, 2030"},"geometry":{"type":"LineString","coordinates":[[36.8679,-1.245557],[36.867851,-1.245382],[36.867847,-1.245144]]}},{"type":"Feature","properties":{"mode":"bus","n":11,"arr":["17B","0027","29/30","42","44G","44Z","45G","45K","49","145","237"],"lines":"17B, 0027, 29/30, 42, 44G, 44Z, 45G, 45K, 49, 145, 237"},"geometry":{"type":"LineString","coordinates":[[36.867721,-1.245606],[36.8679,-1.245557]]}},{"type":"Feature","properties":{"mode":"bus","n":13,"arr":["17B","25","25A","0027","29/30","44G","44Z","45G","45K","49","145","237","2030"],"lines":"17B, 25, 25A, 0027, 29/30, 44G, 44Z, 45G, 45K, 49, 145, 237, 2030"},"geometry":{"type":"LineString","coordinates":[[36.867426,-1.245582],[36.867721,-1.245606]]}},{"type":"Feature","properties":{"mode":"bus","n":12,"arr":["17B","25","25A","0027","29/30","44G","44Z","45G","45K","49","145","237"],"lines":"17B, 25, 25A, 0027, 29/30, 44G, 44Z, 45G, 45K, 49, 145, 237"},"geometry":{"type":"LineString","coordinates":[[36.866389,-1.245708],[36.866648,-1.245657],[36.867426,-1.245582]]}},{"type":"Feature","properties":{"mode":"bus","n":13,"arr":["17B","25","25A","0027","29/30","43","44G","44Z","45G","45K","49","145","237"],"lines":"17B, 25, 25A, 0027, 29/30, 43, 44G, 44Z, 45G, 45K, 49, 145, 237"},"geometry":{"type":"LineString","coordinates":[[36.842058,-1.261149],[36.84245,-1.260893],[36.842796,-1.260705],[36.84461,-1.259862],[36.846503,-1.258929],[36.847139,-1.25865],[36.847837,-1.258472],[36.848238,-1.258426],[36.849197,-1.258373],[36.850452,-1.258371],[36.850937,-1.25833],[36.851957,-1.258287],[36.852546,-1.258201],[36.853099,-1.258054],[36.853413,-1.257941],[36.853895,-1.257718],[36.854287,-1.25747],[36.856996,-1.255304],[36.858643,-1.253711],[36.860308,-1.251966],[36.866389,-1.245708]]}},{"type":"Feature","properties":{"mode":"bus","n":13,"arr":["17B","25","25A","0027","29/30","43","44G","44Z","45G","45K","49","145","237"],"lines":"17B, 25, 25A, 0027, 29/30, 43, 44G, 44Z, 45G, 45K, 49, 145, 237"},"geometry":{"type":"LineString","coordinates":[[36.84056,-1.26262],[36.840624,-1.262612],[36.840704,-1.26254],[36.841128,-1.261991],[36.841374,-1.261709],[36.841851,-1.261294]]}},{"type":"Feature","properties":{"mode":"bus","n":13,"arr":["17B","25","25A","0027","29/30","43","44G","44Z","45G","45K","49","145","237"],"lines":"17B, 25, 25A, 0027, 29/30, 43, 44G, 44Z, 45G, 45K, 49, 145, 237"},"geometry":{"type":"LineString","coordinates":[[36.8663,-1.245105],[36.865865,-1.245601],[36.864483,-1.247039],[36.864186,-1.247379],[36.863764,-1.247778],[36.860508,-1.25115],[36.860033,-1.251675],[36.859417,-1.252265],[36.858334,-1.253418],[36.857021,-1.254738],[36.855427,-1.256013],[36.854141,-1.257009],[36.853691,-1.257316],[36.853116,-1.257582],[36.852793,-1.257694],[36.852471,-1.257777],[36.852084,-1.257834],[36.851674,-1.257868],[36.850959,-1.25786],[36.848311,-1.257958],[36.847589,-1.258061],[36.847077,-1.258212],[36.846807,-1.258309],[36.845954,-1.25871],[36.842587,-1.260353],[36.842168,-1.260581],[36.841485,-1.261087]]}},{"type":"Feature","properties":{"mode":"bus","n":11,"arr":["17B","25","25A","0027","29/30","43","44G","44Z","45G","45K","49"],"lines":"17B, 25, 25A, 0027, 29/30, 43, 44G, 44Z, 45G, 45K, 49"},"geometry":{"type":"LineString","coordinates":[[36.841851,-1.261294],[36.842058,-1.261149]]}},{"type":"Feature","properties":{"mode":"bus","n":6,"arr":["17B","0027","43","45G","49","121"],"lines":"17B, 0027, 43, 45G, 49, 121"},"geometry":{"type":"LineString","coordinates":[[36.837314,-1.264357],[36.836644,-1.264778]]}},{"type":"Feature","properties":{"mode":"bus","n":5,"arr":["17B","0027","43","45G","121"],"lines":"17B, 0027, 43, 45G, 121"},"geometry":{"type":"LineString","coordinates":[[36.836644,-1.264778],[36.836383,-1.264956],[36.835831,-1.265426],[36.835474,-1.265784],[36.834838,-1.266517],[36.834697,-1.266732],[36.834679,-1.266838],[36.834711,-1.267049],[36.834809,-1.2672]]}},{"type":"Feature","properties":{"mode":"bus","n":5,"arr":["17B","43","45G","46H","121"],"lines":"17B, 43, 45G, 46H, 121"},"geometry":{"type":"LineString","coordinates":[[36.836692,-1.270223],[36.836698,-1.270297]]}},{"type":"Feature","properties":{"mode":"bus","n":6,"arr":["17B","0027","43","45G","120","121"],"lines":"17B, 0027, 43, 45G, 120, 121"},"geometry":{"type":"LineString","coordinates":[[36.836423,-1.269727],[36.836514,-1.269935],[36.836573,-1.270249]]}},{"type":"Feature","properties":{"mode":"bus","n":8,"arr":["17B","0027","43","45G","100","100A","120","121"],"lines":"17B, 0027, 43, 45G, 100, 100A, 120, 121"},"geometry":{"type":"LineString","coordinates":[[36.834949,-1.266055],[36.83485,-1.266223],[36.834571,-1.266576],[36.83451,-1.266719],[36.834491,-1.266849],[36.83453,-1.267113],[36.834778,-1.267424],[36.835737,-1.26875],[36.836136,-1.269241],[36.836311,-1.269505],[36.836423,-1.269727]]}},{"type":"Feature","properties":{"mode":"bus","n":15,"arr":["17B","25","25A","29/30","43","44G","44Z","45G","45K","49","100","100A","120","121","237"],"lines":"17B, 25, 25A, 29/30, 43, 44G, 44Z, 45G, 45K, 49, 100, 100A, 120, 121, 237"},"geometry":{"type":"LineString","coordinates":[[36.84057,-1.26153],[36.840273,-1.261718],[36.840021,-1.261812]]}},{"type":"Feature","properties":{"mode":"bus","n":11,"arr":["17B","25","25A","29/30","43","44G","44Z","45G","45K","49","237"],"lines":"17B, 25, 25A, 29/30, 43, 44G, 44Z, 45G, 45K, 49, 237"},"geometry":{"type":"LineString","coordinates":[[36.841485,-1.261087],[36.84057,-1.26153]]}},{"type":"Feature","properties":{"mode":"bus","n":12,"arr":["17B","25","25A","0027","43","44G","44Z","45G","45K","49","145","237"],"lines":"17B, 25, 25A, 0027, 43, 44G, 44Z, 45G, 45K, 49, 145, 237"},"geometry":{"type":"LineString","coordinates":[[36.86671,-1.244611],[36.8663,-1.245105]]}},{"type":"Feature","properties":{"mode":"bus","n":12,"arr":["17B","25","25A","43","44G","44Z","45G","45K","49","145","237","2030"],"lines":"17B, 25, 25A, 43, 44G, 44Z, 45G, 45K, 49, 145, 237, 2030"},"geometry":{"type":"LineString","coordinates":[[36.866768,-1.244546],[36.86671,-1.244611]]}},{"type":"Feature","properties":{"mode":"bus","n":10,"arr":["17B","29/30","43","44G","44Z","45G","45K","49","145","237"],"lines":"17B, 29/30, 43, 44G, 44Z, 45G, 45K, 49, 145, 237"},"geometry":{"type":"LineString","coordinates":[[36.866768,-1.244546],[36.866918,-1.244385],[36.867075,-1.244256]]}},{"type":"Feature","properties":{"mode":"bus","n":7,"arr":["17B","43","44G","44Z","45G","45K","237"],"lines":"17B, 43, 44G, 44Z, 45G, 45K, 237"},"geometry":{"type":"LineString","coordinates":[[36.869164,-1.241099],[36.869975,-1.239092]]}},{"type":"Feature","properties":{"mode":"bus","n":5,"arr":["19C2","35/60","38/39","39SK","3560"],"lines":"19C2, 35/60, 38/39, 39SK, 3560"},"geometry":{"type":"LineString","coordinates":[[36.886082,-1.293729],[36.885769,-1.291991],[36.885626,-1.291319],[36.885256,-1.289911],[36.884031,-1.284934]]}},{"type":"Feature","properties":{"mode":"bus","n":7,"arr":["19C2","19Cdc","35/60","38/39","39SK","1960","3560"],"lines":"19C2, 19Cdc, 35/60, 38/39, 39SK, 1960, 3560"},"geometry":{"type":"LineString","coordinates":[[36.887489,-1.294438],[36.887499,-1.294447]]}},{"type":"Feature","properties":{"mode":"bus","n":6,"arr":["19C2","19Cdc","35/60","38/39","39SK","1960"],"lines":"19C2, 19Cdc, 35/60, 38/39, 39SK, 1960"},"geometry":{"type":"LineString","coordinates":[[36.887485,-1.294771],[36.886505,-1.295285],[36.88572,-1.295777]]}},{"type":"Feature","properties":{"mode":"bus","n":5,"arr":["19Cdc","35/60","38/39","39SK","1960"],"lines":"19Cdc, 35/60, 38/39, 39SK, 1960"},"geometry":{"type":"LineString","coordinates":[[36.88572,-1.295777],[36.884652,-1.296428],[36.884303,-1.296522],[36.883995,-1.296525],[36.883746,-1.296471]]}},{"type":"Feature","properties":{"mode":"bus","n":11,"arr":["19Cdc","33DP","33GTB","33TP","34B","34J","35/60","38/39","39SK","1960","1961K"],"lines":"19Cdc, 33DP, 33GTB, 33TP, 34B, 34J, 35/60, 38/39, 39SK, 1960, 1961K"},"geometry":{"type":"LineString","coordinates":[[36.883746,-1.296471],[36.883167,-1.296259],[36.882851,-1.296169],[36.882369,-1.296151],[36.876744,-1.296977]]}},{"type":"Feature","properties":{"mode":"bus","n":13,"arr":["19Cdc","33DP","33GTB","33TP","34B","34J","35/60","36","38/39","39SK","58","1960","1961K"],"lines":"19Cdc, 33DP, 33GTB, 33TP, 34B, 34J, 35/60, 36, 38/39, 39SK, 58, 1960, 1961K"},"geometry":{"type":"LineString","coordinates":[[36.876744,-1.296977],[36.875411,-1.297171],[36.873047,-1.297457],[36.869675,-1.297923],[36.869318,-1.297943],[36.869122,-1.297934],[36.868749,-1.297876],[36.863044,-1.296719]]}},{"type":"Feature","properties":{"mode":"bus","n":7,"arr":["19Cdc","34B","34J","35/60","39SK","46B","135"],"lines":"19Cdc, 34B, 34J, 35/60, 39SK, 46B, 135"},"geometry":{"type":"LineString","coordinates":[[36.827559,-1.285917],[36.826892,-1.286251]]}},{"type":"Feature","properties":{"mode":"bus","n":10,"arr":["19Cdc","33B","33FED","33GTB","33IMR","33TP","34B","35/60","39SK","58"],"lines":"19Cdc, 33B, 33FED, 33GTB, 33IMR, 33TP, 34B, 35/60, 39SK, 58"},"geometry":{"type":"LineString","coordinates":[[36.826892,-1.286251],[36.827093,-1.286643],[36.827167,-1.28674],[36.827246,-1.286944],[36.827671,-1.287764]]}},{"type":"Feature","properties":{"mode":"bus","n":10,"arr":["19Cdc","23KS","33GTB","34B","34J","35/60","39SK","58","1960","1961K"],"lines":"19Cdc, 23KS, 33GTB, 34B, 34J, 35/60, 39SK, 58, 1960, 1961K"},"geometry":{"type":"LineString","coordinates":[[36.832754,-1.285472],[36.833627,-1.285426],[36.833873,-1.285482],[36.833972,-1.285607],[36.834058,-1.286049],[36.834108,-1.286122],[36.834196,-1.286173],[36.835455,-1.286629],[36.837198,-1.287361],[36.837846,-1.287656],[36.838347,-1.287916],[36.839383,-1.288549],[36.839946,-1.28885],[36.84059,-1.289159],[36.840925,-1.289348],[36.841079,-1.289459],[36.841268,-1.289657],[36.841325,-1.289752],[36.841379,-1.289988],[36.841353,-1.290363],[36.841289,-1.290685],[36.841175,-1.291087],[36.841164,-1.291309],[36.84119,-1.291529]]}},{"type":"Feature","properties":{"mode":"bus","n":13,"arr":["19Cdc","26","33DP","33GTB","34B","34J","35/60","36","38/39","39SK","58","1960","1961K"],"lines":"19Cdc, 26, 33DP, 33GTB, 34B, 34J, 35/60, 36, 38/39, 39SK, 58, 1960, 1961K"},"geometry":{"type":"LineString","coordinates":[[36.863085,-1.296561],[36.867316,-1.29741]]}},{"type":"Feature","properties":{"mode":"bus","n":12,"arr":["19Cdc","33DP","33GTB","34B","34J","35/60","36","38/39","39SK","58","1960","1961K"],"lines":"19Cdc, 33DP, 33GTB, 34B, 34J, 35/60, 36, 38/39, 39SK, 58, 1960, 1961K"},"geometry":{"type":"LineString","coordinates":[[36.867316,-1.29741],[36.868712,-1.297727],[36.869188,-1.297808],[36.869463,-1.297811]]}},{"type":"Feature","properties":{"mode":"bus","n":7,"arr":["33GTB","34B","34J","35/60","58","1960","1961K"],"lines":"33GTB, 34B, 34J, 35/60, 58, 1960, 1961K"},"geometry":{"type":"LineString","coordinates":[[36.869463,-1.297811],[36.869656,-1.297814],[36.870175,-1.297759],[36.874259,-1.297197]]}},{"type":"Feature","properties":{"mode":"bus","n":5,"arr":["19Cdc","33DP","36","38/39","39SK"],"lines":"19Cdc, 33DP, 36, 38/39, 39SK"},"geometry":{"type":"LineString","coordinates":[[36.869463,-1.297811],[36.869427,-1.297941]]}},{"type":"Feature","properties":{"mode":"bus","n":11,"arr":["19Cdc","33GTB","34B","34J","35/60","36","38/39","39SK","58","1960","1961K"],"lines":"19Cdc, 33GTB, 34B, 34J, 35/60, 36, 38/39, 39SK, 58, 1960, 1961K"},"geometry":{"type":"LineString","coordinates":[[36.876411,-1.29691],[36.874259,-1.297197]]}},{"type":"Feature","properties":{"mode":"bus","n":10,"arr":["19Cdc","33GTB","34B","34J","35/60","36","38/39","39SK","1960","1961K"],"lines":"19Cdc, 33GTB, 34B, 34J, 35/60, 36, 38/39, 39SK, 1960, 1961K"},"geometry":{"type":"LineString","coordinates":[[36.87673,-1.296862],[36.876411,-1.29691]]}},{"type":"Feature","properties":{"mode":"bus","n":9,"arr":["19Cdc","33DP","33GTB","34B","34J","38/39","39SK","1960","1961K"],"lines":"19Cdc, 33DP, 33GTB, 34B, 34J, 38/39, 39SK, 1960, 1961K"},"geometry":{"type":"LineString","coordinates":[[36.883691,-1.296359],[36.882969,-1.296099],[36.882797,-1.296068],[36.882445,-1.29606],[36.882199,-1.29608],[36.878063,-1.29669],[36.87673,-1.296862]]}},{"type":"Feature","properties":{"mode":"bus","n":7,"arr":["19Cdc","33DP","33GTB","34B","34J","1960","1961K"],"lines":"19Cdc, 33DP, 33GTB, 34B, 34J, 1960, 1961K"},"geometry":{"type":"LineString","coordinates":[[36.886005,-1.295472],[36.884744,-1.296287],[36.884497,-1.296395],[36.884199,-1.296449],[36.883923,-1.29642],[36.883691,-1.296359]]}},{"type":"Feature","properties":{"mode":"bus","n":8,"arr":["19Cdc","33DP","33GTB","34B","34J","1960","1961K","3560"],"lines":"19Cdc, 33DP, 33GTB, 34B, 34J, 1960, 1961K, 3560"},"geometry":{"type":"LineString","coordinates":[[36.887048,-1.294767],[36.886969,-1.294895],[36.886891,-1.294963],[36.886005,-1.295472]]}},{"type":"Feature","properties":{"mode":"bus","n":5,"arr":["19Cdc","35/60","38/39","1960","3560"],"lines":"19Cdc, 35/60, 38/39, 1960, 3560"},"geometry":{"type":"LineString","coordinates":[[36.887489,-1.294438],[36.887326,-1.294443],[36.887259,-1.294474],[36.887048,-1.294767]]}},{"type":"Feature","properties":{"mode":"bus","n":6,"arr":["23KG","30","105","114W","115","135"],"lines":"23KG, 30, 105, 114W, 115, 135"},"geometry":{"type":"LineString","coordinates":[[36.74931,-1.264038],[36.750847,-1.264004],[36.752215,-1.264055],[36.753126,-1.264039],[36.754317,-1.264008],[36.755836,-1.26391],[36.756835,-1.263778],[36.758808,-1.263599],[36.759925,-1.263525],[36.761265,-1.263336],[36.763808,-1.262927],[36.764295,-1.262829],[36.764827,-1.262648],[36.765193,-1.262465],[36.765388,-1.262316],[36.765791,-1.262096],[36.766894,-1.261388],[36.76789,-1.260846],[36.768242,-1.260704],[36.768975,-1.26047],[36.770372,-1.260183],[36.771007,-1.26007],[36.771759,-1.26001],[36.771908,-1.260016]]}},{"type":"Feature","properties":{"mode":"bus","n":6,"arr":["23KG","30","105","114W","115","135"],"lines":"23KG, 30, 105, 114W, 115, 135"},"geometry":{"type":"LineString","coordinates":[[36.790249,-1.26005],[36.790968,-1.260142],[36.791936,-1.260331],[36.792774,-1.260452],[36.796938,-1.260943],[36.797595,-1.261095],[36.798586,-1.261416],[36.799639,-1.26183],[36.799947,-1.262007],[36.800115,-1.262129],[36.800487,-1.262478],[36.801374,-1.263542],[36.801678,-1.264077]]}},{"type":"Feature","properties":{"mode":"bus","n":7,"arr":["23KG","30","48K","105","114W","115","135"],"lines":"23KG, 30, 48K, 105, 114W, 115, 135"},"geometry":{"type":"LineString","coordinates":[[36.780698,-1.258903],[36.781737,-1.259004],[36.786631,-1.259614],[36.788556,-1.259785],[36.790249,-1.26005]]}},{"type":"Feature","properties":{"mode":"bus","n":7,"arr":["23KG","30","48K","105","114W","115","135"],"lines":"23KG, 30, 48K, 105, 114W, 115, 135"},"geometry":{"type":"LineString","coordinates":[[36.790334,-1.260214],[36.789197,-1.260014],[36.788412,-1.259926],[36.787064,-1.259839],[36.78638,-1.259756]]}},{"type":"Feature","properties":{"mode":"bus","n":7,"arr":["23KG","30","48C","105","114W","115","135"],"lines":"23KG, 30, 48C, 105, 114W, 115, 135"},"geometry":{"type":"LineString","coordinates":[[36.801678,-1.264077],[36.801734,-1.264151],[36.802069,-1.264423],[36.802175,-1.264537],[36.802209,-1.264582],[36.802229,-1.264721],[36.802314,-1.264948],[36.802983,-1.265726],[36.80391,-1.266678],[36.804279,-1.266949],[36.805668,-1.268481],[36.805829,-1.26871]]}},{"type":"Feature","properties":{"mode":"bus","n":7,"arr":["23KG","30","48C","105","114W","115","135"],"lines":"23KG, 30, 48C, 105, 114W, 115, 135"},"geometry":{"type":"LineString","coordinates":[[36.803424,-1.266424],[36.802948,-1.265885]]}},{"type":"Feature","properties":{"mode":"bus","n":6,"arr":["23KG","30","46B","46H","48A","48B"],"lines":"23KG, 30, 46B, 46H, 48A, 48B"},"geometry":{"type":"LineString","coordinates":[[36.825996,-1.284408],[36.826038,-1.284467]]}},{"type":"Feature","properties":{"mode":"bus","n":12,"arr":["23KG","30","33B","33C","33FED","33GTB","33TP","46B","46H","48A","48B","58"],"lines":"23KG, 30, 33B, 33C, 33FED, 33GTB, 33TP, 46B, 46H, 48A, 48B, 58"},"geometry":{"type":"LineString","coordinates":[[36.826856,-1.286173],[36.826354,-1.285188],[36.826038,-1.284467]]}},{"type":"Feature","properties":{"mode":"bus","n":13,"arr":["23KG","30","33B","33C","33FED","33GTB","33IMR","33TP","34B","46B","48A","48B","58"],"lines":"23KG, 30, 33B, 33C, 33FED, 33GTB, 33IMR, 33TP, 34B, 46B, 48A, 48B, 58"},"geometry":{"type":"LineString","coordinates":[[36.826856,-1.286173],[36.826892,-1.286251]]}},{"type":"Feature","properties":{"mode":"bus","n":9,"arr":["23KG","23KS","30","33C","34B","34J","48A","48B","135"],"lines":"23KG, 23KS, 30, 33C, 34B, 34J, 48A, 48B, 135"},"geometry":{"type":"LineString","coordinates":[[36.826202,-1.286592],[36.826892,-1.286251]]}},{"type":"Feature","properties":{"mode":"bus","n":9,"arr":["23KG","24","30","33UTW","34B","34J","48A","48B","135"],"lines":"23KG, 24, 30, 33UTW, 34B, 34J, 48A, 48B, 135"},"geometry":{"type":"LineString","coordinates":[[36.826026,-1.286255],[36.826202,-1.286592]]}},{"type":"Feature","properties":{"mode":"bus","n":9,"arr":["23KG","24C","30","33UTW","34B","34J","48A","48B","135"],"lines":"23KG, 24C, 30, 33UTW, 34B, 34J, 48A, 48B, 135"},"geometry":{"type":"LineString","coordinates":[[36.825601,-1.285428],[36.826026,-1.286255]]}},{"type":"Feature","properties":{"mode":"bus","n":10,"arr":["23KG","24C","30","33UTW","34B","34J","046P","48A","48B","135"],"lines":"23KG, 24C, 30, 33UTW, 34B, 34J, 046P, 48A, 48B, 135"},"geometry":{"type":"LineString","coordinates":[[36.825545,-1.285299],[36.825601,-1.285428]]}},{"type":"Feature","properties":{"mode":"bus","n":6,"arr":["23KG","33UTW","46K","48A","48B","135"],"lines":"23KG, 33UTW, 46K, 48A, 48B, 135"},"geometry":{"type":"LineString","coordinates":[[36.823662,-1.283438],[36.824976,-1.28451],[36.825122,-1.28465]]}},{"type":"Feature","properties":{"mode":"bus","n":8,"arr":["23KG","25A","30","046P","48A","48B","48O","135"],"lines":"23KG, 25A, 30, 046P, 48A, 48B, 48O, 135"},"geometry":{"type":"LineString","coordinates":[[36.819582,-1.280326],[36.82101,-1.281405],[36.821612,-1.281902],[36.823603,-1.283468]]}},{"type":"Feature","properties":{"mode":"bus","n":7,"arr":["23KG","30","046P","48A","48B","48O","135"],"lines":"23KG, 30, 046P, 48A, 48B, 48O, 135"},"geometry":{"type":"LineString","coordinates":[[36.819582,-1.280326],[36.819189,-1.280061]]}},{"type":"Feature","properties":{"mode":"bus","n":11,"arr":["23KG","30","046P","48A","48B","48C","48O","105","114W","115","135"],"lines":"23KG, 30, 046P, 48A, 48B, 48C, 48O, 105, 114W, 115, 135"},"geometry":{"type":"LineString","coordinates":[[36.809415,-1.272979],[36.808644,-1.272343],[36.807354,-1.270962]]}},{"type":"Feature","properties":{"mode":"bus","n":11,"arr":["23KG","30","046P","48A","48B","48C","48O","105","114W","115","135"],"lines":"23KG, 30, 046P, 48A, 48B, 48C, 48O, 105, 114W, 115, 135"},"geometry":{"type":"LineString","coordinates":[[36.807204,-1.270789],[36.805542,-1.268874]]}},{"type":"Feature","properties":{"mode":"bus","n":10,"arr":["23KG","30","046P","48B","48C","48O","105","114W","115","135"],"lines":"23KG, 30, 046P, 48B, 48C, 48O, 105, 114W, 115, 135"},"geometry":{"type":"LineString","coordinates":[[36.807354,-1.270962],[36.807204,-1.270789]]}},{"type":"Feature","properties":{"mode":"bus","n":8,"arr":["23KG","30","046P","48C","105","114W","115","135"],"lines":"23KG, 30, 046P, 48C, 105, 114W, 115, 135"},"geometry":{"type":"LineString","coordinates":[[36.805542,-1.268874],[36.804478,-1.267618],[36.804158,-1.267277],[36.803424,-1.266424]]}},{"type":"Feature","properties":{"mode":"bus","n":8,"arr":["23KG","30","046P","48C","105","114W","115","135"],"lines":"23KG, 30, 046P, 48C, 105, 114W, 115, 135"},"geometry":{"type":"LineString","coordinates":[[36.802948,-1.265885],[36.802223,-1.265056],[36.802103,-1.264968],[36.80182,-1.264832],[36.801736,-1.264745]]}},{"type":"Feature","properties":{"mode":"bus","n":9,"arr":["23KG","30","046P","48C","48K","105","114W","115","135"],"lines":"23KG, 30, 046P, 48C, 48K, 105, 114W, 115, 135"},"geometry":{"type":"LineString","coordinates":[[36.801736,-1.264745],[36.801544,-1.264118]]}},{"type":"Feature","properties":{"mode":"bus","n":7,"arr":["23KG","30","046P","105","114W","115","135"],"lines":"23KG, 30, 046P, 105, 114W, 115, 135"},"geometry":{"type":"LineString","coordinates":[[36.80048,-1.262775],[36.800358,-1.262651]]}},{"type":"Feature","properties":{"mode":"bus","n":7,"arr":["23KG","30","046P","105","114W","115","135"],"lines":"23KG, 30, 046P, 105, 114W, 115, 135"},"geometry":{"type":"LineString","coordinates":[[36.77512,-1.25954],[36.77303,-1.259973],[36.772246,-1.260117],[36.771957,-1.260135],[36.768548,-1.260833],[36.768314,-1.260898],[36.76784,-1.261096],[36.76732,-1.26144]]}},{"type":"Feature","properties":{"mode":"bus","n":7,"arr":["23KG","30","046P","105","114W","115","135"],"lines":"23KG, 30, 046P, 105, 114W, 115, 135"},"geometry":{"type":"LineString","coordinates":[[36.754254,-1.264201],[36.752357,-1.264236]]}},{"type":"Feature","properties":{"mode":"bus","n":7,"arr":["23KG","30","046P","105","114W","115","135"],"lines":"23KG, 30, 046P, 105, 114W, 115, 135"},"geometry":{"type":"LineString","coordinates":[[36.764385,-1.263177],[36.764314,-1.263158],[36.764073,-1.263183],[36.763512,-1.26333],[36.762947,-1.263392],[36.762404,-1.263509],[36.76237,-1.263536],[36.761097,-1.263748],[36.758536,-1.263988],[36.75662,-1.264204],[36.756604,-1.264203],[36.756593,-1.264195],[36.756587,-1.26418],[36.756582,-1.264158],[36.756576,-1.264143],[36.756565,-1.264135],[36.756549,-1.264132],[36.754848,-1.264218]]}},{"type":"Feature","properties":{"mode":"bus","n":5,"arr":["23KG","046P","105","114W","115"],"lines":"23KG, 046P, 105, 114W, 115"},"geometry":{"type":"LineString","coordinates":[[36.76732,-1.26144],[36.766791,-1.26179],[36.766325,-1.262035],[36.766112,-1.262207],[36.765413,-1.262624],[36.764667,-1.262923],[36.764405,-1.262988],[36.764386,-1.262997],[36.764375,-1.263012],[36.764373,-1.263033],[36.764385,-1.263177]]}},{"type":"Feature","properties":{"mode":"bus","n":6,"arr":["23KG","30","046P","114W","115","135"],"lines":"23KG, 30, 046P, 114W, 115, 135"},"geometry":{"type":"LineString","coordinates":[[36.754848,-1.264218],[36.754274,-1.264273],[36.754263,-1.264273],[36.754255,-1.264269],[36.754251,-1.264261],[36.75425,-1.26425],[36.754254,-1.264201]]}},{"type":"Feature","properties":{"mode":"bus","n":6,"arr":["23KS","33B","33C","33FED","33GTB","33IMR"],"lines":"23KS, 33B, 33C, 33FED, 33GTB, 33IMR"},"geometry":{"type":"LineString","coordinates":[[36.826832,-1.28628],[36.827003,-1.286674],[36.827564,-1.287824]]}},{"type":"Feature","properties":{"mode":"bus","n":5,"arr":["23KS","24","33C","33UTW","34J"],"lines":"23KS, 24, 33C, 33UTW, 34J"},"geometry":{"type":"LineString","coordinates":[[36.826202,-1.286592],[36.826305,-1.286794]]}},{"type":"Feature","properties":{"mode":"bus","n":5,"arr":["23KS","24","33C","33UTW","34J"],"lines":"23KS, 24, 33C, 33UTW, 34J"},"geometry":{"type":"LineString","coordinates":[[36.827407,-1.288936],[36.827446,-1.289009]]}},{"type":"Feature","properties":{"mode":"bus","n":5,"arr":["24C","25A","30","046P","135"],"lines":"24C, 25A, 30, 046P, 135"},"geometry":{"type":"LineString","coordinates":[[36.823603,-1.283468],[36.823981,-1.283771]]}},{"type":"Feature","properties":{"mode":"bus","n":12,"arr":["25","25A","29/30","44G","44Z","45K","49","100","100A","120","145","237"],"lines":"25, 25A, 29/30, 44G, 44Z, 45K, 49, 100, 100A, 120, 145, 237"},"geometry":{"type":"LineString","coordinates":[[36.835,-1.266203],[36.835464,-1.265683],[36.835856,-1.265285],[36.836246,-1.264943],[36.836517,-1.264732],[36.836995,-1.26442],[36.837357,-1.264284],[36.837575,-1.264172]]}},{"type":"Feature","properties":{"mode":"bus","n":11,"arr":["25","25A","44G","44Z","45K","49","100","100A","120","145","237"],"lines":"25, 25A, 44G, 44Z, 45K, 49, 100, 100A, 120, 145, 237"},"geometry":{"type":"LineString","coordinates":[[36.832679,-1.268992],[36.832957,-1.268734],[36.834185,-1.267222],[36.834516,-1.266758],[36.835,-1.266203]]}},{"type":"Feature","properties":{"mode":"bus","n":5,"arr":["25","100","100A","120","145"],"lines":"25, 100, 100A, 120, 145"},"geometry":{"type":"LineString","coordinates":[[36.832713,-1.269023],[36.832679,-1.268992]]}},{"type":"Feature","properties":{"mode":"bus","n":5,"arr":["25","0027","100","116","145"],"lines":"25, 0027, 100, 116, 145"},"geometry":{"type":"LineString","coordinates":[[36.832362,-1.269279],[36.832589,-1.269115]]}},{"type":"Feature","properties":{"mode":"bus","n":5,"arr":["25","25A","0027","42","2030"],"lines":"25, 25A, 0027, 42, 2030"},"geometry":{"type":"LineString","coordinates":[[36.8679,-1.245557],[36.868339,-1.245988],[36.86867,-1.246275],[36.869184,-1.246645],[36.869561,-1.246842],[36.869982,-1.247005],[36.8703,-1.247093]]}},{"type":"Feature","properties":{"mode":"bus","n":6,"arr":["25A","44G","44Z","45K","49","237"],"lines":"25A, 44G, 44Z, 45K, 49, 237"},"geometry":{"type":"LineString","coordinates":[[36.825038,-1.274063],[36.827725,-1.272066],[36.829574,-1.270903],[36.832199,-1.269318],[36.832679,-1.268992]]}},{"type":"Feature","properties":{"mode":"bus","n":5,"arr":["26","26S","0027","42","2030"],"lines":"26, 26S, 0027, 42, 2030"},"geometry":{"type":"LineString","coordinates":[[36.87909,-1.257611],[36.87911,-1.25969],[36.879161,-1.261411],[36.879149,-1.261786],[36.879206,-1.261942]]}},{"type":"Feature","properties":{"mode":"bus","n":5,"arr":["26","26S","0027","42","2030"],"lines":"26, 26S, 0027, 42, 2030"},"geometry":{"type":"LineString","coordinates":[[36.87874,-1.25765],[36.878855,-1.261238],[36.878858,-1.262031]]}},{"type":"Feature","properties":{"mode":"bus","n":5,"arr":["30","105","114W","115","135"],"lines":"30, 105, 114W, 115, 135"},"geometry":{"type":"LineString","coordinates":[[36.721546,-1.259988],[36.72226,-1.260094],[36.723108,-1.260287],[36.724397,-1.260755],[36.72523,-1.261153],[36.725692,-1.261408],[36.726171,-1.261689],[36.727136,-1.26234],[36.72807,-1.262882],[36.728934,-1.263263],[36.7296,-1.263502],[36.730223,-1.263675],[36.73105,-1.263828],[36.731609,-1.263907]]}},{"type":"Feature","properties":{"mode":"bus","n":5,"arr":["30","105","114W","115","135"],"lines":"30, 105, 114W, 115, 135"},"geometry":{"type":"LineString","coordinates":[[36.736059,-1.264373],[36.737244,-1.264402],[36.740235,-1.264333],[36.743074,-1.264235],[36.744026,-1.264235],[36.747209,-1.264149],[36.749008,-1.264071],[36.74931,-1.264038]]}},{"type":"Feature","properties":{"mode":"bus","n":5,"arr":["30","105","114W","115","135"],"lines":"30, 105, 114W, 115, 135"},"geometry":{"type":"LineString","coordinates":[[36.737903,-1.264643],[36.737401,-1.264675]]}},{"type":"Feature","properties":{"mode":"bus","n":5,"arr":["30","046P","48K","115","135"],"lines":"30, 046P, 48K, 115, 135"},"geometry":{"type":"LineString","coordinates":[[36.800314,-1.262702],[36.800358,-1.262651]]}},{"type":"Feature","properties":{"mode":"bus","n":6,"arr":["30","046P","105","114W","115","135"],"lines":"30, 046P, 105, 114W, 115, 135"},"geometry":{"type":"LineString","coordinates":[[36.752357,-1.264236],[36.752049,-1.264212],[36.747667,-1.264287],[36.744495,-1.264413],[36.743255,-1.264501],[36.740234,-1.264559]]}},{"type":"Feature","properties":{"mode":"bus","n":6,"arr":["30","046P","105","114W","115","135"],"lines":"30, 046P, 105, 114W, 115, 135"},"geometry":{"type":"LineString","coordinates":[[36.739927,-1.26456],[36.738499,-1.264599]]}},{"type":"Feature","properties":{"mode":"bus","n":6,"arr":["30","046P","105","114W","115","135"],"lines":"30, 046P, 105, 114W, 115, 135"},"geometry":{"type":"LineString","coordinates":[[36.737401,-1.264675],[36.736483,-1.264685],[36.735628,-1.264655],[36.734223,-1.264505],[36.732749,-1.264289],[36.730292,-1.263992],[36.729922,-1.263902],[36.729339,-1.263709]]}},{"type":"Feature","properties":{"mode":"bus","n":5,"arr":["30","046P","105","114W","115"],"lines":"30, 046P, 105, 114W, 115"},"geometry":{"type":"LineString","coordinates":[[36.740234,-1.264559],[36.739927,-1.26456]]}},{"type":"Feature","properties":{"mode":"bus","n":5,"arr":["33B","33FED","33H","33J","33UTW"],"lines":"33B, 33FED, 33H, 33J, 33UTW"},"geometry":{"type":"LineString","coordinates":[[36.922015,-1.314992],[36.922499,-1.314318],[36.923057,-1.313344],[36.923147,-1.313241],[36.923324,-1.313133]]}},{"type":"Feature","properties":{"mode":"bus","n":5,"arr":["33B","33FED","33H","33J","33UTW"],"lines":"33B, 33FED, 33H, 33J, 33UTW"},"geometry":{"type":"LineString","coordinates":[[36.921324,-1.315744],[36.920914,-1.316096],[36.92035,-1.31653],[36.919399,-1.317224],[36.918622,-1.317717],[36.917702,-1.318203],[36.917132,-1.318419],[36.916491,-1.318603],[36.915598,-1.318781],[36.914802,-1.318871],[36.914301,-1.318884],[36.913277,-1.318859]]}},{"type":"Feature","properties":{"mode":"bus","n":7,"arr":["33B","33FED","33H","33J","33UTW","34J","0039"],"lines":"33B, 33FED, 33H, 33J, 33UTW, 34J, 0039"},"geometry":{"type":"LineString","coordinates":[[36.907152,-1.319474],[36.907645,-1.319198],[36.908378,-1.318905],[36.908703,-1.318816],[36.909724,-1.318652],[36.910059,-1.318618],[36.910601,-1.318608],[36.911687,-1.318688],[36.91253,-1.318814]]}},{"type":"Feature","properties":{"mode":"bus","n":7,"arr":["33B","33FED","33H","33J","33UTW","34J","0039"],"lines":"33B, 33FED, 33H, 33J, 33UTW, 34J, 0039"},"geometry":{"type":"LineString","coordinates":[[36.912594,-1.318623],[36.911112,-1.318425],[36.910211,-1.318412],[36.909282,-1.318507],[36.908801,-1.318641],[36.90827,-1.318845]]}},{"type":"Feature","properties":{"mode":"bus","n":5,"arr":["33B","33J","33UTW","34J","0039"],"lines":"33B, 33J, 33UTW, 34J, 0039"},"geometry":{"type":"LineString","coordinates":[[36.900367,-1.324371],[36.900342,-1.32399],[36.900375,-1.323848],[36.900476,-1.323694],[36.90334,-1.321901],[36.906926,-1.319696],[36.907104,-1.319552],[36.907152,-1.319474]]}},{"type":"Feature","properties":{"mode":"bus","n":9,"arr":["33B","33C","33DC","33DP","33GTB","33J","33UTW","34J","0039"],"lines":"33B, 33C, 33DC, 33DP, 33GTB, 33J, 33UTW, 34J, 0039"},"geometry":{"type":"LineString","coordinates":[[36.900291,-1.324604],[36.900997,-1.325699],[36.901302,-1.3262],[36.901464,-1.326511],[36.901552,-1.326591],[36.90173,-1.326635],[36.901876,-1.326571],[36.901945,-1.326468],[36.90196,-1.32634],[36.901947,-1.326273],[36.901907,-1.326212],[36.901767,-1.326108],[36.901525,-1.326036],[36.901387,-1.325904],[36.901007,-1.325386],[36.900367,-1.324371]]}},{"type":"Feature","properties":{"mode":"bus","n":7,"arr":["33B","33C","33DC","33J","33UTW","34J","0039"],"lines":"33B, 33C, 33DC, 33J, 33UTW, 34J, 0039"},"geometry":{"type":"LineString","coordinates":[[36.895032,-1.327112],[36.899626,-1.324241],[36.899799,-1.324219],[36.899937,-1.324261],[36.900063,-1.324353],[36.900291,-1.324604]]}},{"type":"Feature","properties":{"mode":"bus","n":6,"arr":["33B","33C","33DC","33J","33UTW","34J"],"lines":"33B, 33C, 33DC, 33J, 33UTW, 34J"},"geometry":{"type":"LineString","coordinates":[[36.892498,-1.328721],[36.895032,-1.327112]]}},{"type":"Feature","properties":{"mode":"bus","n":7,"arr":["33B","33C","33DC","33H","33J","33UTW","34J"],"lines":"33B, 33C, 33DC, 33H, 33J, 33UTW, 34J"},"geometry":{"type":"LineString","coordinates":[[36.890702,-1.330068],[36.890896,-1.329878],[36.891157,-1.329682],[36.892498,-1.328721]]}},{"type":"Feature","properties":{"mode":"bus","n":8,"arr":["33B","33C","33DC","33FED","33H","33J","33UTW","34J"],"lines":"33B, 33C, 33DC, 33FED, 33H, 33J, 33UTW, 34J"},"geometry":{"type":"LineString","coordinates":[[36.890957,-1.333835],[36.890621,-1.33331],[36.890502,-1.333085],[36.890396,-1.332801],[36.890373,-1.332627],[36.890395,-1.331904],[36.890525,-1.331032],[36.890579,-1.33044],[36.890645,-1.33017],[36.890702,-1.330068]]}},{"type":"Feature","properties":{"mode":"bus","n":12,"arr":["33B","33C","33DC","33FED","33H","33IMR","33J","33MKR","33UTW","34J","110","110ATH"],"lines":"33B, 33C, 33DC, 33FED, 33H, 33IMR, 33J, 33MKR, 33UTW, 34J, 110, 110ATH"},"geometry":{"type":"LineString","coordinates":[[36.891969,-1.334762],[36.891383,-1.334244],[36.890957,-1.333835]]}},{"type":"Feature","properties":{"mode":"bus","n":12,"arr":["33B","33C","33DC","33FED","33H","33IMR","33J","33MKR","33UTW","34J","110","110ATH"],"lines":"33B, 33C, 33DC, 33FED, 33H, 33IMR, 33J, 33MKR, 33UTW, 34J, 110, 110ATH"},"geometry":{"type":"LineString","coordinates":[[36.887865,-1.331578],[36.888362,-1.332064],[36.889069,-1.332655],[36.891118,-1.334524]]}},{"type":"Feature","properties":{"mode":"bus","n":11,"arr":["33B","33C","33DC","33FED","33H","33IMR","33J","33UTW","34J","110","110ATH"],"lines":"33B, 33C, 33DC, 33FED, 33H, 33IMR, 33J, 33UTW, 34J, 110, 110ATH"},"geometry":{"type":"LineString","coordinates":[[36.892772,-1.335475],[36.891969,-1.334762]]}},{"type":"Feature","properties":{"mode":"bus","n":10,"arr":["33B","33DC","33FED","33H","33IMR","33J","33UTW","34J","110","110ATH"],"lines":"33B, 33DC, 33FED, 33H, 33IMR, 33J, 33UTW, 34J, 110, 110ATH"},"geometry":{"type":"LineString","coordinates":[[36.892827,-1.335524],[36.892772,-1.335475]]}},{"type":"Feature","properties":{"mode":"bus","n":9,"arr":["33B","33FED","33H","33IMR","33J","33UTW","34J","110","110ATH"],"lines":"33B, 33FED, 33H, 33IMR, 33J, 33UTW, 34J, 110, 110ATH"},"geometry":{"type":"LineString","coordinates":[[36.893102,-1.335763],[36.892827,-1.335524]]}},{"type":"Feature","properties":{"mode":"bus","n":8,"arr":["33B","33FED","33IMR","33J","33UTW","34J","110","110ATH"],"lines":"33B, 33FED, 33IMR, 33J, 33UTW, 34J, 110, 110ATH"},"geometry":{"type":"LineString","coordinates":[[36.893796,-1.336361],[36.893102,-1.335763]]}},{"type":"Feature","properties":{"mode":"bus","n":8,"arr":["33B","33FED","33IMR","33J","33UTW","34J","110","110ATH"],"lines":"33B, 33FED, 33IMR, 33J, 33UTW, 34J, 110, 110ATH"},"geometry":{"type":"LineString","coordinates":[[36.892542,-1.335894],[36.892931,-1.336267],[36.893927,-1.33733],[36.895128,-1.338542],[36.895574,-1.339042]]}},{"type":"Feature","properties":{"mode":"bus","n":5,"arr":["33B","33FED","33IMR","33J","33UTW"],"lines":"33B, 33FED, 33IMR, 33J, 33UTW"},"geometry":{"type":"LineString","coordinates":[[36.895586,-1.339054],[36.896002,-1.338702],[36.896012,-1.33869],[36.896016,-1.338678],[36.896013,-1.338666],[36.896004,-1.338653],[36.894534,-1.337174],[36.894046,-1.336714],[36.893923,-1.336565],[36.893796,-1.336361]]}},{"type":"Feature","properties":{"mode":"bus","n":9,"arr":["33B","33C","33FED","33IMR","33J","33UTW","34J","110","110ATH"],"lines":"33B, 33C, 33FED, 33IMR, 33J, 33UTW, 34J, 110, 110ATH"},"geometry":{"type":"LineString","coordinates":[[36.891631,-1.335006],[36.892542,-1.335894]]}},{"type":"Feature","properties":{"mode":"bus","n":10,"arr":["33B","33C","33FED","33IMR","33J","33MKR","33UTW","34J","110","110ATH"],"lines":"33B, 33C, 33FED, 33IMR, 33J, 33MKR, 33UTW, 34J, 110, 110ATH"},"geometry":{"type":"LineString","coordinates":[[36.891118,-1.334524],[36.891631,-1.335006]]}},{"type":"Feature","properties":{"mode":"bus","n":10,"arr":["33B","33C","33DC","33FED","33H","33IMR","33MKR","33UTW","110","110ATH"],"lines":"33B, 33C, 33DC, 33FED, 33H, 33IMR, 33MKR, 33UTW, 110, 110ATH"},"geometry":{"type":"LineString","coordinates":[[36.885007,-1.329675],[36.885628,-1.329963],[36.886117,-1.330258],[36.886843,-1.330806],[36.887439,-1.331215],[36.887865,-1.331578]]}},{"type":"Feature","properties":{"mode":"bus","n":5,"arr":["33C","33DC","33FED","33H","33IMR"],"lines":"33C, 33DC, 33FED, 33H, 33IMR"},"geometry":{"type":"LineString","coordinates":[[36.865889,-1.330844],[36.870272,-1.330254],[36.870513,-1.33025],[36.87071,-1.330191],[36.875805,-1.329454],[36.877953,-1.329218],[36.88022,-1.328919],[36.881567,-1.328855],[36.882053,-1.328865],[36.882418,-1.328906],[36.882886,-1.328991],[36.883517,-1.329154],[36.884025,-1.329355],[36.885007,-1.329675]]}},{"type":"Feature","properties":{"mode":"bus","n":5,"arr":["33B","33MKR","33UTW","110","110ATH"],"lines":"33B, 33MKR, 33UTW, 110, 110ATH"},"geometry":{"type":"LineString","coordinates":[[36.851169,-1.327461],[36.851723,-1.327725],[36.852497,-1.32821],[36.853202,-1.328618],[36.854647,-1.329415],[36.85533,-1.329777],[36.855929,-1.330058],[36.856272,-1.330258],[36.857244,-1.330719],[36.858065,-1.331019],[36.858575,-1.331157],[36.859459,-1.331306],[36.859926,-1.331346],[36.860567,-1.331362],[36.861527,-1.331303],[36.862467,-1.331193],[36.879643,-1.328845],[36.880383,-1.32875],[36.881015,-1.328697],[36.881618,-1.328685],[36.882287,-1.328752],[36.882918,-1.328864],[36.884228,-1.32925],[36.884709,-1.329422],[36.884901,-1.329562],[36.885007,-1.329675]]}},{"type":"Feature","properties":{"mode":"bus","n":5,"arr":["33B","33C","33FED","33GTB","33IMR"],"lines":"33B, 33C, 33FED, 33GTB, 33IMR"},"geometry":{"type":"LineString","coordinates":[[36.826832,-1.28628],[36.826001,-1.284529],[36.825998,-1.284516],[36.826,-1.284505],[36.826008,-1.284494],[36.826038,-1.284467]]}},{"type":"Feature","properties":{"mode":"bus","n":6,"arr":["33B","33C","33FED","33GTB","33IMR","33TP"],"lines":"33B, 33C, 33FED, 33GTB, 33IMR, 33TP"},"geometry":{"type":"LineString","coordinates":[[36.826038,-1.284467],[36.826247,-1.284211]]}},{"type":"Feature","properties":{"mode":"bus","n":7,"arr":["33B","33FED","33IMR","33MKR","33UTW","110","110ATH"],"lines":"33B, 33FED, 33IMR, 33MKR, 33UTW, 110, 110ATH"},"geometry":{"type":"LineString","coordinates":[[36.87063,-1.32979],[36.861431,-1.33104],[36.86107,-1.331076],[36.860356,-1.331095],[36.859766,-1.331078],[36.859193,-1.330998],[36.858675,-1.330899],[36.858036,-1.330735],[36.857398,-1.330491],[36.857061,-1.330339],[36.855211,-1.329296],[36.85372,-1.328413],[36.853138,-1.32803],[36.852103,-1.327435],[36.851916,-1.327289],[36.851737,-1.327101],[36.851556,-1.326955],[36.851359,-1.326832],[36.850533,-1.326495]]}},{"type":"Feature","properties":{"mode":"bus","n":7,"arr":["33B","33FED","33IMR","33MKR","33UTW","110","110ATH"],"lines":"33B, 33FED, 33IMR, 33MKR, 33UTW, 110, 110ATH"},"geometry":{"type":"LineString","coordinates":[[36.884742,-1.32889],[36.884175,-1.328591],[36.883504,-1.328421]]}},{"type":"Feature","properties":{"mode":"bus","n":8,"arr":["33B","33FED","33H","33IMR","33MKR","33UTW","110","110ATH"],"lines":"33B, 33FED, 33H, 33IMR, 33MKR, 33UTW, 110, 110ATH"},"geometry":{"type":"LineString","coordinates":[[36.883504,-1.328421],[36.882937,-1.328425],[36.882219,-1.328361],[36.881351,-1.328368],[36.880824,-1.3284],[36.87959,-1.328594],[36.87544,-1.329143],[36.870835,-1.329783],[36.87063,-1.32979]]}},{"type":"Feature","properties":{"mode":"bus","n":11,"arr":["33B","33C","33DC","33FED","33H","33IMR","33MKR","33TP","33UTW","110","110ATH"],"lines":"33B, 33C, 33DC, 33FED, 33H, 33IMR, 33MKR, 33TP, 33UTW, 110, 110ATH"},"geometry":{"type":"LineString","coordinates":[[36.885755,-1.329556],[36.884742,-1.32889]]}},{"type":"Feature","properties":{"mode":"bus","n":7,"arr":["33B","33C","33DC","33FED","33H","33TP","33UTW"],"lines":"33B, 33C, 33DC, 33FED, 33H, 33TP, 33UTW"},"geometry":{"type":"LineString","coordinates":[[36.88668,-1.329988],[36.886279,-1.329767],[36.885755,-1.329556]]}},{"type":"Feature","properties":{"mode":"bus","n":7,"arr":["33B","33C","33DC","33FED","33H","33TP","33UTW"],"lines":"33B, 33C, 33DC, 33FED, 33H, 33TP, 33UTW"},"geometry":{"type":"LineString","coordinates":[[36.899568,-1.32362],[36.899609,-1.323787],[36.899575,-1.323875],[36.895614,-1.326366]]}},{"type":"Feature","properties":{"mode":"bus","n":5,"arr":["33B","33C","33FED","33TP","33UTW"],"lines":"33B, 33C, 33FED, 33TP, 33UTW"},"geometry":{"type":"LineString","coordinates":[[36.895614,-1.326366],[36.895293,-1.326512],[36.89483,-1.326845],[36.893465,-1.327696],[36.89237,-1.328415],[36.889675,-1.330343],[36.889473,-1.33051],[36.889182,-1.33067],[36.88896,-1.330746],[36.888767,-1.330778],[36.888483,-1.330774],[36.888229,-1.330729],[36.887787,-1.330564],[36.88668,-1.329988]]}},{"type":"Feature","properties":{"mode":"bus","n":8,"arr":["33B","33C","33DC","33DP","33FED","33H","33TP","33UTW"],"lines":"33B, 33C, 33DC, 33DP, 33FED, 33H, 33TP, 33UTW"},"geometry":{"type":"LineString","coordinates":[[36.899153,-1.322812],[36.899524,-1.323448],[36.899568,-1.32362]]}},{"type":"Feature","properties":{"mode":"bus","n":5,"arr":["33B","33C","33DC","33DP","33TP"],"lines":"33B, 33C, 33DC, 33DP, 33TP"},"geometry":{"type":"LineString","coordinates":[[36.898893,-1.322222],[36.898829,-1.32227],[36.898768,-1.322277],[36.898757,-1.32228],[36.89875,-1.322284],[36.898748,-1.32229],[36.898749,-1.322298],[36.898756,-1.322307],[36.899153,-1.322812]]}},{"type":"Feature","properties":{"mode":"bus","n":6,"arr":["33B","33C","33DC","33DP","33GTB","34J"],"lines":"33B, 33C, 33DC, 33DP, 33GTB, 34J"},"geometry":{"type":"LineString","coordinates":[[36.899076,-1.322213],[36.899027,-1.322126]]}},{"type":"Feature","properties":{"mode":"bus","n":5,"arr":["33C","33DC","33DP","33GTB","34J"],"lines":"33C, 33DC, 33DP, 33GTB, 34J"},"geometry":{"type":"LineString","coordinates":[[36.899076,-1.322213],[36.89974,-1.323307],[36.899937,-1.323582],[36.900367,-1.324371]]}},{"type":"Feature","properties":{"mode":"bus","n":5,"arr":["33DC","33H","33J","34J","0039"],"lines":"33DC, 33H, 33J, 34J, 0039"},"geometry":{"type":"LineString","coordinates":[[36.895506,-1.326591],[36.892482,-1.328494],[36.889702,-1.330485]]}},{"type":"Feature","properties":{"mode":"bus","n":5,"arr":["33DC","33DP","33GTB","33TP","34J"],"lines":"33DC, 33DP, 33GTB, 33TP, 34J"},"geometry":{"type":"LineString","coordinates":[[36.887805,-1.303062],[36.888248,-1.304376],[36.888485,-1.305016],[36.88874,-1.305543],[36.888858,-1.305634],[36.889468,-1.306977],[36.89008,-1.308175],[36.892735,-1.31252],[36.895182,-1.316441],[36.897458,-1.320021],[36.898728,-1.321921],[36.898893,-1.322222]]}},{"type":"Feature","properties":{"mode":"bus","n":7,"arr":["33DC","33DP","33GTB","33TP","34B","34J","1961K"],"lines":"33DC, 33DP, 33GTB, 33TP, 34B, 34J, 1961K"},"geometry":{"type":"LineString","coordinates":[[36.886857,-1.299413],[36.887105,-1.300447],[36.887627,-1.302327],[36.887805,-1.303062]]}},{"type":"Feature","properties":{"mode":"bus","n":5,"arr":["33DP","33GTB","34B","34J","1961K"],"lines":"33DP, 33GTB, 34B, 34J, 1961K"},"geometry":{"type":"LineString","coordinates":[[36.887504,-1.300384],[36.887368,-1.299773],[36.887268,-1.299203],[36.88719,-1.29892],[36.886751,-1.296826]]}},{"type":"Feature","properties":{"mode":"bus","n":6,"arr":["33DC","33DP","33GTB","34B","34J","1961K"],"lines":"33DC, 33DP, 33GTB, 34B, 34J, 1961K"},"geometry":{"type":"LineString","coordinates":[[36.887564,-1.300734],[36.887504,-1.300384]]}},{"type":"Feature","properties":{"mode":"bus","n":6,"arr":["33DC","33DP","33GTB","34B","34J","1961K"],"lines":"33DC, 33DP, 33GTB, 34B, 34J, 1961K"},"geometry":{"type":"LineString","coordinates":[[36.888203,-1.302948],[36.887906,-1.302102],[36.88769,-1.301291]]}},{"type":"Feature","properties":{"mode":"bus","n":6,"arr":["33DP","33GTB","33TP","34B","34J","1961K"],"lines":"33DP, 33GTB, 33TP, 34B, 34J, 1961K"},"geometry":{"type":"LineString","coordinates":[[36.884478,-1.296803],[36.885128,-1.297174],[36.885561,-1.297548],[36.885969,-1.297957],[36.886257,-1.298318],[36.886484,-1.298671],[36.886857,-1.299413]]}},{"type":"Feature","properties":{"mode":"bus","n":7,"arr":["33DP","33GTB","33TP","34B","34J","38/39","1961K"],"lines":"33DP, 33GTB, 33TP, 34B, 34J, 38/39, 1961K"},"geometry":{"type":"LineString","coordinates":[[36.884478,-1.296803],[36.883746,-1.296471]]}},{"type":"Feature","properties":{"mode":"bus","n":6,"arr":["33DP","33GTB","34B","34J","38/39","1961K"],"lines":"33DP, 33GTB, 34B, 34J, 38/39, 1961K"},"geometry":{"type":"LineString","coordinates":[[36.886274,-1.294681],[36.886305,-1.294486],[36.886382,-1.294359],[36.88649,-1.294271],[36.886551,-1.294248],[36.886732,-1.294236],[36.886867,-1.294277],[36.886994,-1.29439],[36.887056,-1.294532],[36.887048,-1.294767]]}},{"type":"Feature","properties":{"mode":"bus","n":6,"arr":["33DP","33GTB","34B","34J","1961K","3560"],"lines":"33DP, 33GTB, 34B, 34J, 1961K, 3560"},"geometry":{"type":"LineString","coordinates":[[36.886751,-1.296826],[36.886274,-1.294681]]}},{"type":"Feature","properties":{"mode":"bus","n":5,"arr":["33H","38/39","0039","145B","3738"],"lines":"33H, 38/39, 0039, 145B, 3738"},"geometry":{"type":"LineString","coordinates":[[36.981338,-1.263866],[36.981841,-1.264043],[36.982209,-1.264089]]}},{"type":"Feature","properties":{"mode":"bus","n":5,"arr":["33H","38/39","0039","145B","3738"],"lines":"33H, 38/39, 0039, 145B, 3738"},"geometry":{"type":"LineString","coordinates":[[36.982647,-1.264035],[36.98137,-1.263684]]}},{"type":"Feature","properties":{"mode":"bus","n":5,"arr":["44G","44Z","45K","145","237"],"lines":"44G, 44Z, 45K, 145, 237"},"geometry":{"type":"LineString","coordinates":[[36.937942,-1.181881],[36.931596,-1.188524]]}},{"type":"Feature","properties":{"mode":"bus","n":5,"arr":["103","105","114W","115","135"],"lines":"103, 105, 114W, 115, 135"},"geometry":{"type":"LineString","coordinates":[[36.67158,-1.23477],[36.670682,-1.234096]]}},{"type":"Feature","properties":{"mode":"bus","n":5,"arr":["103","105","114W","115","135"],"lines":"103, 105, 114W, 115, 135"},"geometry":{"type":"LineString","coordinates":[[36.719659,-1.259988],[36.718399,-1.260185],[36.716366,-1.26067],[36.715562,-1.260824],[36.714843,-1.260892],[36.714427,-1.260901],[36.713856,-1.260859],[36.713467,-1.260805],[36.710569,-1.260278],[36.707213,-1.259704],[36.705765,-1.259402],[36.705041,-1.259203],[36.702915,-1.258431],[36.693345,-1.255084],[36.691856,-1.254542],[36.691423,-1.25434],[36.691028,-1.254111],[36.690463,-1.253743],[36.682308,-1.24803],[36.680931,-1.247025],[36.68063,-1.246779],[36.680041,-1.246222],[36.679661,-1.245802],[36.677665,-1.243492],[36.676648,-1.242283],[36.67632,-1.24182],[36.675468,-1.240199]]}},{"type":"Feature","properties":{"mode":"bus","n":5,"arr":["103","105","114W","115","135"],"lines":"103, 105, 114W, 115, 135"},"geometry":{"type":"LineString","coordinates":[[36.717043,-1.260724],[36.716189,-1.260907],[36.715567,-1.261012],[36.714936,-1.261075],[36.714603,-1.261067],[36.71403,-1.260991],[36.70628,-1.259625],[36.705516,-1.259445],[36.704573,-1.25915],[36.702993,-1.258571],[36.697695,-1.256707]]}},{"type":"Feature","properties":{"mode":"bus","n":5,"arr":["103","105","114W","115","135"],"lines":"103, 105, 114W, 115, 135"},"geometry":{"type":"LineString","coordinates":[[36.682155,-1.248028],[36.680995,-1.247199],[36.680659,-1.246929],[36.680049,-1.246341],[36.679385,-1.245619],[36.67662,-1.242376],[36.676176,-1.241749],[36.673801,-1.237254],[36.673482,-1.236695],[36.673349,-1.2365],[36.673035,-1.236097],[36.67268,-1.235753],[36.672013,-1.235224],[36.67114,-1.234607]]}},{"type":"Feature","properties":{"mode":"bus","n":5,"arr":["103","105","114W","115","135"],"lines":"103, 105, 114W, 115, 135"},"geometry":{"type":"LineString","coordinates":[[36.694341,-1.255518],[36.691768,-1.254601],[36.691385,-1.254421],[36.690937,-1.25417],[36.68597,-1.250697]]}}]}